id,name,current_party,current_district,current_chamber,given_name,family_name,gender,email,biography,birth_date,death_date,image,links,sources,capitol_address,capitol_voice,capitol_fax,district_address,district_voice,district_fax,twitter,youtube,instagram,facebook,wikidata
ocd-person/6a3fae94-a613-49f5-acec-355e4a2722d8,Adam Anderson,Republican,57,lower,Adam,Anderson,Male,adam.anderson@flhouse.gov,,,,https://www.flhouse.gov/FileStores/Web/Imaging/Member/4885.jpg,https://myfloridahouse.gov/Sections/Representatives/details.aspx?MemberId=4885&LegislativeTermId=90;https://www.flhouse.gov/Sections/Representatives/details.aspx?MemberId=4885;https://www.myfloridahouse.gov/Sections/Representatives/details.aspx?MemberId=4885&LegislativeTermId=90,https://ballotpedia.org/Adam_Anderson;https://myfloridahouse.gov/Sections/Representatives/details.aspx?MemberId=4885&LegislativeTermId=90;https://www.flhouse.gov/Sections/Representatives/details.aspx?MemberId=4885;https://www.linkedin.com/in/thedvisor;https://www.myfloridahouse.gov/Sections/Representatives/details.aspx?MemberId=4885&LegislativeTermId=90,,,,"682 E. Klosterman Road Suite BB038, Tarpon Springs, FL 34689",727-382-8300,,,,,,
ocd-person/c94b1151-5034-482b-8d7b-f91f9bb5f951,Adam Botana,Republican,80,lower,Adam,Botana,Male,adam.botana@flhouse.gov,,1984-04-27,,https://www.flhouse.gov/FileStores/Web/Imaging/Member/4782.jpg,https://myfloridahouse.gov/Sections/Representatives/details.aspx?MemberId=4782&LegislativeTermId=90;https://www.flhouse.gov/Sections/Representatives/custom/details.aspx?MemberId=4782&LegislativeTermId=91;https://www.flhouse.gov/Sections/Representatives/details.aspx?MemberId=4782;https://www.myfloridahouse.gov/Sections/Representatives/details.aspx?MemberId=4782;https://www.myfloridahouse.gov/Sections/Representatives/details.aspx?MemberId=4782&LegislativeTermId=89,https://ballotpedia.org/Adam_Botana;https://justfacts.votesmart.org/candidate/biography/194550/adam-botana;https://myfloridahouse.gov/Sections/Representatives/details.aspx?MemberId=4782&LegislativeTermId=90;https://www.flhouse.gov/Sections/Representatives/custom/details.aspx?MemberId=4782&LegislativeTermId=91;https://www.flhouse.gov/Sections/Representatives/details.aspx?MemberId=4782;https://www.linkedin.com/in/adam-botana-73769625;https://www.myfloridahouse.gov/Sections/Representatives/details.aspx?MemberId=4782;https://www.myfloridahouse.gov/Sections/Representatives/details.aspx?MemberId=4782&LegislativeTermId=89,,,,"Sunshine Professional Center 9240 Bonita Beach Road SE, Suite 2215, Bonita Springs, FL 34135",239-317-8600,,,,,,
ocd-person/b2fce1a8-4ba6-483b-a534-fa48cc43ee7f,Alex Rizo,Republican,112,lower,Alex,Rizo,Male,alex.rizo@flhouse.gov,,,,https://www.flhouse.gov/FileStores/Web/Imaging/Member/4796.jpg,https://myfloridahouse.gov/Sections/Representatives/details.aspx?MemberId=4796&LegislativeTermId=90;https://www.flhouse.gov/Sections/Representatives/custom/details.aspx?MemberId=4796;https://www.flhouse.gov/Sections/Representatives/details.aspx?MemberId=4796;https://www.myfloridahouse.gov/Sections/Representatives/details.aspx?MemberId=4796,https://ballotpedia.org/Alex_Rizo;https://myfloridahouse.gov/Sections/Representatives/details.aspx?MemberId=4796&LegislativeTermId=90;https://www.flhouse.gov/Sections/Representatives/custom/details.aspx?MemberId=4796;https://www.flhouse.gov/Sections/Representatives/details.aspx?MemberId=4796;https://www.linkedin.com/in/alex-rizo-jr-b260b761;https://www.myfloridahouse.gov/Sections/Representatives/details.aspx?MemberId=4796,,,,"3798 W. 12th Ave. Suite A, Hialeah, FL 33012",305-364-3114,,,,,,
ocd-person/7f1e874f-ae8b-42a0-90d9-fe867cf9fb45,Alexis Calatayud,Republican,38,upper,Alexis,Calatayud,Female,calatayud.alexis.web@flsenate.gov,,,,https://flsenate.gov/PublishedContent/Senators/2022-2024/Photos/s38_5525.jpg,https://flsenate.gov/Senators/2022-2024/S38;https://www.flsenate.gov/Senators/S38,https://ballotpedia.org/Alexis_Calatayud;https://en.wikipedia.org/wiki/Alexis_Calatayud;https://flsenate.gov/Senators/2022-2024/S38;https://justfacts.votesmart.org/candidate/biography/209251/alexis-calatayud;https://www.flsenate.gov/Senators/S38;https://www.linkedin.com/in/alexis-calatayud-52a63b66,,,,"Kendall Campus 11011 SW 104th St., Suite 5101, Miami, FL 33176",305-596-3002,,,,,,
ocd-person/c26599eb-5ef8-44c3-93a6-77cf23a9567e,Allison Tant,Democratic,9,lower,Allison,Tant,Female,allison.tant@flhouse.gov,,,,https://www.flhouse.gov/FileStores/Web/Imaging/Member/4765.jpg,https://myfloridahouse.gov/Sections/Representatives/details.aspx?MemberId=4765&LegislativeTermId=90;https://www.flhouse.gov/Sections/Representatives/custom/details.aspx?MemberId=4765;https://www.flhouse.gov/Sections/Representatives/details.aspx?MemberId=4765;https://www.myfloridahouse.gov/Sections/Representatives/details.aspx?MemberId=4765;https://www.myfloridahouse.gov/Sections/Representatives/details.aspx?MemberId=4765&LegislativeTermId=89,https://ballotpedia.org/Allison_Tant;https://myfloridahouse.gov/Sections/Representatives/details.aspx?MemberId=4765&LegislativeTermId=90;https://www.flhouse.gov/Sections/Representatives/custom/details.aspx?MemberId=4765;https://www.flhouse.gov/Sections/Representatives/details.aspx?MemberId=4765;https://www.linkedin.com/in/allison-tant-b1b90b89;https://www.myfloridahouse.gov/Sections/Representatives/details.aspx?MemberId=4765;https://www.myfloridahouse.gov/Sections/Representatives/details.aspx?MemberId=4765&LegislativeTermId=89,,,,,,,,,,,
ocd-person/afd55a58-b8f6-4dd7-9d93-a2207b65e425,Ana Maria Rodriguez,Republican,40,upper,Ana Maria,Rodriguez,Female,rodriguez.anamaria.web@flsenate.gov,,1977-05-23,,https://flsenate.gov/PublishedContent/Senators/2022-2024/Photos/s40_5379.jpg,https://flsenate.gov/Senators/2022-2024/S40;https://www.flsenate.gov/Senators/S40,https://ballotpedia.org/Ana_Maria_Rodriguez;https://en.wikipedia.org/wiki/Ana_Maria_Rodriguez_(politician);https://flsenate.gov/Senators/2022-2024/S40;https://justfacts.votesmart.org/candidate/biography/184489/ana-rodriguez;https://www.flsenate.gov/Senators/S40;https://www.linkedin.com/in/ana-maria-rodriguez-2730436,,,,"Miami-Dade College, West Campus 3800 NW 115th Ave., Suite 1112, Doral, FL 33178",305-470-2552,,,,,,
ocd-person/66c3a112-3008-4332-a6b0-8990a7d992d5,Angie Nixon,Democratic,13,lower,Angie,Nixon,Female,angela.nixon@flhouse.gov,,,,https://www.flhouse.gov/FileStores/Web/Imaging/Member/4766.jpg,https://myfloridahouse.gov/Sections/Representatives/details.aspx?MemberId=4766&LegislativeTermId=90;https://www.flhouse.gov/Sections/Representatives/custom/details.aspx?MemberId=4766;https://www.flhouse.gov/Sections/Representatives/details.aspx?MemberId=4766;https://www.myfloridahouse.gov/Sections/Representatives/details.aspx?MemberId=4766;https://www.myfloridahouse.gov/Sections/Representatives/details.aspx?MemberId=4766&LegislativeTermId=89,https://ballotpedia.org/Angela_Nixon;https://en.wikipedia.org/wiki/Angie_Nixon;https://myfloridahouse.gov/Sections/Representatives/details.aspx?MemberId=4766&LegislativeTermId=90;https://www.flhouse.gov/Sections/Representatives/custom/details.aspx?MemberId=4766;https://www.flhouse.gov/Sections/Representatives/details.aspx?MemberId=4766;https://www.linkedin.com/in/angienixonfl;https://www.myfloridahouse.gov/Sections/Representatives/details.aspx?MemberId=4766;https://www.myfloridahouse.gov/Sections/Representatives/details.aspx?MemberId=4766&LegislativeTermId=89,,,,"3939 Roosevelt Blvd. Suite G-121, Jacksonville, FL 32205",904-667-0340,,,,,,
ocd-person/1f8e10ad-0047-4854-b696-38e15fda7afa,Anna Eskamani,Democratic,42,lower,Anna,Eskamani,Female,anna.eskamani@flhouse.gov,,1990-05-20,,https://www.flhouse.gov/FileStores/Web/Imaging/Member/4746.jpg,https://myfloridahouse.gov/Sections/Representatives/details.aspx?MemberId=4746&LegislativeTermId=90;https://www.flhouse.gov/Sections/Representatives/details.aspx?MemberId=4746;https://www.myfloridahouse.gov/Sections/Representatives/details.aspx?MemberId=4746;https://www.myfloridahouse.gov/Sections/Representatives/details.aspx?MemberId=4746&LegislativeTermId=88,https://ballotpedia.org/Anna_Eskamani;https://en.wikipedia.org/wiki/Anna_Eskamani;https://justfacts.votesmart.org/candidate/biography/184399/anna-eskamani;https://myfloridahouse.gov/Sections/Representatives/details.aspx?MemberId=4746&LegislativeTermId=90;https://www.flhouse.gov/Sections/Representatives/details.aspx?MemberId=4746;https://www.linkedin.com/in/annaveskamani;https://www.myfloridahouse.gov/Representatives;https://www.myfloridahouse.gov/Sections/Representatives/details.aspx?MemberId=4746;https://www.myfloridahouse.gov/Sections/Representatives/details.aspx?MemberId=4746&LegislativeTermId=88;https://www.myfloridahouse.gov/Sections/Representatives/representatives.aspx,,,,"1507 E. Concord St., Orlando, FL 32803",407-228-1451,,,,,,
ocd-person/ad877adf-e8f2-4f31-bdd2-38a6aaf74884,Anne Gerwig,Republican,93,lower,Anne,Gerwig,Female,anne.gerwig@flhouse.gov,,1963-12-04,,https://www.hlcpbc.org/wp-content/uploads/2021/01/Anne_Gerwig.jpg,https://www.flhouse.gov/Sections/Representatives/custom/details.aspx?MemberId=4925;https://www.flhouse.gov/Sections/Representatives/details.aspx?MemberId=4925;https://www.myfloridahouse.gov/Sections/Representatives/details.aspx?MemberId=4925&LegislativeTermId=91,https://ballotpedia.org/Anne_Gerwig;https://justfacts.votesmart.org/candidate/142658/anne-gerwig;https://www.flhouse.gov/Sections/Representatives/custom/details.aspx?MemberId=4925;https://www.flhouse.gov/Sections/Representatives/details.aspx?MemberId=4925;https://www.linkedin.com/in/annegerwig;https://www.myfloridahouse.gov/Sections/Representatives/details.aspx?MemberId=4925&LegislativeTermId=91,,,,"6685 Forest Hill Blvd. Suite 208, Greenacres, FL 33413",561-785-0630,,,,,,
ocd-person/2c62c9ae-8d1d-4dc3-a86a-fcc5dd7ba286,Ashley Gantt,Democratic,109,lower,Ashley,Gantt,Female,ashley.gantt@flhouse.gov,,1985-04-14,,https://www.flhouse.gov/FileStores/Web/Imaging/Member/4897.jpg,https://myfloridahouse.gov/Sections/Representatives/details.aspx?MemberId=4897&LegislativeTermId=90;https://www.flhouse.gov/Sections/Representatives/custom/details.aspx?MemberId=4897;https://www.flhouse.gov/Sections/Representatives/details.aspx?MemberId=4897;https://www.myfloridahouse.gov/Sections/Representatives/details.aspx?MemberId=4897&LegislativeTermId=90;https://www.myfloridahouse.gov/Sections/Representatives/details.aspx?MemberId=4897&LegislativeTermId=91,https://ballotpedia.org/Ashley_Gantt;https://en.wikipedia.org/wiki/Ashley_Gantt;https://myfloridahouse.gov/Sections/Representatives/details.aspx?MemberId=4897&LegislativeTermId=90;https://www.flhouse.gov/Sections/Representatives/custom/details.aspx?MemberId=4897;https://www.flhouse.gov/Sections/Representatives/details.aspx?MemberId=4897;https://www.linkedin.com/in/ashley-v-gantt-esq;https://www.myfloridahouse.gov/Sections/Representatives/details.aspx?MemberId=4897&LegislativeTermId=90;https://www.myfloridahouse.gov/Sections/Representatives/details.aspx?MemberId=4897&LegislativeTermId=91,,,,"5400 NW 22nd Ave. Suite 101, Building C, Miami, FL 33142",786-435-9410,,,,,,
ocd-person/2af7bd80-7f71-4530-8d69-ee448bc32255,Barbara Sharief,Democratic,35,upper,Barbara,Sharief,Female,sharief.barbara.web@flsenate.gov,,1971-11-07,,https://s3.amazonaws.com/ballotpedia-api4/files/thumbs/200/300/_oMaIez3_400x400.jpg,https://www.flsenate.gov/Senators/S35,https://ballotpedia.org/Barbara_Sharief;https://barbarasharief.com;https://en.wikipedia.org/wiki/Barbara_Sharief;https://justfacts.votesmart.org/candidate/biography/112566/barbara-sharief;https://www.flsenate.gov/Senators/S35;https://www.linkedin.com/in/dr-barbara-sharief,,,,"3351 N. University Drive Suite A, Davie, FL 33024",954-424-6674,,,,,,
ocd-person/5c81dfe7-1cec-45e8-8044-6d9cd324f2e8,Ben Albritton,Republican,27,upper,Ben,Albritton,Male,albritton.ben@flsenate.gov,,1968-08-17,,https://flsenate.gov/PublishedContent/Senators/2022-2024/Photos/s27_5342.jpg,https://flsenate.gov/Senators/2022-2024/S27;https://www.flsenate.gov/Senators/2018-2020/S26;https://www.flsenate.gov/Senators/s26;https://www.flsenate.gov/Senators/s27,https://ballotpedia.org/Ben_Albritton;https://en.wikipedia.org/wiki/Ben_Albritton;https://flsenate.gov/Senators/2022-2024/S27;https://justfacts.votesmart.org/candidate/biography/117015/ben-albritton;https://www.flsenate.gov/Senators;https://www.flsenate.gov/Senators/;https://www.flsenate.gov/Senators/2018-2020/S26;https://www.flsenate.gov/Senators/s26;https://www.flsenate.gov/Senators/s27;https://www.linkedin.com/in/ben-albritton-1308275,,,,"410 Taylor St. Suite 106, Punta Gorda, FL 33950",941-575-5717,,,,,,
ocd-person/8e396afa-17d2-404c-9024-7aa8d7e00e0d,Berny Jacques,Republican,59,lower,Berny,Jacques,Male,berny.jacques@flhouse.gov,,,,https://www.flhouse.gov/FileStores/Web/Imaging/Member/4886.jpg,https://myfloridahouse.gov/Sections/Representatives/details.aspx?MemberId=4886&LegislativeTermId=90;https://www.flhouse.gov/Sections/Representatives/details.aspx?MemberId=4886;https://www.myfloridahouse.gov/Sections/Representatives/details.aspx?MemberId=4886&LegislativeTermId=90,https://ballotpedia.org/Berny_Jacques;https://bernyforflorida.com/meet-berny;https://myfloridahouse.gov/Sections/Representatives/details.aspx?MemberId=4886&LegislativeTermId=90;https://www.flhouse.gov/Sections/Representatives/details.aspx?MemberId=4886;https://www.linkedin.com/in/berny-jacques-09219311;https://www.myfloridahouse.gov/Sections/Representatives/details.aspx?MemberId=4886&LegislativeTermId=90,,,,"4625 E. Bay Drive Suite 207, Clearwater, FL 33764",727-558-4230,,,,,,
ocd-person/43724cbb-0b19-4fad-ae9b-1e8bcd47c16d,Bill Conerly,Republican,72,lower,Bill,Conerly,Male,bill.conerly@flhouse.gov,,,,https://s3.amazonaws.com/ballotpedia-api4/files/thumbs/200/300/BillConerly2024.jpg,https://www.flhouse.gov/Sections/Representatives/custom/details.aspx?MemberId=4920;https://www.flhouse.gov/Sections/Representatives/details.aspx?MemberId=4920;https://www.myfloridahouse.gov/Sections/Representatives/details.aspx?MemberId=4920&SessionId=105,https://ballotpedia.org/Bill_Conerly;https://www.flhouse.gov/Sections/Representatives/custom/details.aspx?MemberId=4920;https://www.flhouse.gov/Sections/Representatives/details.aspx?MemberId=4920;https://www.linkedin.com/in/bill-conerly-65275513;https://www.myfloridahouse.gov/Sections/Representatives/details.aspx?MemberId=4920&SessionId=105,,,,"Mailbox 311 11523 Palmbrush Trail, Lakewood Ranch, FL 34202",941-327-0150,,,,,,
ocd-person/92e88cfe-0a68-45e1-b84c-9f181a46554e,Bill Partington,Republican,28,lower,Bill,Partington,Male,bill.partington@flhouse.gov,,,,"https://www.billpartington.com/images/Partington,-Bill-WEB-FILE.jpg",https://myfloridahouse.gov/Sections/Representatives/details.aspx?MemberId=4912&LegislativeTermId=91;https://www.flhouse.gov/Sections/Representatives/details.aspx?MemberId=4912;https://www.flhouse.gov/Sections/Representatives/details.aspx?MemberId=4912&LegislativeTermId=91,https://ballotpedia.org/Bill_Partington;https://en.wikipedia.org/wiki/Bill_Partington;https://myfloridahouse.gov/Sections/Representatives/details.aspx?MemberId=4912&LegislativeTermId=91;https://www.flhouse.gov/Sections/Representatives/details.aspx?MemberId=4912;https://www.flhouse.gov/Sections/Representatives/details.aspx?MemberId=4912&LegislativeTermId=91;https://www.linkedin.com/in/bill-partington-680553108,,,,"444 Seabreeze Blvd. Suite 645, Daytona Beach, FL 32118",386-230-1960,,,,,,
ocd-person/8d746fc8-370b-4d12-bcf8-3dd4a4061707,Brad Yeager,Republican,56,lower,Brad,Yeager,Male,brad.yeager@flhouse.gov,,,,https://www.flhouse.gov/FileStores/Web/Imaging/Member/4882.jpg,https://myfloridahouse.gov/Sections/Representatives/details.aspx?MemberId=4882&LegislativeTermId=90;https://www.flhouse.gov/Sections/Representatives/details.aspx?MemberId=4882;https://www.myfloridahouse.gov/Sections/Representatives/details.aspx?MemberId=4882,https://ballotpedia.org/Brad_Yeager;https://en.wikipedia.org/wiki/Brad_Yeager;https://justfacts.votesmart.org/candidate/biography/209495/bradford-yeager;https://myfloridahouse.gov/Sections/Representatives/details.aspx?MemberId=4882&LegislativeTermId=90;https://www.flhouse.gov/Sections/Representatives/details.aspx?MemberId=4882;https://www.linkedin.com/in/bradyeager;https://www.myfloridahouse.gov/Sections/Representatives/details.aspx?MemberId=4882;https://www.yeagerforflorida.com/meet-brad,,,,"5509 Grand Blvd. Suite 200, New Port Richey, FL 34652",727-274-9280,,,,,,
ocd-person/4737f2dc-8241-4329-85fc-59a9c405d7b6,Brian Hodgers,Republican,32,lower,Brian,Hodgers,Male,brian.hodgers@flhouse.gov,,1973-03-28,,,https://www.flhouse.gov/Sections/Representatives/custom/details.aspx?MemberId=5064&LegislativeTermId=91;https://www.flhouse.gov/Sections/Representatives/details.aspx?MemberId=5064,https://ballotpedia.org/Brian_Hodgers;https://www.flhouse.gov/Sections/Representatives/custom/details.aspx?MemberId=5064&LegislativeTermId=91;https://www.flhouse.gov/Sections/Representatives/details.aspx?MemberId=5064;https://www.linkedin.com/in/brianhodgers,,,,"2725 Judge Fran Jamieson Way Building B, Unit 202, Viera, FL 32940",321-497-8200,,,,,,
ocd-person/528bc47a-e8c7-4a28-9923-aba1deefd976,Brian Nathan,Democratic,14,upper,Brian,Nathan,Male,nathan.brian.web@flsenate.gov,,,,,https://www.flsenate.gov/Senators/S14,https://ballotpedia.org/Brian_Nathan;https://en.wikipedia.org/wiki/Brian_Nathan;https://justfacts.votesmart.org/candidate/biography/230519/brian-nathan;https://www.flsenate.gov/Senators/S14;https://www.linkedin.com/in/brian-nathan-01463912,,,,"701 W. Dr. Martin Luther King Jr. Blvd. Suite 2, Tampa, FL 33603",813-281-2538,,,,,,
ocd-person/617888c1-3369-49cd-a264-18ab663d2e8a,Bruce Antone,Democratic,41,lower,Bruce,Antone,Male,bruce.antone@flhouse.gov,,1960-11-01,,https://www.flhouse.gov/FileStores/Web/Imaging/Member/4269.jpg,https://myfloridahouse.gov/Sections/Representatives/details.aspx?MemberId=4269&LegislativeTermId=90;https://www.flhouse.gov/Sections/Representatives/details.aspx?MemberId=4269;https://www.myfloridahouse.gov//Sections/Representatives/details.aspx?MemberId=4269,https://ballotpedia.org/Bruce_Antone;https://en.wikipedia.org/wiki/Bruce_Antone;https://myfloridahouse.gov/Sections/Representatives/details.aspx?MemberId=4269&LegislativeTermId=90;https://www.flhouse.gov/Sections/Representatives/details.aspx?MemberId=4269;https://www.linkedin.com/in/bruce-antone-4a4a466;https://www.myfloridahouse.gov//Sections/Representatives/details.aspx?MemberId=4269,,,,"1003 S. Kirkman Road Suite 201, Orlando, FL 32811",407-472-9820,,,,,,
ocd-person/a4a5f92e-62cf-401b-9fc6-9d9a63498d5c,Bryan Ávila,Republican,39,upper,Bryan,Ávila,Male,avila.bryan.web@flsenate.gov,,1984-06-25,,https://flsenate.gov/PublishedContent/Senators/2022-2024/Photos/s39_5459.jpg,https://flsenate.gov/Senators/2022-2024/S39;https://www.flsenate.gov/Senators/S39;https://www.myfloridahouse.gov/Sections/Representatives/details.aspx?MemberId=4615&LegislativeTermId=88,https://ballotpedia.org/Bryan_Avila;https://en.wikipedia.org/wiki/Bryan_Avila;https://flsenate.gov/Senators/2022-2024/S39;https://justfacts.votesmart.org/candidate/biography/138077/bryan-avila;https://www.flsenate.gov/Senators/S39;https://www.linkedin.com/in/bryan-avila-fl;https://www.myfloridahouse.gov/Representatives;https://www.myfloridahouse.gov/Sections/Representatives/details.aspx?MemberId=4615&LegislativeTermId=88;https://www.myfloridahouse.gov/Sections/Representatives/representatives.aspx,,,,"10001 NW 87th Ave., Hialeah Gardens, FL 33016",305-364-3073,,,,,,
ocd-person/df1d6ab6-b2cd-4a6f-b7cc-aa5a63d8011f,Carlos Smith,Democratic,17,upper,Carlos,Smith,Male,smith.carlos.web@flsenate.gov,,1980-12-31,,https://www.flhouse.gov/FileStores/Web/Imaging/Member/4642.jpg,https://www.flsenate.gov/Senators/S17;https://www.myfloridahouse.gov/Sections/Representatives/details.aspx?MemberId=4642&LegislativeTermId=88,https://ballotpedia.org/Carlos_Guillermo_Smith;https://en.wikipedia.org/wiki/Carlos_Guillermo_Smith;https://j.futurefacts.votesmart.io/candidate/biography/172901/carlos-smith;https://www.flsenate.gov/Senators/S17;https://www.linkedin.com/in/carlosgsmith;https://www.myfloridahouse.gov/Representatives;https://www.myfloridahouse.gov/Sections/Representatives/details.aspx?MemberId=4642&LegislativeTermId=88;https://www.myfloridahouse.gov/Sections/Representatives/representatives.aspx,,,,"508 N. Mills Ave. Suite A, Orlando, FL 32803",407-893-2422,,,,,,
ocd-person/2aa3b059-b565-413d-9eac-24e34b541c1d,Chad Johnson,Republican,22,lower,Chad,Johnson,Male,chad.johnson@flhouse.gov,,1970-11-09,,https://s3.amazonaws.com/ballotpedia-api4/files/thumbs/200/300/Chad_Johnson_20240808_095012.jpg,https://www.flhouse.gov/Sections/Representatives/custom/details.aspx?MemberId=4908&LegislativeTermId=91;https://www.flhouse.gov/Sections/Representatives/details.aspx?MemberId=4908;https://www.myfloridahouse.gov/Sections/Representatives/details.aspx?MemberId=4908&LegislativeTermId=91,https://ballotpedia.org/Chad_Johnson_(Florida);https://justfacts.votesmart.org/candidate/116376/chad-johnson;https://www.flhouse.gov/Sections/Representatives/custom/details.aspx?MemberId=4908&LegislativeTermId=91;https://www.flhouse.gov/Sections/Representatives/details.aspx?MemberId=4908;https://www.linkedin.com/in/chad-johnson-cai-23867b51;https://www.myfloridahouse.gov/Sections/Representatives/details.aspx?MemberId=4908&LegislativeTermId=91,,,,"105 SW 140th Court Suite 1, Newberry, FL 32669",352-496-3700,,,,,,
ocd-person/47cd160b-1e9e-469c-a939-002be336302f,Chase Tramont,Republican,30,lower,Chase,Tramont,Male,chase.tramont@flhouse.gov,,1979-11-09,,https://www.flhouse.gov/FileStores/Web/Imaging/Member/4867.jpg,https://myfloridahouse.gov/Sections/Representatives/details.aspx?MemberId=4867&LegislativeTermId=90;https://www.flhouse.gov/Sections/Representatives/details.aspx?MemberId=4867;https://www.myfloridahouse.gov/Sections/Representatives/details.aspx?MemberId=4867,https://ballotpedia.org/Chase_Tramont;https://myfloridahouse.gov/Sections/Representatives/details.aspx?MemberId=4867&LegislativeTermId=90;https://www.chasetramont.com/meet-chase;https://www.flhouse.gov/Sections/Representatives/details.aspx?MemberId=4867;https://www.linkedin.com/in/chase-tramont-3a181a185;https://www.myfloridahouse.gov/Sections/Representatives/details.aspx?MemberId=4867,,,,"5889 S. Williamson Blvd. Suite 201D, Port Orange, FL 32128",386-278-1640,,,,,,
ocd-person/54cd0ebc-6f93-489e-a919-3583fa32b26a,Chip LaMarca,Republican,100,lower,Chip,LaMarca,Male,chip.lamarca@flhouse.gov,,1968-03-16,,https://www.flhouse.gov/FileStores/Web/Imaging/Member/4722.jpg,https://myfloridahouse.gov/Sections/Representatives/details.aspx?MemberId=4722&LegislativeTermId=90;https://www.flhouse.gov/Sections/Representatives/details.aspx?MemberId=4722;https://www.myfloridahouse.gov/Sections/Representatives/details.aspx?MemberId=4722;https://www.myfloridahouse.gov/Sections/Representatives/details.aspx?MemberId=4722&LegislativeTermId=88,https://ballotpedia.org/Chip_LaMarca;https://en.wikipedia.org/wiki/Chip_LaMarca;https://myfloridahouse.gov/Sections/Representatives/details.aspx?MemberId=4722&LegislativeTermId=90;https://www.flhouse.gov/Sections/Representatives/details.aspx?MemberId=4722;https://www.linkedin.com/in/chiplamarca;https://www.myfloridahouse.gov/Representatives;https://www.myfloridahouse.gov/Sections/Representatives/details.aspx?MemberId=4722;https://www.myfloridahouse.gov/Sections/Representatives/details.aspx?MemberId=4722&LegislativeTermId=88;https://www.myfloridahouse.gov/Sections/Representatives/representatives.aspx,,,,"1827 NE 24th St., Lighthouse Point, FL 33064",954-953-2640,,,,,,
ocd-person/89d7d4d0-82e7-4535-bb79-3260a7b432b5,Christine Hunschofsky,Democratic,95,lower,Christine,Hunschofsky,Female,christine.hunschofsky@flhouse.gov,,,,https://www.flhouse.gov/FileStores/Web/Imaging/Member/4799.jpg,https://myfloridahouse.gov/Sections/Representatives/details.aspx?MemberId=4799&LegislativeTermId=90;https://www.flhouse.gov/Sections/Representatives/custom/details.aspx?MemberId=4799;https://www.flhouse.gov/Sections/Representatives/details.aspx?MemberId=4799;https://www.myfloridahouse.gov/Sections/Representatives/details.aspx?MemberId=4799;https://www.myfloridahouse.gov/Sections/Representatives/details.aspx?MemberId=4799&LegislativeTermId=89,https://ballotpedia.org/Christine_Hunschofsky;https://en.wikipedia.org/wiki/Christine_Hunschofsky;https://justfacts.votesmart.org/candidate/biography/194488/christine-hunschofsky;https://myfloridahouse.gov/Sections/Representatives/details.aspx?MemberId=4799&LegislativeTermId=90;https://www.flhouse.gov/Sections/Representatives/custom/details.aspx?MemberId=4799;https://www.flhouse.gov/Sections/Representatives/details.aspx?MemberId=4799;https://www.linkedin.com/in/christine-h-30608538;https://www.myfloridahouse.gov/Sections/Representatives/details.aspx?MemberId=4799;https://www.myfloridahouse.gov/Sections/Representatives/details.aspx?MemberId=4799&LegislativeTermId=89,,,,"4800 W. Copans Road, Coconut Creek, FL 33063",954-953-2760,,,,,,
ocd-person/f1eda85d-37f2-4475-a318-8278a11c9466,Clay Yarborough,Republican,4,upper,Clay,Yarborough,Male,yarborough.clay.web@flsenate.gov,,1981-02-06,,https://flsenate.gov/PublishedContent/Senators/2022-2024/Photos/s04_5394.jpg,https://flsenate.gov/Senators/2022-2024/S4;https://www.flsenate.gov/Senators/S4;https://www.myfloridahouse.gov/Sections/Representatives/details.aspx?MemberId=4633&LegislativeTermId=88,https://ballotpedia.org/Clay_Yarborough;https://en.wikipedia.org/wiki/Clay_Yarborough;https://flsenate.gov/Senators/2022-2024/S4;https://justfacts.votesmart.org/candidate/biography/172816/clay-yarborough;https://www.flsenate.gov/Senators/S4;https://www.myfloridahouse.gov/Representatives;https://www.myfloridahouse.gov/Sections/Representatives/details.aspx?MemberId=4633&LegislativeTermId=88;https://www.myfloridahouse.gov/Sections/Representatives/representatives.aspx,,,,"1615 Huffingham Road Suite 1, Jacksonville, FL 32216",904-723-2035,,,,,,
ocd-person/50d5881b-ceac-49a2-98db-87ef6e09438c,Colleen Burton,Republican,12,upper,Colleen,Burton,Female,burton.colleen.web@flsenate.gov,,1958-04-19,,https://flsenate.gov/PublishedContent/Senators/2022-2024/Photos/s12_5414.jpg,https://flsenate.gov/Senators/2022-2024/S12;https://www.flsenate.gov/Senators/S12;https://www.myfloridahouse.gov/Sections/Representatives/details.aspx?MemberId=4616&LegislativeTermId=88,https://ballotpedia.org/Colleen_Burton_(Florida);https://en.wikipedia.org/wiki/Colleen_Burton;https://flsenate.gov/Senators/2022-2024/S12;https://justfacts.votesmart.org/candidate/149396/colleen-burton;https://www.flsenate.gov/Senators/S12;https://www.linkedin.com/in/colleenburton;https://www.myfloridahouse.gov/Representatives;https://www.myfloridahouse.gov/Sections/Representatives/details.aspx?MemberId=4616&LegislativeTermId=88;https://www.myfloridahouse.gov/Sections/Representatives/representatives.aspx,,,,"1375 Havendale Blvd. NW, Winter Haven, FL 33881",863-413-1529,,,,,,
ocd-person/fca5c9b2-da9e-4836-a3d5-366a25350976,Corey Simon,Republican,3,upper,Corey,Simon,Male,simon.corey.web@flsenate.gov,,1977-03-02,,https://flsenate.gov/PublishedContent/Senators/2022-2024/Photos/s03_5522.jpg,https://flsenate.gov/Senators/2022-2024/S3;https://www.flsenate.gov/Senators/S3,https://ballotpedia.org/Corey_Simon;https://en.wikipedia.org/wiki/Corey_Simon;https://flsenate.gov/Senators/2022-2024/S3;https://justfacts.votesmart.org/candidate/biography/209207/corey-simon;https://www.flsenate.gov/Senators/S3,,,,,,,,,,,
ocd-person/66308162-9b64-4d34-a8bc-fac71407f7d5,Dan Daley,Democratic,96,lower,Dan,Daley,Male,dan.daley@flhouse.gov,,,,https://www.flhouse.gov/FileStores/Web/Imaging/Member/4757.jpg,https://myfloridahouse.gov/Sections/Representatives/details.aspx?MemberId=4757&LegislativeTermId=90;https://www.flhouse.gov/Sections/Representatives/custom/details.aspx?MemberId=4757;https://www.flhouse.gov/Sections/Representatives/custom/details.aspx?MemberId=4757&LegislativeTermId=91;https://www.flhouse.gov/Sections/Representatives/details.aspx?MemberId=4757;https://www.myfloridahouse.gov/Sections/Representatives/details.aspx?MemberId=4757;https://www.myfloridahouse.gov/Sections/Representatives/details.aspx?MemberId=4757&LegislativeTermId=88,https://ballotpedia.org/Dan_Daley;https://en.wikipedia.org/wiki/Dan_Daley;https://justfacts.votesmart.org/candidate/biography/149318/dan-daley;https://myfloridahouse.gov/Sections/Representatives/details.aspx?MemberId=4757&LegislativeTermId=90;https://www.flhouse.gov/Sections/Representatives/custom/details.aspx?MemberId=4757;https://www.flhouse.gov/Sections/Representatives/custom/details.aspx?MemberId=4757&LegislativeTermId=91;https://www.flhouse.gov/Sections/Representatives/details.aspx?MemberId=4757;https://www.linkedin.com/in/dan-daley-36914029;https://www.myfloridahouse.gov/Representatives;https://www.myfloridahouse.gov/Sections/Representatives/details.aspx?MemberId=4757;https://www.myfloridahouse.gov/Sections/Representatives/details.aspx?MemberId=4757&LegislativeTermId=88,,,,"9500 W. Sample Road, Coral Springs, FL 33065",954-697-4390,,,,,,
ocd-person/767d2aef-21ee-4b6d-b64b-ed9350abaa60,Dana Trabulsy,Republican,84,lower,Dana,Trabulsy,Female,dana.trabulsy@flhouse.gov,,1964-03-31,,https://www.flhouse.gov/FileStores/Web/Imaging/Member/4788.jpg,https://myfloridahouse.gov/Sections/Representatives/details.aspx?MemberId=4788&LegislativeTermId=90;https://www.flhouse.gov/Sections/Representatives/details.aspx?MemberId=4788;https://www.myfloridahouse.gov/Sections/Representatives/details.aspx?MemberId=4788;https://www.myfloridahouse.gov/Sections/Representatives/details.aspx?MemberId=4788&LegislativeTermId=89,https://ballotpedia.org/Dana_Trabulsy;https://en.wikipedia.org/wiki/Dana_Trabulsy;https://justfacts.votesmart.org/candidate/biography/194522/dana-trabulsy;https://myfloridahouse.gov/Sections/Representatives/details.aspx?MemberId=4788&LegislativeTermId=90;https://www.flhouse.gov/Sections/Representatives/details.aspx?MemberId=4788;https://www.linkedin.com/in/dana-trabulsy-ab419bb;https://www.myfloridahouse.gov/Sections/Representatives/details.aspx?MemberId=4788;https://www.myfloridahouse.gov/Sections/Representatives/details.aspx?MemberId=4788&LegislativeTermId=89,,,,"2300 Virginia Ave., Fort Pierce, FL 34982",772-710-1410,,,,,,
ocd-person/5a852452-a855-44a6-aa71-1e07e48c0c89,Danny Alvarez,Republican,69,lower,Danny,Alvarez,Male,danny.alvarez@flhouse.gov,,,,https://www.flhouse.gov/FileStores/Web/Imaging/Member/4889.jpg,https://myfloridahouse.gov/Sections/Representatives/details.aspx?MemberId=4889&LegislativeTermId=90;https://www.flhouse.gov/Sections/Representatives/custom/details.aspx?MemberId=4889;https://www.flhouse.gov/Sections/Representatives/details.aspx?MemberId=4889;https://www.myfloridahouse.gov/Sections/Representatives/details.aspx?MemberId=4889&LegislativeTermId=90,https://ballotpedia.org/Danny_Alvarez;https://en.wikipedia.org/wiki/Danny_Alvarez;https://myfloridahouse.gov/Sections/Representatives/details.aspx?MemberId=4889&LegislativeTermId=90;https://www.flhouse.gov/Sections/Representatives/custom/details.aspx?MemberId=4889;https://www.flhouse.gov/Sections/Representatives/details.aspx?MemberId=4889;https://www.linkedin.com/in/danielalvarezsr;https://www.myfloridahouse.gov/Sections/Representatives/details.aspx?MemberId=4889&LegislativeTermId=90,,,,,,,,,,,
ocd-person/ed30b061-bbdc-44f3-8a40-e574646d6cf8,Daniel Perez,Republican,116,lower,Daniel,Perez,Male,daniel.perez@flhouse.gov,,1987-06-22,,https://www.flhouse.gov/FileStores/Web/Imaging/Member/4690.jpg,https://myfloridahouse.gov/Sections/Representatives/details.aspx?MemberId=4690&LegislativeTermId=90;https://www.flhouse.gov/Sections/Representatives/custom/details.aspx?MemberId=4690;https://www.flhouse.gov/Sections/Representatives/details.aspx?MemberId=4690;https://www.myfloridahouse.gov/Sections/Representatives/details.aspx?MemberId=4690;https://www.myfloridahouse.gov/Sections/Representatives/details.aspx?MemberId=4690&LegislativeTermId=88,https://ballotpedia.org/Daniel_Anthony_Perez;https://en.wikipedia.org/wiki/Daniel_Perez_(politician);https://myfloridahouse.gov/Sections/Representatives/details.aspx?MemberId=4690&LegislativeTermId=90;https://www.flhouse.gov/Sections/Representatives/custom/details.aspx?MemberId=4690;https://www.flhouse.gov/Sections/Representatives/details.aspx?MemberId=4690;https://www.linkedin.com/in/daniel-perez-2b747253;https://www.myfloridahouse.gov/Representatives;https://www.myfloridahouse.gov/Sections/Representatives/details.aspx?MemberId=4690;https://www.myfloridahouse.gov/Sections/Representatives/details.aspx?MemberId=4690&LegislativeTermId=88;https://www.myfloridahouse.gov/Sections/Representatives/representatives.aspx,,,,"FIU MARC Building 1550 SW 109th Ave., Suite 322, Miami, FL 33199",305-463-1230,,,,,,
ocd-person/55815523-33b5-4d42-9864-28e00b805e68,Danny Burgess,Republican,23,upper,Danny,Burgess,Male,burgess.danny.web@flsenate.gov,,1986-06-01,,https://flsenate.gov/PublishedContent/Senators/2022-2024/Photos/s23_5169.jpg,https://flsenate.gov/Senators/2022-2024/S23;https://www.flsenate.gov/Senators/S20;https://www.flsenate.gov/Senators/S23,https://ballotpedia.org/Daniel_Burgess;https://en.wikipedia.org/wiki/Danny_Burgess;https://flsenate.gov/Senators/2022-2024/S23;https://justfacts.votesmart.org/candidate/biography/149394/danny-burgess-jr;https://www.flsenate.gov/Senators/S20;https://www.flsenate.gov/Senators/S23;https://www.linkedin.com/in/danny-burgess-7285976b,,,,"38507 5th Ave., Zephyrhills, FL 33542",813-779-7059,,,,,,
ocd-person/971fb9ac-b0f3-45df-89f0-f24b6ba9b5a3,Danny Nix,Republican,75,lower,Danny,Nix,Male,danny.nix@flhouse.gov,,1977-08-04,,https://s3.amazonaws.com/ballotpedia-api4/files/thumbs/200/300/Danny_Nix.jpg,https://myfloridahouse.gov/Sections/Representatives/details.aspx?MemberId=4921&LegislativeTermId=91;https://www.flhouse.gov/Sections/Representatives/custom/details.aspx?MemberId=4921&LegislativeTermId=91;https://www.flhouse.gov/Sections/Representatives/details.aspx?MemberId=4921;https://www.flhouse.gov/Sections/Representatives/details.aspx?MemberId=4921&LegislativeTermId=91,https://ballotpedia.org/Danny_Nix;https://myfloridahouse.gov/Sections/Representatives/details.aspx?MemberId=4921&LegislativeTermId=91;https://www.flhouse.gov/Sections/Representatives/custom/details.aspx?MemberId=4921&LegislativeTermId=91;https://www.flhouse.gov/Sections/Representatives/details.aspx?MemberId=4921;https://www.flhouse.gov/Sections/Representatives/details.aspx?MemberId=4921&LegislativeTermId=91;https://www.linkedin.com/in/danny-nix-ccim-403a0260,,,,"B200 18500 Murdock Circle, Port Charlotte, FL 33948",941-899-0810,,,,,,
ocd-person/3de11937-c291-4561-bee5-4f747665cb37,Darryl Rouson,Democratic,16,upper,Darryl,Rouson,Male,rouson.darryl.web@flsenate.gov,,1954-07-20,,https://flsenate.gov/PublishedContent/Senators/2022-2024/Photos/s16_5203.jpg,https://flsenate.gov/Senators/2022-2024/S16;https://www.flsenate.gov/Senators/2018-2020/S19;https://www.flsenate.gov/Senators/s16;https://www.flsenate.gov/Senators/s19,https://ballotpedia.org/Darryl_Rouson;https://en.wikipedia.org/wiki/Darryl_Rouson;https://flsenate.gov/Senators/2022-2024/S16;https://justfacts.votesmart.org/candidate/biography/104952/darryl-rouson;https://www.flsenate.gov/Senators;https://www.flsenate.gov/Senators/;https://www.flsenate.gov/Senators/2018-2020/S19;https://www.flsenate.gov/Senators/s16;https://www.flsenate.gov/Senators/s19;https://www.linkedin.com/in/darryl-rouson-76a9a87,,,,"535 Central Ave. Suite 302, St. Petersburg, FL 33701",727-822-6828,,,,,,
ocd-person/2c1c37bb-fd17-46d6-9694-8f2757f6da3e,Daryl Campbell,Democratic,99,lower,Daryl,Campbell,Male,daryl.campbell@flhouse.gov,,1986-05-29,,https://www.flhouse.gov/FileStores/Web/Imaging/Member/4843.jpg,https://myfloridahouse.gov/Sections/Representatives/details.aspx?MemberId=4843&LegislativeTermId=90;https://www.flhouse.gov/Sections/Representatives/custom/details.aspx?MemberId=4843;https://www.flhouse.gov/Sections/Representatives/details.aspx?MemberId=4843;https://www.myfloridahouse.gov/Sections/Representatives/details.aspx?MemberId=4843&LegislativeTermId=89,https://ballotpedia.org/Daryl_Campbell;https://myfloridahouse.gov/Sections/Representatives/details.aspx?MemberId=4843&LegislativeTermId=90;https://www.flhouse.gov/Sections/Representatives/custom/details.aspx?MemberId=4843;https://www.flhouse.gov/Sections/Representatives/details.aspx?MemberId=4843;https://www.linkedin.com/in/darylcampbell;https://www.myfloridahouse.gov/Sections/Representatives/details.aspx?MemberId=4843&LegislativeTermId=89,,,,,,,,,,,
ocd-person/686a3de8-6df1-4144-85bc-edaad7fe1708,David Borrero,Republican,111,lower,David,Borrero,Male,david.borrero@flhouse.gov,,1988-12-14,,https://www.flhouse.gov/FileStores/Web/Imaging/Member/4794.jpg,https://myfloridahouse.gov/Sections/Representatives/details.aspx?MemberId=4794&LegislativeTermId=90;https://www.flhouse.gov/Sections/Representatives/details.aspx?MemberId=4794;https://www.myfloridahouse.gov/Sections/Representatives/details.aspx?MemberId=4794;https://www.myfloridahouse.gov/Sections/Representatives/details.aspx?MemberId=4794&LegislativeTermId=89,https://ballotpedia.org/David_Borrero;https://myfloridahouse.gov/Sections/Representatives/details.aspx?MemberId=4794&LegislativeTermId=90;https://www.flhouse.gov/Sections/Representatives/details.aspx?MemberId=4794;https://www.linkedin.com/in/david-borrero-107371147;https://www.myfloridahouse.gov/Sections/Representatives/details.aspx?MemberId=4794;https://www.myfloridahouse.gov/Sections/Representatives/details.aspx?MemberId=4794&LegislativeTermId=89,,,,"9600 NW 25th St. Suite 4C, Doral, FL 33172",786-984-8910,,,,,,
ocd-person/e4bf077a-8468-49a6-a75c-24ee5076352e,Dave Smith,Republican,38,lower,Dave,Smith,Male,david.smith@flhouse.gov,,,,https://www.flhouse.gov/FileStores/Web/Imaging/Member/4718.jpg,https://myfloridahouse.gov/Sections/Representatives/details.aspx?MemberId=4718&LegislativeTermId=90;https://www.flhouse.gov/Sections/Representatives/details.aspx?MemberId=4718;https://www.myfloridahouse.gov/Sections/Representatives/details.aspx?MemberId=4718;https://www.myfloridahouse.gov/Sections/Representatives/details.aspx?MemberId=4718&LegislativeTermId=88,https://ballotpedia.org/David_Smith_(Florida);https://en.wikipedia.org/wiki/David_Smith_(Florida_politician);https://justfacts.votesmart.org/candidate/biography/146175/david-smith;https://myfloridahouse.gov/Sections/Representatives/details.aspx?MemberId=4718&LegislativeTermId=90;https://www.flhouse.gov/Sections/Representatives/details.aspx?MemberId=4718;https://www.myfloridahouse.gov/Representatives;https://www.myfloridahouse.gov/Sections/Representatives/details.aspx?MemberId=4718;https://www.myfloridahouse.gov/Sections/Representatives/details.aspx?MemberId=4718&LegislativeTermId=88;https://www.myfloridahouse.gov/Sections/Representatives/representatives.aspx,,,,,,,,,,,
ocd-person/c082de7e-0a73-43a6-94e7-48180a1af3d6,Dean Black,Republican,15,lower,Dean,Black,Male,dean.black@flhouse.gov,,1965-11-23,,https://www.flhouse.gov/FileStores/Web/Imaging/Member/4865.jpg,https://myfloridahouse.gov/Sections/Representatives/details.aspx?MemberId=4865&LegislativeTermId=90;https://www.flhouse.gov/Sections/Representatives/custom/details.aspx?MemberId=4865;https://www.flhouse.gov/Sections/Representatives/details.aspx?MemberId=4865;https://www.myfloridahouse.gov/Sections/Representatives/details.aspx?MemberId=4865&LegislativeTermId=90,https://ballotpedia.org/Dean_Black;https://justfacts.votesmart.org/candidate/biography/124330/dean-black;https://myfloridahouse.gov/Sections/Representatives/details.aspx?MemberId=4865&LegislativeTermId=90;https://www.flhouse.gov/Sections/Representatives/custom/details.aspx?MemberId=4865;https://www.flhouse.gov/Sections/Representatives/details.aspx?MemberId=4865;https://www.myfloridahouse.gov/Sections/Representatives/details.aspx?MemberId=4865&LegislativeTermId=90,,,,"Room 1-071, 76347 Veterans Way, Yulee, FL 32097",904-530-9730,,,,,,
ocd-person/a41e2c13-be68-4af3-8229-3c657b8d980d,Debbie Mayfield,Republican,19,upper,Debbie,Mayfield,Female,mayfield.debbie.web@flsenate.gov,,1956-12-02,,https://flsenate.gov/PublishedContent/Senators/2022-2024/Photos/s19_5199.jpg,https://flsenate.gov/Senators/2022-2024/S19;https://www.flhouse.gov/Sections/Representatives/details.aspx?MemberId=4456;https://www.flsenate.gov/Senators/2018-2020/S17;https://www.flsenate.gov/Senators/s17;https://www.flsenate.gov/Senators/s19;https://www.myfloridahouse.gov/Sections/Representatives/details.aspx?MemberId=4456&LegislativeTermId=91,https://ballotpedia.org/Debbie_Mayfield;https://en.wikipedia.org/wiki/Debbie_Mayfield;https://flsenate.gov/Senators/2022-2024/S19;https://justfacts.votesmart.org/candidate/biography/107965/debbie-mayfield;https://www.flhouse.gov/Sections/Representatives/details.aspx?MemberId=4456;https://www.flsenate.gov/Senators;https://www.flsenate.gov/Senators/;https://www.flsenate.gov/Senators/2018-2020/S17;https://www.flsenate.gov/Senators/s17;https://www.flsenate.gov/Senators/s19;https://www.linkedin.com/in/deborah-mayfield-332b6660;https://www.myfloridahouse.gov/Sections/Representatives/details.aspx?MemberId=4456&LegislativeTermId=91,,,,"Room 408, 900 E. Strawbridge Ave., Melbourne, FL 32901",321-409-2025,,,,,,
ocd-person/88b67b7d-e856-43b3-9ae3-90092919c4e5,Debra Tendrich,Democratic,89,lower,Debra,Tendrich,Female,debra.tendrich@flhouse.gov,,,,https://s3.amazonaws.com/ballotpedia-api4/files/thumbs/200/300/Debra__Tendrich__20241023_121011.jpg,https://myfloridahouse.gov/Sections/Representatives/details.aspx?MemberId=4924&LegislativeTermId=91;https://www.flhouse.gov/Sections/Representatives/custom/details.aspx?MemberId=4924;https://www.flhouse.gov/Sections/Representatives/details.aspx?MemberId=4924,https://ballotpedia.org/Debra_Tendrich;https://en.wikipedia.org/wiki/Debra_Tendrich;https://myfloridahouse.gov/Sections/Representatives/details.aspx?MemberId=4924&LegislativeTermId=91;https://www.debraforhouse.com/about;https://www.flhouse.gov/Sections/Representatives/custom/details.aspx?MemberId=4924;https://www.flhouse.gov/Sections/Representatives/details.aspx?MemberId=4924;https://www.linkedin.com/in/eatbetterlivebetter,,,,"1850 Forest Hill Blvd. Suite 200, Lake Clarke Shores, FL 33406",561-954-0850,,,,,,
ocd-person/8407b440-b679-4d84-b642-de35869461a4,Demi Busatta,Republican,114,lower,Demi,Busatta,Female,demi.busatta@flhouse.gov,,1990-11-04,,https://www.flhouse.gov/FileStores/Web/Imaging/Member/4800.jpg,https://myfloridahouse.gov/Sections/Representatives/details.aspx?MemberId=4800&LegislativeTermId=90;https://www.flhouse.gov/Sections/Representatives/details.aspx?MemberId=4800;https://www.myfloridahouse.gov/Sections/Representatives/details.aspx?MemberId=4800;https://www.myfloridahouse.gov/Sections/Representatives/details.aspx?MemberId=4800&LegislativeTermId=89,https://ballotpedia.org/Demi_Busatta_Cabrera;https://myfloridahouse.gov/Sections/Representatives/details.aspx?MemberId=4800&LegislativeTermId=90;https://www.flhouse.gov/Sections/Representatives/details.aspx?MemberId=4800;https://www.myfloridahouse.gov/Sections/Representatives/details.aspx?MemberId=4800;https://www.myfloridahouse.gov/Sections/Representatives/details.aspx?MemberId=4800&LegislativeTermId=89,,,,"2020 Ponce de Leon Blvd. Suite 1007, Coral Gables, FL 33134",305-686-6840,,,,,,
ocd-person/1be9ca60-ccf5-4beb-835a-3c292e04eaef,Dianne Hart-Lowman,Democratic,63,lower,Dianne,Hart-Lowman,Female,dianne.hart-lowman@flhouse.gov,,1955-06-26,,https://www.flhouse.gov/FileStores/Web/Imaging/Member/4736.jpg,https://myfloridahouse.gov/Sections/Representatives/details.aspx?MemberId=4736&LegislativeTermId=90;https://www.flhouse.gov/Sections/Representatives/details.aspx?MemberId=4736;https://www.myfloridahouse.gov/Sections/Representatives/details.aspx?MemberId=4736;https://www.myfloridahouse.gov/Sections/Representatives/details.aspx?MemberId=4736&LegislativeTermId=88,https://ballotpedia.org/Dianne_Hart;https://en.wikipedia.org/wiki/Dianne_Hart;https://justfacts.votesmart.org/candidate/biography/172926/dianne-hart;https://myfloridahouse.gov/Sections/Representatives/details.aspx?MemberId=4736&LegislativeTermId=90;https://www.flhouse.gov/Sections/Representatives/details.aspx?MemberId=4736;https://www.linkedin.com/in/dianne-hart-26961750;https://www.myfloridahouse.gov/Representatives;https://www.myfloridahouse.gov/Sections/Representatives/details.aspx?MemberId=4736;https://www.myfloridahouse.gov/Sections/Representatives/details.aspx?MemberId=4736&LegislativeTermId=88;https://www.myfloridahouse.gov/Sections/Representatives/representatives.aspx,,,,"3911 N. Tampa St., Tampa, FL 33603",813-738-0410,,,,,,
ocd-person/c45cbed2-9b2e-4507-a6d1-3f960d330c34,Don Gaetz,Republican,1,upper,Don,Gaetz,Male,gaetz.don.web@flsenate.gov,,1948-01-22,,http://www.flsenate.gov/PublishedContent/Senators/2014-2016/Photos/s01_4804.jpg,https://www.flsenate.gov/Senators/s1,https://ballotpedia.org/Don_Gaetz;https://en.wikipedia.org/wiki/Don_Gaetz;https://justfacts.votesmart.org/candidate/biography/67756/don-gaetz;https://www.flsenate.gov/Senators;https://www.flsenate.gov/Senators/;https://www.flsenate.gov/Senators/s1,,,,"418 W. Garden St. Fourth Floor, Pensacola, FL 32502",850-595-1036,,,,,,
ocd-person/bcb3b06f-882e-4012-af21-4c9ba68d093d,Dotie Joseph,Democratic,108,lower,Dotie,Joseph,Female,dotie.joseph@flhouse.gov,,,,https://www.flhouse.gov/FileStores/Web/Imaging/Member/4716.jpg,https://myfloridahouse.gov/Sections/Representatives/details.aspx?MemberId=4716&LegislativeTermId=90;https://www.flhouse.gov/Sections/Representatives/custom/details.aspx?MemberId=4716;https://www.flhouse.gov/Sections/Representatives/details.aspx?MemberId=4716;https://www.myfloridahouse.gov/Sections/Representatives/details.aspx?MemberId=4716;https://www.myfloridahouse.gov/Sections/Representatives/details.aspx?MemberId=4716&LegislativeTermId=88,https://ballotpedia.org/Dotie_Joseph;https://en.wikipedia.org/wiki/Dotie_Joseph;https://justfacts.votesmart.org/candidate/biography/184493/dotie-joseph;https://myfloridahouse.gov/Sections/Representatives/details.aspx?MemberId=4716&LegislativeTermId=90;https://www.flhouse.gov/Sections/Representatives/custom/details.aspx?MemberId=4716;https://www.flhouse.gov/Sections/Representatives/details.aspx?MemberId=4716;https://www.linkedin.com/in/dotiej;https://www.myfloridahouse.gov/Representatives;https://www.myfloridahouse.gov/Sections/Representatives/details.aspx?MemberId=4716;https://www.myfloridahouse.gov/Sections/Representatives/details.aspx?MemberId=4716&LegislativeTermId=88;https://www.myfloridahouse.gov/Sections/Representatives/representatives.aspx,,,,"735 NE 125th St., North Miami, FL 33161",305-564-5060,,,,,,
ocd-person/c585b9bb-83d4-4d01-8a02-778578cfe2d6,Doug Bankson,Republican,39,lower,Doug,Bankson,Male,doug.bankson@flhouse.gov,,1963-02-18,,https://www.flhouse.gov/FileStores/Web/Imaging/Member/4873.jpg,https://myfloridahouse.gov/Sections/Representatives/details.aspx?MemberId=4873&LegislativeTermId=90;https://www.flhouse.gov/Sections/Representatives/details.aspx?MemberId=4873;https://www.myfloridahouse.gov/Sections/Representatives/details.aspx?MemberId=4873&LegislativeTermId=90,https://ballotpedia.org/Doug_Bankson;https://justfacts.votesmart.org/candidate/biography/173235/doug-bankson;https://myfloridahouse.gov/Sections/Representatives/details.aspx?MemberId=4873&LegislativeTermId=90;https://www.flhouse.gov/Sections/Representatives/details.aspx?MemberId=4873;https://www.linkedin.com/in/douglasbankson;https://www.myfloridahouse.gov/Sections/Representatives/details.aspx?MemberId=4873&LegislativeTermId=90,,,,"10 N. Park Ave., Apopka, FL 32703",407-598-8470,,,,,,
ocd-person/0e375630-02a4-4e59-ac80-869f9a199b2a,Ed Hooper,Republican,21,upper,Ed,Hooper,Male,hooper.ed.web@flsenate.gov,,1947-08-05,,https://flsenate.gov/PublishedContent/Senators/2022-2024/Photos/s21_5344.jpg,https://flsenate.gov/Senators/2022-2024/S21;https://www.flsenate.gov/Senators/2018-2020/S16;https://www.flsenate.gov/Senators/s16;https://www.flsenate.gov/Senators/s21,https://ballotpedia.org/Ed_Hooper;https://en.wikipedia.org/wiki/Ed_Hooper_(politician);https://flsenate.gov/Senators/2022-2024/S21;https://justfacts.votesmart.org/candidate/biography/53831/ed-hooper;https://www.flsenate.gov/Senators;https://www.flsenate.gov/Senators/;https://www.flsenate.gov/Senators/2018-2020/S16;https://www.flsenate.gov/Senators/s16;https://www.flsenate.gov/Senators/s21,,,,"3450 E. Lake Road South Suite 305, Palm Harbor, FL 34685",727-771-2102,,,,,,
ocd-person/e2d16b6f-6522-46c6-9817-3d4f4d1b66ce,Emily Gregory,Democratic,87,lower,Emily,Gregory,Female,emily.gregory@flhouse.gov,,1985-05-11,,https://www.sun-sentinel.com/wp-content/uploads/2025/10/TFL-L-Emily-Gregory-candidate-01.jpg?w=864,https://www.flhouse.gov/Sections/Representatives/details.aspx?MemberId=5069,https://ballotpedia.org/Emily_Gregory;https://en.wikipedia.org/wiki/Emily_Gregory_(politician);https://www.flhouse.gov/Sections/Representatives/details.aspx?MemberId=5069;https://www.linkedin.com/in/emily-gregory-5923a96,,,,"321 S. Dixie Highway Suite 202, West Palm Beach, FL 33401",561-614-8350,,,,,,
ocd-person/30a6de56-a2b6-44b4-ab5a-e1bc6d944c93,Erika Booth,Republican,35,lower,Erika,Booth,Female,erika.booth@flhouse.gov,,,,https://s3.amazonaws.com/ballotpedia-api4/files/thumbs/200/300/Erika_Booth.jpg,https://myfloridahouse.gov/Sections/Representatives/details.aspx?MemberId=4914&LegislativeTermId=91;https://www.flhouse.gov/Sections/Representatives/custom/details.aspx?MemberId=4914;https://www.flhouse.gov/Sections/Representatives/details.aspx?MemberId=4914,https://ballotpedia.org/Erika_Booth;https://myfloridahouse.gov/Sections/Representatives/details.aspx?MemberId=4914&LegislativeTermId=91;https://www.flhouse.gov/Sections/Representatives/custom/details.aspx?MemberId=4914;https://www.flhouse.gov/Sections/Representatives/details.aspx?MemberId=4914;https://www.linkedin.com/in/erika-b-33a859124,,,,,,,,,,,
ocd-person/9cf042e6-01c0-4f8e-aab5-68508a0fda66,Erin Grall,Republican,29,upper,Erin,Grall,Female,grall.erin.web@flsenate.gov,,1977-06-30,,https://flsenate.gov/PublishedContent/Senators/2022-2024/Photos/s29_5426.jpg,https://flsenate.gov/Senators/2022-2024/S29;https://www.flsenate.gov/Senators/S29;https://www.myfloridahouse.gov/Sections/Representatives/details.aspx?MemberId=4637&LegislativeTermId=88,https://ballotpedia.org/Erin_Grall;https://en.wikipedia.org/wiki/Erin_Grall;https://flsenate.gov/Senators/2022-2024/S29;https://gralllawgroup.com/attorneys/erin-k-grall;https://justfacts.votesmart.org/candidate/biography/117112/erin-grall;https://www.flsenate.gov/Senators/S29;https://www.linkedin.com/in/erin-grall-8929094a;https://www.myfloridahouse.gov/Representatives;https://www.myfloridahouse.gov/Sections/Representatives/details.aspx?MemberId=4637&LegislativeTermId=88;https://www.myfloridahouse.gov/Sections/Representatives/representatives.aspx,,,,"3209 Virginia Ave. Suite A149, Fort Pierce, FL 34981",772-595-1398,,,,,,
ocd-person/38674fed-3bec-4623-a5eb-d31e4851323f,Fabián Basabe,Republican,106,lower,Fabián,Basabe,Male,fabian.basabe@flhouse.gov,,1978-03-30,,https://www.flhouse.gov/FileStores/Web/Imaging/Member/4900.jpg,https://myfloridahouse.gov/Sections/Representatives/details.aspx?MemberId=4900&LegislativeTermId=90;https://www.flhouse.gov/Sections/Representatives/custom/details.aspx?MemberId=4900;https://www.flhouse.gov/Sections/Representatives/details.aspx?MemberId=4900;https://www.myfloridahouse.gov/Sections/Representatives/details.aspx?MemberId=4900&LegislativeTermId=90,https://ballotpedia.org/Fabi%C3%A1n_Basabe;https://en.wikipedia.org/wiki/Fabi%C3%A1n_Basabe;https://justfacts.votesmart.org/candidate/biography/209439/fabian-basabe;https://myfloridahouse.gov/Sections/Representatives/details.aspx?MemberId=4900&LegislativeTermId=90;https://www.flhouse.gov/Sections/Representatives/custom/details.aspx?MemberId=4900;https://www.flhouse.gov/Sections/Representatives/details.aspx?MemberId=4900;https://www.myfloridahouse.gov/Sections/Representatives/details.aspx?MemberId=4900&LegislativeTermId=90,,,,"1521 Alton Road Suite 86, Miami Beach, FL 33139",305-564-4780,,,,,,
ocd-person/1d219f7c-140b-48fd-ac39-4683c48dbc87,Felicia Robinson,Democratic,104,lower,Felicia,Robinson,Female,felicia.robinson@flhouse.gov,,1970-11-04,,https://www.flhouse.gov/FileStores/Web/Imaging/Member/4791.jpg,https://myfloridahouse.gov/Sections/Representatives/details.aspx?MemberId=4791&LegislativeTermId=90;https://www.flhouse.gov/Sections/Representatives/custom/details.aspx?MemberId=4791;https://www.flhouse.gov/Sections/Representatives/details.aspx?MemberId=4791;https://www.myfloridahouse.gov/Sections/Representatives/details.aspx?MemberId=4791;https://www.myfloridahouse.gov/Sections/Representatives/details.aspx?MemberId=4791&LegislativeTermId=89,https://ballotpedia.org/Felicia_Simone_Robinson;https://justfacts.votesmart.org/candidate/biography/130220/felicia-robinson;https://myfloridahouse.gov/Sections/Representatives/details.aspx?MemberId=4791&LegislativeTermId=90;https://www.flhouse.gov/Sections/Representatives/custom/details.aspx?MemberId=4791;https://www.flhouse.gov/Sections/Representatives/details.aspx?MemberId=4791;https://www.linkedin.com/in/felicia-simone-robinson-bb737829;https://www.myfloridahouse.gov/Sections/Representatives/details.aspx?MemberId=4791;https://www.myfloridahouse.gov/Sections/Representatives/details.aspx?MemberId=4791&LegislativeTermId=89,,,,"16405 NW 25th Ave., Miami Gardens, FL 33054",305-488-5490,,,,,,
ocd-person/5a138490-70a4-46fa-967e-8739d1ea7456,Fentrice Driskell,Democratic,67,lower,Fentrice,Driskell,Female,fentrice.driskell@flhouse.gov,,1979-03-03,,https://www.flhouse.gov/FileStores/Web/Imaging/Member/4745.jpg,https://myfloridahouse.gov/Sections/Representatives/details.aspx?MemberId=4745&LegislativeTermId=90;https://www.flhouse.gov/Sections/Representatives/custom/details.aspx?MemberId=4745&LegislativeTermId=91;https://www.flhouse.gov/Sections/Representatives/details.aspx?MemberId=4745;https://www.myfloridahouse.gov/Sections/Representatives/details.aspx?MemberId=4745;https://www.myfloridahouse.gov/Sections/Representatives/details.aspx?MemberId=4745&LegislativeTermId=88,https://ballotpedia.org/Fentrice_Driskell;https://en.wikipedia.org/wiki/Fentrice_Driskell;https://myfloridahouse.gov/Sections/Representatives/details.aspx?MemberId=4745&LegislativeTermId=90;https://www.carltonfields.com/team/d/fentrice-d-driskell;https://www.flhouse.gov/Sections/Representatives/custom/details.aspx?MemberId=4745&LegislativeTermId=91;https://www.flhouse.gov/Sections/Representatives/details.aspx?MemberId=4745;https://www.linkedin.com/in/fentricedriskell;https://www.myfloridahouse.gov/Representatives;https://www.myfloridahouse.gov/Sections/Representatives/details.aspx?MemberId=4745;https://www.myfloridahouse.gov/Sections/Representatives/details.aspx?MemberId=4745&LegislativeTermId=88;https://www.myfloridahouse.gov/Sections/Representatives/representatives.aspx,,,,"13220 N. 56th St. Suite A, Temple Terrace, FL 33617",813-535-8580,,,,,,
ocd-person/741003ec-e46f-4ae8-a3af-ce2a2aba5cd4,Fiona McFarland,Republican,73,lower,Fiona,McFarland,Female,fiona.mcfarland@flhouse.gov,,,,https://www.flhouse.gov/FileStores/Web/Imaging/Member/4780.jpg,https://myfloridahouse.gov/Sections/Representatives/details.aspx?MemberId=4780&LegislativeTermId=90;https://www.flhouse.gov/Sections/Representatives/details.aspx?MemberId=4780;https://www.myfloridahouse.gov/Sections/Representatives/details.aspx?MemberId=4780;https://www.myfloridahouse.gov/Sections/Representatives/details.aspx?MemberId=4780&LegislativeTermId=89,https://ballotpedia.org/Fiona_McFarland;https://en.wikipedia.org/wiki/Fiona_McFarland;https://justfacts.votesmart.org/candidate/194559/fiona-mcfarland;https://myfloridahouse.gov/Sections/Representatives/details.aspx?MemberId=4780&LegislativeTermId=90;https://www.flhouse.gov/Sections/Representatives/details.aspx?MemberId=4780;https://www.linkedin.com/in/ffmcfarland;https://www.myfloridahouse.gov/Sections/Representatives/details.aspx?MemberId=4780;https://www.myfloridahouse.gov/Sections/Representatives/details.aspx?MemberId=4780&LegislativeTermId=89,,,,"2700 S. Tamiami Trail Unit 9, Sarasota, FL 34239",941-899-0940,,,,,,
ocd-person/3c9e6522-75aa-40d0-870c-1792d5178b04,Gallop Franklin,Democratic,8,lower,Gallop,Franklin,Male,gallop.franklin@flhouse.gov,,,,https://www.flhouse.gov/FileStores/Web/Imaging/Member/4863.jpg,https://myfloridahouse.gov/Sections/Representatives/details.aspx?MemberId=4863&LegislativeTermId=90;https://www.flhouse.gov/Sections/Representatives/custom/details.aspx?MemberId=4863;https://www.flhouse.gov/Sections/Representatives/details.aspx?MemberId=4863;https://www.myfloridahouse.gov/Sections/Representatives/details.aspx?MemberId=4863&LegislativeTermId=90,https://ballotpedia.org/Gallop_Franklin;https://myfloridahouse.gov/Sections/Representatives/details.aspx?MemberId=4863&LegislativeTermId=90;https://www.flhouse.gov/Sections/Representatives/custom/details.aspx?MemberId=4863;https://www.flhouse.gov/Sections/Representatives/details.aspx?MemberId=4863;https://www.linkedin.com/in/gallop-franklin-222485a3;https://www.myfloridahouse.gov/Sections/Representatives/details.aspx?MemberId=4863&LegislativeTermId=90,,,,,,,,,,,
ocd-person/cd3ba8e7-7c51-444b-bff3-e0c29de30660,Gayle Harrell,Republican,31,upper,Gayle,Harrell,Female,harrell.gayle.web@flsenate.gov,,1943-07-21,,https://flsenate.gov/PublishedContent/Senators/2022-2024/Photos/s31_5348.jpg,https://flsenate.gov/Senators/2022-2024/S31;https://www.flsenate.gov/Senators/2018-2020/S25;https://www.flsenate.gov/Senators/s25;https://www.flsenate.gov/Senators/s31,https://ballotpedia.org/Gayle_Harrell;https://en.wikipedia.org/wiki/Gayle_Harrell;https://flsenate.gov/Senators/2022-2024/S31;https://justfacts.votesmart.org/candidate/biography/53962/gayle-harrell;https://www.flsenate.gov/Senators;https://www.flsenate.gov/Senators/;https://www.flsenate.gov/Senators/2018-2020/S25;https://www.flsenate.gov/Senators/s25;https://www.flsenate.gov/Senators/s31;https://www.linkedin.com/in/gayle-harrell-79992915,,,,"312 SE Denver Ave., Stuart, FL 34994",772-221-4019,,,,,,
ocd-person/fd753355-7d8a-4eda-ab3c-8a6478e1ac73,Hilary Holley,Republican,51,lower,Hilary,Holley,Female,hilary.holley@flhouse.gov,,1989-02-06,,https://floridapolitics.com/wp-content/uploads/2025/10/Hillary-Holley-copy.jpg,https://www.flhouse.gov/Sections/Representatives/details.aspx?MemberId=5072,https://ballotpedia.org/Hilary_Holley;https://en.wikipedia.org/wiki/Hilary_Holley;https://www.flhouse.gov/Sections/Representatives/details.aspx?MemberId=5072;https://www.linkedin.com/in/hilarywholley,,,,"209 Palmetto St., Auburndale, FL 33823",863-656-8520,,,,,,
ocd-person/d38a5a91-afd4-46d2-9bd3-7ccaf7aa0d2b,Hillary Cassel,Republican,101,lower,Hillary,Cassel,Female,hillary.cassel@flhouse.gov,,,,https://www.flhouse.gov/FileStores/Web/Imaging/Member/4895.jpg,https://myfloridahouse.gov/Sections/Representatives/details.aspx?MemberId=4895&LegislativeTermId=90;https://www.flhouse.gov/Sections/Representatives/custom/details.aspx?MemberId=4895;https://www.flhouse.gov/Sections/Representatives/details.aspx?MemberId=4895;https://www.myfloridahouse.gov/Sections/Representatives/details.aspx?MemberId=4895&LegislativeTermId=90,https://ballotpedia.org/Hillary_Cassel;https://en.wikipedia.org/wiki/Hillary_Cassel;https://myfloridahouse.gov/Sections/Representatives/details.aspx?MemberId=4895&LegislativeTermId=90;https://www.cassel.law/hbc.html;https://www.flhouse.gov/Sections/Representatives/custom/details.aspx?MemberId=4895;https://www.flhouse.gov/Sections/Representatives/details.aspx?MemberId=4895;https://www.linkedin.com/in/hillary-cassel-2044705;https://www.myfloridahouse.gov/Sections/Representatives/details.aspx?MemberId=4895&LegislativeTermId=90,,,,"3475 Sheridan St. Suite 203, Hollywood, FL 33021",954-872-0180,,,,,,
ocd-person/3b65ecb0-8a3d-469c-9db4-b70c8724610f,Ileana Garcia,Republican,36,upper,Ileana,Garcia,Female,garcia.ileana.web@flsenate.gov,,,,https://flsenate.gov/PublishedContent/Senators/2022-2024/Photos/s36_5515.jpg,https://flsenate.gov/Senators/2022-2024/S36;https://www.flsenate.gov/Senators/S36;https://www.flsenate.gov/Senators/S37,https://ballotpedia.org/Ileana_Garcia;https://en.wikipedia.org/wiki/Ileana_Garcia;https://flsenate.gov/Senators/2022-2024/S36;https://justfacts.votesmart.org/candidate/biography/194449/ileana-garcia;https://www.flsenate.gov/Senators/S36;https://www.flsenate.gov/Senators/S37,,,,"2828 Coral Way Suite 208, Miami, FL 33145",305-442-6841,,,,,,
ocd-person/b65fb87d-0544-4058-8ad6-9cbd3622a330,J.J. Grow,Republican,23,lower,J.J.,Grow,Male,jj.grow@flhouse.gov,,1968-07-25,,https://assets.civicengine.com/uploads/candidate/headshot/841906/841906.jpg,https://www.flhouse.gov/Sections/Representatives/custom/details.aspx?MemberId=4909;https://www.myfloridahouse.gov/Sections/Representatives/details.aspx?MemberId=4909&LegislativeTermId=91,https://ballotpedia.org/J.J._Grow;https://justfacts.votesmart.org/candidate/217872/jj-grow;https://www.flhouse.gov/Sections/Representatives/custom/details.aspx?MemberId=4909;https://www.linkedin.com/in/jj-grow-41077b14;https://www.myfloridahouse.gov/Sections/Representatives/details.aspx?MemberId=4909&LegislativeTermId=91,,,,"106 E. Dampier St., Inverness, FL 34450",352-654-0490,,,,,,
ocd-person/797767ca-fadc-49d9-a7a5-5722baf6557e,James Buchanan,Republican,74,lower,James,Buchanan,Male,james.buchanan@flhouse.gov,,1982-01-10,,https://www.flhouse.gov/FileStores/Web/Imaging/Member/4731.jpg,https://myfloridahouse.gov/Sections/Representatives/details.aspx?MemberId=4731&LegislativeTermId=90;https://www.flhouse.gov/Sections/Representatives/custom/details.aspx?MemberId=4731;https://www.myfloridahouse.gov/Sections/Representatives/details.aspx?MemberId=4731;https://www.myfloridahouse.gov/Sections/Representatives/details.aspx?MemberId=4731&LegislativeTermId=88,https://ballotpedia.org/James_Buchanan_(Florida);https://en.wikipedia.org/wiki/James_Buchanan_(Florida_politician);https://myfloridahouse.gov/Sections/Representatives/details.aspx?MemberId=4731&LegislativeTermId=90;https://www.flhouse.gov/Sections/Representatives/custom/details.aspx?MemberId=4731;https://www.myfloridahouse.gov/Representatives;https://www.myfloridahouse.gov/Sections/Representatives/details.aspx?MemberId=4731;https://www.myfloridahouse.gov/Sections/Representatives/details.aspx?MemberId=4731&LegislativeTermId=88;https://www.myfloridahouse.gov/Sections/Representatives/representatives.aspx,,,,"5900 Pan American Blvd. Building A, Unit 102, North Port, FL 34287",941-732-0430,,,,,,
ocd-person/d03b8661-852b-44ab-b7c2-aa3bf14acd39,Jim Mooney,Republican,120,lower,Jim,Mooney,Male,james.mooney@flhouse.gov,,,,https://www.flhouse.gov/FileStores/Web/Imaging/Member/4797.jpg,https://myfloridahouse.gov/Sections/Representatives/details.aspx?MemberId=4797&LegislativeTermId=90;https://www.flhouse.gov/Sections/Representatives/custom/details.aspx?MemberId=4797;https://www.flhouse.gov/Sections/Representatives/details.aspx?MemberId=4797;https://www.myfloridahouse.gov/Sections/Representatives/details.aspx?MemberId=4797;https://www.myfloridahouse.gov/Sections/Representatives/details.aspx?MemberId=4797&LegislativeTermId=89,https://ballotpedia.org/Jim_Mooney;https://justfacts.votesmart.org/candidate/biography/194453/james-mooney;https://myfloridahouse.gov/Sections/Representatives/details.aspx?MemberId=4797&LegislativeTermId=90;https://www.flhouse.gov/Sections/Representatives/custom/details.aspx?MemberId=4797;https://www.flhouse.gov/Sections/Representatives/details.aspx?MemberId=4797;https://www.linkedin.com/in/flkeysrealtor;https://www.myfloridahouse.gov/Sections/Representatives/details.aspx?MemberId=4797;https://www.myfloridahouse.gov/Sections/Representatives/details.aspx?MemberId=4797&LegislativeTermId=89,,,,"Murray Nelson Government Center 102050 Overseas Highway, Key Largo, FL 33037",305-315-0780,,,,,,
ocd-person/b1525f57-c2db-407e-bca9-66675cc4d3ff,Jason Brodeur,Republican,10,upper,Jason,Brodeur,Male,brodeur.jason.web@flsenate.gov,,1975-06-07,,https://flsenate.gov/PublishedContent/Senators/2022-2024/Photos/s10_5077.jpg,https://flsenate.gov/Senators/2022-2024/S10;https://www.flsenate.gov/Senators/S10,https://ballotpedia.org/Jason_Brodeur;https://en.wikipedia.org/wiki/Jason_Brodeur;https://flsenate.gov/Senators/2022-2024/S10;https://justfacts.votesmart.org/candidate/biography/117042/jason-brodeur;https://www.flsenate.gov/Senators/S10;https://www.linkedin.com/in/jason-brodeur-mph-mba-0057b67,,,,"110 Timberlachen Circle Suite 1012, Lake Mary, FL 32746",407-333-1802,,,,,,
ocd-person/2bae38cc-f703-446b-93ec-576c0e388760,Jason Shoaf,Republican,7,lower,Jason,Shoaf,Male,jason.shoaf@flhouse.gov,,1979-09-20,,https://www.flhouse.gov/FileStores/Web/Imaging/Member/4756.jpg,https://myfloridahouse.gov/Sections/Representatives/details.aspx?MemberId=4756&LegislativeTermId=90;https://www.flhouse.gov/Sections/Representatives/custom/details.aspx?MemberId=4756;https://www.flhouse.gov/Sections/Representatives/details.aspx?MemberId=4756;https://www.myfloridahouse.gov/Sections/Representatives/details.aspx?MemberId=4756;https://www.myfloridahouse.gov/Sections/Representatives/details.aspx?MemberId=4756&LegislativeTermId=88,https://ballotpedia.org/Jason_Shoaf;https://en.wikipedia.org/wiki/Jason_Shoaf;https://myfloridahouse.gov/Sections/Representatives/details.aspx?MemberId=4756&LegislativeTermId=90;https://www.flhouse.gov/Sections/Representatives/custom/details.aspx?MemberId=4756;https://www.flhouse.gov/Sections/Representatives/details.aspx?MemberId=4756;https://www.linkedin.com/in/jason-shoaf-6b553a37;https://www.myfloridahouse.gov/Representatives;https://www.myfloridahouse.gov/Sections/Representatives/details.aspx?MemberId=4756;https://www.myfloridahouse.gov/Sections/Representatives/details.aspx?MemberId=4756&LegislativeTermId=88,,,,"202 Marina Drive Suite 303, Port St. Joe, FL 32456",850-295-5680,,,,,,
ocd-person/42278250-8dc9-4fcc-ab11-964aa8e369e7,Jason Pizzo,Independent,37,upper,Jason,Pizzo,Male,pizzo.jason.web@flsenate.gov,,1976-05-20,,https://flsenate.gov/PublishedContent/Senators/2022-2024/Photos/s37_5345.jpg,https://flsenate.gov/Senators/2022-2024/S37;https://www.flsenate.gov/Senators/s37,https://ballotpedia.org/Jason_Pizzo;https://en.wikipedia.org/wiki/Jason_Pizzo;https://flsenate.gov/Senators/2022-2024/S37;https://justfacts.votesmart.org/candidate/biography/172750/jason-pizzo;https://www.flsenate.gov/Senators/s37;https://www.linkedin.com/in/jason-pizzo-91a55913,,,,"3475 Sheridan St. Suite 211, Hollywood, FL 33021",954-893-5045,,,,,,
ocd-person/29c38853-2773-45d3-bc17-0979def1ab54,Jay Trumbull,Republican,2,upper,Jay,Trumbull,Male,trumbull.jay.web@flsenate.gov,,1989-02-21,,https://flsenate.gov/PublishedContent/Senators/2022-2024/Photos/s02_5389.jpg,https://flsenate.gov/Senators/2022-2024/S2;https://www.flsenate.gov/Senators/S2,https://ballotpedia.org/Jay_Trumbull;https://en.wikipedia.org/wiki/Jay_Trumbull;https://flsenate.gov/Senators/2022-2024/S2;https://justfacts.votesmart.org/candidate/biography/149501/jay-trumbull;https://www.flsenate.gov/Senators/S2,,,,"840 W. 11th St., Panama City, FL 32401",850-747-5454,,,,,,
ocd-person/5bd19ebd-e225-49a5-b0f5-42f6380a9fa8,Jeff Holcomb,Republican,53,lower,Jeff,Holcomb,Male,jeff.holcomb@flhouse.gov,,,,https://www.flhouse.gov/FileStores/Web/Imaging/Member/4890.jpg,https://myfloridahouse.gov/Sections/Representatives/details.aspx?MemberId=4890&LegislativeTermId=90;https://www.flhouse.gov/Sections/Representatives/details.aspx?MemberId=4890;https://www.myfloridahouse.gov/Sections/Representatives/details.aspx?MemberId=4890&LegislativeTermId=90,https://ballotpedia.org/Jeff_Holcomb_(Florida);https://justfacts.votesmart.org/candidate/biography/158287/jeff-holcomb;https://myfloridahouse.gov/Sections/Representatives/details.aspx?MemberId=4890&LegislativeTermId=90;https://www.flhouse.gov/Sections/Representatives/details.aspx?MemberId=4890;https://www.myfloridahouse.gov/Sections/Representatives/details.aspx?MemberId=4890&LegislativeTermId=90,,,,"2955 Landover Blvd., Spring Hill, FL 34608",352-675-0100,,,,,,
ocd-person/68e0a17f-338b-497b-ba07-1f74e9623f1d,Jennifer Bradley,Republican,6,upper,Jennifer,Bradley,Female,bradley.jennifer.web@flsenate.gov,,,,https://flsenate.gov/PublishedContent/Senators/2022-2024/Photos/s06_5476.jpg,https://flsenate.gov/Senators/2022-2024/S6;https://www.flsenate.gov/Senators/S6,https://ballotpedia.org/Jennifer_Bradley;https://en.wikipedia.org/wiki/Jennifer_Bradley;https://flsenate.gov/Senators/2022-2024/S6;https://justfacts.votesmart.org/candidate/biography/194419/jennifer-bradley;https://www.flsenate.gov/Senators/S6;https://www.linkedin.com/in/jennifer-bradley-a32ba839,,,,"1845 EW Parkway Unit #5, Fleming Island, FL 32003",904-278-2085,,,,,,
ocd-person/7fb5a540-2c3c-4661-8495-2e0e02ab8644,Jennifer Canady,Republican,50,lower,Jennifer,Canady,Female,jennifer.canady@flhouse.gov,,1973-07-22,,https://www.flhouse.gov/FileStores/Web/Imaging/Member/4879.jpg,https://myfloridahouse.gov/Sections/Representatives/details.aspx?MemberId=4879&LegislativeTermId=90;https://www.flhouse.gov/Sections/Representatives/details.aspx?MemberId=4879;https://www.myfloridahouse.gov/Sections/Representatives/details.aspx?MemberId=4879&LegislativeTermId=90,https://ballotpedia.org/Jennifer_Canady;https://myfloridahouse.gov/Sections/Representatives/details.aspx?MemberId=4879&LegislativeTermId=90;https://www.flhouse.gov/Sections/Representatives/details.aspx?MemberId=4879;https://www.linkedin.com/in/jennifer-canady-29551a60;https://www.myfloridahouse.gov/Sections/Representatives/details.aspx?MemberId=4879&LegislativeTermId=90,,,,"101 W. Main St. Suite 230, Lakeland, FL 33815",863-450-4795,,,,,,
ocd-person/28e33eaa-f6cf-4158-83fe-aff91d0cd8f0,Jennifer Kincart Jonsson,Republican,49,lower,Jennifer,Kincart Jonsson,Female,jennifer.jonsson@flhouse.gov,,1977-11-28,,https://www.theledger.com/gcdn/authoring/authoring-images/2024/04/17/NLED/73359809007-jen.jpg?width=660&height=981&fit=crop&format=pjpg&auto=webp,https://www.flhouse.gov/Sections/Representatives/custom/details.aspx?MemberId=4918;https://www.myfloridahouse.gov/Sections/Representatives/details.aspx?MemberId=4918&LegislativeTermId=91,https://ballotpedia.org/Jennifer_Kincart_Jonsson;https://www.flhouse.gov/Sections/Representatives/custom/details.aspx?MemberId=4918;https://www.linkedin.com/in/jennifer-kincart-jonsson1222;https://www.myfloridahouse.gov/Sections/Representatives/details.aspx?MemberId=4918&LegislativeTermId=91,,,,"210 E. Main St., Bartow, FL 33830",863-486-0440,,,,,,
ocd-person/ca476441-7c7a-4f21-ba55-207c21a7d51d,Rita Harris,Democratic,44,lower,Rita,Harris,Female,rita.harris@flhouse.gov,,,,https://www.flhouse.gov/FileStores/Web/Imaging/Member/4877.jpg,https://myfloridahouse.gov/Sections/Representatives/details.aspx?MemberId=4877&LegislativeTermId=90;https://www.flhouse.gov/Sections/Representatives/custom/details.aspx?MemberId=4877;https://www.flhouse.gov/Sections/Representatives/details.aspx?MemberId=4877;https://www.myfloridahouse.gov/Sections/Representatives/details.aspx?MemberId=4877&LegislativeTermId=90,https://ballotpedia.org/Jennifer_Harris;https://myfloridahouse.gov/Sections/Representatives/details.aspx?MemberId=4877&LegislativeTermId=90;https://www.flhouse.gov/Sections/Representatives/custom/details.aspx?MemberId=4877;https://www.flhouse.gov/Sections/Representatives/details.aspx?MemberId=4877;https://www.myfloridahouse.gov/Sections/Representatives/details.aspx?MemberId=4877&LegislativeTermId=90;https://www.ritaforflorida.com,,,,"2151 Consulate Drive Suite 15-3, Orlando, FL 32837",407-751-1380,,,,,,
ocd-person/bb2ae855-2e7a-4744-9271-a8ae1af89428,Tae Edmonds,Democratic,88,lower,Tae,Edmonds,Male,jervonte.edmonds@flhouse.gov,,1991-06-11,,https://www.flhouse.gov/FileStores/Web/Imaging/Member/4842.jpg,https://myfloridahouse.gov/Sections/Representatives/details.aspx?MemberId=4842&LegislativeTermId=90;https://www.flhouse.gov/Sections/Representatives/details.aspx?MemberId=4842;https://www.myfloridahouse.gov/Sections/Representatives/details.aspx?MemberId=4842&LegislativeTermId=89,https://ballotpedia.org/Jervonte_Edmonds;https://myfloridahouse.gov/Sections/Representatives/details.aspx?MemberId=4842&LegislativeTermId=90;https://www.flhouse.gov/Sections/Representatives/details.aspx?MemberId=4842;https://www.linkedin.com/in/jervonte-“tae”-edmonds-51b47a52;https://www.myfloridahouse.gov/Sections/Representatives/details.aspx?MemberId=4842&LegislativeTermId=89,,,,"5725 Corporate Way Suite 206, West Palm Beach, FL 33407",561-242-5530,,,,,,
ocd-person/8dd703e2-8024-47c5-a22b-87a36db841cb,Jessica Baker,Republican,17,lower,Jessica,Baker,Female,jessica.baker@flhouse.gov,,,,https://www.flhouse.gov/FileStores/Web/Imaging/Member/4866.jpg,https://myfloridahouse.gov/Sections/Representatives/details.aspx?MemberId=4866&LegislativeTermId=90;https://www.flhouse.gov/Sections/Representatives/details.aspx?MemberId=4866;https://www.myfloridahouse.gov/Sections/Representatives/details.aspx?MemberId=4866&LegislativeTermId=90,https://ballotpedia.org/Jessica_Baker;https://en.wikipedia.org/wiki/Jessica_Baker;https://myfloridahouse.gov/Sections/Representatives/details.aspx?MemberId=4866&LegislativeTermId=90;https://www.flhouse.gov/Sections/Representatives/details.aspx?MemberId=4866;https://www.myfloridahouse.gov/Sections/Representatives/details.aspx?MemberId=4866&LegislativeTermId=90,,,,"8833 Perimeter Park Blvd. Suite 801, Jacksonville, FL 32216",904-667-0280,,,,,,
ocd-person/c70f231f-92e2-4a55-a59b-fcf113ab51af,Jim Boyd,Republican,20,upper,Jim,Boyd,Male,boyd.jim.web@flsenate.gov,,1956-10-22,,https://flsenate.gov/PublishedContent/Senators/2022-2024/Photos/s20_5070.jpg,https://flsenate.gov/Senators/2022-2024/S20;https://www.flhouse.gov/Sections/Representatives/details.aspx?MemberId=4511&LegislativeTermId=87;https://www.flsenate.gov/Senators/S20;https://www.flsenate.gov/Senators/S21,https://ballotpedia.org/Jim_Boyd;https://en.wikipedia.org/wiki/Jim_Boyd_(politician);https://flsenate.gov/Senators/2022-2024/S20;https://justfacts.votesmart.org/candidate/biography/117037/jim-boyd;https://www.flhouse.gov/Sections/Representatives/details.aspx?MemberId=4511&LegislativeTermId=87;https://www.flhouse.gov/Sections/Representatives/representatives.aspx;https://www.flsenate.gov/Senators/S20;https://www.flsenate.gov/Senators/S21,,,,"717 Manatee Ave. West Suite 100, Bradenton, FL 34205",941-742-6445,,,,,,
ocd-person/24b4458a-bc61-42f8-805a-6bc43edf6acb,Joe Gruters,Republican,22,upper,Joe,Gruters,Male,gruters.joe.web@flsenate.gov,,1977-07-06,,https://flsenate.gov/PublishedContent/Senators/2022-2024/Photos/s22_5347.jpg,https://flsenate.gov/Senators/2022-2024/S22;https://www.flsenate.gov/Senators/2018-2020/S23;https://www.flsenate.gov/Senators/s22;https://www.flsenate.gov/Senators/s23,https://ballotpedia.org/Joe_Gruters;https://en.wikipedia.org/wiki/Joe_Gruters;https://flsenate.gov/Senators/2022-2024/S22;https://justfacts.votesmart.org/candidate/biography/17342/joe-gruters;https://www.flsenate.gov/Senators;https://www.flsenate.gov/Senators/;https://www.flsenate.gov/Senators/2018-2020/S23;https://www.flsenate.gov/Senators/s22;https://www.flsenate.gov/Senators/s23;https://www.gruterscpa.com/joe-gruters;https://www.linkedin.com/in/joegruters,,,,"381 Interstate Blvd., Sarasota, FL 34240",941-378-6309,,,,,,
ocd-person/fa6bc3c9-a107-4954-adf1-e1461e9f3520,Johanna López,Democratic,43,lower,Johanna,López,Female,johanna.lopez@flhouse.gov,,1972-02-18,,https://www.flhouse.gov/FileStores/Web/Imaging/Member/4875.jpg,https://myfloridahouse.gov/Sections/Representatives/details.aspx?MemberId=4875&LegislativeTermId=90;https://www.flhouse.gov/Sections/Representatives/custom/details.aspx?MemberId=4875;https://www.myfloridahouse.gov/Sections/Representatives/details.aspx?MemberId=4875&LegislativeTermId=90,https://ballotpedia.org/Johanna_Lopez;https://myfloridahouse.gov/Sections/Representatives/details.aspx?MemberId=4875&LegislativeTermId=90;https://www.flhouse.gov/Sections/Representatives/custom/details.aspx?MemberId=4875;https://www.linkedin.com/in/johannaocps;https://www.myfloridahouse.gov/Sections/Representatives/details.aspx?MemberId=4875&LegislativeTermId=90,,,,"5575 S. Semoran Blvd. Suite 2, Orlando, FL 32822",407-751-1060,,,,,,
ocd-person/5055fc3a-3cdd-4f4d-addb-23634fd1df92,John Snyder,Republican,86,lower,John,Snyder,Male,john.snyder@flhouse.gov,,1987-04-13,,https://www.flhouse.gov/FileStores/Web/Imaging/Member/4787.jpg,https://myfloridahouse.gov/Sections/Representatives/details.aspx?MemberId=4787&LegislativeTermId=90;https://www.flhouse.gov/Sections/Representatives/details.aspx?MemberId=4787;https://www.myfloridahouse.gov/Sections/Representatives/details.aspx?MemberId=4787;https://www.myfloridahouse.gov/Sections/Representatives/details.aspx?MemberId=4787&LegislativeTermId=89,https://ballotpedia.org/John_Snyder;https://myfloridahouse.gov/Sections/Representatives/details.aspx?MemberId=4787&LegislativeTermId=90;https://www.flhouse.gov/Sections/Representatives/details.aspx?MemberId=4787;https://www.linkedin.com/in/john-snyder-9838494a;https://www.myfloridahouse.gov/Sections/Representatives/details.aspx?MemberId=4787;https://www.myfloridahouse.gov/Sections/Representatives/details.aspx?MemberId=4787&LegislativeTermId=89,,,,"Room 110, 200 Military Trail, Jupiter, FL 33458",772-510-0120,,,,,,
ocd-person/c7ee0194-6ff9-4b95-83ee-bac26e80467d,Jon Albert,Republican,48,lower,Jon,Albert,Male,jon.albert@flhouse.gov,,1979-07-12,,https://assets.civicengine.com/uploads/candidate/headshot/828599/828599.jpg,https://www.flhouse.gov/Sections/Representatives/custom/details.aspx?MemberId=4917&LegislativeTermId=91;https://www.flhouse.gov/Sections/Representatives/details.aspx?MemberId=4917;https://www.myfloridahouse.gov/Sections/Representatives/details.aspx?MemberId=4917&SessionId=105,https://ballotpedia.org/Jon_Albert;https://www.flhouse.gov/Sections/Representatives/custom/details.aspx?MemberId=4917&LegislativeTermId=91;https://www.flhouse.gov/Sections/Representatives/details.aspx?MemberId=4917;https://www.linkedin.com/in/jon-albert-mba-2430a654;https://www.linkedin.com/in/jonathan-albert-mba-2430a654;https://www.myfloridahouse.gov/Sections/Representatives/details.aspx?MemberId=4917&SessionId=105,,,,"337 Ave. C SW, Winter Haven, FL 33880",863-500-8310,,,,,,
ocd-person/e5e1f892-4d9e-464e-b58d-6acf50069b75,Jonathan Martin,Republican,33,upper,Jonathan,Martin,Male,martin.jonathan.web@flsenate.gov,,1981-12-19,,https://flsenate.gov/PublishedContent/Senators/2022-2024/Photos/s33_5524.jpg,https://flsenate.gov/Senators/2022-2024/S33;https://www.flsenate.gov/Senators/S33,https://ballotpedia.org/Jonathan_Allen_Martin;https://en.wikipedia.org/wiki/Jonathan_Martin_(Florida_politician);https://flsenate.gov/Senators/2022-2024/S33;https://justfacts.votesmart.org/candidate/biography/138146/jonathan-martin;https://www.flsenate.gov/Senators/S33;https://www.linkedin.com/in/jonathanmartinesq,,,,"2000 Main St. Suite 401, Fort Myers, FL 33901",239-338-2570,,,,,,
ocd-person/c3e8a214-183a-4b9c-970c-5332e83eb8e6,Jose Alvarez,Democratic,46,lower,Jose,Alvarez,Male,jose.alvarez@flhouse.gov,,1964-08-11,,https://www.voterfocus.com/CampaignFinance/photo_osceola/cand_345.jpg,https://myfloridahouse.gov/Sections/Representatives/details.aspx?MemberId=4916&LegislativeTermId=91;https://www.flhouse.gov/Sections/Representatives/details.aspx?MemberId=4916,https://ballotpedia.org/Jose_A._Alvarez;https://en.wikipedia.org/wiki/Jose_Alvarez_(Florida_politician);https://myfloridahouse.gov/Sections/Representatives/details.aspx?MemberId=4916&LegislativeTermId=91;https://www.flhouse.gov/Sections/Representatives/details.aspx?MemberId=4916;https://www.linkedin.com/in/jose-alvarez11,,,,"Kissimmee City Hall 101 Church St., Suite 305, Kissimmee, FL 34741",407-964-8050,,,,,,
ocd-person/6c673f21-8f64-44b7-831f-d3d2e9c78eb3,Juan Porras,Republican,119,lower,Juan,Porras,Male,juancarlos.porras@flhouse.gov,,1997-07-08,,https://www.flhouse.gov/FileStores/Web/Imaging/Member/4898.jpg,https://myfloridahouse.gov/Sections/Representatives/details.aspx?MemberId=4898&LegislativeTermId=90;https://www.flhouse.gov/Sections/Representatives/details.aspx?MemberId=4898;https://www.myfloridahouse.gov/Sections/Representatives/details.aspx?MemberId=4898,https://ballotpedia.org/Juan_Carlos_Porras;https://myfloridahouse.gov/Sections/Representatives/details.aspx?MemberId=4898&LegislativeTermId=90;https://www.flhouse.gov/Sections/Representatives/details.aspx?MemberId=4898;https://www.linkedin.com/in/juan-porras-9a1268134;https://www.myfloridahouse.gov/Sections/Representatives/details.aspx?MemberId=4898,,,,"13372 SW 128th St., Miami, FL 33186",305-252-4307,,,,,,
ocd-person/09ff6379-dbcc-4aa2-bc70-0b2fa9fd69ec,Judson Sapp,Republican,20,lower,Judson,Sapp,Male,judson.sapp@flhouse.gov,,1977-05-18,,"https://static.wixstatic.com/media/239f01_44bd85c8941a4875a3e3f89d1cf01db3~mv2.jpeg/v1/fill/w_490,h_591,al_t,q_80,usm_0.66_1.00_0.01,enc_avif,quality_auto/239f01_44bd85c8941a4875a3e3f89d1cf01db3~mv2.jpeg",https://www.flhouse.gov/Sections/Representatives/details.aspx?MemberId=4907;https://www.myfloridahouse.gov/Sections/Representatives/details.aspx?MemberId=4907&LegislativeTermId=91,https://ballotpedia.org/Judson_Sapp;https://en.wikipedia.org/wiki/Judson_Sapp;https://justfacts.votesmart.org/candidate/biography/182254/judson-sapp;https://www.flhouse.gov/Sections/Representatives/details.aspx?MemberId=4907;https://www.myfloridahouse.gov/Sections/Representatives/details.aspx?MemberId=4907&LegislativeTermId=91,,,,"620 S. State Road 19 Suite 4, Palatka, FL 32177",386-249-7060,,,,,,
ocd-person/d1296445-72e8-45e5-ad0e-4443275176ef,Karen Gonzalez Pittman,Republican,65,lower,Karen,Gonzalez Pittman,Female,karen.pittman@flhouse.gov,,,,https://www.flhouse.gov/FileStores/Web/Imaging/Member/4888.jpg,https://myfloridahouse.gov/Sections/Representatives/details.aspx?MemberId=4888&LegislativeTermId=90;https://www.flhouse.gov/Sections/Representatives/details.aspx?MemberId=4888;https://www.myfloridahouse.gov/Sections/Representatives/details.aspx?MemberId=4888&LegislativeTermId=90,https://ballotpedia.org/Karen_Gonzalez_Pittman;https://myfloridahouse.gov/Sections/Representatives/details.aspx?MemberId=4888&LegislativeTermId=90;https://www.flhouse.gov/Sections/Representatives/details.aspx?MemberId=4888;https://www.linkedin.com/in/karen-gonzalez-pittman-92216190;https://www.myfloridahouse.gov/Sections/Representatives/details.aspx?MemberId=4888&LegislativeTermId=90,,,,"1101 Channelside Drive Suite 210, Tampa, FL 33602",813-726-1940,,,,,,
ocd-person/ae123d54-1076-49b2-84f9-2897b7d60ebd,Kathleen Passidomo,Republican,28,upper,Kathleen,Passidomo,Female,passidomo.kathleen.web@flsenate.gov,,1953-05-19,,https://flsenate.gov/PublishedContent/Senators/2022-2024/Photos/s28_5196.jpg,https://flsenate.gov/Senators/2022-2024/S28;https://www.flsenate.gov/Senators/2018-2020/S28;https://www.flsenate.gov/Senators/s28,https://ballotpedia.org/Kathleen_Passidomo;https://en.wikipedia.org/wiki/Kathleen_Passidomo;https://flsenate.gov/Senators/2022-2024/S28;https://www.flsenate.gov/Senators;https://www.flsenate.gov/Senators/;https://www.flsenate.gov/Senators/2018-2020/S28;https://www.flsenate.gov/Senators/s28;https://www.linkedin.com/in/kathleen-passidomo-7063b413,,,,"Room J-101, 25 E. Hickpoochee Ave., LaBelle, FL 33935",863-674-7122,,,,,,
ocd-person/43356d29-3396-423e-9286-f7bd1e52ebde,Kaylee Tuck,Republican,83,lower,Kaylee,Tuck,Female,kaylee.tuck@flhouse.gov,,1994-05-30,,https://www.flhouse.gov/FileStores/Web/Imaging/Member/4776.jpg,https://myfloridahouse.gov/Sections/Representatives/details.aspx?MemberId=4776&LegislativeTermId=90;https://www.flhouse.gov/Sections/Representatives/details.aspx?MemberId=4776;https://www.myfloridahouse.gov/Sections/Representatives/details.aspx?MemberId=4776,https://ballotpedia.org/Kaylee_Tuck;https://myfloridahouse.gov/Sections/Representatives/details.aspx?MemberId=4776&LegislativeTermId=90;https://www.flhouse.gov/Sections/Representatives/details.aspx?MemberId=4776;https://www.linkedin.com/in/kayleetuck;https://www.myfloridahouse.gov/Sections/Representatives/details.aspx?MemberId=4776,,,,"55 S. Parrott Ave., Okeechobee, FL 34974",863-462-5019,,,,,,
ocd-person/9c87088c-e5a4-4902-b3cb-4477e062de66,Keith Truenow,Republican,13,upper,Keith,Truenow,Male,truenow.keith.web@flsenate.gov,,1969-08-09,,https://www.flhouse.gov/FileStores/Web/Imaging/Member/4772.jpg,https://myfloridahouse.gov/Sections/Representatives/details.aspx?MemberId=4772&LegislativeTermId=90;https://www.flsenate.gov/Senators/s13?pref=full;https://www.myfloridahouse.gov/Sections/Representatives/details.aspx?MemberId=4772;https://www.myfloridahouse.gov/Sections/Representatives/details.aspx?MemberId=4772&LegislativeTermId=89,https://ballotpedia.org/Keith_Truenow;https://en.wikipedia.org/wiki/Keith_Truenow;https://justfacts.votesmart.org/candidate/biography/194608/keith-truenow;https://myfloridahouse.gov/Sections/Representatives/details.aspx?MemberId=4772&LegislativeTermId=90;https://www.flsenate.gov/Senators/s13?pref=full;https://www.linkedin.com/in/keith-truenow-42ba2043;https://www.myfloridahouse.gov/Sections/Representatives/details.aspx?MemberId=4772;https://www.myfloridahouse.gov/Sections/Representatives/details.aspx?MemberId=4772&LegislativeTermId=89,,,,"Lake County Agricultural Center 1951 Woodlea Road, Tavares, FL 32778",352-750-3133,,,,,,
ocd-person/8eff1a19-557d-4a5d-8a3b-c77015a7babe,Kelly Skidmore,Democratic,92,lower,Kelly,Skidmore,Female,kelly.skidmore@flhouse.gov,,1962-12-20,,https://www.flhouse.gov/FileStores/Web/Imaging/Member/4786.jpg,https://myfloridahouse.gov/Sections/Representatives/details.aspx?MemberId=4786&LegislativeTermId=90;https://www.flhouse.gov/Sections/Representatives/custom/details.aspx?MemberId=4786;https://www.flhouse.gov/Sections/Representatives/details.aspx?MemberId=4786;https://www.myfloridahouse.gov/Sections/Representatives/details.aspx?MemberId=4786,https://ballotpedia.org/Kelly_Skidmore;https://en.wikipedia.org/wiki/Kelly_Skidmore;https://justfacts.votesmart.org/candidate/68159/kelly-skidmore;https://myfloridahouse.gov/Sections/Representatives/details.aspx?MemberId=4786&LegislativeTermId=90;https://www.flhouse.gov/Sections/Representatives/custom/details.aspx?MemberId=4786;https://www.flhouse.gov/Sections/Representatives/details.aspx?MemberId=4786;https://www.linkedin.com/in/kelly-skidmore-3107a92b;https://www.myfloridahouse.gov/Sections/Representatives/details.aspx?MemberId=4786,,,,"7499 W. Atlantic Ave. Suite 200, Delray Beach, FL 33446",561-407-6490,,,,,,
ocd-person/313e81ee-19af-4d9d-9186-fbbca7e6d65d,Kevin Chambliss,Democratic,117,lower,Kevin,Chambliss,Male,kevin.chambliss@flhouse.gov,,1981-06-08,,https://www.flhouse.gov/FileStores/Web/Imaging/Member/4798.jpg,https://myfloridahouse.gov/Sections/Representatives/details.aspx?MemberId=4798&LegislativeTermId=90;https://www.flhouse.gov/Sections/Representatives/custom/details.aspx?MemberId=4798;https://www.flhouse.gov/Sections/Representatives/details.aspx?MemberId=4798;https://www.myfloridahouse.gov/Sections/Representatives/details.aspx?MemberId=4798;https://www.myfloridahouse.gov/Sections/Representatives/details.aspx?MemberId=4798&LegislativeTermId=89,https://ballotpedia.org/Kevin_Chambliss;https://myfloridahouse.gov/Sections/Representatives/details.aspx?MemberId=4798&LegislativeTermId=90;https://www.flhouse.gov/Sections/Representatives/custom/details.aspx?MemberId=4798;https://www.flhouse.gov/Sections/Representatives/details.aspx?MemberId=4798;https://www.linkedin.com/in/kevin-chambliss-sr-1b09ab26;https://www.myfloridahouse.gov/Sections/Representatives/details.aspx?MemberId=4798;https://www.myfloridahouse.gov/Sections/Representatives/details.aspx?MemberId=4798&LegislativeTermId=89,,,,"500 College Terrace Suite F212, Homestead, FL 33030",305-237-5968,,,,,,
ocd-person/7cf27467-9070-4d4a-9a45-24bfe980dfb8,Kevin Steele,Republican,55,lower,Kevin,Steele,Male,kevin.steele@flhouse.gov,,,,https://www.flhouse.gov/FileStores/Web/Imaging/Member/4881.jpg,https://myfloridahouse.gov/Sections/Representatives/details.aspx?MemberId=4881&LegislativeTermId=90;https://www.flhouse.gov/Sections/Representatives/details.aspx?MemberId=4881;https://www.myfloridahouse.gov/Sections/Representatives/details.aspx?MemberId=4881,https://ballotpedia.org/Kevin_Steele;https://myfloridahouse.gov/Sections/Representatives/details.aspx?MemberId=4881&LegislativeTermId=90;https://www.flhouse.gov/Sections/Representatives/details.aspx?MemberId=4881;https://www.myfloridahouse.gov/Sections/Representatives/details.aspx?MemberId=4881,,,,"12121 Little Road Private Mailbox 288, Hudson, FL 34667",727-766-0190,,,,,,
ocd-person/e809e1f7-641f-47c7-8754-964f1ceae10d,Kim Kendall,Republican,18,lower,Kim,Kendall,Female,kim.kendall@flhouse.gov,,1967-06-16,,https://s3.amazonaws.com/ballotpedia-api4/files/thumbs/200/300/KimKendall2024.jpg,https://www.flhouse.gov/Sections/Representatives/custom/details.aspx?MemberId=4905;https://www.flhouse.gov/Sections/Representatives/details.aspx?MemberId=4905;https://www.myfloridahouse.gov/Sections/Representatives/details.aspx?MemberId=4905&LegislativeTermId=91,https://ballotpedia.org/Kim_Kendall;https://www.flhouse.gov/Sections/Representatives/custom/details.aspx?MemberId=4905;https://www.flhouse.gov/Sections/Representatives/details.aspx?MemberId=4905;https://www.linkedin.com/in/kim-kendall-bb91a2120;https://www.myfloridahouse.gov/Sections/Representatives/details.aspx?MemberId=4905&LegislativeTermId=91,,,,,,,,,,,
ocd-person/d6c0ddf5-2821-4510-83d1-da9eb422739a,Kim Berfield,Republican,58,lower,Kim,Berfield,Female,kim.berfield@flhouse.gov,,,,https://www.flhouse.gov/FileStores/Web/Imaging/Member/4210.jpg,https://myfloridahouse.gov/Sections/Representatives/details.aspx?MemberId=4210&LegislativeTermId=90;https://www.flhouse.gov/Sections/Representatives/custom/details.aspx?MemberId=4210;https://www.flhouse.gov/Sections/Representatives/details.aspx?MemberId=4210;https://www.myfloridahouse.gov/Sections/Representatives/details.aspx?MemberId=4210&LegislativeTermId=90,https://ballotpedia.org/Kimberly_Berfield;https://myfloridahouse.gov/Sections/Representatives/details.aspx?MemberId=4210&LegislativeTermId=90;https://www.flhouse.gov/Sections/Representatives/custom/details.aspx?MemberId=4210;https://www.flhouse.gov/Sections/Representatives/details.aspx?MemberId=4210;https://www.linkedin.com/in/kimberfield;https://www.myfloridahouse.gov/Sections/Representatives/details.aspx?MemberId=4210&LegislativeTermId=90,,,,"2189 Cleveland St. Suite 229, Clearwater, FL 33765",727-351-8820,,,,,,
ocd-person/469b8c3d-5133-43c1-8598-b63ea936f135,Kim Daniels,Democratic,14,lower,Kim,Daniels,Female,kimberly.daniels@flhouse.gov,,,,https://www.flhouse.gov/FileStores/Web/Imaging/Member/4652.jpg,https://myfloridahouse.gov/Sections/Representatives/details.aspx?MemberId=4652&LegislativeTermId=90;https://www.flhouse.gov/Sections/Representatives/details.aspx?MemberId=4652;https://www.myfloridahouse.gov/Sections/Representatives/details.aspx?MemberId=4652,https://ballotpedia.org/Kimberly_Daniels;https://en.wikipedia.org/wiki/Kimberly_Daniels;https://kimberlydaniels.com;https://myfloridahouse.gov/Sections/Representatives/details.aspx?MemberId=4652&LegislativeTermId=90;https://www.flhouse.gov/Sections/Representatives/details.aspx?MemberId=4652;https://www.myfloridahouse.gov/Sections/Representatives/details.aspx?MemberId=4652,,,,"728 Blanche St. Suite 216, Jacksonville, FL 32204",904-659-7180,,,,,,
ocd-person/efa5f0b9-e10e-4ae0-a352-db879b1e0d3b,Kiyan Michael,Republican,16,lower,Kiyan,Michael,Female,kiyan.michael@flhouse.gov,,1964-09-20,,https://www.flhouse.gov/FileStores/Web/Imaging/Member/4869.jpg,https://myfloridahouse.gov/Sections/Representatives/details.aspx?MemberId=4869&LegislativeTermId=90;https://www.flhouse.gov/Sections/Representatives/details.aspx?MemberId=4869;https://www.myfloridahouse.gov/Sections/Representatives/details.aspx?MemberId=4869&LegislativeTermId=90,https://ballotpedia.org/Kiyan_Michael;https://electkiyan.com;https://myfloridahouse.gov/Sections/Representatives/details.aspx?MemberId=4869&LegislativeTermId=90;https://www.flhouse.gov/Sections/Representatives/details.aspx?MemberId=4869;https://www.linkedin.com/in/kiyan-michael-018b815;https://www.myfloridahouse.gov/Sections/Representatives/details.aspx?MemberId=4869&LegislativeTermId=90,,,,"421 3rd St. North, Jacksonville Beach, FL 32250",904-561-1010,,,,,,
ocd-person/e4a84025-e4fd-4d36-8e12-64bd9f61ed6d,Kristen Arrington,Democratic,25,upper,Kristen,Arrington,Female,arrington.kristen.web@flsenate.gov,,1975-08-22,,https://www.flhouse.gov/FileStores/Web/Imaging/Member/4774.jpg,https://myfloridahouse.gov/Sections/Representatives/details.aspx?MemberId=4774&LegislativeTermId=90;https://www.flsenate.gov/Senators/s25;https://www.flsenate.gov/Senators/S25;https://www.myfloridahouse.gov/Sections/Representatives/details.aspx?MemberId=4774,https://ballotpedia.org/Kristen_Arrington;https://en.wikipedia.org/wiki/Kristen_Arrington;https://justfacts.votesmart.org/candidate/biography/194624/kristen-arrington;https://myfloridahouse.gov/Sections/Representatives/details.aspx?MemberId=4774&LegislativeTermId=90;https://www.flsenate.gov/Senators/s25;https://www.flsenate.gov/Senators/S25;https://www.linkedin.com/in/arrington4fl;https://www.linkedin.com/in/kristen-arrington;https://www.myfloridahouse.gov/Sections/Representatives/details.aspx?MemberId=4774,,,,"3 Courthouse Square Suites 218-219, Kissimmee, FL 34741",407-846-5187,,,,,,
ocd-person/2f86f22f-b277-4441-b322-b1fbfb017b74,LaVon Bracy Davis,Democratic,15,upper,LaVon,Bracy Davis,Female,bracydavis.lavon.web@flsenate.gov,,1979-07-16,,https://www.flhouse.gov/FileStores/Web/Imaging/Member/4874.jpg,https://myfloridahouse.gov/Sections/Representatives/details.aspx?MemberId=4874&LegislativeTermId=90;https://www.flhouse.gov/Sections/Representatives/custom/details.aspx?MemberId=4874;https://www.flhouse.gov/Sections/Representatives/details.aspx?MemberId=4874;https://www.flsenate.gov/Senators/S15;https://www.myfloridahouse.gov/Sections/Representatives/details.aspx?MemberId=4874&LegislativeTermId=90,https://ballotpedia.org/LaVon_Bracy_Davis;https://en.wikipedia.org/wiki/LaVon_Bracy_Davis;https://justfacts.votesmart.org/candidate/biography/209432/lavon-bracy-davis;https://myfloridahouse.gov/Sections/Representatives/details.aspx?MemberId=4874&LegislativeTermId=90;https://www.flhouse.gov/Sections/Representatives/custom/details.aspx?MemberId=4874;https://www.flhouse.gov/Sections/Representatives/details.aspx?MemberId=4874;https://www.flsenate.gov/Senators/S15;https://www.linkedin.com/in/lavon-bracy-davis-212528175;https://www.myfloridahouse.gov/Sections/Representatives/details.aspx?MemberId=4874&LegislativeTermId=90,,,,"801 N. Magnolia Ave. Suite 305, Orlando, FL 32803",407-245-0194,,,,,,
ocd-person/f835385b-0837-4cfc-a81c-54982ba185d7,Lauren Melo,Republican,82,lower,Lauren,Melo,Female,lauren.melo@flhouse.gov,,1966-08-30,,https://www.flhouse.gov/FileStores/Web/Imaging/Member/4784.jpg,https://myfloridahouse.gov/Sections/Representatives/details.aspx?MemberId=4784&LegislativeTermId=90;https://www.flhouse.gov/Sections/Representatives/custom/details.aspx?MemberId=4784;https://www.flhouse.gov/Sections/Representatives/details.aspx?MemberId=4784;https://www.myfloridahouse.gov/Sections/Representatives/details.aspx?MemberId=4784;https://www.myfloridahouse.gov/Sections/Representatives/details.aspx?MemberId=4784&LegislativeTermId=89,https://ballotpedia.org/Lauren_Melo;https://justfacts.votesmart.org/candidate/194529/lauren-melo;https://myfloridahouse.gov/Sections/Representatives/details.aspx?MemberId=4784&LegislativeTermId=90;https://www.flhouse.gov/Sections/Representatives/custom/details.aspx?MemberId=4784;https://www.flhouse.gov/Sections/Representatives/details.aspx?MemberId=4784;https://www.linkedin.com/in/lauren-melo-8b146441;https://www.myfloridahouse.gov/Sections/Representatives/details.aspx?MemberId=4784;https://www.myfloridahouse.gov/Sections/Representatives/details.aspx?MemberId=4784&LegislativeTermId=89,,,,"Hendry County Courthouse 25 E. Hickpochee Ave., LaBelle, FL 33935",863-674-8600,,,,,,
ocd-person/56263ea0-3c5c-45cb-998d-ac7cf8db5446,Lawrence McClure,Republican,68,lower,Lawrence,McClure,Male,lawrence.mcclure@flhouse.gov,,1987-06-26,,https://www.flhouse.gov/FileStores/Web/Imaging/Member/4686.jpg,https://myfloridahouse.gov/Sections/Representatives/details.aspx?MemberId=4686&LegislativeTermId=90;https://www.flhouse.gov/Sections/Representatives/details.aspx?MemberId=4686;https://www.myfloridahouse.gov/Sections/Representatives/details.aspx?MemberId=4686,https://ballotpedia.org/Lawrence_McClure;https://en.wikipedia.org/wiki/Lawrence_McClure;https://myfloridahouse.gov/Sections/Representatives/details.aspx?MemberId=4686&LegislativeTermId=90;https://www.flhouse.gov/Sections/Representatives/details.aspx?MemberId=4686;https://www.myfloridahouse.gov/Sections/Representatives/details.aspx?MemberId=4686,,,,"110 W. Reynolds St. Suite 204, Plant City, FL 33563",813-730-8600,,,,,,
ocd-person/69e5941c-0def-4c79-a33e-c318ff516c9a,Leonard Spencer,Democratic,45,lower,Leonard,Spencer,Male,leonard.spencer@flhouse.gov,,1971-07-11,,https://floridapolitics.com/wp-content/uploads/2024/05/Spencer-Leonars.jpeg,https://www.flhouse.gov/Sections/Representatives/custom/details.aspx?MemberId=4915&LegislativeTermId=91;https://www.flhouse.gov/Sections/Representatives/details.aspx?MemberId=4915;https://www.myfloridahouse.gov/Sections/Representatives/details.aspx?MemberId=4915&LegislativeTermId=91,https://ballotpedia.org/Leonard_Spencer;https://justfacts.votesmart.org/candidate/217900/leonard-spencer;https://www.flhouse.gov/Sections/Representatives/custom/details.aspx?MemberId=4915&LegislativeTermId=91;https://www.flhouse.gov/Sections/Representatives/details.aspx?MemberId=4915;https://www.linkedin.com/in/leonardkspencer;https://www.myfloridahouse.gov/Sections/Representatives/details.aspx?MemberId=4915&LegislativeTermId=91,,,,"12200 W. Colonial Drive Suite 300H, Winter Garden, FL 34787",407-598-8680,,,,,,
ocd-person/7d59a4fe-d0f1-43a8-93b4-bcd3b7fe5b4e,Linda Chaney,Republican,61,lower,Linda,Chaney,Female,linda.chaney@flhouse.gov,,,,https://www.flhouse.gov/FileStores/Web/Imaging/Member/4778.jpg,https://myfloridahouse.gov/Sections/Representatives/details.aspx?MemberId=4778&LegislativeTermId=90;https://www.flhouse.gov/Sections/Representatives/custom/details.aspx?MemberId=4778;https://www.flhouse.gov/Sections/Representatives/details.aspx?MemberId=4778;https://www.myfloridahouse.gov/Sections/Representatives/details.aspx?MemberId=4778,https://ballotpedia.org/Linda_Chaney;https://myfloridahouse.gov/Sections/Representatives/details.aspx?MemberId=4778&LegislativeTermId=90;https://www.flhouse.gov/Sections/Representatives/custom/details.aspx?MemberId=4778;https://www.flhouse.gov/Sections/Representatives/details.aspx?MemberId=4778;https://www.linkedin.com/in/linda-j-chaney-44b02b161;https://www.myfloridahouse.gov/Sections/Representatives/details.aspx?MemberId=4778,,,,,,,,,,,
ocd-person/8bcd1df3-2697-42a9-842a-f3cced1fcb0f,Lindsay Cross,Democratic,60,lower,Lindsay,Cross,Female,lindsay.cross@flhouse.gov,,1977-11-21,,https://www.flhouse.gov/FileStores/Web/Imaging/Member/4887.jpg,https://myfloridahouse.gov/Sections/Representatives/details.aspx?MemberId=4887&LegislativeTermId=90;https://www.flhouse.gov/Sections/Representatives/custom/details.aspx?MemberId=4887;https://www.flhouse.gov/Sections/Representatives/details.aspx?MemberId=4887;https://www.myfloridahouse.gov/Sections/Representatives/details.aspx?MemberId=4887&LegislativeTermId=90,https://ballotpedia.org/Lindsay_Cross;https://myfloridahouse.gov/Sections/Representatives/details.aspx?MemberId=4887&LegislativeTermId=90;https://www.flhouse.gov/Sections/Representatives/custom/details.aspx?MemberId=4887;https://www.flhouse.gov/Sections/Representatives/details.aspx?MemberId=4887;https://www.linkedin.com/in/lindsay-cross-96677820;https://www.myfloridahouse.gov/Sections/Representatives/details.aspx?MemberId=4887&LegislativeTermId=90,,,,"425 N. 22nd Ave. Suite C, St. Petersburg, FL 33704",727-629-6770,,,,,,
ocd-person/314f9b75-2167-4b73-b7b8-9c7dee31aaee,Lisa Dunkley,Democratic,97,lower,Lisa,Dunkley,Female,lisa.dunkley@flhouse.gov,,,,https://www.flhouse.gov/FileStores/Web/Imaging/Member/4893.jpg,https://myfloridahouse.gov/Sections/Representatives/details.aspx?MemberId=4893&LegislativeTermId=90;https://www.flhouse.gov/Sections/Representatives/details.aspx?MemberId=4893;https://www.myfloridahouse.gov/Sections/Representatives/details.aspx?MemberId=4893&LegislativeTermId=90,https://ballotpedia.org/Lisa_Dunkley;https://justfacts.votesmart.org/candidate/biography/209448/lisa-dunkley;https://myfloridahouse.gov/Sections/Representatives/details.aspx?MemberId=4893&LegislativeTermId=90;https://www.flhouse.gov/Sections/Representatives/details.aspx?MemberId=4893;https://www.linkedin.com/in/lisa-dunkley-26b45524;https://www.myfloridahouse.gov/Sections/Representatives/details.aspx?MemberId=4893&LegislativeTermId=90,,,,"7491 W. Oakland Park Blvd. Suite 219, Lauderhill, FL 33319",954-910-2360,,,,,,
ocd-person/762d321c-5bbe-4513-b9f0-7e3d8a6972f5,Lori Berman,Democratic,26,upper,Lori,Berman,Female,berman.lori.web@flsenate.gov,,1958-06-27,,https://flsenate.gov/PublishedContent/Senators/2022-2024/Photos/s26_5339.jpg,https://flsenate.gov/Senators/2022-2024/S26;https://www.flsenate.gov/Senators/2018-2020/S31;https://www.flsenate.gov/Senators/s26;https://www.flsenate.gov/Senators/s31,https://ballotpedia.org/Lori_Berman;https://en.wikipedia.org/wiki/Lori_Berman;https://flsenate.gov/Senators/2022-2024/S26;https://www.flsenate.gov/Senators;https://www.flsenate.gov/Senators/;https://www.flsenate.gov/Senators/2018-2020/S31;https://www.flsenate.gov/Senators/s26;https://www.flsenate.gov/Senators/s31;https://www.linkedin.com/in/lori-berman-8980b714,,,,"2300 High Ridge Road Suite 161, Boynton Beach, FL 33426",561-292-6014,,,,,,
ocd-person/3038008c-cb9b-4735-92b4-b8f2be9c5d8e,Mack Bernard,Democratic,24,upper,Mack,Bernard,Male,bernard.mack.web@flsenate.gov,,1976-03-04,,http://www.flhouse.gov/FileStores/Web/Imaging/Member/4422.jpg,https://www.flhouse.gov/Sections/Representatives/details.aspx?MemberId=4422&SessionId=70;https://www.flsenate.gov/Senators/S24,https://ballotpedia.org/Mack_Bernard;https://en.wikipedia.org/wiki/Mack_Bernard;https://justfacts.votesmart.org/candidate/biography/112529/mack-bernard;https://www.flhouse.gov/Sections/Representatives/details.aspx?MemberId=4422&SessionId=70;https://www.flhouse.gov/Sections/Representatives/representatives.aspx;https://www.flsenate.gov/Senators/S24,,,,"1715 E. Tiffany Drive, West Palm Beach, FL 33407",561-650-6880,,,,,,
ocd-person/5eb39c7e-3582-4269-a012-7a88c54623c9,Marie Woodson,Democratic,105,lower,Marie,Woodson,Female,marie.woodson@flhouse.gov,,,,https://www.flhouse.gov/FileStores/Web/Imaging/Member/4789.jpg,https://myfloridahouse.gov/Sections/Representatives/details.aspx?MemberId=4789&LegislativeTermId=90;https://www.flhouse.gov/Sections/Representatives/details.aspx?MemberId=4789;https://www.myfloridahouse.gov/Sections/Representatives/details.aspx?MemberId=4789;https://www.myfloridahouse.gov/Sections/Representatives/details.aspx?MemberId=4789&LegislativeTermId=89,https://ballotpedia.org/Marie_Woodson;https://en.wikipedia.org/wiki/Marie_Woodson;https://justfacts.votesmart.org/candidate/194484/marie-woodson;https://myfloridahouse.gov/Sections/Representatives/details.aspx?MemberId=4789&LegislativeTermId=90;https://www.flhouse.gov/Sections/Representatives/details.aspx?MemberId=4789;https://www.linkedin.com/in/marie-woodson-582b9827;https://www.myfloridahouse.gov/Sections/Representatives/details.aspx?MemberId=4789;https://www.myfloridahouse.gov/Sections/Representatives/details.aspx?MemberId=4789&LegislativeTermId=89,,,,"7200 Pines Blvd. Building #73, Suite 120, Pembroke Pines, FL 33024",954-250-6010,,,,,,
ocd-person/7079537f-b144-4304-b389-8e572e62e1c9,Meg Weinberger,Republican,94,lower,Meg,Weinberger,Female,meg.weinberger@flhouse.gov,,1972-10-16,,https://s3.amazonaws.com/ballotpedia-api4/files/thumbs/200/300/Nick_Ward_20240808_093359.jpg,https://www.flhouse.gov/Sections/Representatives/custom/details.aspx?MemberId=4926;https://www.flhouse.gov/Sections/Representatives/custom/details.aspx?MemberId=4926&LegislativeTermId=91;https://www.myfloridahouse.gov/Sections/Representatives/details.aspx?MemberId=4926&LegislativeTermId=91,https://ballotpedia.org/Meg_Weinberger;https://justfacts.votesmart.org/candidate/217966/meg-weinberger;https://www.flhouse.gov/Sections/Representatives/custom/details.aspx?MemberId=4926;https://www.flhouse.gov/Sections/Representatives/custom/details.aspx?MemberId=4926&LegislativeTermId=91;https://www.linkedin.com/in/megan-o-neill-weinberger-49878433;https://www.myfloridahouse.gov/Sections/Representatives/details.aspx?MemberId=4926&LegislativeTermId=91,,,,"9200 Belvedere Road Suite 214, West Palm Beach, FL 33411",561-576-0340,,,,,,
ocd-person/1c170657-03fb-4ab7-ae9f-f8e83568471e,Mike Gottlieb,Democratic,102,lower,Mike,Gottlieb,Male,mike.gottlieb@flhouse.gov,,1968-11-15,,https://www.flhouse.gov/FileStores/Web/Imaging/Member/4724.jpg,https://myfloridahouse.gov/Sections/Representatives/details.aspx?MemberId=4724&LegislativeTermId=90;https://www.flhouse.gov/Sections/Representatives/details.aspx?MemberId=4724;https://www.myfloridahouse.gov/Sections/Representatives/details.aspx?MemberId=4724;https://www.myfloridahouse.gov/Sections/Representatives/details.aspx?MemberId=4724&LegislativeTermId=88,https://ballotpedia.org/Michael_Gottlieb;https://en.wikipedia.org/wiki/Michael_Gottlieb_(politician);https://myfloridahouse.gov/Sections/Representatives/details.aspx?MemberId=4724&LegislativeTermId=90;https://www.flhouse.gov/Sections/Representatives/details.aspx?MemberId=4724;https://www.linkedin.com/in/michael-gottlieb-b5b61a35;https://www.myfloridahouse.gov/Representatives;https://www.myfloridahouse.gov/Sections/Representatives/details.aspx?MemberId=4724;https://www.myfloridahouse.gov/Sections/Representatives/details.aspx?MemberId=4724&LegislativeTermId=88;https://www.myfloridahouse.gov/Sections/Representatives/representatives.aspx,,,,,,,,,,,
ocd-person/fc683ed7-c458-46b4-a133-6ab6916237d0,Michael Owen,Republican,70,lower,Michael,Owen,Male,michael.owen@flhouse.gov,,1975-12-23,,https://www.porttb.com/?a=Files.Serve&File_id=DEAE221B-6C8A-4865-BE9F-9C16F892E47C,https://www.flhouse.gov/Sections/Representatives/custom/details.aspx?MemberId=4919;https://www.flhouse.gov/Sections/Representatives/details.aspx?MemberId=4919;https://www.myfloridahouse.gov/Sections/Representatives/details.aspx?MemberId=4919&LegislativeTermId=91,https://ballotpedia.org/Michael_Owen_(Florida);https://www.flhouse.gov/Sections/Representatives/custom/details.aspx?MemberId=4919;https://www.flhouse.gov/Sections/Representatives/details.aspx?MemberId=4919;https://www.linkedin.com/in/michael-owen-01235b37;https://www.myfloridahouse.gov/Sections/Representatives/details.aspx?MemberId=4919&LegislativeTermId=91,,,,,,,,,,,
ocd-person/9b6f17f5-ec19-4302-8a45-2b40175bb39b,Michele Rayner,Democratic,62,lower,Michele,Rayner,Female,michele.rayner@flhouse.gov,,1981-09-25,,https://www.flhouse.gov/FileStores/Web/Imaging/Member/4781.jpg,https://myfloridahouse.gov/Sections/Representatives/details.aspx?MemberId=4781&LegislativeTermId=90;https://www.flhouse.gov/Sections/Representatives/custom/details.aspx?MemberId=4781;https://www.flhouse.gov/Sections/Representatives/details.aspx?MemberId=4781;https://www.myfloridahouse.gov/Sections/Representatives/details.aspx?MemberId=4781,https://ballotpedia.org/Michele_Rayner;https://en.wikipedia.org/wiki/Michele_Rayner;https://justfacts.votesmart.org/candidate/194561/michele-rayner;https://myfloridahouse.gov/Sections/Representatives/details.aspx?MemberId=4781&LegislativeTermId=90;https://www.flhouse.gov/Sections/Representatives/custom/details.aspx?MemberId=4781;https://www.flhouse.gov/Sections/Representatives/details.aspx?MemberId=4781;https://www.linkedin.com/in/mkrayner;https://www.linkedin.com/in/mkrg;https://www.myfloridahouse.gov/Sections/Representatives/details.aspx?MemberId=4781,,,,"3833 Central Ave., St. Petersburg, FL 33713",727-629-6820,,,,,,
ocd-person/a3c0aa9f-c261-4904-b73b-4dc127778222,Michelle Salzman,Republican,1,lower,Michelle,Salzman,Female,michelle.salzman@flhouse.gov,,1977-07-05,,https://www.flhouse.gov/FileStores/Web/Imaging/Member/4763.jpg,https://myfloridahouse.gov/Sections/Representatives/details.aspx?MemberId=4763&LegislativeTermId=90;https://www.flhouse.gov/Sections/Representatives/custom/details.aspx?MemberId=4763;https://www.flhouse.gov/Sections/Representatives/details.aspx?MemberId=4763;https://www.myfloridahouse.gov/Sections/Representatives/details.aspx?MemberId=4763;https://www.myfloridahouse.gov/Sections/Representatives/details.aspx?MemberId=4763&LegislativeTermId=89,https://ballotpedia.org/Michelle_Salzman;https://justfacts.votesmart.org/candidate/biography/193539/michelle-salzman;https://myfloridahouse.gov/Sections/Representatives/details.aspx?MemberId=4763&LegislativeTermId=90;https://www.flhouse.gov/Sections/Representatives/custom/details.aspx?MemberId=4763;https://www.flhouse.gov/Sections/Representatives/details.aspx?MemberId=4763;https://www.linkedin.com/in/michellesalzman;https://www.myfloridahouse.gov/Sections/Representatives/details.aspx?MemberId=4763;https://www.myfloridahouse.gov/Sections/Representatives/details.aspx?MemberId=4763&LegislativeTermId=89,,,,"3212 S. Highway 95-A, Cantonment, FL 32533",850-988-1160,,,,,,
ocd-person/9a44c892-cd4a-452b-88cb-435e8ece8d82,Mike Giallombardo,Republican,79,lower,Mike,Giallombardo,Male,mike.giallombardo@flhouse.gov,,,,https://www.flhouse.gov/FileStores/Web/Imaging/Member/4783.jpg,https://myfloridahouse.gov/Sections/Representatives/details.aspx?MemberId=4783&LegislativeTermId=90;https://www.flhouse.gov/Sections/Representatives/details.aspx?MemberId=4783;https://www.myfloridahouse.gov/Sections/Representatives/details.aspx?MemberId=4783,https://ballotpedia.org/Mike_Giallombardo;https://justfacts.votesmart.org/candidate/biography/146155/mike-giallombardo;https://myfloridahouse.gov/Sections/Representatives/details.aspx?MemberId=4783&LegislativeTermId=90;https://www.flhouse.gov/Sections/Representatives/details.aspx?MemberId=4783;https://www.linkedin.com/in/mike-giallombardo-61405350;https://www.myfloridahouse.gov/Sections/Representatives/details.aspx?MemberId=4783,,,,,,,,,,,
ocd-person/a4a0a7bf-62c4-412e-9501-007d712009ca,Mike Redondo,Republican,118,lower,Mike,Redondo,Male,mike.redondo@flhouse.gov,,1984-12-27,,https://www.flhouse.gov/FileStores/Web/Imaging/Member/4902.jpg,https://myfloridahouse.gov/Sections/Representatives/details.aspx?MemberId=4902&LegislativeTermId=90;https://www.flhouse.gov/Sections/Representatives/custom/details.aspx?MemberId=4902;https://www.flhouse.gov/Sections/Representatives/details.aspx?MemberId=4902;https://www.myfloridahouse.gov/Sections/Representatives/details.aspx?MemberId=4902&LegislativeTermId=90,https://ballotpedia.org/Mike_Redondo;https://en.wikipedia.org/wiki/Mike_Redondo;https://redondolawfirm.com/about/mike-redondo;https://www.flhouse.gov/Sections/Representatives/custom/details.aspx?MemberId=4902;https://www.flhouse.gov/Sections/Representatives/details.aspx?MemberId=4902;https://www.linkedin.com/in/mike-redondo-6702901a;https://www.myfloridahouse.gov/Sections/Representatives/details.aspx?MemberId=4902&LegislativeTermId=90,,,,"Miami Dade College, Kendall Campus 11011 SW 104th St., Suite M207, Miami, FL 33176",305-564-4730,,,,,,
ocd-person/04a025da-737a-4580-9c0f-64531e9cbbec,Mitch Rosenwald,Democratic,98,lower,Mitch,Rosenwald,Male,mitch.rosenwald@flhouse.gov,,,,https://s3.amazonaws.com/ballotpedia-api4/files/thumbs/200/300/MitchRosenwald.jpg,https://myfloridahouse.gov/Sections/Representatives/details.aspx?MemberId=4927&LegislativeTermId=91;https://www.flhouse.gov/Sections/Representatives/details.aspx?MemberId=4927;https://www.flhouse.gov/Sections/Representatives/details.aspx?MemberId=4927&LegislativeTermId=91,https://ballotpedia.org/Mitch_Rosenwald;https://myfloridahouse.gov/Sections/Representatives/details.aspx?MemberId=4927&LegislativeTermId=91;https://www.flhouse.gov/Sections/Representatives/details.aspx?MemberId=4927;https://www.flhouse.gov/Sections/Representatives/details.aspx?MemberId=4927&LegislativeTermId=91;https://www.linkedin.com/in/mitch-rosenwald-b2a981238,,,,"3411 North Dixie Highway, Oakland Park, FL 33334",954-481-0340,,,,,,
ocd-person/4a001cb2-e0ab-4036-a85d-b4f8ab3664cc,Monique Miller,Republican,33,lower,Monique,Miller,Female,monique.miller@flhouse.gov,,1970-08-21,,https://s3.amazonaws.com/ballotpedia-api4/files/thumbs/200/300/Monique_Miller.jpg,https://www.flhouse.gov/Sections/Representatives/custom/details.aspx?MemberId=4913;https://www.flhouse.gov/Sections/Representatives/details.aspx?MemberId=4913;https://www.flhouse.gov/Sections/Representatives/details.aspx?MemberId=4913&LegislativeTermId=91;https://www.myfloridahouse.gov/Sections/Representatives/details.aspx?MemberId=4913&LegislativeTermId=91,https://ballotpedia.org/Monique_Miller;https://en.wikipedia.org/wiki/Monique_Miller_(politician);https://justfacts.votesmart.org/candidate/biography/153863/monique-miller;https://www.flhouse.gov/Sections/Representatives/custom/details.aspx?MemberId=4913;https://www.flhouse.gov/Sections/Representatives/details.aspx?MemberId=4913;https://www.flhouse.gov/Sections/Representatives/details.aspx?MemberId=4913&LegislativeTermId=91;https://www.linkedin.com/in/monique-miller-44a971;https://www.myfloridahouse.gov/Sections/Representatives/details.aspx?MemberId=4913&LegislativeTermId=91,,,,"2539 Palm Bay Road NE Suite 5, Palm Bay, FL 32905",321-497-8170,,,,,,
ocd-person/609d82db-51d0-4705-a6c4-4d0bd487a61f,Nan Cobb,Republican,26,lower,Nan,Cobb,Female,nan.cobb@flhouse.gov,,,,https://www.eustis.org/files/assets/public/v/3/city-hall-mgrs-office/images/commissioner-cobb.jpg?dimension=pageimage&w=480,https://www.flhouse.gov/Sections/Representatives/details.aspx?MemberId=4910;https://www.myfloridahouse.gov/Sections/Representatives/details.aspx?MemberId=4910&LegislativeTermId=91,https://ballotpedia.org/Nan_Cobb;https://justfacts.votesmart.org/candidate/217878/nan-cobb;https://www.flhouse.gov/Sections/Representatives/details.aspx?MemberId=4910;https://www.linkedin.com/in/nan-cobb-95294711;https://www.myfloridahouse.gov/Sections/Representatives/details.aspx?MemberId=4910&LegislativeTermId=91,,,,"343 N. Bay St. Suite 204, Eustis, FL 32726",352-747-1540,,,,,,
ocd-person/7fa0c00f-c006-401c-88e7-06485e394c34,Nathan Boyles,Republican,3,lower,Nathan,Boyles,Male,nathan.boyles@flhouse.gov,,1983-05-31,,,https://www.flhouse.gov/Sections/Representatives/custom/details.aspx?MemberId=5063;https://www.flhouse.gov/Sections/Representatives/details.aspx?MemberId=5063,https://ballotpedia.org/Nathan_Boyles;https://www.flhouse.gov/Sections/Representatives/custom/details.aspx?MemberId=5063;https://www.flhouse.gov/Sections/Representatives/details.aspx?MemberId=5063;https://www.linkedin.com/in/nathan-boyles-ba1b08199,,,,"Room 4013, Pensacola State College, Milton Campus 5988 Highway 90, Milton, FL 32583",850-750-4470,,,,,,
ocd-person/618247ea-caa1-462c-a29a-636c1720fd14,Nick DiCeglie,Republican,18,upper,Nick,DiCeglie,Male,diceglie.nick.web@flsenate.gov,,1973-11-12,,https://flsenate.gov/PublishedContent/Senators/2022-2024/Photos/s18_5365.jpg,https://flsenate.gov/Senators/2022-2024/S18;https://www.flsenate.gov/Senators/S18;https://www.myfloridahouse.gov/Sections/Representatives/details.aspx?MemberId=4735&LegislativeTermId=88,https://ballotpedia.org/Nick_DiCeglie;https://en.wikipedia.org/wiki/Nick_DiCeglie;https://flsenate.gov/Senators/2022-2024/S18;https://www.flsenate.gov/Senators/S18;https://www.linkedin.com/in/nick-diceglie-64582416;https://www.myfloridahouse.gov/Representatives;https://www.myfloridahouse.gov/Sections/Representatives/details.aspx?MemberId=4735&LegislativeTermId=88;https://www.myfloridahouse.gov/Sections/Representatives/representatives.aspx,,,,"9800 4th St. North #200, St. Petersburg, FL 33702",727-563-1910,,,,,,
ocd-person/4bae75ba-b3df-4780-984b-144ae4d80a77,Omar Blanco,Republican,115,lower,Omar,Blanco,Male,omar.blanco@flhouse.gov,,,,https://s3.amazonaws.com/ballotpedia-api4/files/thumbs/200/300/Omar__Blanco.PNG,https://www.flhouse.gov/Sections/Representatives/custom/details.aspx?MemberId=4929;https://www.flhouse.gov/Sections/Representatives/details.aspx?MemberId=4929;https://www.myfloridahouse.gov/Sections/Representatives/details.aspx?MemberId=4929&LegislativeTermId=91,https://ballotpedia.org/Omar_Blanco;https://www.flhouse.gov/Sections/Representatives/custom/details.aspx?MemberId=4929;https://www.flhouse.gov/Sections/Representatives/details.aspx?MemberId=4929;https://www.linkedin.com/in/omar-blanco-0b236055;https://www.myfloridahouse.gov/Sections/Representatives/details.aspx?MemberId=4929&LegislativeTermId=91,,,,"7380 SW 48th St., Miami, FL 33155",305-850-6410,,,,,,
ocd-person/0a0ec0a3-4f1d-4cd8-b790-d51bff717798,Paula Stark,Republican,47,lower,Paula,Stark,Female,paula.stark@flhouse.gov,,1957-04-11,,https://www.flhouse.gov/FileStores/Web/Imaging/Member/4878.jpg,https://myfloridahouse.gov/Sections/Representatives/details.aspx?MemberId=4878&LegislativeTermId=90;https://www.flhouse.gov/Sections/Representatives/custom/details.aspx?MemberId=4878;https://www.flhouse.gov/Sections/Representatives/details.aspx?MemberId=4878;https://www.myfloridahouse.gov/Sections/Representatives/details.aspx?MemberId=4878,https://ballotpedia.org/Paula_Stark;https://en.wikipedia.org/wiki/Paula_Stark;https://myfloridahouse.gov/Sections/Representatives/details.aspx?MemberId=4878&LegislativeTermId=90;https://www.flhouse.gov/Sections/Representatives/custom/details.aspx?MemberId=4878;https://www.flhouse.gov/Sections/Representatives/details.aspx?MemberId=4878;https://www.linkedin.com/in/paula-stark-7a010734;https://www.myfloridahouse.gov/Sections/Representatives/details.aspx?MemberId=4878,,,,"1300 9th St. Building A, St. Cloud, FL 34769",407-548-1930,,,,,,
ocd-person/ab654947-84ed-4526-9b00-487642499106,Peggy Gossett-Seidman,Republican,91,lower,Peggy,Gossett-Seidman,Female,peggy.gossettseidman@flhouse.gov,,,,https://www.flhouse.gov/FileStores/Web/Imaging/Member/4891.jpg,https://myfloridahouse.gov/Sections/Representatives/details.aspx?MemberId=4891&LegislativeTermId=90;https://www.flhouse.gov/Sections/Representatives/custom/details.aspx?MemberId=4891;https://www.myfloridahouse.gov/Sections/Representatives/details.aspx?MemberId=4891&LegislativeTermId=90,https://ballotpedia.org/Peggy_Gossett-Seidman;https://myfloridahouse.gov/Sections/Representatives/details.aspx?MemberId=4891&LegislativeTermId=90;https://www.flhouse.gov/Sections/Representatives/custom/details.aspx?MemberId=4891;https://www.linkedin.com/in/peggy-gossett-seidman-86a2b8161;https://www.myfloridahouse.gov/Sections/Representatives/details.aspx?MemberId=4891&LegislativeTermId=90,,,,"4400 N. Federal Highway Suite 40, Boca Raton, FL 33431",561-571-4670,,,,,,
ocd-person/25748543-5a46-49c2-bc52-f7d39c18a2e6,Griff Griffitts,Republican,6,lower,Griff,Griffitts,Male,griff.griffitts@flhouse.gov,,1971-08-29,,https://www.flhouse.gov/FileStores/Web/Imaging/Member/4862.jpg,https://myfloridahouse.gov/Sections/Representatives/details.aspx?MemberId=4862&LegislativeTermId=90;https://www.flhouse.gov/Sections/Representatives/custom/details.aspx?MemberId=4862;https://www.myfloridahouse.gov/Sections/Representatives/details.aspx?MemberId=4862,https://ballotpedia.org/Philip_Griffitts;https://en.wikipedia.org/wiki/Philip_Griffitts;https://myfloridahouse.gov/Sections/Representatives/details.aspx?MemberId=4862&LegislativeTermId=90;https://votegriff.com/meet-griff;https://www.flhouse.gov/Sections/Representatives/custom/details.aspx?MemberId=4862;https://www.myfloridahouse.gov/Sections/Representatives/details.aspx?MemberId=4862,,,,"840 W. 11th St. Suite 3300, Panama City, FL 32401",850-804-1950,,,,,,
ocd-person/ff372569-d6f5-4bd0-8d36-569a7458f3e2,RaShon Young,Democratic,40,lower,RaShon,Young,Male,rashon.young@flhouse.gov,,1999-06-22,,,https://www.flhouse.gov/Sections/Representatives/custom/details.aspx?MemberId=5065,https://ballotpedia.org/RaShon_Young;https://en.wikipedia.org/wiki/RaShon_Young;https://justfacts.votesmart.org/candidate/biography/223242/rashon-young;https://www.flhouse.gov/Sections/Representatives/custom/details.aspx?MemberId=5065;https://www.linkedin.com/in/rashon-young-71ab48175,,,,"801 N. Magnolia Ave. Suite 301, Orlando, FL 32803",407-557-4530,,,,,,
ocd-person/1b25c111-e59b-429e-a6b7-fd22a38c1581,Rachel Plakon,Republican,36,lower,Rachel,Plakon,Female,rachel.plakon@flhouse.gov,,1979-06-17,,https://www.flhouse.gov/FileStores/Web/Imaging/Member/4871.jpg,https://myfloridahouse.gov/Sections/Representatives/details.aspx?MemberId=4871&LegislativeTermId=90;https://www.flhouse.gov/Sections/Representatives/details.aspx?MemberId=4871;https://www.myfloridahouse.gov/Sections/Representatives/details.aspx?MemberId=4871,https://ballotpedia.org/Rachel_Plakon;https://myfloridahouse.gov/Sections/Representatives/details.aspx?MemberId=4871&LegislativeTermId=90;https://www.flhouse.gov/Sections/Representatives/details.aspx?MemberId=4871;https://www.linkedin.com/in/rachelsaunders5778;https://www.myfloridahouse.gov/Sections/Representatives/details.aspx?MemberId=4871,,,,"1855 W. State Road 434 Suite 222, Longwood, FL 32750",407-263-3931,,,,,,
ocd-person/6d1623ae-0b24-4007-9c0f-af352ea22180,Ralph Massullo,Republican,11,upper,Ralph,Massullo,Male,massullo.ralph.web@flsenate.gov,,1956-12-25,,https://www.flhouse.gov/FileStores/Web/Imaging/Member/4624.jpg,https://myfloridahouse.gov/Sections/Representatives/details.aspx?MemberId=4624&LegislativeTermId=90;https://ralphmassullo.com/;https://www.flsenate.gov/Senators/S11;https://www.myfloridahouse.gov/Sections/Representatives/details.aspx?MemberId=4624;https://www.myfloridahouse.gov/Sections/Representatives/details.aspx?MemberId=4624&LegislativeTermId=88,https://ballotpedia.org/Ralph_Massullo_Jr.;https://en.wikipedia.org/wiki/Ralph_Massullo;https://justfacts.votesmart.org/candidate/biography/172870/ralph-massullo-jr;https://myfloridahouse.gov/Sections/Representatives/details.aspx?MemberId=4624&LegislativeTermId=90;https://ralphmassullo.com;https://www.flsenate.gov/Senators/S11;https://www.linkedin.com/in/ralph-massullo-69ab3b20;https://www.myfloridahouse.gov/Representatives;https://www.myfloridahouse.gov/Sections/Representatives/details.aspx?MemberId=4624;https://www.myfloridahouse.gov/Sections/Representatives/details.aspx?MemberId=4624&LegislativeTermId=88;https://www.myfloridahouse.gov/Sections/Representatives/representatives.aspx,,,,"104 E. Dampier St., Inverness, FL 34450",352-666-5707,,,,,,
ocd-person/2a415c08-da66-402b-ada6-93390a5df820,Randy Maggard,Republican,54,lower,Randy,Maggard,Male,randy.maggard@flhouse.gov,,1963-07-04,,https://www.flhouse.gov/FileStores/Web/Imaging/Member/4758.jpg,https://myfloridahouse.gov/Sections/Representatives/details.aspx?MemberId=4758&LegislativeTermId=90;https://www.flhouse.gov/Sections/Representatives/details.aspx?MemberId=4758;https://www.myfloridahouse.gov/Sections/Representatives/details.aspx?MemberId=4758;https://www.myfloridahouse.gov/Sections/Representatives/details.aspx?MemberId=4758&LegislativeTermId=88,https://ballotpedia.org/Randy_Maggard;https://myfloridahouse.gov/Sections/Representatives/details.aspx?MemberId=4758&LegislativeTermId=90;https://www.flhouse.gov/Sections/Representatives/details.aspx?MemberId=4758;https://www.linkedin.com/in/randy-maggard-32b19125;https://www.myfloridahouse.gov/Representatives;https://www.myfloridahouse.gov/Sections/Representatives/details.aspx?MemberId=4758;https://www.myfloridahouse.gov/Sections/Representatives/details.aspx?MemberId=4758&LegislativeTermId=88,,,,"Creekside Center 35358 State Road 54, Zephyrhills, FL 33541",813-768-0030,,,,,,
ocd-person/c95a0c72-09d5-40dc-8df8-a865051b9ea0,Richard Gentry,Republican,27,lower,Richard,Gentry,Male,richard.gentry@flhouse.gov,,1951-05-01,,https://s3.amazonaws.com/ballotpedia-api4/files/thumbs/200/300/Richard_Gentry_20240811_121405.png,https://www.flhouse.gov/Sections/Representatives/details.aspx?MemberId=4911;https://www.flhouse.gov/Sections/Representatives/details.aspx?MemberId=4911&LegislativeTermId=91;https://www.myfloridahouse.gov/Sections/Representatives/details.aspx?MemberId=4911&SessionId=105,https://ballotpedia.org/Richard_Gentry;https://www.flhouse.gov/Sections/Representatives/details.aspx?MemberId=4911;https://www.flhouse.gov/Sections/Representatives/details.aspx?MemberId=4911&LegislativeTermId=91;https://www.myfloridahouse.gov/Sections/Representatives/details.aspx?MemberId=4911&SessionId=105,,,,"275 S. Charles Richard Beall Blvd. Unit 108, DeBary, FL 32713",386-251-1100,,,,,,
ocd-person/50be2c32-37ea-4b93-9525-21d7b6f0b463,Rob Long,Democratic,90,lower,Rob,Long,Male,rob.long@flhouse.gov,,1985-01-13,,,https://www.flhouse.gov/Sections/Representatives/details.aspx?MemberId=5067,https://ballotpedia.org/Rob_Long;https://en.wikipedia.org/wiki/Rob_Long_(Florida_politician);https://www.delraybeachfl.gov/government/city-commission/deputy-vice-mayor-rob-long;https://www.flhouse.gov/Sections/Representatives/details.aspx?MemberId=5067;https://www.linkedin.com/in/roblongpbc,,,,"9770 S. Military Trail Suite B4, Mailbox 386, Boynton Beach, FL 33436",561-903-1310,,,,,,
ocd-person/c63b8e5e-fd63-45a1-b7e9-16595039f34a,Robbie Brackett,Republican,34,lower,Robbie,Brackett,Male,robert.brackett@flhouse.gov,,1963-04-09,,https://www.flhouse.gov/FileStores/Web/Imaging/Member/4870.jpg,https://myfloridahouse.gov/Sections/Representatives/details.aspx?MemberId=4870&LegislativeTermId=90;https://www.flhouse.gov/Sections/Representatives/details.aspx?MemberId=4870;https://www.myfloridahouse.gov/Sections/Representatives/details.aspx?MemberId=4870&LegislativeTermId=90,https://ballotpedia.org/Robert_Brackett;https://myfloridahouse.gov/Sections/Representatives/details.aspx?MemberId=4870&LegislativeTermId=90;https://www.flhouse.gov/Sections/Representatives/details.aspx?MemberId=4870;https://www.myfloridahouse.gov/Sections/Representatives/details.aspx?MemberId=4870&LegislativeTermId=90,,,,"1800 27th St. Suite B2-203, Vero Beach, FL 32960",772-365-9230,,,,,,
ocd-person/de5ddba1-d7fe-41da-9f36-16a03b0b22fc,Alex Andrade,Republican,2,lower,Alex,Andrade,Male,alex.andrade@flhouse.gov,,1989-07-22,,https://www.flhouse.gov/FileStores/Web/Imaging/Member/4710.jpg,https://myfloridahouse.gov/Sections/Representatives/details.aspx?MemberId=4710&LegislativeTermId=90;https://www.flhouse.gov/Sections/Representatives/details.aspx?MemberId=4710;https://www.myfloridahouse.gov/Sections/Representatives/details.aspx?MemberId=4710;https://www.myfloridahouse.gov/Sections/Representatives/details.aspx?MemberId=4710&LegislativeTermId=88,https://ballotpedia.org/Alex_Andrade;https://en.wikipedia.org/wiki/Alex_Andrade_(politician);https://justfacts.votesmart.org/candidate/biography/184315/alex-andrade;https://mhw-law.com/alex-andrade;https://myfloridahouse.gov/Sections/Representatives/details.aspx?MemberId=4710&LegislativeTermId=90;https://www.flhouse.gov/Sections/Representatives/details.aspx?MemberId=4710;https://www.myfloridahouse.gov/Representatives;https://www.myfloridahouse.gov/Sections/Representatives/details.aspx?MemberId=4710;https://www.myfloridahouse.gov/Sections/Representatives/details.aspx?MemberId=4710&LegislativeTermId=88;https://www.myfloridahouse.gov/Sections/Representatives/representatives.aspx,,,,"226 S. Palafox Place Suite 401B, Pensacola, FL 32502",850-542-1980,,,,,,
ocd-person/caf95c6f-3143-433e-8654-c17d39b94f88,Chuck Brannan,Republican,10,lower,Chuck,Brannan,Male,chuck.brannan@flhouse.gov,,1962-02-01,,https://www.flhouse.gov/FileStores/Web/Imaging/Member/4708.jpg,https://myfloridahouse.gov/Sections/Representatives/details.aspx?MemberId=4708&LegislativeTermId=90;https://www.flhouse.gov/Sections/Representatives/details.aspx?MemberId=4708;https://www.myfloridahouse.gov/Sections/Representatives/details.aspx?MemberId=4708;https://www.myfloridahouse.gov/Sections/Representatives/details.aspx?MemberId=4708&LegislativeTermId=88,https://ballotpedia.org/Chuck_Brannan;https://en.wikipedia.org/wiki/Chuck_Brannan;https://justfacts.votesmart.org/candidate/biography/184319/chuck-brannan-iii;https://myfloridahouse.gov/Sections/Representatives/details.aspx?MemberId=4708&LegislativeTermId=90;https://www.flhouse.gov/Sections/Representatives/details.aspx?MemberId=4708;https://www.myfloridahouse.gov/Representatives;https://www.myfloridahouse.gov/Sections/Representatives/details.aspx?MemberId=4708;https://www.myfloridahouse.gov/Sections/Representatives/details.aspx?MemberId=4708&LegislativeTermId=88;https://www.myfloridahouse.gov/Sections/Representatives/representatives.aspx,,,,"Baker County Courthouse 339 E. Macclenny Ave., Suite 117, Macclenny, FL 32063",386-400-1980,,,,,,
ocd-person/67c201cf-9aaa-4a06-8dda-28e93ea27f6b,Robin Bartleman,Democratic,103,lower,Robin,Bartleman,Female,robin.bartleman@flhouse.gov,,1972-08-27,,https://www.flhouse.gov/FileStores/Web/Imaging/Member/4793.jpg,https://myfloridahouse.gov/Sections/Representatives/details.aspx?MemberId=4793&LegislativeTermId=90;https://www.flhouse.gov/Sections/Representatives/details.aspx?MemberId=4793;https://www.myfloridahouse.gov/Sections/Representatives/details.aspx?MemberId=4793;https://www.myfloridahouse.gov/Sections/Representatives/details.aspx?MemberId=4793&LegislativeTermId=89,https://ballotpedia.org/Robin_Bartleman;https://myfloridahouse.gov/Sections/Representatives/details.aspx?MemberId=4793&LegislativeTermId=90;https://www.flhouse.gov/Sections/Representatives/details.aspx?MemberId=4793;https://www.myfloridahouse.gov/Sections/Representatives/details.aspx?MemberId=4793;https://www.myfloridahouse.gov/Sections/Representatives/details.aspx?MemberId=4793&LegislativeTermId=89,,,,"1792 Bell Tower Lane Suite 102, Weston, FL 33326",954-872-1770,,,,,,
ocd-person/3194701f-dfa8-40e9-9081-56aa20c63f6e,Rosalind Osgood,Democratic,32,upper,Rosalind,Osgood,Female,osgood.rosalind.web@flsenate.gov,,,,https://flsenate.gov/PublishedContent/Senators/2022-2024/Photos/s32_5520.jpg,https://flsenate.gov/Senators/2022-2024/S32;https://www.flsenate.gov/Senators/S32;https://www.senatorosgood.com/,https://ballotpedia.org/Rosalind_Osgood;https://en.wikipedia.org/wiki/Rosalind_Osgood;https://flsenate.gov/Senators/2022-2024/S32;https://justfacts.votesmart.org/candidate/biography/200762/rosalind-osgood;https://www.flsenate.gov/Senators/S32;https://www.linkedin.com/in/dr-rosalind-osgood-7739b834;https://www.senatorosgood.com,,,,"8491 W. Commercial Blvd., Tamarac, FL 33351",954-321-2705,,,,,,
ocd-person/baa03ffb-0948-4975-9e3a-c3fb9c0fcf40,Ryan Chamberlin,Republican,24,lower,Ryan,Chamberlin,Male,ryan.chamberlin@flhouse.gov,,1974-05-17,,https://www.flhouse.gov/FileStores/Web/Imaging/Member/4901.jpg,https://myfloridahouse.gov/Sections/Representatives/details.aspx?MemberId=4901&LegislativeTermId=90;https://myfloridahouse.gov/Sections/Representatives/details.aspx?MemberId=4901&LegislativeTermId=91;https://www.flhouse.gov/Sections/Representatives/custom/details.aspx?MemberId=4901;https://www.flhouse.gov/Sections/Representatives/details.aspx?MemberId=4901,https://ballotpedia.org/Ryan_Chamberlin;https://en.wikipedia.org/wiki/Ryan_Chamberlin;https://myfloridahouse.gov/Sections/Representatives/details.aspx?MemberId=4901&LegislativeTermId=90;https://myfloridahouse.gov/Sections/Representatives/details.aspx?MemberId=4901&LegislativeTermId=91;https://ryanchamberlin.com;https://www.flhouse.gov/Sections/Representatives/custom/details.aspx?MemberId=4901;https://www.flhouse.gov/Sections/Representatives/details.aspx?MemberId=4901;https://www.linkedin.com/in/ryandchamberlin;https://www.ryanchamberlin.com,,,,"315 SE 25th Ave., Ocala, FL 34471",352-635-0450,,,,,,
ocd-person/965e180a-177f-49ac-baba-0f0c7fe9a836,Sam Garrison,Republican,11,lower,Sam,Garrison,Male,sam.garrison@flhouse.gov,,,,https://www.flhouse.gov/FileStores/Web/Imaging/Member/4767.jpg,https://myfloridahouse.gov/Sections/Representatives/details.aspx?MemberId=4767&LegislativeTermId=90;https://www.flhouse.gov/Sections/Representatives/custom/details.aspx?MemberId=4767;https://www.flhouse.gov/Sections/Representatives/details.aspx?MemberId=4767;https://www.myfloridahouse.gov/Sections/Representatives/details.aspx?MemberId=4767;https://www.myfloridahouse.gov/Sections/Representatives/details.aspx?MemberId=4767&LegislativeTermId=89,https://ballotpedia.org/Sam_Garrison;https://justfacts.votesmart.org/candidate/biography/193775/sam-garrison;https://myfloridahouse.gov/Sections/Representatives/details.aspx?MemberId=4767&LegislativeTermId=90;https://www.flhouse.gov/Sections/Representatives/custom/details.aspx?MemberId=4767;https://www.flhouse.gov/Sections/Representatives/details.aspx?MemberId=4767;https://www.myfloridahouse.gov/Sections/Representatives/details.aspx?MemberId=4767;https://www.myfloridahouse.gov/Sections/Representatives/details.aspx?MemberId=4767&LegislativeTermId=89,,,,"1835 EW Parkway Suite 18, Fleming Island, FL 32003",904-375-3300,,,,,,
ocd-person/2da96449-663b-48ed-ab70-ef4e433afda3,Sam Greco,Republican,19,lower,Sam,Greco,Male,sam.greco@flhouse.gov,,1992-08-14,,https://s3.amazonaws.com/ballotpedia-api4/files/thumbs/200/300/SamGreco2024.png,https://www.flhouse.gov/Sections/Representatives/details.aspx?MemberId=4906;https://www.myfloridahouse.gov/Sections/Representatives/details.aspx?MemberId=4906&LegislativeTermId=91,https://ballotpedia.org/Sam_Greco;https://www.flhouse.gov/Sections/Representatives/details.aspx?MemberId=4906;https://www.linkedin.com/in/samuel-greco;https://www.myfloridahouse.gov/Sections/Representatives/details.aspx?MemberId=4906&LegislativeTermId=91,,,,"4877 Palm Coast Parkway NW Suite 1, Palm Coast, FL 32137",386-446-7644,,,,,,
ocd-person/6e6024d7-d66b-437d-b4a7-1e96bc365d5d,Samantha Scott,Republican,52,lower,Samantha,Scott,Female,samantha.scott@flhouse.gov,,1981-06-18,,https://lakeandsumterstyle.com/wp-content/uploads/2025/09/548330102_10238294438960625_7665889559183237490_n-e1758302240695-1200x730.jpg,https://www.flhouse.gov/Sections/Representatives/details.aspx?MemberId=5070,https://ballotpedia.org/Samantha_Scott;https://en.wikipedia.org/wiki/Samantha_Scott_(politician);https://www.flhouse.gov/Sections/Representatives/details.aspx?MemberId=5070,,,,"600 Lee St., Wildwood, FL 34785",352-635-0260,,,,,,
ocd-person/c844e345-f2a8-42fa-9ef9-d278bcb8fa4c,Shane Abbott,Republican,5,lower,Shane,Abbott,Male,shane.abbott@flhouse.gov,,,,https://www.flhouse.gov/FileStores/Web/Imaging/Member/4864.jpg,https://myfloridahouse.gov/Sections/Representatives/details.aspx?MemberId=4864&LegislativeTermId=90;https://www.flhouse.gov/Sections/Representatives/details.aspx?MemberId=4864;https://www.myfloridahouse.gov/Sections/Representatives/details.aspx?MemberId=4864&LegislativeTermId=90,https://ballotpedia.org/Shane_Abbott;https://en.wikipedia.org/wiki/Shane_Abbott;https://myfloridahouse.gov/Sections/Representatives/details.aspx?MemberId=4864&LegislativeTermId=90;https://www.flhouse.gov/Sections/Representatives/details.aspx?MemberId=4864;https://www.linkedin.com/in/shane-abbott-b4a93655;https://www.myfloridahouse.gov/Sections/Representatives/details.aspx?MemberId=4864&LegislativeTermId=90,,,,"Room 187, Chipola College 3094 Indian Circle, Marianna, FL 32446",850-633-5180,,,,,,
ocd-person/a8a2eaa4-449b-441f-96bb-d8a3e8191479,Shev Jones,Democratic,34,upper,Shev,Jones,Male,jones.shevrin.web@flsenate.gov,,1983-10-12,,https://flsenate.gov/PublishedContent/Senators/2022-2024/Photos/s34_5453.jpg,https://flsenate.gov/Senators/2022-2024/S34;https://www.flsenate.gov/Senators/S34;https://www.flsenate.gov/Senators/S35;https://www.myfloridahouse.gov/Sections/Representatives/details.aspx?MemberId=4559&LegislativeTermId=88,https://ballotpedia.org/Shevrin_Jones;https://en.wikipedia.org/wiki/Shevrin_D._Jones;https://flsenate.gov/Senators/2022-2024/S34;https://justfacts.votesmart.org/candidate/biography/142186/shevrin-jones;https://www.flsenate.gov/Senators/S34;https://www.flsenate.gov/Senators/S35;https://www.linkedin.com/in/shevrin-jones-916b776;https://www.myfloridahouse.gov/Representatives;https://www.myfloridahouse.gov/Sections/Representatives/details.aspx?MemberId=4559&LegislativeTermId=88;https://www.myfloridahouse.gov/Sections/Representatives/representatives.aspx,,,,"606 NW 183rd St., Miami Gardens, FL 33169",305-493-6002,,,,,,
ocd-person/5844fc0a-b2d2-4a09-baa7-6774e684326a,Stan McClain,Republican,9,upper,Stan,McClain,Male,mcclain.stan.web@flsenate.gov,,1961-07-07,,https://www.flhouse.gov/FileStores/Web/Imaging/Member/4658.jpg,https://myfloridahouse.gov/Sections/Representatives/details.aspx?MemberId=4658&LegislativeTermId=90;https://www.flsenate.gov/Senators/S9;https://www.myfloridahouse.gov/Sections/Representatives/details.aspx?MemberId=4658;https://www.myfloridahouse.gov/Sections/Representatives/details.aspx?MemberId=4658&LegislativeTermId=88,https://ballotpedia.org/Stan_McClain;https://en.wikipedia.org/wiki/Stan_McClain;https://myfloridahouse.gov/Sections/Representatives/details.aspx?MemberId=4658&LegislativeTermId=90;https://www.flsenate.gov/Senators/S9;https://www.linkedin.com/in/stan-mcclain-88441818;https://www.myfloridahouse.gov/Representatives;https://www.myfloridahouse.gov/Sections/Representatives/details.aspx?MemberId=4658;https://www.myfloridahouse.gov/Sections/Representatives/details.aspx?MemberId=4658&LegislativeTermId=88;https://www.myfloridahouse.gov/Sections/Representatives/representatives.aspx,,,,"5700 SW 34th St. Suite 225, Gainesville, FL 32608",352-264-4040,,,,,,
ocd-person/811dfa67-2615-4d45-9cf9-bd1a587a34fe,Susan Valdés,Republican,64,lower,Susan,Valdés,Female,susan.valdes@flhouse.gov,,1964-11-03,,https://www.flhouse.gov/FileStores/Web/Imaging/Member/4752.jpg,https://myfloridahouse.gov/Sections/Representatives/details.aspx?MemberId=4752&LegislativeTermId=90;https://www.flhouse.gov/Sections/Representatives/details.aspx?MemberId=4752;https://www.myfloridahouse.gov/Sections/Representatives/details.aspx?MemberId=4752;https://www.myfloridahouse.gov/Sections/Representatives/details.aspx?MemberId=4752&LegislativeTermId=88,https://ballotpedia.org/Susan_Valdes;https://en.wikipedia.org/wiki/Susan_Valdes;https://myfloridahouse.gov/Sections/Representatives/details.aspx?MemberId=4752&LegislativeTermId=90;https://www.flhouse.gov/Sections/Representatives/details.aspx?MemberId=4752;https://www.linkedin.com/in/susan-valdes-a18a275a;https://www.myfloridahouse.gov/Representatives;https://www.myfloridahouse.gov/Sections/Representatives/details.aspx?MemberId=4752;https://www.myfloridahouse.gov/Sections/Representatives/details.aspx?MemberId=4752&LegislativeTermId=88;https://www.myfloridahouse.gov/Sections/Representatives/representatives.aspx,,,,"2221 N. Himes Ave. Suite B, Tampa, FL 33607",813-726-1070,,,,,,
ocd-person/a5af681e-9679-4fed-83a3-ed16405055cb,Susan Plasencia,Republican,37,lower,Susan,Plasencia,Female,susan.plasencia@flhouse.gov,,,,https://www.flhouse.gov/FileStores/Web/Imaging/Member/4872.jpg,https://myfloridahouse.gov/Sections/Representatives/details.aspx?MemberId=4872&LegislativeTermId=90;https://www.flhouse.gov/Sections/Representatives/custom/details.aspx?MemberId=4872;https://www.flhouse.gov/Sections/Representatives/details.aspx?MemberId=4872;https://www.myfloridahouse.gov/Sections/Representatives/details.aspx?MemberId=4872&LegislativeTermId=90,https://ballotpedia.org/Susan_Plasencia;https://myfloridahouse.gov/Sections/Representatives/details.aspx?MemberId=4872&LegislativeTermId=90;https://www.flhouse.gov/Sections/Representatives/custom/details.aspx?MemberId=4872;https://www.flhouse.gov/Sections/Representatives/details.aspx?MemberId=4872;https://www.myfloridahouse.gov/Sections/Representatives/details.aspx?MemberId=4872&LegislativeTermId=90,,,,"10151 University Blvd. Private Mailbox 130, Orlando, FL 32817",407-633-3730,,,,,,
ocd-person/4ba15ff2-a717-4ea5-ad72-34e673ef63d8,Taylor Yarkosky,Republican,25,lower,Taylor,Yarkosky,Male,taylor.yarkosky@flhouse.gov,,1977-03-06,,https://www.flhouse.gov/FileStores/Web/Imaging/Member/4868.jpg,https://myfloridahouse.gov/Sections/Representatives/details.aspx?MemberId=4868&LegislativeTermId=90;https://www.flhouse.gov/Sections/Representatives/custom/details.aspx?MemberId=4868;https://www.myfloridahouse.gov/Sections/Representatives/details.aspx?MemberId=4868,https://ballotpedia.org/Taylor_Yarkosky;https://myfloridahouse.gov/Sections/Representatives/details.aspx?MemberId=4868&LegislativeTermId=90;https://www.flhouse.gov/Sections/Representatives/custom/details.aspx?MemberId=4868;https://www.myfloridahouse.gov/Sections/Representatives/details.aspx?MemberId=4868;https://www.tayloryarkosky.com/about,,,,"16207 State Road 50 Suite 402, Clermont, FL 34711",352-995-0130,,,,,,
ocd-person/04066eef-919c-4dc9-a655-ebc5e185f0c7,Tom Leek,Republican,7,upper,Tom,Leek,Male,leek.tom.web@flsenate.gov,,1968-08-06,,https://www.flhouse.gov/FileStores/Web/Imaging/Member/4662.jpg,https://myfloridahouse.gov/Sections/Representatives/details.aspx?MemberId=4662&LegislativeTermId=90;https://www.flsenate.gov/Senators/S7;https://www.myfloridahouse.gov/Sections/Representatives/details.aspx?MemberId=4662,https://ballotpedia.org/Tom_Leek;https://en.wikipedia.org/wiki/Tom_Leek;https://myfloridahouse.gov/Sections/Representatives/details.aspx?MemberId=4662&LegislativeTermId=90;https://www.flsenate.gov/Senators/S7;https://www.linkedin.com/in/thomasjleek;https://www.myfloridahouse.gov/Sections/Representatives/details.aspx?MemberId=4662,,,,"4475 U.S. 1 South Suite 404, St. Augustine, FL 32086",386-446-7610,,,,,,
ocd-person/ed56c597-3652-45a5-9c01-de0bf3eb8ab9,Patt Maney,Republican,4,lower,Patt,Maney,Male,patt.maney@flhouse.gov,,,,https://www.flhouse.gov/FileStores/Web/Imaging/Member/4764.jpg,https://myfloridahouse.gov/Sections/Representatives/details.aspx?MemberId=4764&LegislativeTermId=90;https://www.flhouse.gov/Sections/Representatives/custom/details.aspx?MemberId=4764;https://www.flhouse.gov/Sections/Representatives/details.aspx?MemberId=4764;https://www.myfloridahouse.gov/Sections/Representatives/details.aspx?MemberId=4764;https://www.myfloridahouse.gov/Sections/Representatives/details.aspx?MemberId=4764&LegislativeTermId=89,https://ballotpedia.org/T._Patt_Maney;https://myfloridahouse.gov/Sections/Representatives/details.aspx?MemberId=4764&LegislativeTermId=90;https://www.flhouse.gov/Sections/Representatives/custom/details.aspx?MemberId=4764;https://www.flhouse.gov/Sections/Representatives/details.aspx?MemberId=4764;https://www.myfloridahouse.gov/Sections/Representatives/details.aspx?MemberId=4764;https://www.myfloridahouse.gov/Sections/Representatives/details.aspx?MemberId=4764&LegislativeTermId=89,,,,"115 Miracle Strip Parkway SE Suite 201, Fort Walton Beach, FL 32548",850-904-1020,,,,,,
ocd-person/36219a90-2f5f-4ac6-b6ad-04139103c70c,Tiffany Esposito,Republican,77,lower,Tiffany,Esposito,Female,tiffany.esposito@flhouse.gov,,1987-07-04,,https://www.flhouse.gov/FileStores/Web/Imaging/Member/4892.jpg,https://myfloridahouse.gov/Sections/Representatives/details.aspx?MemberId=4892&LegislativeTermId=90;https://www.flhouse.gov/Sections/Representatives/details.aspx?MemberId=4892;https://www.myfloridahouse.gov/Sections/Representatives/details.aspx?MemberId=4892&LegislativeTermId=90,https://ballotpedia.org/Tiffany_Esposito;https://myfloridahouse.gov/Sections/Representatives/details.aspx?MemberId=4892&LegislativeTermId=90;https://www.flhouse.gov/Sections/Representatives/details.aspx?MemberId=4892;https://www.linkedin.com/in/tiffanyesposito;https://www.myfloridahouse.gov/Sections/Representatives/details.aspx?MemberId=4892&LegislativeTermId=90,,,,FL,239-445-0150,,,,,,
ocd-person/8c728fd0-2a3b-48ea-88a9-c7d675eb05d0,Tina Polsky,Democratic,30,upper,Tina,Polsky,Female,polsky.tina.web@flsenate.gov,,1968-05-04,,https://flsenate.gov/PublishedContent/Senators/2022-2024/Photos/s30_5371.jpg,https://flsenate.gov/Senators/2022-2024/S30;https://www.flsenate.gov/Senators/S30,https://ballotpedia.org/Tina_Polsky;https://en.wikipedia.org/wiki/Tina_Polsky;https://flsenate.gov/Senators/2022-2024/S30;https://justfacts.votesmart.org/candidate/biography/184461/tina-polsky;https://www.flsenate.gov/Senators/S30;https://www.linkedin.com/in/tina-scott-polsky-esq-0126a211,,,,"5301 N. Federal Highway Suite 135, Boca Raton, FL 33487",561-443-8170,,,,,,
ocd-person/a44181b6-df0b-466d-9989-d369083201aa,Toby Overdorf,Republican,85,lower,Toby,Overdorf,Male,toby.overdorf@flhouse.gov,,1969-05-06,,https://www.flhouse.gov/FileStores/Web/Imaging/Member/4728.jpg,https://myfloridahouse.gov/Sections/Representatives/details.aspx?MemberId=4728&LegislativeTermId=90;https://www.flhouse.gov/Sections/Representatives/custom/details.aspx?MemberId=4728;https://www.flhouse.gov/Sections/Representatives/details.aspx?MemberId=4728;https://www.myfloridahouse.gov/Sections/Representatives/details.aspx?MemberId=4728;https://www.myfloridahouse.gov/Sections/Representatives/details.aspx?MemberId=4728&LegislativeTermId=88,https://ballotpedia.org/Toby_Overdorf;https://en.wikipedia.org/wiki/Toby_Overdorf;https://myfloridahouse.gov/Sections/Representatives/details.aspx?MemberId=4728&LegislativeTermId=90;https://www.flhouse.gov/Sections/Representatives/custom/details.aspx?MemberId=4728;https://www.flhouse.gov/Sections/Representatives/details.aspx?MemberId=4728;https://www.myfloridahouse.gov/Representatives;https://www.myfloridahouse.gov/Sections/Representatives/details.aspx?MemberId=4728;https://www.myfloridahouse.gov/Sections/Representatives/details.aspx?MemberId=4728&LegislativeTermId=88;https://www.myfloridahouse.gov/Sections/Representatives/representatives.aspx,,,,"151 SW Flagler Ave., Stuart, FL 34994",772-403-9560,,,,,,
ocd-person/4ae2bacf-d265-42a5-888d-5050015a6602,Tommy Wright,Republican,8,upper,Tommy,Wright,Male,wright.tom.web@flsenate.gov,,1952-05-16,,https://flsenate.gov/PublishedContent/Senators/2022-2024/Photos/s08_5346.jpg,https://flsenate.gov/Senators/2022-2024/S8;https://www.flsenate.gov/Senators/2018-2020/S14;https://www.flsenate.gov/Senators/s14;https://www.flsenate.gov/Senators/s8,https://ballotpedia.org/Tom_Wright_(Florida);https://en.wikipedia.org/wiki/Tom_A._Wright;https://flsenate.gov/Senators/2022-2024/S8;https://justfacts.votesmart.org/candidate/biography/185832/tom-wright;https://www.flsenate.gov/Senators;https://www.flsenate.gov/Senators/;https://www.flsenate.gov/Senators/2018-2020/S14;https://www.flsenate.gov/Senators/s14;https://www.flsenate.gov/Senators/s8,,,,"4606 S. Clyde Morris Blvd. Suite 2-J, Port Orange, FL 32129",386-304-7630,,,,,,
ocd-person/35f68144-b99b-4f86-b223-726897926bfa,Tom Fabricio,Republican,110,lower,Tom,Fabricio,Male,tom.fabricio@flhouse.gov,,1977-01-03,,https://www.flhouse.gov/FileStores/Web/Imaging/Member/4792.jpg,https://myfloridahouse.gov/Sections/Representatives/details.aspx?MemberId=4792&LegislativeTermId=90;https://www.flhouse.gov/Sections/Representatives/custom/details.aspx?MemberId=4792;https://www.flhouse.gov/Sections/Representatives/details.aspx?MemberId=4792;https://www.myfloridahouse.gov/Sections/Representatives/details.aspx?MemberId=4792;https://www.myfloridahouse.gov/Sections/Representatives/details.aspx?MemberId=4792&LegislativeTermId=89,https://ballotpedia.org/Tom_Fabricio;https://myfloridahouse.gov/Sections/Representatives/details.aspx?MemberId=4792&LegislativeTermId=90;https://www.flhouse.gov/Sections/Representatives/custom/details.aspx?MemberId=4792;https://www.flhouse.gov/Sections/Representatives/details.aspx?MemberId=4792;https://www.linkedin.com/in/tom-fabricio-9894121;https://www.myfloridahouse.gov/Sections/Representatives/details.aspx?MemberId=4792;https://www.myfloridahouse.gov/Sections/Representatives/details.aspx?MemberId=4792&LegislativeTermId=89,,,,"7480 Fairway Drive Suite 206, Miami Lakes, FL 33014",305-564-4980,,,,,,
ocd-person/217f848d-99c2-43aa-98d2-6fee2812c1e6,Traci Koster,Republican,66,lower,Traci,Koster,Female,traci.koster@flhouse.gov,,1985-06-15,,https://www.flhouse.gov/FileStores/Web/Imaging/Member/4779.jpg,https://myfloridahouse.gov/Sections/Representatives/details.aspx?MemberId=4779&LegislativeTermId=90;https://www.flhouse.gov/Sections/Representatives/details.aspx?MemberId=4779;https://www.myfloridahouse.gov/Sections/Representatives/details.aspx?MemberId=4779;https://www.myfloridahouse.gov/Sections/Representatives/details.aspx?MemberId=4779&LegislativeTermId=89,https://ballotpedia.org/Traci_Koster;https://en.wikipedia.org/wiki/Traci_Koster;https://myfloridahouse.gov/Sections/Representatives/details.aspx?MemberId=4779&LegislativeTermId=90;https://www.flhouse.gov/Sections/Representatives/details.aspx?MemberId=4779;https://www.linkedin.com/in/traci-koster-8a234b3;https://www.myfloridahouse.gov/Sections/Representatives/details.aspx?MemberId=4779;https://www.myfloridahouse.gov/Sections/Representatives/details.aspx?MemberId=4779&LegislativeTermId=89,,,,,,,,,,,
ocd-person/03362949-948c-415d-a5b6-f99e8fbc6495,Tracie Davis,Democratic,5,upper,Tracie,Davis,Female,davis.tracie.web@flsenate.gov,,1970-05-06,,https://flsenate.gov/PublishedContent/Senators/2022-2024/Photos/s05_5385.jpg,https://flsenate.gov/Senators/2022-2024/S5;https://www.flsenate.gov/Senators/S5,https://ballotpedia.org/Tracie_Davis;https://en.wikipedia.org/wiki/Tracie_Davis;https://flsenate.gov/Senators/2022-2024/S5;https://justfacts.votesmart.org/candidate/biography/172818/tracie-davis;https://www.flsenate.gov/Senators/S5;https://www.linkedin.com/in/tracie-davis-115a27b8,,,,"2933 N. Myrtle Ave. Suite 201, Jacksonville, FL 32209",904-359-2575,,,,,,
ocd-person/ac26aaa6-1f59-4893-ae7f-30f5d2e5d8fc,Tyler Sirois,Republican,31,lower,Tyler,Sirois,Male,tyler.sirois@flhouse.gov,,1984-08-05,,https://www.flhouse.gov/FileStores/Web/Imaging/Member/4748.jpg,https://myfloridahouse.gov/Sections/Representatives/details.aspx?MemberId=4748&LegislativeTermId=90;https://www.flhouse.gov/Sections/Representatives/details.aspx?MemberId=4748;https://www.myfloridahouse.gov/Sections/Representatives/details.aspx?MemberId=4748;https://www.myfloridahouse.gov/Sections/Representatives/details.aspx?MemberId=4748&LegislativeTermId=88,https://ballotpedia.org/Tyler_Sirois;https://en.wikipedia.org/wiki/Tyler_Sirois;https://justfacts.votesmart.org/candidate/biography/117237/tyler-sirois;https://myfloridahouse.gov/Sections/Representatives/details.aspx?MemberId=4748&LegislativeTermId=90;https://www.flhouse.gov/Sections/Representatives/details.aspx?MemberId=4748;https://www.myfloridahouse.gov/Representatives;https://www.myfloridahouse.gov/Sections/Representatives/details.aspx?MemberId=4748;https://www.myfloridahouse.gov/Sections/Representatives/details.aspx?MemberId=4748&LegislativeTermId=88;https://www.myfloridahouse.gov/Sections/Representatives/representatives.aspx,,,,"260 N. Tropical Trail Suite 206, Merritt Island, FL 32953",321-447-2060,,,,,,
ocd-person/2d1c1c14-3ff1-468e-920a-07a081df4775,Vanessa Oliver,Republican,76,lower,Vanessa,Oliver,Female,vanessa.oliver@flhouse.gov,,1981-01-17,,https://s3.amazonaws.com/ballotpedia-api4/files/thumbs/200/300/VanessaOliver2024.jpg,https://www.flhouse.gov/Sections/Representatives/details.aspx?MemberId=4922;https://www.flhouse.gov/Sections/Representatives/details.aspx?MemberId=4922&LegislativeTermId=91;https://www.myfloridahouse.gov/Sections/Representatives/details.aspx?MemberId=4922&LegislativeTermId=91,https://ballotpedia.org/Vanessa_Oliver;https://justfacts.votesmart.org/candidate/217937/vanessa-oliver;https://militaryheritagemuseum.org/meet-vanessa-oliver;https://www.flhouse.gov/Sections/Representatives/details.aspx?MemberId=4922;https://www.flhouse.gov/Sections/Representatives/details.aspx?MemberId=4922&LegislativeTermId=91;https://www.linkedin.com/in/vanessa-oliver-288a815b;https://www.myfloridahouse.gov/Sections/Representatives/details.aspx?MemberId=4922&LegislativeTermId=91,,,,"4355 Pinnacle St. Suite C, Punta Gorda, FL 33980",941-621-0480,,,,,,
ocd-person/7cba4eb9-69b5-431d-817e-41f54ccf9ceb,Wallace Aristide,Democratic,107,lower,Wallace,Aristide,Male,wallace.aristide@flhouse.gov,,,,https://s3.amazonaws.com/ballotpedia-api4/files/thumbs/200/300/WallaceAristide.png,https://www.flhouse.gov/Sections/Representatives/custom/details.aspx?MemberId=4928;https://www.flhouse.gov/Sections/Representatives/details.aspx?MemberId=4928;https://www.flhouse.gov/Sections/Representatives/details.aspx?MemberId=4928&LegislativeTermId=91,https://ballotpedia.org/Wallace_Aristide;https://en.wikipedia.org/wiki/Wallace_Aristide;https://www.flhouse.gov/Sections/Representatives/custom/details.aspx?MemberId=4928;https://www.flhouse.gov/Sections/Representatives/details.aspx?MemberId=4928;https://www.flhouse.gov/Sections/Representatives/details.aspx?MemberId=4928&LegislativeTermId=91;https://www.linkedin.com/company/succeed-with-aristide;https://www.linkedin.com/in/wallace-aristide-6680a7124;https://www.linkedin.com/in/wallace-aristide-ba5615a2,,,,"16901 NE 19th Ave. Suite A, North Miami Beach, FL 33162",305-488-5530,,,,,,
ocd-person/f2b23850-7feb-484e-8ed2-68e2f6108fbf,Webster Barnaby,Republican,29,lower,Webster,Barnaby,Male,webster.barnaby@flhouse.gov,,1959-12-09,,https://www.flhouse.gov/FileStores/Web/Imaging/Member/4770.jpg,https://myfloridahouse.gov/Sections/Representatives/details.aspx?MemberId=4770&LegislativeTermId=90;https://www.flhouse.gov/Sections/Representatives/custom/details.aspx?MemberId=4770;https://www.myfloridahouse.gov/Sections/Representatives/details.aspx?MemberId=4770;https://www.myfloridahouse.gov/Sections/Representatives/details.aspx?MemberId=4770&LegislativeTermId=89,https://ballotpedia.org/Webster_Barnaby;https://myfloridahouse.gov/Sections/Representatives/details.aspx?MemberId=4770&LegislativeTermId=90;https://www.flhouse.gov/Sections/Representatives/custom/details.aspx?MemberId=4770;https://www.linkedin.com/in/webster-barnaby-87951943;https://www.myfloridahouse.gov/Sections/Representatives/details.aspx?MemberId=4770;https://www.myfloridahouse.gov/Sections/Representatives/details.aspx?MemberId=4770&LegislativeTermId=89,,,,"120 S. Florida Ave., Deland, FL 32720",386-736-5042,,,,,,
ocd-person/042b27f1-ec82-497e-958c-ebe5da28b706,Will Robinson,Republican,71,lower,Will,Robinson,Male,will.robinson@flhouse.gov,,1975-11-15,,https://www.flhouse.gov/FileStores/Web/Imaging/Member/4733.jpg,https://myfloridahouse.gov/Sections/Representatives/details.aspx?MemberId=4733&LegislativeTermId=90;https://www.flhouse.gov/Sections/Representatives/details.aspx?MemberId=4733;https://www.myfloridahouse.gov/Sections/Representatives/details.aspx?MemberId=4733;https://www.myfloridahouse.gov/Sections/Representatives/details.aspx?MemberId=4733&LegislativeTermId=88,https://ballotpedia.org/Will_Robinson;https://blalockwalters.com/attorneys/william-c-robinson-jr;https://en.wikipedia.org/wiki/Will_Robinson_(Florida_politician);https://myfloridahouse.gov/Sections/Representatives/details.aspx?MemberId=4733&LegislativeTermId=90;https://www.flhouse.gov/Sections/Representatives/details.aspx?MemberId=4733;https://www.linkedin.com/in/williamcrobinsonjr;https://www.myfloridahouse.gov/Representatives;https://www.myfloridahouse.gov/Sections/Representatives/details.aspx?MemberId=4733;https://www.myfloridahouse.gov/Sections/Representatives/details.aspx?MemberId=4733&LegislativeTermId=88;https://www.myfloridahouse.gov/Sections/Representatives/representatives.aspx,,,,"1051 Manatee Ave. West #305, Bradenton, FL 34205",941-242-8430,,,,,,
ocd-person/17ae3cd7-1aa0-44b4-baab-ed839b6776a6,Wyman Duggan,Republican,12,lower,Wyman,Duggan,Male,wyman.duggan@flhouse.gov,,1969-04-26,,https://www.flhouse.gov/FileStores/Web/Imaging/Member/4712.jpg,https://myfloridahouse.gov/Sections/Representatives/details.aspx?MemberId=4712&LegislativeTermId=90;https://www.flhouse.gov/Sections/Representatives/details.aspx?MemberId=4712;https://www.myfloridahouse.gov/Sections/Representatives/details.aspx?MemberId=4712,https://ballotpedia.org/Wyman_Duggan;https://en.wikipedia.org/wiki/Wyman_Duggan;https://myfloridahouse.gov/Sections/Representatives/details.aspx?MemberId=4712&LegislativeTermId=90;https://www.flhouse.gov/Sections/Representatives/details.aspx?MemberId=4712;https://www.linkedin.com/in/wyman-duggan-68481a2a;https://www.myfloridahouse.gov/Sections/Representatives/details.aspx?MemberId=4712;https://www.rtlaw.com/profile/attorneys/wyman-r-duggan-shareholder,,,,"4530 Saint Johns Ave., Suite 15 Private Mailbox 409, Jacksonville, FL 32210",904-659-6920,,,,,,
ocd-person/88aacea0-124a-4980-b046-90cfb0cda4db,Yvette Benarroch,Republican,81,lower,Yvette,Benarroch,Female,yvette.benarroch@flhouse.gov,,1970-06-05,,https://s3.amazonaws.com/ballotpedia-api4/files/thumbs/200/300/YvetteBennaroch24.JPG,https://www.flhouse.gov/Sections/Representatives/custom/details.aspx?MemberId=4923;https://www.flhouse.gov/Sections/Representatives/details.aspx?MemberId=4923;https://www.myfloridahouse.gov/Sections/Representatives/details.aspx?MemberId=4923&LegislativeTermId=91,https://ballotpedia.org/Yvette_Benarroch;https://en.wikipedia.org/wiki/Yvette_Benarroch;https://www.flhouse.gov/Sections/Representatives/custom/details.aspx?MemberId=4923;https://www.flhouse.gov/Sections/Representatives/details.aspx?MemberId=4923;https://www.linkedin.com/in/yvette-benarroch-1a6b3378;https://www.myfloridahouse.gov/Sections/Representatives/details.aspx?MemberId=4923&LegislativeTermId=91,,,,"3299 Tamiami Trail East Suite 304, Naples, FL 34112",239-232-8810,,,,,,
ocd-person/0f5d2710-6b7c-4444-8a45-ea3e917805ba,Yvonne Hinson,Democratic,21,lower,Yvonne,Hinson,Female,yvonne.hinson@flhouse.gov,,,,https://www.flhouse.gov/FileStores/Web/Imaging/Member/4768.jpg,https://myfloridahouse.gov/Sections/Representatives/details.aspx?MemberId=4768&LegislativeTermId=90;https://www.flhouse.gov/Sections/Representatives/custom/details.aspx?MemberId=4768;https://www.flhouse.gov/Sections/Representatives/details.aspx?MemberId=4768;https://www.myfloridahouse.gov/Sections/Representatives/details.aspx?MemberId=4768;https://www.myfloridahouse.gov/Sections/Representatives/details.aspx?MemberId=4768&LegislativeTermId=89,https://ballotpedia.org/Yvonne_Hayes_Hinson;https://en.wikipedia.org/wiki/Yvonne_Hayes_Hinson;https://justfacts.votesmart.org/candidate/biography/182253/yvonne-hinson;https://myfloridahouse.gov/Sections/Representatives/details.aspx?MemberId=4768&LegislativeTermId=90;https://www.flhouse.gov/Sections/Representatives/custom/details.aspx?MemberId=4768;https://www.flhouse.gov/Sections/Representatives/details.aspx?MemberId=4768;https://www.linkedin.com/in/yvonne-hinson-0406b612;https://www.myfloridahouse.gov/Sections/Representatives/details.aspx?MemberId=4768;https://www.myfloridahouse.gov/Sections/Representatives/details.aspx?MemberId=4768&LegislativeTermId=89,,,,"2815 NW 13th St. Suite 202, Gainesville, FL 32609",352-663-1140,,,,,,
