id,name,current_party,current_district,current_chamber,given_name,family_name,gender,email,biography,birth_date,death_date,image,links,sources,capitol_address,capitol_voice,capitol_fax,district_address,district_voice,district_fax,twitter,youtube,instagram,facebook,wikidata
ocd-person/938f2479-c51f-446a-87f0-76d4f07c61e5,Akbar Ali,Democratic,106,lower,Akbar,Ali,Male,akbar.ali@house.ga.gov,,2003-01-29,,,https://www.legis.ga.gov/members/house/5089,https://ballotpedia.org/Muhammad_Akbar_Ali;https://en.wikipedia.org/wiki/Akbar_Ali_(politician);https://www.legis.ga.gov/members/house/5089;https://www.linkedin.com/in/akbar-ali-427454240,,,,,,,,,,,
ocd-person/a5a0998b-3837-4c4e-a66b-a567dc2f9d77,Al Williams,Democratic,168,lower,Al,Williams,Male,al.williams@house.ga.gov,,1947-08-02,,https://www.legis.ga.gov/api/images/default-source/portraits/williams-al-230.jpg,https://www.house.ga.gov/Representatives/en-US/member.aspx?Member=230&Session=27;https://www.legis.ga.gov/members/house;https://www.legis.ga.gov/members/house/230;https://www.legis.ga.gov/members/house/230?session=1029;https://www.legis.ga.gov/members/house/230?session=1031,https://ballotpedia.org/Al_Williams_(Georgia_legislator);https://en.wikipedia.org/wiki/Al_Williams_(politician);https://justfacts.votesmart.org/candidate/biography/31449/al-williams;https://webservices.legis.ga.gov/GGAServices/Members/Service.svc?wsdl;https://www.house.ga.gov/Representatives/en-US/member.aspx?Member=230&Session=27;https://www.legis.ga.gov/api/members/detail/230?session=1029&chamber=1;https://www.legis.ga.gov/api/members/detail/230?session=1031&chamber=1;https://www.legis.ga.gov/api/members/list/1031;https://www.legis.ga.gov/members/house/230;https://www.legis.ga.gov/members/house/230?session=1029;https://www.linkedin.com/in/al-williams-9347343b,,,,"8216 E. Oglethorpe Highway, Midway, GA 31320",,,,,,,
ocd-person/bb48e87c-29db-4a4d-a278-fa299be2020e,Alan Powell,Republican,33,lower,Alan,Powell,Male,alan.powell@house.ga.gov,,1951-11-10,,https://www.legis.ga.gov/api/images/default-source/portraits/powell-alan-187.jpg,https://www.house.ga.gov/Representatives/en-US/member.aspx?Member=187&Session=27;https://www.legis.ga.gov/members/house;https://www.legis.ga.gov/members/house/187;https://www.legis.ga.gov/members/house/187?session=1029;https://www.legis.ga.gov/members/house/187?session=1031,https://ballotpedia.org/Alan_Powell;https://en.wikipedia.org/wiki/Alan_Powell_(politician);https://justfacts.votesmart.org/candidate/biography/7950/alan-powell;https://webservices.legis.ga.gov/GGAServices/Members/Service.svc?wsdl;https://www.house.ga.gov/Representatives/en-US/member.aspx?Member=187&Session=27;https://www.legis.ga.gov/api/members/detail/187?session=1029&chamber=1;https://www.legis.ga.gov/api/members/detail/187?session=1031&chamber=1;https://www.legis.ga.gov/api/members/list/1031;https://www.legis.ga.gov/members/house/187;https://www.legis.ga.gov/members/house/187?session=1029,,,,"3059 Ridge Road, Hartwell, GA 30643",706-206-6500,,,,,,
ocd-person/b001a55f-61fa-4e62-85fd-ac6c282f2711,Angela Moore,Democratic,91,lower,Angela,Moore,Female,angela.moore@house.ga.gov,,,,https://www.legis.ga.gov/api/images/default-source/portraits/moore-angela-5008.jpg,https://www.legis.ga.gov/members/house;https://www.legis.ga.gov/members/house/5008;https://www.legis.ga.gov/members/house/5008?session=1029;https://www.legis.ga.gov/members/house/5008?session=1031,https://ballotpedia.org/Angela_Moore_(Georgia);https://en.wikipedia.org/wiki/Angela_Moore;https://justfacts.votesmart.org/candidate/biography/105138/angela-moore;https://www.legis.ga.gov/api/members/detail/5008?session=1029&chamber=1;https://www.legis.ga.gov/api/members/detail/5008?session=1031&chamber=1;https://www.legis.ga.gov/api/members/list/1031;https://www.legis.ga.gov/members/house/5008;https://www.legis.ga.gov/members/house/5008?session=1029;https://www.linkedin.com/in/mooreforgeorgia,,,,"2724 Wesley Chapel Road Suite 361731, Decatur, GA 30034",678-824-5790,,,,,,
ocd-person/1d0deded-daaa-425b-b6aa-3612492dca5b,Angie O'Steen,Republican,169,lower,Angie,O'Steen,Female,angie.osteen@house.ga.gov,,,,https://angieosteen.com/wp-content/uploads/sites/109/2024/04/photo-mobile-1.jpg,https://www.legis.ga.gov/members/house/5084,https://ballotpedia.org/Angie_O%27Steen;https://en.wikipedia.org/wiki/Angie_O%27Steen;https://justfacts.votesmart.org/candidate/biography/215189/angela-osteen;https://www.legis.ga.gov/members/house/5084,,,,,,,,,,,
ocd-person/e16d6516-badc-4682-9e3a-84f30a44b060,Anne Westbrook,Democratic,163,lower,Anne,Westbrook,Female,anneallen.westbrook@house.ga.gov,,,,https://www.legis.ga.gov/api/images/default-source/portraits/westbrook-anne-allen-5054.jpg,https://www.legis.ga.gov/members/house;https://www.legis.ga.gov/members/house/5054;https://www.legis.ga.gov/members/house/5054?session=1031,https://ballotpedia.org/Anne_Westbrook;https://en.wikipedia.org/wiki/Anne_Allen_Westbrook;https://justfacts.votesmart.org/candidate/biography/190306/anne-westbrook;https://www.legis.ga.gov/api/members/detail/5054?session=1031&chamber=1;https://www.legis.ga.gov/api/members/list/1031;https://www.legis.ga.gov/members/house/5054;https://www.linkedin.com/in/anne-allen-westbrook-a707091,,,,,,,,,,,
ocd-person/3b3da57c-2f96-4a94-a7bc-eb6a814cc627,Arlene Beckles,Democratic,96,lower,Arlene,Beckles,Female,arlene.beckles@house.ga.gov,,1963-08-03,,https://bloximages.newyork1.vip.townnews.com/gwinnettdailypost.com/content/tncms/assets/v3/editorial/f/66/f663df0a-941b-11ec-92cf-a71cdde39cc5/621544040ce4c.image.jpg?crop=656%2C819%2C276%2C240,https://www.legis.ga.gov/members/house/5076,https://ballotpedia.org/Arlene_Beckles;https://en.wikipedia.org/wiki/Arlene_Beckles;https://justfacts.votesmart.org/candidate/biography/215260/arlene-beckles;https://www.legis.ga.gov/members/house/5076;https://www.linkedin.com/in/drarlenebecklespmp,,,,,,,,,,,
ocd-person/fd2717f1-6294-4601-a027-8fc41195372c,Ben Watson,Republican,1,upper,Ben,Watson,Male,ben.watson@senate.ga.gov,,1959-07-27,,https://www.legis.ga.gov/api/images/default-source/portraits/watson-ben-784.jpg,https://www.legis.ga.gov/members/senate;https://www.legis.ga.gov/members/senate/784;https://www.legis.ga.gov/members/senate/784?session=1029;https://www.legis.ga.gov/members/senate/784?session=1031;https://www.senate.ga.gov/SENATORS/en-US/member.aspx?Member=784&Session=27,https://ballotpedia.org/Ben_Watson;https://en.wikipedia.org/wiki/Ben_Watson_(politician);https://justfacts.votesmart.org/candidate/biography/122908/ben-watson;https://webservices.legis.ga.gov/GGAServices/Members/Service.svc?wsdl;https://www.legis.ga.gov/api/members/detail/784?session=1029&chamber=2;https://www.legis.ga.gov/api/members/detail/784?session=1031&chamber=2;https://www.legis.ga.gov/api/members/list/1031;https://www.legis.ga.gov/members/senate/784;https://www.legis.ga.gov/members/senate/784?session=1029;https://www.linkedin.com/in/benwatsonga;https://www.senate.ga.gov/SENATORS/en-US/member.aspx?Member=784&Session=27,,,,,,,,,,,
ocd-person/e4e40f68-0970-4392-b739-3c68f749bcdc,Beth Camp,Republican,135,lower,Beth,Camp,Female,beth.camp@house.ga.gov,,1974-01-10,,https://www.legis.ga.gov/api/images/default-source/portraits/camp-beth-5004.jpg,https://www.legis.ga.gov/members/house;https://www.legis.ga.gov/members/house/5004;https://www.legis.ga.gov/members/house/5004?session=1029;https://www.legis.ga.gov/members/house/5004?session=1031,https://ballotpedia.org/Beth_Camp;https://en.wikipedia.org/wiki/Beth_Camp;https://justfacts.votesmart.org/candidate/190404/beth-camp;https://www.legis.ga.gov/api/members/detail/5004?session=1029&chamber=1;https://www.legis.ga.gov/api/members/detail/5004?session=1031&chamber=1;https://www.legis.ga.gov/api/members/list/1031;https://www.legis.ga.gov/members/house/5004;https://www.legis.ga.gov/members/house/5004?session=1029;https://www.linkedin.com/in/beth-camp-62060113,,,,"1235 Strickland Road, Concord, GA 30206",,,,,,,
ocd-person/8b4b00cb-6f78-4b69-b788-796b19d94752,Bethany Ballard,Republican,147,lower,Bethany,Ballard,Female,bethany.ballard@house.ga.gov,,,,https://www.legis.ga.gov/api/images/default-source/portraits/ballard-bethany-5051.jpg,https://www.legis.ga.gov/members/house;https://www.legis.ga.gov/members/house/5051;https://www.legis.ga.gov/members/house/5051?session=1031,https://ballotpedia.org/Bethany_Ballard;https://en.wikipedia.org/wiki/Bethany_Ballard;https://justfacts.votesmart.org/candidate/biography/203507/bethany-ballard;https://www.legis.ga.gov/api/members/detail/5051?session=1031&chamber=1;https://www.legis.ga.gov/api/members/list/1031;https://www.legis.ga.gov/members/house/5051;https://www.linkedin.com/in/bethany-ballard-21a21313a,,,,,,,,,,,
ocd-person/c2c81ffc-f4b1-40f4-96b0-6309f89902ee,Betsy Holland,Democratic,54,lower,Betsy,Holland,Female,betsy.holland@house.ga.gov,,1976-01-10,,https://www.legis.ga.gov/api/images/default-source/portraits/holland-betsy-4943.jpg,https://www.house.ga.gov/Representatives/en-US/member.aspx?Member=4943&Session=27;https://www.legis.ga.gov/members/house;https://www.legis.ga.gov/members/house/4943;https://www.legis.ga.gov/members/house/4943?session=1029;https://www.legis.ga.gov/members/house/4943?session=1031,https://ballotpedia.org/Betsy_Holland;https://en.wikipedia.org/wiki/Betsy_Holland;https://justfacts.votesmart.org/candidate/biography/178801/betsy-holland;https://webservices.legis.ga.gov/GGAServices/Members/Service.svc?wsdl;https://www.house.ga.gov/Representatives/en-US/member.aspx?Member=4943&Session=27;https://www.legis.ga.gov/api/members/detail/4943?session=1029&chamber=1;https://www.legis.ga.gov/api/members/detail/4943?session=1031&chamber=1;https://www.legis.ga.gov/api/members/list/1031;https://www.legis.ga.gov/members/house/4943;https://www.legis.ga.gov/members/house/4943?session=1029;https://www.linkedin.com/in/betsy-holland-5b875b3,,,,"535 Pine Tree Drive NE, Atlanta, GA 30305",,,,,,,
ocd-person/4dc87191-fa52-4c2f-bc9c-8823a8b4c882,Bill Cowsert,Republican,46,upper,Bill,Cowsert,Male,bill.cowsert@senate.ga.gov,,1958-09-01,,https://www.legis.ga.gov/api/images/default-source/portraits/cowsert-bill-9.jpg,https://www.legis.ga.gov/members/senate;https://www.legis.ga.gov/members/senate/9;https://www.legis.ga.gov/members/senate/9?;https://www.legis.ga.gov/members/senate/9?session=1029;https://www.legis.ga.gov/members/senate/9?session=1031;https://www.senate.ga.gov/SENATORS/en-US/member.aspx?Member=9&Session=27,https://ballotpedia.org/Bill_Cowsert;https://en.wikipedia.org/wiki/Bill_Cowsert;https://justfacts.votesmart.org/candidate/biography/31562/bill-cowsert;https://webservices.legis.ga.gov/GGAServices/Members/Service.svc?wsdl;https://www.legis.ga.gov/api/members/detail/9?session=1029&chamber=2;https://www.legis.ga.gov/api/members/detail/9?session=1031&chamber=2;https://www.legis.ga.gov/api/members/list/1031;https://www.legis.ga.gov/members/senate/9;https://www.legis.ga.gov/members/senate/9?;https://www.legis.ga.gov/members/senate/9?session=1029;https://www.legis.ga.gov/members/senate/9?session=1031;https://www.linkedin.com/in/bill-cowsert-0abb578;https://www.senate.ga.gov/SENATORS/en-US/member.aspx?Member=9&Session=27,,,,,,,,,,,
ocd-person/f2444048-8c14-45b2-b700-37f7899fa5bb,Bill Fincher,Republican,23,lower,Bill,Fincher,Male,bill.fincher@house.ga.gov,,,,,https://www.legis.ga.gov/members/house/5092,https://ballotpedia.org/Bill_Fincher;https://en.wikipedia.org/wiki/Bill_Fincher_(politician);https://justfacts.votesmart.org/candidate/biography/144215/bill-fincher;https://www.legis.ga.gov/members/house/5092,,,,"109 Breckinridge Drive, Canton, GA 30115",,,,,,,
ocd-person/4a9ef816-9130-4510-a19e-3124e3f2aeed,Bill Hitchens,Republican,161,lower,Bill,Hitchens,Male,bill.hitchens@house.ga.gov,,1947-04-26,,https://www.legis.ga.gov/api/images/default-source/portraits/hitchens-bill-823.jpg,https://www.house.ga.gov/Representatives/en-US/member.aspx?Member=823&Session=27;https://www.legis.ga.gov/members/house;https://www.legis.ga.gov/members/house/823;https://www.legis.ga.gov/members/house/823?session=1029;https://www.legis.ga.gov/members/house/823?session=1031,https://ballotpedia.org/Bill_Hitchens;https://en.wikipedia.org/wiki/Bill_Hitchens;https://justfacts.votesmart.org/candidate/biography/142235/bill-hitchens;https://webservices.legis.ga.gov/GGAServices/Members/Service.svc?wsdl;https://www.house.ga.gov/Representatives/en-US/member.aspx?Member=823&Session=27;https://www.legis.ga.gov/api/members/detail/823?session=1029&chamber=1;https://www.legis.ga.gov/api/members/detail/823?session=1031&chamber=1;https://www.legis.ga.gov/api/members/list/1031;https://www.legis.ga.gov/members/house/823;https://www.legis.ga.gov/members/house/823?session=1029;https://www.linkedin.com/in/bill-hitchens-bb369957,,,,"2440 Rincon-Stillwell Road, Rincon, GA 31326",,,,,,,
ocd-person/adefd0ba-43cd-4aae-9321-12f67e57ac8a,Bill Werkheiser,Republican,157,lower,Bill,Werkheiser,Male,bill.werkheiser@house.ga.gov,,1960-02-19,,https://www.legis.ga.gov/api/images/default-source/portraits/werkheiser-bill-863.jpg,https://www.house.ga.gov/Representatives/en-US/member.aspx?Member=863&Session=27;https://www.legis.ga.gov/members/house;https://www.legis.ga.gov/members/house/863;https://www.legis.ga.gov/members/house/863?session=1029;https://www.legis.ga.gov/members/house/863?session=1031,https://ballotpedia.org/Bill_Werkheiser;https://en.wikipedia.org/wiki/Bill_Werkheiser;https://justfacts.votesmart.org/candidate/biography/151138/bill-werkheiser;https://webservices.legis.ga.gov/GGAServices/Members/Service.svc?wsdl;https://www.house.ga.gov/Representatives/en-US/member.aspx?Member=863&Session=27;https://www.legis.ga.gov/api/members/detail/863?session=1029&chamber=1;https://www.legis.ga.gov/api/members/detail/863?session=1031&chamber=1;https://www.legis.ga.gov/api/members/list/1031;https://www.legis.ga.gov/members/house/863;https://www.legis.ga.gov/members/house/863?session=1029;https://www.linkedin.com/in/bill-werkheiser-22a1082,,,,,,,,,,,
ocd-person/23dfc274-73d1-45df-b381-67e597cf0b84,Bill Yearta,Republican,152,lower,Bill,Yearta,Male,bill.yearta@house.ga.gov,,1958-06-22,,https://www.legis.ga.gov/api/images/default-source/portraits/yearta-bill-4969.jpg,https://www.house.ga.gov/Representatives/en-US/member.aspx?Member=4969&Session=27;https://www.legis.ga.gov/members/house;https://www.legis.ga.gov/members/house/4969;https://www.legis.ga.gov/members/house/4969?session=1029;https://www.legis.ga.gov/members/house/4969?session=1031,https://ballotpedia.org/Bill_Yearta;https://en.wikipedia.org/wiki/Bill_Yearta;https://justfacts.votesmart.org/candidate/biography/187287/bill-yearta;https://webservices.legis.ga.gov/GGAServices/Members/Service.svc?wsdl;https://www.house.ga.gov/Representatives/en-US/member.aspx?Member=4969&Session=27;https://www.legis.ga.gov/api/members/detail/4969?session=1029&chamber=1;https://www.legis.ga.gov/api/members/detail/4969?session=1031&chamber=1;https://www.legis.ga.gov/api/members/list/1031;https://www.legis.ga.gov/members/house/4969;https://www.legis.ga.gov/members/house/4969?session=1029,,,,"114 Carriage Lane, Sylvester, GA 31791",229-776-2047,,,,,,
ocd-person/449db918-10b7-4fa7-a047-eb9de416dce3,Billy Hickman,Republican,4,upper,Billy,Hickman,Male,billy.hickman@senate.ga.gov,,1952-09-07,,https://www.legis.ga.gov/api/images/default-source/portraits/hickman-billy-4972.jpg,https://www.legis.ga.gov/members/senate;https://www.legis.ga.gov/members/senate/4972;https://www.legis.ga.gov/members/senate/4972?session=1029;https://www.legis.ga.gov/members/senate/4972?session=1031,https://ballotpedia.org/Billy_Hickman_(Georgia);https://en.wikipedia.org/wiki/Billy_Hickman;https://justfacts.votesmart.org/candidate/biography/192247/billy-hickman;https://www.dhhccpa.com/william-r-billy-hickman-jr;https://www.legis.ga.gov/api/members/detail/4972?session=1029&chamber=2;https://www.legis.ga.gov/api/members/detail/4972?session=1031&chamber=2;https://www.legis.ga.gov/api/members/list/1031;https://www.legis.ga.gov/members/senate/4972;https://www.legis.ga.gov/members/senate/4972?session=1029;https://www.linkedin.com/in/billyhickman,,,,,,,,,,,
ocd-person/96307d79-07d4-4f59-9dd3-b7f994d566d5,Billy Mitchell,Democratic,88,lower,Billy,Mitchell,Male,billy.mitchell@house.ga.gov,,1956-11-12,,https://www.legis.ga.gov/api/images/default-source/portraits/mitchell-billy-172.jpg,https://www.house.ga.gov/Representatives/en-US/member.aspx?Member=172&Session=27;https://www.legis.ga.gov/members/house;https://www.legis.ga.gov/members/house/172;https://www.legis.ga.gov/members/house/172?session=1029;https://www.legis.ga.gov/members/house/172?session=1031,https://ballotpedia.org/Billy_Mitchell;https://en.wikipedia.org/wiki/Billy_Mitchell_(politician);https://justfacts.votesmart.org/candidate/biography/17460/billy-mitchell;https://webservices.legis.ga.gov/GGAServices/Members/Service.svc?wsdl;https://www.house.ga.gov/Representatives/en-US/member.aspx?Member=172&Session=27;https://www.legis.ga.gov/api/members/detail/172?session=1029&chamber=1;https://www.legis.ga.gov/api/members/detail/172?session=1031&chamber=1;https://www.legis.ga.gov/api/members/list/1031;https://www.legis.ga.gov/members/house/172;https://www.legis.ga.gov/members/house/172?session=1029;https://www.linkedin.com/in/billy-mitchell-290b744,,,,,,,,,,,
ocd-person/e9c5a2fc-3354-49e1-ac29-783502155fe7,Blake Tillery,Republican,19,upper,Blake,Tillery,Male,blake.tillery@senate.ga.gov,,1983-10-09,,https://www.legis.ga.gov/api/images/default-source/portraits/tillery-blake-4908.jpg,https://www.legis.ga.gov/members/senate;https://www.legis.ga.gov/members/senate/4908;https://www.legis.ga.gov/members/senate/4908?session=1029;https://www.legis.ga.gov/members/senate/4908?session=1031;https://www.senate.ga.gov/SENATORS/en-US/member.aspx?Member=4908&Session=27,https://ballotpedia.org/Blake_Tillery;https://en.wikipedia.org/wiki/Blake_Tillery;https://justfacts.votesmart.org/candidate/biography/157680/blake-tillery;https://webservices.legis.ga.gov/GGAServices/Members/Service.svc?wsdl;https://www.legis.ga.gov/api/members/detail/4908?session=1029&chamber=2;https://www.legis.ga.gov/api/members/detail/4908?session=1031&chamber=2;https://www.legis.ga.gov/api/members/list/1031;https://www.legis.ga.gov/members/senate/4908;https://www.legis.ga.gov/members/senate/4908?session=1029;https://www.senate.ga.gov/SENATORS/en-US/member.aspx?Member=4908&Session=27,,,,"404 Durden St., Vidalia, GA 30474",912-537-3030,,,,,,
ocd-person/60bb96c4-f20c-4918-b88b-d7857341e5f4,Bo Hatchett,Republican,50,upper,Bo,Hatchett,Male,bo.hatchett@senate.ga.gov,,1989-10-25,,https://www.legis.ga.gov/api/images/default-source/portraits/hatchett-bo-4984.jpg,https://www.legis.ga.gov/members/senate;https://www.legis.ga.gov/members/senate/4984;https://www.legis.ga.gov/members/senate/4984?session=1029;https://www.legis.ga.gov/members/senate/4984?session=1031;https://www.legis.ga.gov/members/senate/4984?session=1032,https://ballotpedia.org/Bo_Hatchett;https://en.wikipedia.org/wiki/Bo_Hatchett;https://justfacts.votesmart.org/candidate/biography/190329/bo-hatchett;https://www.legis.ga.gov/api/members/detail/4984?session=1029&chamber=2;https://www.legis.ga.gov/api/members/detail/4984?session=1031&chamber=2;https://www.legis.ga.gov/api/members/list/1031;https://www.legis.ga.gov/members/senate/4984;https://www.legis.ga.gov/members/senate/4984?session=1029;https://www.legis.ga.gov/members/senate/4984?session=1031;https://www.linkedin.com/in/thomas-bo-hatchett-66884173,,,,,,,,,,,
ocd-person/933a841a-19d6-42c2-a046-991ff9903a23,Brad Thomas,Republican,21,lower,Brad,Thomas,Male,brad.thomas@house.ga.gov,,1979-08-12,,https://www.legis.ga.gov/api/images/default-source/portraits/thomas-brad-4991.jpg,https://www.legis.ga.gov/members/house;https://www.legis.ga.gov/members/house/4991;https://www.legis.ga.gov/members/house/4991?session=1029;https://www.legis.ga.gov/members/house/4991?session=1031,https://ballotpedia.org/Brad_Thomas_(Georgia);https://en.wikipedia.org/wiki/Brad_Thomas_(politician);https://justfacts.votesmart.org/candidate/biography/190364/brad-thomas;https://www.legis.ga.gov/api/members/detail/4991?session=1029&chamber=1;https://www.legis.ga.gov/api/members/detail/4991?session=1031&chamber=1;https://www.legis.ga.gov/api/members/list/1031;https://www.legis.ga.gov/members/house/4991;https://www.legis.ga.gov/members/house/4991?session=1029;https://www.linkedin.com/in/brad-thomas-p-e-36a1217b,,,,"2210 Holly Springs Parkway Unit 1280, Holly Springs, GA 30115",678-224-1490,,,,,,
ocd-person/c0b205e2-1542-4802-896d-fa7b2b6fc4d9,Brent Cox,Republican,28,lower,Brent,Cox,Male,brent.cox@house.ga.gov,,,,https://www.legis.ga.gov/api/images/default-source/portraits/cox-brent-5021.jpg,https://www.legis.ga.gov/members/house;https://www.legis.ga.gov/members/house/5021;https://www.legis.ga.gov/members/house/5021?session=1031,https://ballotpedia.org/Brent_Cox;https://en.wikipedia.org/wiki/Brent_Cox;https://justfacts.votesmart.org/candidate/biography/203380/brent-cox;https://www.legis.ga.gov/api/document/docs/default-source/bios/cox-brent-5021.pdf;https://www.legis.ga.gov/api/members/detail/5021?session=1031&chamber=1;https://www.legis.ga.gov/api/members/list/1031;https://www.legis.ga.gov/members/house/5021;https://www.linkedin.com/in/brent-cox-aa63491a5,,,,,,,,,,,
ocd-person/a53e6bbd-a5b8-436b-94ae-bebf957c5b61,Brian Prince,Democratic,132,lower,Brian,Prince,Male,brian.prince@house.ga.gov,,1964-03-24,,https://www.legis.ga.gov/api/images/default-source/portraits/prince-brian-847.jpg,https://www.house.ga.gov/Representatives/en-US/member.aspx?Member=847&Session=27;https://www.legis.ga.gov/members/house;https://www.legis.ga.gov/members/house/847;https://www.legis.ga.gov/members/house/847?session=1029;https://www.legis.ga.gov/members/house/847?session=1031,https://ballotpedia.org/Brian_Prince;https://en.wikipedia.org/wiki/Brian_Prince;https://justfacts.votesmart.org/candidate/biography/145374/brian-prince;https://webservices.legis.ga.gov/GGAServices/Members/Service.svc?wsdl;https://www.house.ga.gov/Representatives/en-US/member.aspx?Member=847&Session=27;https://www.legis.ga.gov/api/members/detail/847?session=1029&chamber=1;https://www.legis.ga.gov/api/members/detail/847?session=1031&chamber=1;https://www.legis.ga.gov/api/members/list/1031;https://www.legis.ga.gov/members/house/847;https://www.legis.ga.gov/members/house/847?session=1029;https://www.linkedin.com/in/brian-prince-051a5713,,,,,,,,,,,
ocd-person/3a5721a0-d848-40d0-a48a-66b797e7d7d9,Brian Strickland,Republican,42,upper,Brian,Strickland,Male,brian.strickland@senate.ga.gov,,1983-10-26,,https://www.legis.ga.gov/api/images/default-source/portraits/strickland-brian-835.jpg,https://www.legis.ga.gov/members/senate;https://www.legis.ga.gov/members/senate/835;https://www.legis.ga.gov/members/senate/835?session=1029;https://www.legis.ga.gov/members/senate/835?session=1031;https://www.senate.ga.gov/SENATORS/en-US/member.aspx?Member=835&Session=27,https://ballotpedia.org/Brian_Strickland;https://en.wikipedia.org/wiki/Brian_Strickland;https://justfacts.votesmart.org/candidate/biography/142212/brian-strickland;https://webservices.legis.ga.gov/GGAServices/Members/Service.svc?wsdl;https://www.legis.ga.gov/api/members/detail/835?session=1029&chamber=2;https://www.legis.ga.gov/api/members/detail/835?session=1031&chamber=2;https://www.legis.ga.gov/api/members/list/1031;https://www.legis.ga.gov/members/senate/835;https://www.legis.ga.gov/members/senate/835?session=1029;https://www.senate.ga.gov/SENATORS/en-US/member.aspx?Member=835&Session=27,,,,,,,,,,,
ocd-person/13b7af1b-5b56-481b-a81a-2001846188a6,Bruce Williamson,Republican,112,lower,Bruce,Williamson,Male,bruce.williamson@house.ga.gov,,1954-04-17,,https://www.legis.ga.gov/api/images/default-source/portraits/williamson-bruce-778.jpg,https://www.house.ga.gov/Representatives/en-US/member.aspx?Member=778&Session=27;https://www.legis.ga.gov/members/house;https://www.legis.ga.gov/members/house/778;https://www.legis.ga.gov/members/house/778?session=1029;https://www.legis.ga.gov/members/house/778?session=1031,https://ballotpedia.org/Bruce_Williamson_(Georgia);https://en.wikipedia.org/wiki/Bruce_Williamson_(politician);https://justfacts.votesmart.org/candidate/biography/122885/bruce-williamson-iii;https://webservices.legis.ga.gov/GGAServices/Members/Service.svc?wsdl;https://www.house.ga.gov/Representatives/en-US/member.aspx?Member=778&Session=27;https://www.legis.ga.gov/api/members/detail/778?session=1029&chamber=1;https://www.legis.ga.gov/api/members/detail/778?session=1031&chamber=1;https://www.legis.ga.gov/api/members/list/1031;https://www.legis.ga.gov/members/house/778;https://www.legis.ga.gov/members/house/778?session=1029;https://www.linkedin.com/in/bruce-williamson-90323816;https://www.linkedin.com/in/hugh-brewster-williamson-iii-90323816,,,,,,,,,,,
ocd-person/b1187e7a-8cea-4e91-9c9f-7c7c61df3c85,Bryce Berry,Democratic,56,lower,Bryce,Berry,Male,bryce.berry@house.ga.gov,,2001-06-16,,https://s3.amazonaws.com/ballotpedia-api4/files/thumbs/200/300/Bryce_Berry.jpg,https://www.legis.ga.gov/members/house/5069,https://ballotpedia.org/Bryce_Berry;https://en.wikipedia.org/wiki/Bryce_Berry;https://justfacts.votesmart.org/candidate/215226/bryce-berry;https://www.legis.ga.gov/members/house/5069;https://www.linkedin.com/in/bryce-berry-he-him-his-307014193,,,,,,,,,,,
ocd-person/d40576ac-fbc0-4b42-98ee-f6362063784d,Buddy DeLoach,Republican,167,lower,Buddy,DeLoach,Male,buddy.deloach@house.ga.gov,,1942-02-27,,https://www.legis.ga.gov/api/images/default-source/portraits/deloach-buddy-303.jpg,https://www.legis.ga.gov/members/house;https://www.legis.ga.gov/members/house/303;https://www.legis.ga.gov/members/house/303?session=1029;https://www.legis.ga.gov/members/house/303?session=1031,https://ballotpedia.org/Buddy_DeLoach;https://en.wikipedia.org/wiki/Buddy_DeLoach;https://justfacts.votesmart.org/candidate/biography/7875/buddy-deloach;https://www.legis.ga.gov/api/members/detail/303?session=1029&chamber=1;https://www.legis.ga.gov/api/members/detail/303?session=1031&chamber=1;https://www.legis.ga.gov/api/members/list/1031;https://www.legis.ga.gov/members/house/303;https://www.legis.ga.gov/members/house/303?session=1029,,,,"2689 Sutherland Bluff Drive NE, Townsend, GA 31331",,,,,,,
ocd-person/842218b5-88ae-4ba8-8395-756bf3340e16,Butch Parrish,Republican,158,lower,Butch,Parrish,Male,butch.parrish@house.ga.gov,,1941-11-14,,https://www.legis.ga.gov/api/images/default-source/portraits/parrish-butch-183.jpg,https://www.house.ga.gov/Representatives/en-US/member.aspx?Member=183&Session=27;https://www.legis.ga.gov/members/house;https://www.legis.ga.gov/members/house/183;https://www.legis.ga.gov/members/house/183?session=1029;https://www.legis.ga.gov/members/house/183?session=1031,https://ballotpedia.org/Butch_Parrish;https://en.wikipedia.org/wiki/Butch_Parrish;https://justfacts.votesmart.org/candidate/biography/7942/butch-parrish;https://webservices.legis.ga.gov/GGAServices/Members/Service.svc?wsdl;https://www.house.ga.gov/Representatives/en-US/member.aspx?Member=183&Session=27;https://www.legis.ga.gov/api/members/detail/183?session=1029&chamber=1;https://www.legis.ga.gov/api/members/detail/183?session=1031&chamber=1;https://www.legis.ga.gov/api/members/list/1031;https://www.legis.ga.gov/members/house/183;https://www.legis.ga.gov/members/house/183?session=1029,,,,"132 Victory Drive, Swainsboro, GA 30401",478-237-3838,,,,,,
ocd-person/98850c9f-1c37-4177-9ad8-17d2b4d3c8d4,Carden Summers,Republican,13,upper,Carden,Summers,Male,carden.summers@senate.ga.gov,,1977-08-27,,https://www.legis.ga.gov/api/images/default-source/portraits/summers-carden-4971.jpg,https://www.legis.ga.gov/members/senate;https://www.legis.ga.gov/members/senate/4971;https://www.legis.ga.gov/members/senate/4971?session=1029;https://www.legis.ga.gov/members/senate/4971?session=1031;https://www.senate.ga.gov/SENATORS/en-US/member.aspx?Member=4971&Session=27,https://ballotpedia.org/Carden_Summers;https://en.wikipedia.org/wiki/Carden_Summers;https://justfacts.votesmart.org/candidate/biography/31416/carden-summers;https://webservices.legis.ga.gov/GGAServices/Members/Service.svc?wsdl;https://www.legis.ga.gov/api/members/detail/4971?session=1029&chamber=2;https://www.legis.ga.gov/api/members/detail/4971?session=1031&chamber=2;https://www.legis.ga.gov/api/members/list/1031;https://www.legis.ga.gov/members/senate/4971;https://www.legis.ga.gov/members/senate/4971?session=1029;https://www.linkedin.com/in/carden-summers-085b4347;https://www.senate.ga.gov/SENATORS/en-US/member.aspx?Member=4971&Session=27,,,,"108 E. 13th Ave., Cordele, GA 31015",,,,,,,
ocd-person/562e162f-2a60-441c-956b-11db12eef266,Carl Gilliard,Democratic,162,lower,Carl,Gilliard,Male,carl.gilliard@house.ga.gov,,1963-07-31,,https://www.legis.ga.gov/api/images/default-source/portraits/gilliard-carl-4881.jpg,https://www.house.ga.gov/Representatives/en-US/member.aspx?Member=4881&Session=27;https://www.legis.ga.gov/members/house;https://www.legis.ga.gov/members/house/4881;https://www.legis.ga.gov/members/house/4881?session=1029;https://www.legis.ga.gov/members/house/4881?session=1031,https://ballotpedia.org/Carl_Gilliard;https://en.wikipedia.org/wiki/Carl_Gilliard_(politician);https://justfacts.votesmart.org/candidate/biography/168382/carl-gilliard;https://webservices.legis.ga.gov/GGAServices/Members/Service.svc?wsdl;https://www.house.ga.gov/Representatives/en-US/member.aspx?Member=4881&Session=27;https://www.legis.ga.gov/api/members/detail/4881?session=1029&chamber=1;https://www.legis.ga.gov/api/members/detail/4881?session=1031&chamber=1;https://www.legis.ga.gov/api/members/list/1031;https://www.legis.ga.gov/members/house/4881;https://www.legis.ga.gov/members/house/4881?session=1029;https://www.linkedin.com/in/dr-carl-gilliard-79911221,,,,"Garden City, GA",,,,,,,
ocd-person/3646e872-85a6-4383-97c5-36ff96ca7113,Carmen Rice,Republican,139,lower,Carmen,Rice,Female,carmen.rice@house.ga.gov,,1974-10-16,,https://s3.amazonaws.com/ballotpedia-api4/files/thumbs/200/300/CarmenRice2024.jpg,https://www.legis.ga.gov/members/house/5064;https://www.legis.ga.gov/members/house/5064?session=1031,https://ballotpedia.org/Carmen_Rice;https://en.wikipedia.org/wiki/Carmen_Rice;https://justfacts.votesmart.org/candidate/biography/215274/carmen-rice;https://www.legis.ga.gov/members/house/5064;https://www.legis.ga.gov/members/house/5064?session=1031,,,,,,,,,,,
ocd-person/0f5a9273-2fc6-458f-af59-b75070a1dc76,Carolyn Hugley,Democratic,141,lower,Carolyn,Hugley,Female,carolyn.hugley@house.ga.gov,,1958-05-02,,https://www.legis.ga.gov/api/images/default-source/portraits/hugley-carolyn-133.jpg,https://www.house.ga.gov/Representatives/en-US/member.aspx?Member=133&Session=27;https://www.legis.ga.gov/members/house;https://www.legis.ga.gov/members/house/133;https://www.legis.ga.gov/members/house/133?session=1029;https://www.legis.ga.gov/members/house/133?session=1031,https://ballotpedia.org/Carolyn_Hugley;https://en.wikipedia.org/wiki/Carolyn_Hugley;https://justfacts.votesmart.org/candidate/biography/7904/carolyn-hugley;https://webservices.legis.ga.gov/GGAServices/Members/Service.svc?wsdl;https://www.house.ga.gov/Representatives/en-US/member.aspx?Member=133&Session=27;https://www.legis.ga.gov/api/members/detail/133?session=1029&chamber=1;https://www.legis.ga.gov/api/members/detail/133?session=1031&chamber=1;https://www.legis.ga.gov/api/members/list/1031;https://www.legis.ga.gov/members/house/133;https://www.legis.ga.gov/members/house/133?session=1029;https://www.linkedin.com/in/carolyn-hugley-5b2a8a22;https://www.statefarm.com/agent/US/GA/Columbus/Carolyn-Hugley-853NN1YS000,,,,,,,,,,,
ocd-person/72370a62-92f4-46f1-ab7b-193a643085b8,Carter Barrett,Republican,24,lower,Carter,Barrett,Male,carter.barrett@house.ga.gov,,,,https://www.legis.ga.gov/api/images/default-source/portraits/barrett-carter-5020.jpg,https://www.legis.ga.gov/members/house;https://www.legis.ga.gov/members/house/5020;https://www.legis.ga.gov/members/house/5020?session=1031,https://ballotpedia.org/Carter_Barrett;https://en.wikipedia.org/wiki/Carter_Barrett;https://justfacts.votesmart.org/candidate/biography/203375/carter-barrett;https://www.legis.ga.gov/api/members/detail/5020?session=1031&chamber=1;https://www.legis.ga.gov/api/members/list/1031;https://www.legis.ga.gov/members/house/5020;https://www.linkedin.com/in/carter-barrett-16a9b25,,,,,,,,,,,
ocd-person/cba2f06c-773c-49d3-949c-b1a2db377c21,Chas Cannon,Republican,172,lower,Chas,Cannon,Male,charles.cannon@house.ga.gov,,,,https://www.legis.ga.gov/api/images/default-source/portraits/cannon-charles--chas--5058.jpg,https://www.legis.ga.gov/members/house;https://www.legis.ga.gov/members/house/5058;https://www.legis.ga.gov/members/house/5058?session=1031,https://ballotpedia.org/Charles_Cannon;https://en.wikipedia.org/wiki/Charles_Cannon_(Georgia_politician);https://justfacts.votesmart.org/candidate/biography/211309/chas-cannon;https://www.legis.ga.gov/api/members/detail/5058?session=1031&chamber=1;https://www.legis.ga.gov/api/members/list/1031;https://www.legis.ga.gov/members/house/5058;https://www.linkedin.com/in/chascannon,,,,,,,,,,,
ocd-person/0d75f0d9-0242-4f72-b4f3-1cd085eb26b6,Charlice Byrd,Republican,20,lower,Charlice,Byrd,Female,charlice.byrd@house.ga.gov,,1952-09-14,,https://www.legis.ga.gov/api/images/default-source/portraits/byrd-charlice-75.jpg,https://www.legis.ga.gov/members/house;https://www.legis.ga.gov/members/house/75;https://www.legis.ga.gov/members/house/75?session=1029;https://www.legis.ga.gov/members/house/75?session=1031;https://www1.legis.ga.gov/legis/2011_12/house/bios/byrdCharlice.htm,https://ballotpedia.org/Charlice_Byrd;https://en.wikipedia.org/wiki/Charlice_Byrd;https://justfacts.votesmart.org/candidate/biography/32017/charlice-byrd;https://www.legis.ga.gov/api/members/detail/75?session=1029&chamber=1;https://www.legis.ga.gov/api/members/detail/75?session=1031&chamber=1;https://www.legis.ga.gov/api/members/list/1031;https://www.legis.ga.gov/members/house/75;https://www.legis.ga.gov/members/house/75?session=1029;https://www.linkedin.com/in/charlice-byrd-5a9b766;https://www1.legis.ga.gov/legis/2011_12/house/bios/byrdCharlice.htm,,,,"1025 Rose Creek Drive Suite 620-165, Woodstock, GA 30189",,,,,,,
ocd-person/d79c3e9b-b73d-416b-9bfd-8a0338d8256c,Chris Erwin,Republican,32,lower,Chris,Erwin,Male,chris.erwin@house.ga.gov,,1962-04-26,,https://www.legis.ga.gov/api/images/default-source/portraits/erwin-chris-4965.jpg,https://www.house.ga.gov/Representatives/en-US/member.aspx?Member=4965&Session=27;https://www.legis.ga.gov/members/house;https://www.legis.ga.gov/members/house/4965;https://www.legis.ga.gov/members/house/4965?session=1029;https://www.legis.ga.gov/members/house/4965?session=1031,https://ballotpedia.org/Chris_Erwin;https://en.wikipedia.org/wiki/Chris_Erwin;https://justfacts.votesmart.org/candidate/biography/178732/chris-erwin;https://webservices.legis.ga.gov/GGAServices/Members/Service.svc?wsdl;https://www.house.ga.gov/Representatives/en-US/member.aspx?Member=4965&Session=27;https://www.legis.ga.gov/api/members/detail/4965?session=1029&chamber=1;https://www.legis.ga.gov/api/members/detail/4965?session=1031&chamber=1;https://www.legis.ga.gov/api/members/list/1031;https://www.legis.ga.gov/members/house/4965;https://www.legis.ga.gov/members/house/4965?session=1029;https://www.linkedin.com/in/christopher-erwin-7b8a8481,,,,,,,,,,,
ocd-person/42517dd7-eccb-4d22-a795-cbd010b69ee6,Chuck Martin,Republican,49,lower,Chuck,Martin,Male,chuck.martin@house.ga.gov,,1961-07-20,,https://www.legis.ga.gov/api/images/default-source/portraits/martin-chuck-164.jpg,https://www.house.ga.gov/Representatives/en-US/member.aspx?Member=164&Session=27;https://www.legis.ga.gov/members/house;https://www.legis.ga.gov/members/house/164;https://www.legis.ga.gov/members/house/164?session=1029;https://www.legis.ga.gov/members/house/164?session=1031,https://ballotpedia.org/Charles_Martin_Jr.;https://en.wikipedia.org/wiki/Chuck_Martin_(politician);https://webservices.legis.ga.gov/GGAServices/Members/Service.svc?wsdl;https://www.house.ga.gov/Representatives/en-US/member.aspx?Member=164&Session=27;https://www.legis.ga.gov/api/members/detail/164?session=1029&chamber=1;https://www.legis.ga.gov/api/members/detail/164?session=1031&chamber=1;https://www.legis.ga.gov/api/members/list/1031;https://www.legis.ga.gov/members/house/164;https://www.legis.ga.gov/members/house/164?session=1029;https://www.linkedin.com/in/chuck-martin-4901aa2,,,,"11770 Haynes Bridge Road Suite 205-544, Alpharetta, GA 30004",,,,,,,
ocd-person/3ff894cb-f2e4-47d0-9f67-b125245a10c3,Chuck Efstration,Republican,104,lower,Chuck,Efstration,Male,chuck.efstration@house.ga.gov,,1983-04-24,,https://www.legis.ga.gov/api/images/default-source/portraits/efstration-chuck-846.jpg,https://www.house.ga.gov/Representatives/en-US/member.aspx?Member=846&Session=27;https://www.legis.ga.gov/members/house;https://www.legis.ga.gov/members/house/846;https://www.legis.ga.gov/members/house/846?session=1029;https://www.legis.ga.gov/members/house/846?session=1031,https://ballotpedia.org/Chuck_Efstration;https://en.wikipedia.org/wiki/Chuck_Efstration;https://justfacts.votesmart.org/candidate/biography/122243/chuck-efstration;https://webservices.legis.ga.gov/GGAServices/Members/Service.svc?wsdl;https://www.attorneychuck.com/attorney-chuck-efstration;https://www.house.ga.gov/Representatives/en-US/member.aspx?Member=846&Session=27;https://www.legis.ga.gov/api/members/detail/846?session=1029&chamber=1;https://www.legis.ga.gov/api/members/detail/846?session=1031&chamber=1;https://www.legis.ga.gov/api/members/list/1031;https://www.legis.ga.gov/members/house/846;https://www.legis.ga.gov/members/house/846?session=1029;https://www.linkedin.com/in/chuck-efstration-a0415610,,,,,,,,,,,
ocd-person/b11d0191-cd84-4a93-add6-ee65494caff2,Chuck Hufstetler,Republican,52,upper,Chuck,Hufstetler,Male,chuck.hufstetler@senate.ga.gov,,1956-07-07,,https://www.legis.ga.gov/api/images/default-source/portraits/hufstetler-chuck-838.jpg,https://www.legis.ga.gov/members/senate;https://www.legis.ga.gov/members/senate/838;https://www.legis.ga.gov/members/senate/838?session=1029;https://www.legis.ga.gov/members/senate/838?session=1031;https://www.senate.ga.gov/SENATORS/en-US/member.aspx?Member=838&Session=27,https://ballotpedia.org/Chuck_Hufstetler;https://en.wikipedia.org/wiki/Chuck_Hufstetler;https://justfacts.votesmart.org/candidate/biography/140281/chuck-hufstetler;https://webservices.legis.ga.gov/GGAServices/Members/Service.svc?wsdl;https://www.legis.ga.gov/api/members/detail/838?session=1029&chamber=2;https://www.legis.ga.gov/api/members/detail/838?session=1031&chamber=2;https://www.legis.ga.gov/api/members/list/1031;https://www.legis.ga.gov/members/senate/838;https://www.legis.ga.gov/members/senate/838?session=1029;https://www.linkedin.com/in/chuck-hufstetler-380b1124;https://www.senate.ga.gov/SENATORS/en-US/member.aspx?Member=838&Session=27,,,,"3 Orchard Spring Drive, Rome, GA 30165",,,,,,,
ocd-person/1ac93f89-f367-4de3-82ba-79fa78d4d134,Chuck Payne,Republican,54,upper,Chuck,Payne,Male,chuck.payne@senate.ga.gov,,1964-12-22,,https://www.legis.ga.gov/api/images/default-source/portraits/payne-chuck--4909.jpg,https://www.legis.ga.gov/members/senate;https://www.legis.ga.gov/members/senate/4909;https://www.legis.ga.gov/members/senate/4909?session=1029;https://www.legis.ga.gov/members/senate/4909?session=1031;https://www.senate.ga.gov/SENATORS/en-US/member.aspx?Member=4909&Session=27,https://ballotpedia.org/Chuck_Payne;https://en.wikipedia.org/wiki/Chuck_Payne;https://justfacts.votesmart.org/candidate/biography/176008/chuck-payne;https://webservices.legis.ga.gov/GGAServices/Members/Service.svc?wsdl;https://www.legis.ga.gov/api/members/detail/4909?session=1029&chamber=2;https://www.legis.ga.gov/api/members/detail/4909?session=1031&chamber=2;https://www.legis.ga.gov/api/members/list/1031;https://www.legis.ga.gov/members/senate/4909;https://www.legis.ga.gov/members/senate/4909?session=1029;https://www.linkedin.com/in/chuck-payne-47282663;https://www.senate.ga.gov/SENATORS/en-US/member.aspx?Member=4909&Session=27,,,,,,,,,,,
ocd-person/e1a9102d-f845-47f5-882e-e344eef060ec,Clint Crowe,Republican,118,lower,Clint,Crowe,Male,clint.crowe@house.ga.gov,,1973-06-12,,https://www.legis.ga.gov/api/images/default-source/portraits/crowe-clint-5002.jpg,https://www.legis.ga.gov/members/house;https://www.legis.ga.gov/members/house/5002;https://www.legis.ga.gov/members/house/5002?session=1029;https://www.legis.ga.gov/members/house/5002?session=1031,https://ballotpedia.org/Clint_Crowe;https://en.wikipedia.org/wiki/Clint_Crowe;https://justfacts.votesmart.org/candidate/biography/190389/clint-crowe;https://www.legis.ga.gov/api/members/detail/5002?session=1029&chamber=1;https://www.legis.ga.gov/api/members/detail/5002?session=1031&chamber=1;https://www.legis.ga.gov/api/members/list/1031;https://www.legis.ga.gov/members/house/5002;https://www.legis.ga.gov/members/house/5002?session=1029;https://www.linkedin.com/in/clintoncrowe,,,,"115 Mabry Road, Jackson, GA 30233",,,,,,,
ocd-person/17a7e011-73f2-4ac5-8470-3436b47a6744,Clint Dixon,Republican,45,upper,Clint,Dixon,Male,clint.dixon@senate.ga.gov,,1979-07-16,,https://www.legis.ga.gov/api/images/default-source/portraits/dixon-clint-4982.jpg,https://www.legis.ga.gov/members/senate;https://www.legis.ga.gov/members/senate/4982;https://www.legis.ga.gov/members/senate/4982?session=1029;https://www.legis.ga.gov/members/senate/4982?session=1031;https://www.legis.ga.gov/members/senate/4982?session=1032,https://ballotpedia.org/Clint_Dixon;https://en.wikipedia.org/wiki/Clint_Dixon;https://justfacts.votesmart.org/candidate/biography/190326/clint-dixon;https://www.legis.ga.gov/api/members/detail/4982?session=1029&chamber=2;https://www.legis.ga.gov/api/members/detail/4982?session=1031&chamber=2;https://www.legis.ga.gov/api/members/list/1031;https://www.legis.ga.gov/members/senate/4982;https://www.legis.ga.gov/members/senate/4982?session=1029;https://www.legis.ga.gov/members/senate/4982?session=1031;https://www.linkedin.com/in/clint-dixon-69238251,,,,,,,,,,,
ocd-person/ec6cf250-ebcc-4dda-89a5-12da9ebbe51a,Dale Washburn,Republican,144,lower,Dale,Washburn,Male,dale.washburn@house.ga.gov,,1950-12-13,,https://www.legis.ga.gov/api/images/default-source/portraits/washburn-dale-4958.jpg,https://www.house.ga.gov/Representatives/en-US/member.aspx?Member=4958&Session=27;https://www.legis.ga.gov/members/house;https://www.legis.ga.gov/members/house/4958;https://www.legis.ga.gov/members/house/4958?session=1029;https://www.legis.ga.gov/members/house/4958?session=1031,https://ballotpedia.org/Dale_Washburn;https://en.wikipedia.org/wiki/Dale_Washburn;https://justfacts.votesmart.org/candidate/biography/32064/dale-washburn;https://webservices.legis.ga.gov/GGAServices/Members/Service.svc?wsdl;https://www.house.ga.gov/Representatives/en-US/member.aspx?Member=4958&Session=27;https://www.legis.ga.gov/api/members/detail/4958?session=1029&chamber=1;https://www.legis.ga.gov/api/members/detail/4958?session=1031&chamber=1;https://www.legis.ga.gov/api/members/list/1031;https://www.legis.ga.gov/members/house/4958;https://www.legis.ga.gov/members/house/4958?session=1029;https://www.linkedin.com/in/dale-washburn-7558278,,,,"3040 Riverside Drive Suite C-2, Macon, GA 31210",,,,,,,
ocd-person/1a9598cc-056f-4725-a3fb-64c3f0fd26ed,Danny Mathis,Republican,133,lower,Danny,Mathis,Male,danny.mathis@house.ga.gov,,,,https://www.legis.ga.gov/api/images/default-source/portraits/mathis-danny-4959.jpg,https://www.house.ga.gov/Representatives/en-US/member.aspx?Member=4959&Session=27;https://www.legis.ga.gov/members/house;https://www.legis.ga.gov/members/house/4959;https://www.legis.ga.gov/members/house/4959?session=1029;https://www.legis.ga.gov/members/house/4959?session=1031,https://ballotpedia.org/Danny_Mathis;https://en.wikipedia.org/wiki/Danny_Mathis;https://justfacts.votesmart.org/candidate/biography/178975/danny-mathis;https://webservices.legis.ga.gov/GGAServices/Members/Service.svc?wsdl;https://www.house.ga.gov/Representatives/en-US/member.aspx?Member=4959&Session=27;https://www.legis.ga.gov/api/members/detail/4959?session=1029&chamber=1;https://www.legis.ga.gov/api/members/detail/4959?session=1031&chamber=1;https://www.legis.ga.gov/api/members/list/1031;https://www.legis.ga.gov/members/house/4959;https://www.legis.ga.gov/members/house/4959?session=1029,,,,,,,,,,,
ocd-person/d00eb950-0fb6-41ab-ae22-8e9ce84d7cf0,Darlene Taylor,Republican,173,lower,Darlene,Taylor,Female,darlene.taylor@house.ga.gov,,1950-01-29,,https://www.legis.ga.gov/api/images/default-source/portraits/taylor-darlene-786.jpg,https://www.house.ga.gov/Representatives/en-US/member.aspx?Member=786&Session=27;https://www.legis.ga.gov/members/house;https://www.legis.ga.gov/members/house/786;https://www.legis.ga.gov/members/house/786?session=1029;https://www.legis.ga.gov/members/house/786?session=1031,https://ballotpedia.org/Darlene_Taylor;https://en.wikipedia.org/wiki/Darlene_Taylor_(politician);https://justfacts.votesmart.org/candidate/biography/122919/darlene-taylor;https://webservices.legis.ga.gov/GGAServices/Members/Service.svc?wsdl;https://www.house.ga.gov/Representatives/en-US/member.aspx?Member=786&Session=27;https://www.legis.ga.gov/api/members/detail/786?session=1029&chamber=1;https://www.legis.ga.gov/api/members/detail/786?session=1031&chamber=1;https://www.legis.ga.gov/api/members/list/1031;https://www.legis.ga.gov/members/house/786;https://www.legis.ga.gov/members/house/786?session=1029;https://www.linkedin.com/in/darlene-taylor-38849414,,,,,,,,,,,
ocd-person/1f94316e-fb58-401f-bbfc-5ada0a717b6b,Dar'shun Kendrick,Democratic,95,lower,Dar'shun,Kendrick,Female,darshun.kendrick@house.ga.gov,,1982-08-28,,https://www.legis.ga.gov/api/images/default-source/portraits/kendrick-dar-shun-770.jpg,https://www.house.ga.gov/Representatives/en-US/member.aspx?Member=770&Session=27;https://www.legis.ga.gov/members/house;https://www.legis.ga.gov/members/house/770;https://www.legis.ga.gov/members/house/770?session=1029;https://www.legis.ga.gov/members/house/770?session=1031,https://en.wikipedia.org/wiki/Dar%27shun_Kendrick;https://webservices.legis.ga.gov/GGAServices/Members/Service.svc?wsdl;https://www.house.ga.gov/Representatives/en-US/member.aspx?Member=770&Session=27;https://www.legis.ga.gov/api/members/detail/770?session=1029&chamber=1;https://www.legis.ga.gov/api/members/detail/770?session=1031&chamber=1;https://www.legis.ga.gov/api/members/list/1031;https://www.legis.ga.gov/members/house/770;https://www.legis.ga.gov/members/house/770?session=1029;https://www.linkedin.com/in/darshunkendrick,,,,,,,,,,,
ocd-person/ad18dba4-9247-4542-95b1-2ccef815dbc7,David Clark,Republican,100,lower,David,Clark,Male,david.clark@house.ga.gov,,1986-07-15,,https://www.legis.ga.gov/api/images/default-source/portraits/clark-david-867.jpg,https://www.house.ga.gov/Representatives/en-US/member.aspx?Member=867&Session=27;https://www.legis.ga.gov/members/house;https://www.legis.ga.gov/members/house/867;https://www.legis.ga.gov/members/house/867?session=1029;https://www.legis.ga.gov/members/house/867?session=1031,https://ballotpedia.org/David_Clark_(Georgia);https://en.wikipedia.org/wiki/David_Clark_(Georgia_politician);https://justfacts.votesmart.org/candidate/biography/155931/david-clark;https://webservices.legis.ga.gov/GGAServices/Members/Service.svc?wsdl;https://www.house.ga.gov/Representatives/en-US/member.aspx?Member=867&Session=27;https://www.legis.ga.gov/api/members/detail/867?session=1029&chamber=1;https://www.legis.ga.gov/api/members/detail/867?session=1031&chamber=1;https://www.legis.ga.gov/api/members/list/1031;https://www.legis.ga.gov/members/house/867;https://www.legis.ga.gov/members/house/867?session=1029;https://www.linkedin.com/in/david-clark-11935066,,,,"420 S. Hill St., Buford, GA 30518",,,,,,,
ocd-person/9bcfa0eb-ee7d-4762-9555-7bc4a67d6417,David Huddleston,Republican,72,lower,David,Huddleston,Male,david.huddleston@house.ga.gov,,,,https://www.legis.ga.gov/api/images/default-source/portraits/huddleston-david-5033.jpg,https://www.legis.ga.gov/members/house;https://www.legis.ga.gov/members/house/5033;https://www.legis.ga.gov/members/house/5033?session=1031,https://ballotpedia.org/David_Huddleston;https://en.wikipedia.org/wiki/David_Huddleston_(politician);https://justfacts.votesmart.org/candidate/biography/203434/david-huddleston;https://www.legis.ga.gov/api/members/detail/5033?session=1031&chamber=1;https://www.legis.ga.gov/api/members/list/1031;https://www.legis.ga.gov/members/house/5033,,,,,,,,,,,
ocd-person/0f288c5b-484a-4b70-8209-0a23f922edd1,David Jenkins,Republican,136,lower,David,Jenkins,Male,david.jenkins@house.ga.gov,,1971-03-07,,https://www.legis.ga.gov/api/images/default-source/portraits/jenkins-david-5005.jpg,https://www.legis.ga.gov/members/house;https://www.legis.ga.gov/members/house/5005;https://www.legis.ga.gov/members/house/5005?session=1029;https://www.legis.ga.gov/members/house/5005?session=1031,https://ballotpedia.org/David_Jenkins_(Georgia);https://en.wikipedia.org/wiki/David_Jenkins_(Georgia_politician);https://justfacts.votesmart.org/candidate/biography/190406/david-jenkins;https://www.legis.ga.gov/api/members/detail/5005?session=1029&chamber=1;https://www.legis.ga.gov/api/members/detail/5005?session=1031&chamber=1;https://www.legis.ga.gov/api/members/list/1031;https://www.legis.ga.gov/members/house/5005;https://www.legis.ga.gov/members/house/5005?session=1029,,,,"833 John Trammell Road, Grantville, GA 30220",,,,,,,
ocd-person/4b05e770-4423-4b64-8ae1-9600e8c73244,David Lucas,Democratic,26,upper,David,Lucas,Male,david.lucas@senate.ga.gov,,1950-04-23,,https://www.legis.ga.gov/api/images/default-source/portraits/lucas-david-157.jpg,https://www.legis.ga.gov/members/senate;https://www.legis.ga.gov/members/senate/157;https://www.legis.ga.gov/members/senate/157?session=1029;https://www.legis.ga.gov/members/senate/157?session=1031;https://www.senate.ga.gov/SENATORS/en-US/member.aspx?Member=157&Session=27,https://ballotpedia.org/David_Lucas_Sr.;https://en.wikipedia.org/wiki/David_Lucas_(politician);https://justfacts.votesmart.org/candidate/biography/7925/david-lucas-sr;https://webservices.legis.ga.gov/GGAServices/Members/Service.svc?wsdl;https://www.legis.ga.gov/api/members/detail/157?session=1029&chamber=2;https://www.legis.ga.gov/api/members/detail/157?session=1031&chamber=2;https://www.legis.ga.gov/api/members/list/1031;https://www.legis.ga.gov/members/senate/157;https://www.legis.ga.gov/members/senate/157?session=1029;https://www.legis.ga.gov/members/senate/157?session=1031;https://www.senate.ga.gov/SENATORS/en-US/member.aspx?Member=157&Session=27,,,,,,,,,,,
ocd-person/9a8e7b0c-3c19-473f-b04a-d3a17037af0a,David Sampson,Democratic,153,lower,David,Sampson,Male,david.sampson@house.ga.gov,,,,https://www.legis.ga.gov/api/images/default-source/portraits/sampson-david-5052.jpg,https://www.legis.ga.gov/members/house;https://www.legis.ga.gov/members/house/5052;https://www.legis.ga.gov/members/house/5052?session=1031,https://ballotpedia.org/David_Sampson;https://en.wikipedia.org/wiki/David_Sampson_(politician);https://justfacts.votesmart.org/candidate/biography/203510/david-sampson;https://www.legis.ga.gov/api/members/detail/5052?session=1031&chamber=1;https://www.legis.ga.gov/api/members/list/1031;https://www.legis.ga.gov/members/house/5052,,,,,,,,,,,
ocd-person/83a7bbf2-d69c-4813-bbeb-52820e6b9af4,David Wilkerson,Democratic,38,lower,David,Wilkerson,Male,david.wilkerson@house.ga.gov,,1969-01-06,,https://www.legis.ga.gov/api/images/default-source/portraits/wilkerson-david-760.jpg,https://www.house.ga.gov/Representatives/en-US/member.aspx?Member=760&Session=27;https://www.legis.ga.gov/members/house;https://www.legis.ga.gov/members/house/760;https://www.legis.ga.gov/members/house/760?session=1029;https://www.legis.ga.gov/members/house/760?session=1031,https://ballotpedia.org/David_Wilkerson;https://ballotpedia.org/David_Wilkerson_(Georgia);https://en.wikipedia.org/wiki/David_Wilkerson_(politician);https://justfacts.votesmart.org/candidate/biography/122779/david-wilkerson;https://webservices.legis.ga.gov/GGAServices/Members/Service.svc?wsdl;https://www.house.ga.gov/Representatives/en-US/member.aspx?Member=760&Session=27;https://www.legis.ga.gov/api/members/detail/760?session=1029&chamber=1;https://www.legis.ga.gov/api/members/detail/760?session=1031&chamber=1;https://www.legis.ga.gov/api/members/list/1031;https://www.legis.ga.gov/members/house/760;https://www.legis.ga.gov/members/house/760?session=1029;https://www.linkedin.com/in/david-wilkerson-5a6a061,,,,"3721 New Macland Road Suite 200-232, Powder Springs, GA 30127",770-891-9736,,,,,,
ocd-person/5061bc6b-83af-46d0-a78d-30ebe10a63db,Debbie Buckner,Democratic,137,lower,Debbie,Buckner,Female,debbie.buckner@house.ga.gov,,1955-03-04,,https://www.legis.ga.gov/api/images/default-source/portraits/buckner-debbie-71.jpg,https://www.house.ga.gov/Representatives/en-US/member.aspx?Member=71&Session=27;https://www.legis.ga.gov/members/house;https://www.legis.ga.gov/members/house/71;https://www.legis.ga.gov/members/house/71?session=1029;https://www.legis.ga.gov/members/house/71?session=1031,https://ballotpedia.org/Debbie_Buckner;https://en.wikipedia.org/wiki/Debbie_Buckner;https://justfacts.votesmart.org/candidate/biography/31792/debbie-buckner;https://webservices.legis.ga.gov/GGAServices/Members/Service.svc?wsdl;https://www.house.ga.gov/Representatives/en-US/member.aspx?Member=71&Session=27;https://www.legis.ga.gov/api/members/detail/71?session=1029&chamber=1;https://www.legis.ga.gov/api/members/detail/71?session=1031&chamber=1;https://www.legis.ga.gov/api/members/list/1031;https://www.legis.ga.gov/members/house/71;https://www.legis.ga.gov/members/house/71?session=1029;https://www.linkedin.com/in/debbie-buckner-5b99a824,,,,"780 Fielders Mill Road, Junction City, GA 31812",706-269-3630,,,,,,
ocd-person/b824f8fd-7343-449d-8027-fcd0afaf1949,Deborah Silcox,Republican,53,lower,Deborah,Silcox,Female,deborah.silcox@house.ga.gov,,,,https://www.legis.ga.gov/api/images/default-source/portraits/silcox-deborah-4887.jpg,https://www.house.ga.gov/Representatives/en-US/member.aspx?Member=4887&Session=27;https://www.legis.ga.gov/members/house;https://www.legis.ga.gov/members/house/4887;https://www.legis.ga.gov/members/house/4887?session=1031,https://ballotpedia.org/Deborah_Silcox;https://en.wikipedia.org/wiki/Deborah_Silcox;https://justfacts.votesmart.org/candidate/biography/168240/deborah-silcox;https://webservices.legis.ga.gov/GGAServices/Members/Service.svc?wsdl;https://www.house.ga.gov/Representatives/en-US/member.aspx?Member=4887&Session=27;https://www.legis.ga.gov/api/members/detail/4887?session=1031&chamber=1;https://www.legis.ga.gov/api/members/list/1031;https://www.legis.ga.gov/members/house/4887,,,,"6300 Powers Ferry Road Suite 600, #177, Atlanta, GA 30339",,,,,,,
ocd-person/1bb8d14b-9d5d-4edd-8c93-37e95991a8e4,Debra Bazemore,Democratic,69,lower,Debra,Bazemore,Female,debra.bazemore@house.ga.gov,,1957-12-30,,https://www.legis.ga.gov/api/images/default-source/portraits/bazemore-debra-4890.jpg,https://www.house.ga.gov/Representatives/en-US/member.aspx?Member=4890&Session=27;https://www.legis.ga.gov/members/house;https://www.legis.ga.gov/members/house/4890;https://www.legis.ga.gov/members/house/4890?session=1029;https://www.legis.ga.gov/members/house/4890?session=1031,https://ballotpedia.org/Debra_Bazemore;https://en.wikipedia.org/wiki/Debra_Bazemore;https://justfacts.votesmart.org/candidate/biography/168263/debra-bazemore;https://webservices.legis.ga.gov/GGAServices/Members/Service.svc?wsdl;https://www.house.ga.gov/Representatives/en-US/member.aspx?Member=4890&Session=27;https://www.legis.ga.gov/api/members/detail/4890?session=1029&chamber=1;https://www.legis.ga.gov/api/members/detail/4890?session=1031&chamber=1;https://www.legis.ga.gov/api/members/list/1031;https://www.legis.ga.gov/members/house/4890;https://www.legis.ga.gov/members/house/4890?session=1029;https://www.linkedin.com/in/debra-jones-bazemore-9b05b13b,,,,"7042 Galloway Pointe, Riverdale, GA 30296",,,,,,,
ocd-person/016fb7f0-2b08-4587-b7f2-8d18c1d9b8f5,Demetrius Douglas,Democratic,78,lower,Demetrius,Douglas,Male,demetrius.douglas@house.ga.gov,,1967-06-08,,https://www.legis.ga.gov/api/images/default-source/portraits/douglas-demetrius-817.jpg,https://www.house.ga.gov/Representatives/en-US/member.aspx?Member=817&Session=27;https://www.legis.ga.gov/members/house;https://www.legis.ga.gov/members/house/817;https://www.legis.ga.gov/members/house/817?session=1029;https://www.legis.ga.gov/members/house/817?session=1031,https://ballotpedia.org/Demetrius_Douglas;https://en.wikipedia.org/wiki/Demetrius_Douglas;https://justfacts.votesmart.org/candidate/biography/142009/demetrius-douglas;https://webservices.legis.ga.gov/GGAServices/Members/Service.svc?wsdl;https://www.house.ga.gov/Representatives/en-US/member.aspx?Member=817&Session=27;https://www.legis.ga.gov/api/members/detail/817?session=1029&chamber=1;https://www.legis.ga.gov/api/members/detail/817?session=1031&chamber=1;https://www.legis.ga.gov/api/members/list/1031;https://www.legis.ga.gov/members/house/817;https://www.legis.ga.gov/members/house/817?session=1029;https://www.linkedin.com/in/demetrius-douglas-b7260b76,,,,,,,,,,,
ocd-person/73918c45-83c1-4d52-a84d-3ad7ad8de40b,Derek Mallow,Democratic,2,upper,Derek,Mallow,Male,derek.mallow@senate.ga.gov,,1989-06-12,,https://www.legis.ga.gov/api/images/default-source/portraits/mallow-derek-5007.jpg,https://www.legis.ga.gov/members/house/5007?session=1029;https://www.legis.ga.gov/members/senate;https://www.legis.ga.gov/members/senate/5007;https://www.legis.ga.gov/members/senate/5007?session=1031,https://ballotpedia.org/Derek_Mallow;https://en.wikipedia.org/wiki/Derek_Mallow;https://justfacts.votesmart.org/candidate/biography/190302/derek-mallow;https://www.legis.ga.gov/api/members/detail/5007?session=1029&chamber=1;https://www.legis.ga.gov/api/members/detail/5007?session=1031&chamber=2;https://www.legis.ga.gov/api/members/list/1031;https://www.legis.ga.gov/members/house/5007?session=1029;https://www.legis.ga.gov/members/senate/5007;https://www.linkedin.com/in/derek-mallow,,,,,,,,,,,
ocd-person/9046fcb2-f3eb-4233-bd92-32c94e60f9df,Derrick Jackson,Democratic,68,lower,Derrick,Jackson,Male,derrick.jackson@house.ga.gov,,1966-01-11,,https://www.legis.ga.gov/api/images/default-source/portraits/jackson-derrick-4891.jpg,https://www.legis.ga.gov/members/house;https://www.legis.ga.gov/members/house/4891;https://www.legis.ga.gov/members/house/4891?session=1031,https://ballotpedia.org/Derrick_Jackson;https://en.wikipedia.org/wiki/Derrick_Jackson_(politician);https://justfacts.votesmart.org/candidate/biography/168268/derrick-jackson;https://www.legis.ga.gov/api/members/detail/4891?session=1031&chamber=1;https://www.legis.ga.gov/api/members/list/1031;https://www.legis.ga.gov/members/house/4891;https://www.legis.ga.gov/members/house/4891?session=1031;https://www.linkedin.com/in/derrick-jackson-abd-522a287;https://www.linkedin.com/in/derrick-jackson-ph-d-candidate-522a287,,,,"100 Commerce Drive #1052, Tyrone, GA 30290",,,,,,,
ocd-person/3a323603-753e-4380-993c-9bb2a7fc55f3,Derrick McCollum,Republican,30,lower,Derrick,McCollum,Male,derrick.mccollum@house.ga.gov,,,,https://www.legis.ga.gov/api/images/default-source/portraits/mccollum-derrick-5022.jpg,https://www.legis.ga.gov/members/house;https://www.legis.ga.gov/members/house/5022;https://www.legis.ga.gov/members/house/5022?session=1031,https://ballotpedia.org/Derrick_McCollum;https://en.wikipedia.org/wiki/Derrick_McCollum;https://justfacts.votesmart.org/candidate/biography/190384/derrick-mccollum;https://www.legis.ga.gov/api/members/detail/5022?session=1031&chamber=1;https://www.legis.ga.gov/api/members/list/1031;https://www.legis.ga.gov/members/house/5022,,,,,,,,,,,
ocd-person/8f76af22-98dc-4e1e-ba99-75b87c1129d6,Devan Seabaugh,Republican,34,lower,Devan,Seabaugh,Male,devan.seabaugh@house.ga.gov,,1965-06-27,,https://www.legis.ga.gov/api/images/default-source/portraits/seabaugh-devan-5009.jpg,https://www.legis.ga.gov/members/house;https://www.legis.ga.gov/members/house/5009;https://www.legis.ga.gov/members/house/5009?session=1031,https://ballotpedia.org/Devan_Seabaugh;https://en.wikipedia.org/wiki/Devan_Seabaugh;https://justfacts.votesmart.org/candidate/biography/196271/devan-seabaugh;https://www.legis.ga.gov/api/members/detail/5009?session=1029&chamber=1;https://www.legis.ga.gov/api/members/detail/5009?session=1031&chamber=1;https://www.legis.ga.gov/api/members/list/1031;https://www.legis.ga.gov/members/house/5009;https://www.legis.ga.gov/members/house/5009?session=1029;https://www.linkedin.com/in/devan-seabaugh-5498251,,,,,,,,,,,
ocd-person/8afda706-7afa-462c-89f2-0d6d5da010ff,Dewey McClain,Democratic,109,lower,Dewey,McClain,Male,dewey.mcclain@house.ga.gov,,1954-04-25,,https://www.legis.ga.gov/api/images/default-source/portraits/mcclain-dewey-845.jpg,https://www.house.ga.gov/Representatives/en-US/member.aspx?Member=845&Session=27;https://www.legis.ga.gov/members/house;https://www.legis.ga.gov/members/house/845;https://www.legis.ga.gov/members/house/845?session=1029;https://www.legis.ga.gov/members/house/845?session=1031,https://ballotpedia.org/Dewey_McClain;https://en.wikipedia.org/wiki/Dewey_McClain;https://justfacts.votesmart.org/candidate/145375/dewey-mcclain;https://webservices.legis.ga.gov/GGAServices/Members/Service.svc?wsdl;https://www.house.ga.gov/Representatives/en-US/member.aspx?Member=845&Session=27;https://www.legis.ga.gov/api/members/detail/845?session=1029&chamber=1;https://www.legis.ga.gov/api/members/detail/845?session=1031&chamber=1;https://www.legis.ga.gov/api/members/list/1031;https://www.legis.ga.gov/members/house/845;https://www.legis.ga.gov/members/house/845?session=1029;https://www.linkedin.com/in/dewey-mcclain-0ab5809,,,,,,,,,,,
ocd-person/81dde544-49e9-4fb0-9313-32eacaf6194b,Don Parsons,Republican,44,lower,Don,Parsons,Male,don.parsons@house.ga.gov,,1947-07-21,,https://www.legis.ga.gov/api/images/default-source/portraits/parsons-don-184.jpg,https://www.house.ga.gov/Representatives/en-US/member.aspx?Member=184&Session=27;https://www.legis.ga.gov/members/house;https://www.legis.ga.gov/members/house/184;https://www.legis.ga.gov/members/house/184?session=1029;https://www.legis.ga.gov/members/house/184?session=1031,https://ballotpedia.org/Don_Parsons;https://en.wikipedia.org/wiki/Don_Parsons_(politician);https://justfacts.votesmart.org/candidate/biography/7943/don-parsons;https://webservices.legis.ga.gov/GGAServices/Members/Service.svc?wsdl;https://www.house.ga.gov/Representatives/en-US/member.aspx?Member=184&Session=27;https://www.legis.ga.gov/api/members/detail/184?session=1029&chamber=1;https://www.legis.ga.gov/api/members/detail/184?session=1031&chamber=1;https://www.legis.ga.gov/api/members/list/1031;https://www.legis.ga.gov/members/house/184;https://www.legis.ga.gov/members/house/184?session=1029;https://www.linkedin.com/in/don-parsons-10452b46,,,,"3167 Sycamore Lane, Marietta, GA 30066",770-977-4426,,,,,,
ocd-person/7f88fadb-2f51-48c7-8ae5-e20cd2f33e4a,Donzella James,Democratic,28,upper,Donzella,James,Female,donzella.james@senate.ga.gov,,1948-05-03,,https://www.legis.ga.gov/api/images/default-source/portraits/james-donzella-372.jpg,https://www.legis.ga.gov/members/senate;https://www.legis.ga.gov/members/senate/372;https://www.legis.ga.gov/members/senate/372?session=1029;https://www.legis.ga.gov/members/senate/372?session=1031;https://www.senate.ga.gov/SENATORS/en-US/member.aspx?Member=372&Session=27,https://ballotpedia.org/Donzella_James;https://en.wikipedia.org/wiki/Donzella_James;https://justfacts.votesmart.org/candidate/biography/7809/donzella-james;https://webservices.legis.ga.gov/GGAServices/Members/Service.svc?wsdl;https://www.legis.ga.gov/api/members/detail/372?session=1029&chamber=2;https://www.legis.ga.gov/api/members/detail/372?session=1031&chamber=2;https://www.legis.ga.gov/api/members/list/1031;https://www.legis.ga.gov/members/senate/372;https://www.legis.ga.gov/members/senate/372?session=1029;https://www.linkedin.com/in/donzella-james-12490541;https://www.senate.ga.gov/SENATORS/en-US/member.aspx?Member=372&Session=27,,,,,,,,,,,
ocd-person/818f1afb-2850-448e-99c1-be63a9acfe95,Doreen Carter,Democratic,93,lower,Doreen,Carter,Female,doreen.carter@house.ga.gov,,1963-03-19,,https://www.legis.ga.gov/api/images/default-source/portraits/carter-doreen-3877.jpg,https://www.house.ga.gov/Representatives/en-US/member.aspx?Member=3877&Session=27;https://www.legis.ga.gov/members/house;https://www.legis.ga.gov/members/house/3877;https://www.legis.ga.gov/members/house/3877?session=1029;https://www.legis.ga.gov/members/house/3877?session=1031,https://ballotpedia.org/Doreen_Carter;https://en.wikipedia.org/wiki/Doreen_Carter;https://justfacts.votesmart.org/candidate/biography/142016/doreen-carter;https://webservices.legis.ga.gov/GGAServices/Members/Service.svc?wsdl;https://www.house.ga.gov/Representatives/en-US/member.aspx?Member=3877&Session=27;https://www.legis.ga.gov/api/members/detail/3877?session=1029&chamber=1;https://www.legis.ga.gov/api/members/detail/3877?session=1031&chamber=1;https://www.legis.ga.gov/api/members/list/1031;https://www.legis.ga.gov/members/house/3877;https://www.legis.ga.gov/members/house/3877?session=1029;https://www.linkedin.com/in/doreencarter,,,,,,,,,,,
ocd-person/6be704ef-6250-4e08-86d3-f5fa2e1eebf3,Drew Echols,Republican,49,upper,Drew,Echols,Male,drew.echols@senate.ga.gov,,,,https://www.gfpe.org/library/imglib/Drew-Echols-1.jpg,https://www.legis.ga.gov/members/senate/5067,https://ballotpedia.org/Drew_Echols;https://en.wikipedia.org/wiki/Drew_Echols;https://justfacts.votesmart.org/candidate/biography/215152/drew-echols;https://www.legis.ga.gov/members/senate/5067;https://www.linkedin.com/in/drew-echols-8214476a,,,,,,,,,,,
ocd-person/4cf7c975-678b-4e21-9877-6d22d7b37916,Ed Harbison,Democratic,15,upper,Ed,Harbison,Male,ed.harbison@senate.ga.gov,,1941-08-25,,https://www.legis.ga.gov/api/images/default-source/portraits/harbison-ed-17.jpg,https://www.legis.ga.gov/members/senate;https://www.legis.ga.gov/members/senate/17;https://www.legis.ga.gov/members/senate/17?session=1029;https://www.legis.ga.gov/members/senate/17?session=1031;https://www.senate.ga.gov/SENATORS/en-US/member.aspx?Member=17&Session=27,https://ballotpedia.org/Ed_Harbison;https://en.wikipedia.org/wiki/Ed_Harbison;https://justfacts.votesmart.org/candidate/biography/7804/ed-harbison;https://webservices.legis.ga.gov/GGAServices/Members/Service.svc?wsdl;https://www.legis.ga.gov/api/members/detail/17?session=1029&chamber=2;https://www.legis.ga.gov/api/members/detail/17?session=1031&chamber=2;https://www.legis.ga.gov/api/members/list/1031;https://www.legis.ga.gov/members/senate/17;https://www.legis.ga.gov/members/senate/17?session=1029;https://www.linkedin.com/in/ed-harbison-2467216b;https://www.linkedin.com/in/senator-ed-harbison-533b4784;https://www.senate.ga.gov/SENATORS/en-US/member.aspx?Member=17&Session=27,,,,,,,,,,,
ocd-person/777f58bb-9d6b-4755-ab7b-b94d11629cb5,Ed Setzler,Republican,37,upper,Ed,Setzler,Male,ed.setzler@senate.ga.gov,,1970-03-18,,https://www.legis.ga.gov/api/images/default-source/portraits/setzler-ed-203.jpg,https://www.house.ga.gov/Representatives/en-US/member.aspx?Member=203&Session=27;https://www.legis.ga.gov/members/house/203?session=1029;https://www.legis.ga.gov/members/senate;https://www.legis.ga.gov/members/senate/203;https://www.legis.ga.gov/members/senate/203?session=1031,https://ballotpedia.org/Ed_Setzler;https://en.wikipedia.org/wiki/Ed_Setzler;https://justfacts.votesmart.org/candidate/biography/31918/ed-setzler;https://webservices.legis.ga.gov/GGAServices/Members/Service.svc?wsdl;https://www.house.ga.gov/Representatives/en-US/member.aspx?Member=203&Session=27;https://www.legis.ga.gov/api/members/detail/203?session=1029&chamber=1;https://www.legis.ga.gov/api/members/detail/203?session=1031&chamber=2;https://www.legis.ga.gov/api/members/list/1031;https://www.legis.ga.gov/members/house/203?session=1029;https://www.legis.ga.gov/members/senate/203;https://www.legis.ga.gov/members/senate/203?session=1031;https://www.linkedin.com/in/ed-setzler-749a778,,,,"1555 Boxwood Trace, Acworth, GA 30102",,,,,,,
ocd-person/f33d979c-554c-433e-ad0f-837eef1da589,Eddie Lumsden,Republican,12,lower,Eddie,Lumsden,Male,eddie.lumsden@house.ga.gov,,1952-08-25,,https://www.legis.ga.gov/api/images/default-source/portraits/lumsden-eddie-826.jpg,https://www.house.ga.gov/Representatives/en-US/member.aspx?Member=826&Session=27;https://www.legis.ga.gov/members/house;https://www.legis.ga.gov/members/house/826;https://www.legis.ga.gov/members/house/826?session=1029;https://www.legis.ga.gov/members/house/826?session=1031,https://ballotpedia.org/Eddie_Lumsden;https://en.wikipedia.org/wiki/Eddie_Lumsden_(politician);https://justfacts.votesmart.org/candidate/biography/31603/eddie-lumsden;https://webservices.legis.ga.gov/GGAServices/Members/Service.svc?wsdl;https://www.house.ga.gov/Representatives/en-US/member.aspx?Member=826&Session=27;https://www.legis.ga.gov/api/members/detail/826?session=1029&chamber=1;https://www.legis.ga.gov/api/members/detail/826?session=1031&chamber=1;https://www.legis.ga.gov/api/members/list/1031;https://www.legis.ga.gov/members/house/826;https://www.legis.ga.gov/members/house/826?session=1029;https://www.linkedin.com/in/eddie-lumsden-32645b4b,,,,,,,,,,,
ocd-person/18427775-e3e7-4730-bb6f-722616e6aebe,Edna Jackson,Democratic,165,lower,Edna,Jackson,Female,edna.jackson@house.ga.gov,,1944-09-18,,https://www.legis.ga.gov/api/images/default-source/portraits/jackson-edna-5011.jpg,https://www.legis.ga.gov/members/house;https://www.legis.ga.gov/members/house/5011;https://www.legis.ga.gov/members/house/5011?session=1031,https://ballotpedia.org/Edna_Jackson;https://en.wikipedia.org/wiki/Edna_Jackson_(politician);https://justfacts.votesmart.org/candidate/biography/72328/edna-jackson;https://www.legis.ga.gov/api/members/detail/5011?session=1029&chamber=1;https://www.legis.ga.gov/api/members/detail/5011?session=1031&chamber=1;https://www.legis.ga.gov/api/members/list/1031;https://www.legis.ga.gov/members/house/5011;https://www.legis.ga.gov/members/house/5011?session=1029;https://www.linkedin.com/in/edna-jackson-a0883814,,,,"2227 N. Fernwood Court, Savannah, GA 31404",,,,,,,
ocd-person/4615e308-db74-408f-89df-02be56b5013b,El-Mahdi Holly,Democratic,116,lower,El-Mahdi,Holly,Male,el-mahdi.holly@house.ga.gov,,1976-02-16,,https://www.legis.ga.gov/api/images/default-source/portraits/holly-el-mahdi-4954.jpg,https://www.house.ga.gov/Representatives/en-US/member.aspx?Member=4954&Session=27;https://www.legis.ga.gov/members/house;https://www.legis.ga.gov/members/house/4954;https://www.legis.ga.gov/members/house/4954?session=1029;https://www.legis.ga.gov/members/house/4954?session=1031,https://ballotpedia.org/El-Mahdi_Holly;https://en.wikipedia.org/wiki/El-Mahdi_Holly;https://justfacts.votesmart.org/candidate/biography/177390/el-mahdi-holly;https://webservices.legis.ga.gov/GGAServices/Members/Service.svc?wsdl;https://www.house.ga.gov/Representatives/en-US/member.aspx?Member=4954&Session=27;https://www.legis.ga.gov/api/members/detail/4954?session=1029&chamber=1;https://www.legis.ga.gov/api/members/detail/4954?session=1031&chamber=1;https://www.legis.ga.gov/api/members/list/1031;https://www.legis.ga.gov/members/house/4954;https://www.legis.ga.gov/members/house/4954?session=1029;https://www.linkedin.com/in/elmahdih,,,,"1740 Hudson Bridge Road Suite 1221, Stockbridge, GA 30253",770-284-8146,,,,,,
ocd-person/3f15ad5e-877d-44aa-b5b3-b24587c42685,Elena Parent,Democratic,44,upper,Elena,Parent,Female,elena.parent@senate.ga.gov,,1975-12-27,,https://www.legis.ga.gov/api/images/default-source/portraits/parent-elena-768.jpg,https://www.legis.ga.gov/members/senate;https://www.legis.ga.gov/members/senate/768;https://www.legis.ga.gov/members/senate/768?session=1029;https://www.legis.ga.gov/members/senate/768?session=1031;https://www.senate.ga.gov/SENATORS/en-US/member.aspx?Member=768&Session=27,https://ballotpedia.org/Elena_Parent;https://en.wikipedia.org/wiki/Elena_Parent;https://justfacts.votesmart.org/candidate/biography/122835/elena-parent;https://webservices.legis.ga.gov/GGAServices/Members/Service.svc?wsdl;https://www.legis.ga.gov/api/members/detail/768?session=1029&chamber=2;https://www.legis.ga.gov/api/members/detail/768?session=1031&chamber=2;https://www.legis.ga.gov/api/members/list/1031;https://www.legis.ga.gov/members/senate/768;https://www.legis.ga.gov/members/senate/768?session=1029;https://www.linkedin.com/in/elena-parent-1b20676;https://www.senate.ga.gov/SENATORS/en-US/member.aspx?Member=768&Session=27,,,,,,,,,,,
ocd-person/acc7c167-6251-4ce8-8021-511acfa291ef,Emanuel Jones,Democratic,10,upper,Emanuel,Jones,Male,emanuel.jones@senate.ga.gov,,1959-04-01,,https://www.legis.ga.gov/api/images/default-source/portraits/jones-emanuel-28.jpg,https://www.legis.ga.gov/members/senate;https://www.legis.ga.gov/members/senate/28;https://www.legis.ga.gov/members/senate/28?session=1029;https://www.legis.ga.gov/members/senate/28?session=1031;https://www.senate.ga.gov/SENATORS/en-US/member.aspx?Member=28&Session=27,https://ballotpedia.org/Emanuel_Jones;https://en.wikipedia.org/wiki/Emanuel_Jones;https://justfacts.votesmart.org/candidate/biography/31536/emanuel-jones;https://webservices.legis.ga.gov/GGAServices/Members/Service.svc?wsdl;https://www.legis.ga.gov/api/members/detail/28?session=1029&chamber=2;https://www.legis.ga.gov/api/members/detail/28?session=1031&chamber=2;https://www.legis.ga.gov/api/members/list/1031;https://www.legis.ga.gov/members/senate/28;https://www.legis.ga.gov/members/senate/28?session=1029;https://www.senate.ga.gov/SENATORS/en-US/member.aspx?Member=28&Session=27,,,,,,,,,,,
ocd-person/3b2b9f31-6859-4582-8d82-581597c0c178,Emory Dunahoo,Republican,31,lower,Emory,Dunahoo,Male,emory.dunahoo@house.ga.gov,,1957-07-08,,https://www.legis.ga.gov/api/images/default-source/portraits/dunahoo-emory-797.jpg,https://www.house.ga.gov/Representatives/en-US/member.aspx?Member=797&Session=27;https://www.legis.ga.gov/members/house;https://www.legis.ga.gov/members/house/797;https://www.legis.ga.gov/members/house/797?session=1029;https://www.legis.ga.gov/members/house/797?session=1031,https://ballotpedia.org/Emory_West_Dunahoo_Jr.;https://en.wikipedia.org/wiki/Emory_Dunahoo;https://justfacts.votesmart.org/candidate/biography/134884/emory-dunahoo-jr;https://webservices.legis.ga.gov/GGAServices/Members/Service.svc?wsdl;https://www.house.ga.gov/Representatives/en-US/member.aspx?Member=797&Session=27;https://www.legis.ga.gov/api/members/detail/797?session=1029&chamber=1;https://www.legis.ga.gov/api/members/detail/797?session=1031&chamber=1;https://www.legis.ga.gov/api/members/list/1031;https://www.legis.ga.gov/members/house/797;https://www.legis.ga.gov/members/house/797?session=1029,,,,"4495 Bryant Quarter Road, Gillsville, GA 30543",,,,,,,
ocd-person/fe4b934e-8976-4c62-bcb0-ed8ae9782560,Eric Bell,Democratic,75,lower,Eric,Bell,Male,eric.bell@house.ga.gov,,,,https://www.legis.ga.gov/api/images/default-source/portraits/bell-eric-5061.jpg,https://www.legis.ga.gov/members/house;https://www.legis.ga.gov/members/house/5061;https://www.legis.ga.gov/members/house/5061?session=1031,https://ballotpedia.org/Eric_Bell_II_(Georgia);https://en.wikipedia.org/wiki/Eric_Bell_II;https://justfacts.votesmart.org/candidate/biography/211596/eric-bell;https://www.bellforus.com/meeteric;https://www.legis.ga.gov/api/members/detail/5061?session=1031&chamber=1;https://www.legis.ga.gov/api/members/list/1031;https://www.legis.ga.gov/members/house/5061;https://www.linkedin.com/in/ericwbell,,,,"Jonesboro, GA",,,,,,,
ocd-person/abece831-30a8-4cf8-94ff-d41f7f48197f,Eric Gisler,Democratic,121,lower,Eric,Gisler,Male,eric.gisler@house.ga.gov,,,,,https://www.legis.ga.gov/members/house/5091,https://ballotpedia.org/Eric_Gisler;https://en.wikipedia.org/wiki/Eric_Gisler;https://justfacts.votesmart.org/candidate/biography/220664/eric-gisler;https://www.legis.ga.gov/members/house/5091;https://www.linkedin.com/in/emgisler,,,,,,,,,,,
ocd-person/bdc621be-7296-4383-8c45-b4533d1c106c,Esther Panitch,Democratic,51,lower,Esther,Panitch,Female,esther.panitch@house.ga.gov,,1971-10-14,,https://www.legis.ga.gov/api/images/default-source/portraits/panitch-esther-5026.jpg,https://www.legis.ga.gov/members/house;https://www.legis.ga.gov/members/house/5026;https://www.legis.ga.gov/members/house/5026?session=1031,https://ballotpedia.org/Esther_Panitch;https://en.wikipedia.org/wiki/Esther_Panitch;https://justfacts.votesmart.org/candidate/biography/203404/esther-panitch;https://www.legis.ga.gov/api/members/detail/5026?session=1031&chamber=1;https://www.legis.ga.gov/api/members/list/1031;https://www.legis.ga.gov/members/house/5026;https://www.linkedin.com/in/esther-panitch-49859a20,,,,,,,,,,,
ocd-person/b261086c-7b16-4a8e-82a6-22df4445af84,Floyd Griffin,Democratic,149,lower,Floyd,Griffin,Male,floyd.griffin@house.ga.gov,,1944-05-24,,https://s3.amazonaws.com/ballotpedia-api4/files/thumbs/200/300/FloydGriffin.JPG,https://www.legis.ga.gov/members/house/5083;https://www.legis.ga.gov/members/house/5083?session=1033,https://ballotpedia.org/Floyd_Griffin;https://en.wikipedia.org/wiki/Floyd_Griffin;https://justfacts.votesmart.org/candidate/biography/7802/floyd-griffin-jr;https://www.legis.ga.gov/members/house/5083;https://www.legis.ga.gov/members/house/5083?session=1033;https://www.linkedin.com/in/floyd-griffin-496836b8,,,,,,,,,,,
ocd-person/9e417b67-da09-4516-b858-6b2458f53633,Frank Ginn,Republican,47,upper,Frank,Ginn,Male,frank.ginn@senate.ga.gov,,1962-05-23,,https://www.legis.ga.gov/api/images/default-source/portraits/ginn-frank-751.jpg,https://www.legis.ga.gov/members/senate;https://www.legis.ga.gov/members/senate/751;https://www.legis.ga.gov/members/senate/751?session=1029;https://www.legis.ga.gov/members/senate/751?session=1031;https://www.senate.ga.gov/SENATORS/en-US/member.aspx?Member=751&Session=27,https://ballotpedia.org/Frank_Ginn;https://en.wikipedia.org/wiki/Frank_Ginn;https://justfacts.votesmart.org/candidate/biography/122693/frank-ginn;https://webservices.legis.ga.gov/GGAServices/Members/Service.svc?wsdl;https://www.legis.ga.gov/api/members/detail/751?session=1029&chamber=2;https://www.legis.ga.gov/api/members/detail/751?session=1031&chamber=2;https://www.legis.ga.gov/api/members/list/1031;https://www.legis.ga.gov/members/senate/751;https://www.legis.ga.gov/members/senate/751?session=1029;https://www.senate.ga.gov/SENATORS/en-US/member.aspx?Member=751&Session=27,,,,,,,,,,,
ocd-person/dc99efc3-076b-4d00-b4b0-66a0507a4057,Gabe Okoye,Democratic,102,lower,Gabe,Okoye,Male,gabe.okoye@house.ga.gov,,,,https://www.legis.ga.gov/api/images/default-source/portraits/okoye-gabe-5041.jpg,https://www.legis.ga.gov/members/house;https://www.legis.ga.gov/members/house/5041;https://www.legis.ga.gov/members/house/5041?session=1031,https://ballotpedia.org/Gabe_Okoye;https://en.wikipedia.org/wiki/Gabe_Okoye;https://justfacts.votesmart.org/candidate/biography/190133/gabe-okoye;https://www.legis.ga.gov/api/members/detail/5041?session=1031&chamber=1;https://www.legis.ga.gov/api/members/list/1031;https://www.legis.ga.gov/members/house/5041;https://www.linkedin.com/in/gabe-okoye-b632a321,,,,"121 E. Crogan St. #1715, Lawrenceville, GA 30046",,,,,,,
ocd-person/bd990496-ea34-4b79-8d6f-68cfed424c15,Gabriel Sanchez,Democratic,42,lower,Gabriel,Sanchez,Male,gabriel.sanchez@house.ga.gov,,1997-04-25,,https://s3.amazonaws.com/ballotpedia-api4/files/thumbs/200/300/Gabriel_SanchezGA.jpg,https://www.legis.ga.gov/members/house/5068,https://ballotpedia.org/Gabriel_Sanchez_(Georgia);https://en.wikipedia.org/wiki/Gabriel_Sanchez_(politician);https://www.legis.ga.gov/members/house/5068;https://www.linkedin.com/in/gabriel-a-sanchez,,,,,,,,,,,
ocd-person/df023a79-0194-4d1a-8755-5dee4053e1cc,Gail Davenport,Democratic,17,upper,Gail,Davenport,Female,gail.davenport@senate.ga.gov,,1949-03-01,,https://www.legis.ga.gov/api/images/default-source/portraits/davenport-gail-10.jpg,https://www.legis.ga.gov/members/senate;https://www.legis.ga.gov/members/senate/10;https://www.legis.ga.gov/members/senate/10?session=1029;https://www.legis.ga.gov/members/senate/10?session=1031;https://www.senate.ga.gov/SENATORS/en-US/member.aspx?Member=10&Session=27,https://ballotpedia.org/Gail_Davenport;https://en.wikipedia.org/wiki/Gail_Davenport;https://justfacts.votesmart.org/candidate/biography/66317/gail-davenport;https://webservices.legis.ga.gov/GGAServices/Members/Service.svc?wsdl;https://www.legis.ga.gov/api/members/detail/10?session=1029&chamber=2;https://www.legis.ga.gov/api/members/detail/10?session=1031&chamber=2;https://www.legis.ga.gov/api/members/list/1031;https://www.legis.ga.gov/members/senate/10;https://www.legis.ga.gov/members/senate/10?session=1029;https://www.senate.ga.gov/SENATORS/en-US/member.aspx?Member=10&Session=27,,,,,,,,,,,
ocd-person/47fd36f3-f5d4-4ef6-a429-1ffc7681e233,Gary Richardson,Republican,125,lower,Gary,Richardson,Male,gary.richardson@house.ga.gov,,,,https://s3.amazonaws.com/ballotpedia-api4/files/thumbs/200/300/GaryRichardson2024.jpg,https://www.legis.ga.gov/members/house/5063;https://www.legis.ga.gov/members/house/5063?session=1031,https://ballotpedia.org/Gary_Richardson_(Georgia);https://en.wikipedia.org/wiki/Gary_Richardson_(Georgia_politician);https://www.legis.ga.gov/members/house/5063;https://www.legis.ga.gov/members/house/5063?session=1031,,,,,,,,,,,
ocd-person/570a213a-a475-4fd3-ac36-23e1bd1190be,Gerald Greene,Republican,154,lower,Gerald,Greene,Male,gerald.greene@house.ga.gov,,1948-01-20,,https://www.legis.ga.gov/api/images/default-source/portraits/greene-gerald-115.jpg,https://www.house.ga.gov/Representatives/en-US/member.aspx?Member=115&Session=27;https://www.legis.ga.gov/members/house;https://www.legis.ga.gov/members/house/115;https://www.legis.ga.gov/members/house/115?session=1029;https://www.legis.ga.gov/members/house/115?session=1031,https://ballotpedia.org/Gerald_Greene;https://en.wikipedia.org/wiki/Gerald_Greene;https://justfacts.votesmart.org/candidate/biography/7889/gerald-greene;https://webservices.legis.ga.gov/GGAServices/Members/Service.svc?wsdl;https://www.house.ga.gov/Representatives/en-US/member.aspx?Member=115&Session=27;https://www.legis.ga.gov/api/document/docs/default-source/bios/greene-gerald-115.pdf;https://www.legis.ga.gov/api/members/detail/115?session=1029&chamber=1;https://www.legis.ga.gov/api/members/detail/115?session=1031&chamber=1;https://www.legis.ga.gov/api/members/list/1031;https://www.legis.ga.gov/members/house/115;https://www.legis.ga.gov/members/house/115?session=1029;https://www.linkedin.com/in/gerald-greene-b47a7316,,,,"5805 U.S. Highway 82 West, Cuthbert, GA 39840",,,,,,,
ocd-person/be05ace3-ea73-4f3f-85ae-c5ed313d4cbe,Ginny Ehrhart,Republican,36,lower,Ginny,Ehrhart,Female,ginny.ehrhart@house.ga.gov,,,,https://www.legis.ga.gov/api/images/default-source/portraits/ehrhart-ginny-4937.jpg,https://www.house.ga.gov/Representatives/en-US/member.aspx?Member=4937&Session=27;https://www.legis.ga.gov/members/house;https://www.legis.ga.gov/members/house/4937;https://www.legis.ga.gov/members/house/4937?session=1029;https://www.legis.ga.gov/members/house/4937?session=1031,https://ballotpedia.org/Ginny_Ehrhart;https://en.wikipedia.org/wiki/Ginny_Ehrhart;https://justfacts.votesmart.org/candidate/biography/178740/ginny-ehrhart;https://webservices.legis.ga.gov/GGAServices/Members/Service.svc?wsdl;https://www.house.ga.gov/Representatives/en-US/member.aspx?Member=4937&Session=27;https://www.legis.ga.gov/api/members/detail/4937?session=1029&chamber=1;https://www.legis.ga.gov/api/members/detail/4937?session=1031&chamber=1;https://www.legis.ga.gov/api/members/list/1031;https://www.legis.ga.gov/members/house/4937;https://www.legis.ga.gov/members/house/4937?session=1029;https://www.linkedin.com/in/ginny-ehrhart-a2563427a,,,,,,,,,,,
ocd-person/1f7d013a-8861-4e08-b6bf-7c8d36f8107c,Greg Dolezal,Republican,27,upper,Greg,Dolezal,Male,greg.dolezal@senate.ga.gov,,1978-10-01,,https://www.legis.ga.gov/api/images/default-source/portraits/dolezal-greg-4925.jpg,https://www.legis.ga.gov/members/senate;https://www.legis.ga.gov/members/senate/4925;https://www.legis.ga.gov/members/senate/4925?session=1029;https://www.legis.ga.gov/members/senate/4925?session=1031;https://www.senate.ga.gov/SENATORS/en-US/member.aspx?Member=4925&Session=27,https://ballotpedia.org/Greg_Dolezal;https://en.wikipedia.org/wiki/Greg_Dolezal;https://justfacts.votesmart.org/candidate/biography/178679/greg-dolezal;https://webservices.legis.ga.gov/GGAServices/Members/Service.svc?wsdl;https://www.legis.ga.gov/api/members/detail/4925?session=1029&chamber=2;https://www.legis.ga.gov/api/members/detail/4925?session=1031&chamber=2;https://www.legis.ga.gov/api/members/list/1031;https://www.legis.ga.gov/members/senate/4925;https://www.legis.ga.gov/members/senate/4925?session=1029;https://www.linkedin.com/in/greg-dolezal-18b0ba9b;https://www.senate.ga.gov/SENATORS/en-US/member.aspx?Member=4925&Session=27,,,,"6505 Shiloh Road Suite 200, Alpharetta, GA 30005",,,,,,,
ocd-person/d7bfd125-d343-4acd-a4dc-480daf241af3,Harold Jones,Democratic,22,upper,Harold,Jones,Male,harold.jones@senate.ga.gov,,1969-08-01,,https://www.legis.ga.gov/api/images/default-source/portraits/jones-ii-harold-851.jpg,https://www.legis.ga.gov/members/senate;https://www.legis.ga.gov/members/senate/851;https://www.legis.ga.gov/members/senate/851?session=1029;https://www.legis.ga.gov/members/senate/851?session=1031;https://www.senate.ga.gov/SENATORS/en-US/member.aspx?Member=851&Session=27,https://ballotpedia.org/Harold_V._Jones_II;https://en.wikipedia.org/wiki/Harold_V._Jones_II;https://justfacts.votesmart.org/candidate/biography/31433/harold-jones-ii;https://webservices.legis.ga.gov/GGAServices/Members/Service.svc?wsdl;https://www.legis.ga.gov/api/members/detail/851?session=1029&chamber=2;https://www.legis.ga.gov/api/members/detail/851?session=1031&chamber=2;https://www.legis.ga.gov/api/members/list/1031;https://www.legis.ga.gov/members/senate/851;https://www.legis.ga.gov/members/senate/851?session=1029;https://www.legis.ga.gov/members/senate/851?session=1031;https://www.senate.ga.gov/SENATORS/en-US/member.aspx?Member=851&Session=27,,,,"437 Walker St., Augusta, GA 30901",706-339-1424,,,,,,
ocd-person/b39e2164-d570-45f2-b271-5e2fbe99c8d6,Holt Persinger,Republican,119,lower,Holt,Persinger,Male,holt.persinger@house.ga.gov,,,,https://www.legis.ga.gov/api/images/default-source/portraits/persinger-holt-5060.jpg,https://www.legis.ga.gov/members/house;https://www.legis.ga.gov/members/house/5060;https://www.legis.ga.gov/members/house/5060?session=1031,https://ballotpedia.org/Holt_Persinger;https://en.wikipedia.org/wiki/Holt_Persinger;https://justfacts.votesmart.org/candidate/biography/211306/holt-persinger;https://www.legis.ga.gov/api/members/detail/5060?session=1031&chamber=1;https://www.legis.ga.gov/api/members/list/1031;https://www.legis.ga.gov/members/house/5060;https://www.linkedin.com/in/holt-persinger-952b976,,,,,,,,,,,
ocd-person/e73cb2a6-bf3e-4211-a386-142c18a4f607,Houston Gaines,Republican,120,lower,Houston,Gaines,Male,houston.gaines@house.ga.gov,,1995-01-11,,https://www.legis.ga.gov/api/images/default-source/portraits/gaines-houston-4955.jpg,https://www.house.ga.gov/Representatives/en-US/member.aspx?Member=4955&Session=27;https://www.legis.ga.gov/members/house;https://www.legis.ga.gov/members/house/4955;https://www.legis.ga.gov/members/house/4955?session=1029;https://www.legis.ga.gov/members/house/4955?session=1031,https://ballotpedia.org/Houston_Gaines;https://en.wikipedia.org/wiki/Houston_Gaines;https://justfacts.votesmart.org/candidate/biography/176757/houston-gaines;https://webservices.legis.ga.gov/GGAServices/Members/Service.svc?wsdl;https://www.house.ga.gov/Representatives/en-US/member.aspx?Member=4955&Session=27;https://www.legis.ga.gov/api/members/detail/4955?session=1029&chamber=1;https://www.legis.ga.gov/api/members/detail/4955?session=1031&chamber=1;https://www.legis.ga.gov/api/members/list/1031;https://www.legis.ga.gov/members/house/4955;https://www.legis.ga.gov/members/house/4955?session=1029;https://www.linkedin.com/in/houstongaines,,,,,,,,,,,
ocd-person/2a68d594-e7d5-49cd-b615-6efb872430c3,Imani Barnes,Democratic,86,lower,Imani,Barnes,Female,imani.barnes@house.ga.gov,,,,https://www.legis.ga.gov/api/images/default-source/portraits/barnes-imani-5037.jpg,https://www.legis.ga.gov/members/house;https://www.legis.ga.gov/members/house/5037;https://www.legis.ga.gov/members/house/5037?session=1031,https://ballotpedia.org/Imani_Barnes;https://en.wikipedia.org/wiki/Imani_Barnes;https://justfacts.votesmart.org/candidate/biography/203446/imani-barnes;https://www.legis.ga.gov/api/members/detail/5037?session=1031&chamber=1;https://www.legis.ga.gov/api/members/list/1031;https://www.legis.ga.gov/members/house/5037,,,,,,,,,,,
ocd-person/f02d369f-2d48-4d8d-853d-77ce5a8810fc,Inga Willis,Democratic,55,lower,Inga,Willis,Female,inga.willis@house.ga.gov,,,,https://www.legis.ga.gov/api/images/default-source/portraits/willis-inga-5027.jpg,https://www.legis.ga.gov/members/house;https://www.legis.ga.gov/members/house/5027;https://www.legis.ga.gov/members/house/5027?session=1031,https://ballotpedia.org/Inga_Willis;https://en.wikipedia.org/wiki/Inga_Willis;https://justfacts.votesmart.org/candidate/biography/203410/inga-willis;https://www.legis.ga.gov/api/members/detail/5027?session=1031&chamber=1;https://www.legis.ga.gov/api/members/list/1031;https://www.legis.ga.gov/members/house/5027;https://www.linkedin.com/in/ingawillis,,,,"794 Marietta St. NW Suite 93311, Atlanta, GA 30318",,,,,,,
ocd-person/37602f7b-947e-4067-8f2e-b2fec620643e,Jaclyn Ford,Republican,170,lower,Jaclyn,Ford,Female,jaclyn.ford@house.ga.gov,,1977-09-21,,https://jaclynforgeorgia.com/wp-content/uploads/sites/127/2024/02/photo-mobile-2.jpg,https://www.legis.ga.gov/members/house/5085,https://ballotpedia.org/Jaclyn_Ford_(Georgia);https://en.wikipedia.org/wiki/Jaclyn_Ford;https://justfacts.votesmart.org/candidate/biography/215186/jaclyn-ford;https://www.legis.ga.gov/members/house/5085;https://www.linkedin.com/in/jaclyn-ford-06326173,,,,,,,,,,,
ocd-person/fcd57129-480c-4fba-a0d1-7fb369706611,Jaha Howard,Democratic,35,upper,Jaha,Howard,Male,jaha.howard@senate.ga.gov,,,,,https://www.legis.ga.gov/members/senate/5090,https://ballotpedia.org/Jaha_Howard;https://en.wikipedia.org/wiki/Jaha_Howard;https://justfacts.votesmart.org/candidate/biography/168156/jaha-howard;https://www.legis.ga.gov/members/senate/5090;https://www.linkedin.com/in/drjahahoward,,,,"4450 S. Cobb Drive, Smyrna, GA 30080",,,,,,,
ocd-person/dbce462d-74e3-42d3-bd6c-3b9f8eeb69fe,James Burchett,Republican,176,lower,James,Burchett,Male,james.burchett@house.ga.gov,,1980-11-05,,https://www.legis.ga.gov/api/images/default-source/portraits/burchett-james-4967.jpg,https://www.house.ga.gov/Representatives/en-US/member.aspx?Member=4967&Session=27;https://www.legis.ga.gov/members/house;https://www.legis.ga.gov/members/house/4967;https://www.legis.ga.gov/members/house/4967?session=1029;https://www.legis.ga.gov/members/house/4967?session=1031,https://ballotpedia.org/James_Burchett;https://en.wikipedia.org/wiki/James_Burchett_(politician);https://justfacts.votesmart.org/candidate/biography/185983/james-burchett;https://webservices.legis.ga.gov/GGAServices/Members/Service.svc?wsdl;https://www.house.ga.gov/Representatives/en-US/member.aspx?Member=4967&Session=27;https://www.legis.ga.gov/api/members/detail/4967?session=1029&chamber=1;https://www.legis.ga.gov/api/members/detail/4967?session=1031&chamber=1;https://www.legis.ga.gov/api/members/list/1031;https://www.legis.ga.gov/members/house/4967;https://www.legis.ga.gov/members/house/4967?session=1029;https://www.linkedin.com/in/jamesburchett51,,,,"215 Pendleton St., Waycross, GA 31501",,,,,,,
ocd-person/85740034-23b0-4001-9190-8948bd9f3b37,Jan Jones,Republican,47,lower,Jan,Jones,Female,jan.jones@house.ga.gov,,1958-01-28,,https://www.legis.ga.gov/api/images/default-source/portraits/jones-jan-142.jpg,https://www.house.ga.gov/Representatives/en-US/member.aspx?Member=142&Session=27;https://www.legis.ga.gov/members/house;https://www.legis.ga.gov/members/house/142;https://www.legis.ga.gov/members/house/142?session=1029;https://www.legis.ga.gov/members/house/142?session=1031,https://ballotpedia.org/Jan_Jones;https://en.wikipedia.org/wiki/Jan_Jones_%28Georgia_politician%29;https://justfacts.votesmart.org/candidate/biography/32034/jan-jones;https://webservices.legis.ga.gov/GGAServices/Members/Service.svc?wsdl;https://www.house.ga.gov/Representatives/en-US/member.aspx?Member=142&Session=27;https://www.legis.ga.gov/api/members/detail/142?session=1029&chamber=1;https://www.legis.ga.gov/api/members/detail/142?session=1031&chamber=1;https://www.legis.ga.gov/api/members/list/1031;https://www.legis.ga.gov/members/house/142;https://www.legis.ga.gov/members/house/142?session=1029;https://www.linkedin.com/in/jan-jones-98241073,,,,"12850 Highway 9 Suite 600-356, Milton, GA 30004",,,,,,,
ocd-person/0461f02b-df18-4984-8b3b-ada287879d0a,Jasmine Clark,Democratic,108,lower,Jasmine,Clark,Female,jasmine.clark@house.ga.gov,,1982-12-26,,https://www.legis.ga.gov/api/images/default-source/portraits/clark-jasmine-4953.jpg,https://www.house.ga.gov/Representatives/en-US/member.aspx?Member=4953&Session=27;https://www.legis.ga.gov/members/house;https://www.legis.ga.gov/members/house/4953;https://www.legis.ga.gov/members/house/4953?session=1029;https://www.legis.ga.gov/members/house/4953?session=1031,https://ballotpedia.org/Jasmine_Clark;https://en.wikipedia.org/wiki/Jasmine_Clark;https://justfacts.votesmart.org/candidate/biography/178958/jasmine-clark;https://webservices.legis.ga.gov/GGAServices/Members/Service.svc?wsdl;https://www.house.ga.gov/Representatives/en-US/member.aspx?Member=4953&Session=27;https://www.legis.ga.gov/api/members/detail/4953?session=1029&chamber=1;https://www.legis.ga.gov/api/members/detail/4953?session=1031&chamber=1;https://www.legis.ga.gov/api/members/list/1031;https://www.legis.ga.gov/members/house/4953;https://www.legis.ga.gov/members/house/4953?session=1029;https://www.linkedin.com/in/dr-jasmine-clark;https://www.linkedin.com/in/dr-jasmine-clark-4a82a810,,,,,,,,,,,
ocd-person/cb7d8c1d-3c26-4f35-8d37-d1cf8a7ce207,Jason Anavitarte,Republican,31,upper,Jason,Anavitarte,Male,jason.anavitarte@senate.ga.gov,,1978-06-14,,https://www.legis.ga.gov/api/images/default-source/portraits/anavitarte-jason-4980.jpg,https://www.legis.ga.gov/members/senate;https://www.legis.ga.gov/members/senate/4980;https://www.legis.ga.gov/members/senate/4980?session=1029;https://www.legis.ga.gov/members/senate/4980?session=1031;https://www.legis.ga.gov/members/senate/4980?session=1032,https://ballotpedia.org/Jason_Anavitarte;https://en.wikipedia.org/wiki/Jason_Anavitarte;https://justfacts.votesmart.org/candidate/biography/190320/jason-anavitarte;https://www.legis.ga.gov/api/members/detail/4980?session=1029&chamber=2;https://www.legis.ga.gov/api/members/detail/4980?session=1031&chamber=2;https://www.legis.ga.gov/api/members/list/1031;https://www.legis.ga.gov/members/senate/4980;https://www.legis.ga.gov/members/senate/4980?session=1029;https://www.legis.ga.gov/members/senate/4980?session=1031;https://www.linkedin.com/in/jasonanavitarte,,,,,,,,,,,
ocd-person/584267b0-e40b-4d6e-a7fe-4c076eb6214c,Jason Dickerson,Republican,21,upper,Jason,Dickerson,Male,jason.dickerson@senate.ga.gov,,,,,https://www.legis.ga.gov/members/senate/5088;https://www.legis.ga.gov/members/senate/5088?session=1033,https://ballotpedia.org/Jason_Dickerson_(Georgia);https://en.wikipedia.org/wiki/Jason_Dickerson;https://justfacts.votesmart.org/candidate/biography/223826/jason-dickerson;https://www.legis.ga.gov/members/senate/5088;https://www.legis.ga.gov/members/senate/5088?session=1033,,,,,,,,,,,
ocd-person/594aa971-500b-42a4-9d7a-1ceb4c029220,Jason Ridley,Republican,6,lower,Jason,Ridley,Male,jason.ridley@house.ga.gov,,1977-07-19,,https://www.legis.ga.gov/api/images/default-source/portraits/ridley-jason-4883.jpg,https://www.house.ga.gov/Representatives/en-US/member.aspx?Member=4883&Session=27;https://www.legis.ga.gov/members/house;https://www.legis.ga.gov/members/house/4883;https://www.legis.ga.gov/members/house/4883?session=1029;https://www.legis.ga.gov/members/house/4883?session=1031,https://ballotpedia.org/Jason_Ridley;https://en.wikipedia.org/wiki/Jason_Ridley;https://justfacts.votesmart.org/candidate/biography/168189/jason-ridley;https://webservices.legis.ga.gov/GGAServices/Members/Service.svc?wsdl;https://www.house.ga.gov/Representatives/en-US/member.aspx?Member=4883&Session=27;https://www.legis.ga.gov/api/members/detail/4883?session=1029&chamber=1;https://www.legis.ga.gov/api/members/detail/4883?session=1031&chamber=1;https://www.legis.ga.gov/api/members/list/1031;https://www.legis.ga.gov/members/house/4883;https://www.legis.ga.gov/members/house/4883?session=1029;https://www.linkedin.com/in/jason-ridley-9919315b,,,,,,,,,,,
ocd-person/38c596a4-df69-4a56-9329-be73f26bc7d5,Jesse Petrea,Republican,166,lower,Jesse,Petrea,Male,jesse.petrea@house.ga.gov,,1966-06-24,,https://www.legis.ga.gov/api/images/default-source/portraits/petrea-jesse-862.jpg,https://www.house.ga.gov/Representatives/en-US/member.aspx?Member=862&Session=27;https://www.legis.ga.gov/members/house;https://www.legis.ga.gov/members/house/862;https://www.legis.ga.gov/members/house/862?session=1029;https://www.legis.ga.gov/members/house/862?session=1031,https://ballotpedia.org/Jesse_L._Petrea;https://en.wikipedia.org/wiki/Jesse_Petrea;https://justfacts.votesmart.org/candidate/biography/151148/jesse-petrea;https://webservices.legis.ga.gov/GGAServices/Members/Service.svc?wsdl;https://www.house.ga.gov/Representatives/en-US/member.aspx?Member=862&Session=27;https://www.legis.ga.gov/api/members/detail/862?session=1029&chamber=1;https://www.legis.ga.gov/api/members/detail/862?session=1031&chamber=1;https://www.legis.ga.gov/api/members/list/1031;https://www.legis.ga.gov/members/house/862;https://www.legis.ga.gov/members/house/862?session=1029;https://www.linkedin.com/in/jesse-petrea-15aba719,,,,"108 Loyer Lane, Savannah, GA 31411",,,,,,,
ocd-person/c862c17f-ed00-41d7-97e5-1138f451a96c,Joe Campbell,Republican,171,lower,Joe,Campbell,Male,joe.campbell@house.ga.gov,,,,https://www.legis.ga.gov/api/images/default-source/portraits/campbell-joe-4970.jpg,https://www.house.ga.gov/Representatives/en-US/member.aspx?Member=4970&Session=27;https://www.legis.ga.gov/members/house;https://www.legis.ga.gov/members/house/4970;https://www.legis.ga.gov/members/house/4970?session=1029;https://www.legis.ga.gov/members/house/4970?session=1031,https://ballotpedia.org/Joe_Campbell_(Georgia);https://en.wikipedia.org/wiki/Joe_Campbell_(Georgia_politician);https://justfacts.votesmart.org/candidate/biography/188950/joe-campbell;https://webservices.legis.ga.gov/GGAServices/Members/Service.svc?wsdl;https://www.house.ga.gov/Representatives/en-US/member.aspx?Member=4970&Session=27;https://www.legis.ga.gov/api/members/detail/4970?session=1029&chamber=1;https://www.legis.ga.gov/api/members/detail/4970?session=1031&chamber=1;https://www.legis.ga.gov/api/members/list/1031;https://www.legis.ga.gov/members/house/4970;https://www.legis.ga.gov/members/house/4970?session=1029,,,,"4556 Squirrel Haven Road, Camilla, GA 31730",,,,,,,
ocd-person/ac1cac30-3fec-4c56-b172-b483db465a6b,John Albers,Republican,56,upper,John,Albers,Male,john.albers@senate.ga.gov,,1972-08-18,,https://www.legis.ga.gov/api/images/default-source/portraits/albers-john-754.jpg,https://www.legis.ga.gov/members/senate;https://www.legis.ga.gov/members/senate/754;https://www.legis.ga.gov/members/senate/754?session=1029;https://www.legis.ga.gov/members/senate/754?session=1031;https://www.senate.ga.gov/SENATORS/en-US/member.aspx?Member=754&Session=27,https://ballotpedia.org/John_Albers;https://en.wikipedia.org/wiki/John_Albers;https://justfacts.votesmart.org/candidate/biography/122715/john-albers;https://webservices.legis.ga.gov/GGAServices/Members/Service.svc?wsdl;https://www.legis.ga.gov/api/members/detail/754?session=1029&chamber=2;https://www.legis.ga.gov/api/members/detail/754?session=1031&chamber=2;https://www.legis.ga.gov/api/members/list/1031;https://www.legis.ga.gov/members/senate/754;https://www.legis.ga.gov/members/senate/754?session=1029;https://www.legis.ga.gov/members/senate/754?session=1031;https://www.linkedin.com/in/johnalbers;https://www.senate.ga.gov/SENATORS/en-US/member.aspx?Member=754&Session=27,,,,,,,,,,,
ocd-person/713cac52-0a57-4baa-8273-6eeca5b491df,John Carson,Republican,46,lower,John,Carson,Male,john.carson@house.ga.gov,,1971-09-21,,https://www.legis.ga.gov/api/images/default-source/portraits/carson-john-795.jpg,https://www.house.ga.gov/Representatives/en-US/member.aspx?Member=795&Session=27;https://www.legis.ga.gov/members/house;https://www.legis.ga.gov/members/house/795;https://www.legis.ga.gov/members/house/795?session=1029;https://www.legis.ga.gov/members/house/795?session=1031,https://ballotpedia.org/John_Carson_(Georgia);https://en.wikipedia.org/wiki/John_Carson_(Georgia_politician);https://justfacts.votesmart.org/candidate/biography/135769/john-carson;https://webservices.legis.ga.gov/GGAServices/Members/Service.svc?wsdl;https://www.house.ga.gov/Representatives/en-US/member.aspx?Member=795&Session=27;https://www.legis.ga.gov/api/members/detail/795?session=1029&chamber=1;https://www.legis.ga.gov/api/members/detail/795?session=1031&chamber=1;https://www.legis.ga.gov/api/members/list/1031;https://www.legis.ga.gov/members/house/795;https://www.legis.ga.gov/members/house/795?session=1029;https://www.linkedin.com/in/johnkcarsonjr,,,,"3605 Sandy Plains Road Suite 240-123, Marietta, GA 30066",404-520-8826,,,,,,
ocd-person/a34c9a5a-f307-4c07-b766-3b3b1148d7b1,John Corbett,Republican,174,lower,John,Corbett,Male,john.corbett@house.ga.gov,,1962-09-23,,https://www.legis.ga.gov/api/images/default-source/portraits/corbett-john-859.jpg,https://www.house.ga.gov/Representatives/en-US/member.aspx?Member=859&Session=27;https://www.legis.ga.gov/members/house;https://www.legis.ga.gov/members/house/859;https://www.legis.ga.gov/members/house/859?session=1029;https://www.legis.ga.gov/members/house/859?session=1031,https://ballotpedia.org/John_L._Corbett;https://en.wikipedia.org/wiki/John_Corbett_(politician);https://justfacts.votesmart.org/candidate/151186/john-corbett;https://webservices.legis.ga.gov/GGAServices/Members/Service.svc?wsdl;https://www.house.ga.gov/Representatives/en-US/member.aspx?Member=859&Session=27;https://www.legis.ga.gov/api/members/detail/859?session=1029&chamber=1;https://www.legis.ga.gov/api/members/detail/859?session=1031&chamber=1;https://www.legis.ga.gov/api/members/list/1031;https://www.legis.ga.gov/members/house/859;https://www.legis.ga.gov/members/house/859?session=1029,,,,"1484 Georgia Highway 135 South, Lake Park, GA 31636",,,,,,,
ocd-person/9249be26-54d2-467a-88ec-2588b886148d,John LaHood,Republican,175,lower,John,LaHood,Male,john.lahood@house.ga.gov,,,,https://www.legis.ga.gov/api/images/default-source/portraits/lahood-john-4923.jpg,https://www.house.ga.gov/Representatives/en-US/member.aspx?Member=4923&Session=27;https://www.legis.ga.gov/members/house;https://www.legis.ga.gov/members/house/4923;https://www.legis.ga.gov/members/house/4923?session=1029;https://www.legis.ga.gov/members/house/4923?session=1031,https://ballotpedia.org/John_LaHood;https://webservices.legis.ga.gov/GGAServices/Members/Service.svc?wsdl;https://www.house.ga.gov/Representatives/en-US/member.aspx?Member=4923&Session=27;https://www.legis.ga.gov/api/members/detail/4923?session=1029&chamber=1;https://www.legis.ga.gov/api/members/detail/4923?session=1031&chamber=1;https://www.legis.ga.gov/api/members/list/1031;https://www.legis.ga.gov/members/house/4923;https://www.legis.ga.gov/members/house/4923?session=1029;https://www.linkedin.com/in/john-lahood-3532a152,,,,,,,,,,,
ocd-person/8106e2d8-e1e3-42a8-b550-fbd2627fa474,Johnny Chastain,Republican,7,lower,Johnny,Chastain,Male,johnny.chastain@house.ga.gov,,,,https://www.legis.ga.gov/api/images/default-source/portraits/chastain-johnny-5057.jpg,https://www.legis.ga.gov/members/house;https://www.legis.ga.gov/members/house/5057;https://www.legis.ga.gov/members/house/5057?session=1031,https://ballotpedia.org/Johnny_Chastain;https://en.wikipedia.org/wiki/Johnny_Chastain;https://justfacts.votesmart.org/candidate/biography/211311/johnny-chastain;https://www.legis.ga.gov/api/members/detail/5057?session=1031&chamber=1;https://www.legis.ga.gov/api/members/list/1031;https://www.legis.ga.gov/members/house/5057,,,,,,,,,,,
ocd-person/64012657-d026-411c-9525-3232524a5145,Jon Burns,Republican,159,lower,Jon,Burns,Male,jon.burns@house.ga.gov,,1952-09-04,,https://www.legis.ga.gov/api/images/default-source/portraits/burns-jon-73.jpg,https://www.house.ga.gov/Representatives/en-US/member.aspx?Member=73&Session=27;https://www.legis.ga.gov/members/house;https://www.legis.ga.gov/members/house/73;https://www.legis.ga.gov/members/house/73?session=1029;https://www.legis.ga.gov/members/house/73?session=1031,https://ballotpedia.org/Jon_G._Burns;https://en.wikipedia.org/wiki/Jon_G._Burns;https://justfacts.votesmart.org/candidate/biography/31806/jon-burns;https://webservices.legis.ga.gov/GGAServices/Members/Service.svc?wsdl;https://www.house.ga.gov/Representatives/en-US/member.aspx?Member=73&Session=27;https://www.legis.ga.gov/api/members/detail/73?session=1029&chamber=1;https://www.legis.ga.gov/api/members/detail/73?session=1031&chamber=1;https://www.legis.ga.gov/api/members/list/1031;https://www.legis.ga.gov/members/house/73;https://www.legis.ga.gov/members/house/73?session=1029,,,,,,,,,,,
ocd-person/56f28f8a-9296-4e69-9bd4-d0101a42b359,Jordan Ridley,Republican,22,lower,Jordan,Ridley,Male,jordan.ridley@house.ga.gov,,,,https://www.legis.ga.gov/api/images/default-source/portraits/ridley-jordan-5019.jpg,https://www.legis.ga.gov/members/house;https://www.legis.ga.gov/members/house/5019;https://www.legis.ga.gov/members/house/5019?session=1031,https://ballotpedia.org/Jordan_Ridley;https://en.wikipedia.org/wiki/Jordan_Ridley_(politician);https://justfacts.votesmart.org/candidate/biography/190360/jordan-ridley;https://www.legis.ga.gov/api/members/detail/5019?session=1031&chamber=1;https://www.legis.ga.gov/api/members/list/1031;https://www.legis.ga.gov/members/house/5019;https://www.linkedin.com/in/jordan-ridley-09aa18189,,,,,,,,,,,
ocd-person/f36d2507-b19a-4ee5-b4f9-5c06df761edf,Joseph Gullett,Republican,19,lower,Joseph,Gullett,Male,joseph.gullett@house.ga.gov,,1980-03-27,,https://www.legis.ga.gov/api/images/default-source/portraits/gullett-joseph-4936.jpg,https://www.house.ga.gov/Representatives/en-US/member.aspx?Member=4936&Session=27;https://www.legis.ga.gov/members/house;https://www.legis.ga.gov/members/house/4936;https://www.legis.ga.gov/members/house/4936?session=1029;https://www.legis.ga.gov/members/house/4936?session=1031,https://ballotpedia.org/Joseph_Gullett;https://en.wikipedia.org/wiki/Joseph_Gullett;https://justfacts.votesmart.org/candidate/biography/178724/joseph-gullett;https://webservices.legis.ga.gov/GGAServices/Members/Service.svc?wsdl;https://www.house.ga.gov/Representatives/en-US/member.aspx?Member=4936&Session=27;https://www.legis.ga.gov/api/members/detail/4936?session=1029&chamber=1;https://www.legis.ga.gov/api/members/detail/4936?session=1031&chamber=1;https://www.legis.ga.gov/api/members/list/1031;https://www.legis.ga.gov/members/house/4936;https://www.legis.ga.gov/members/house/4936?session=1029;https://www.linkedin.com/in/joseph-gullett-1410bb7,,,,,,,,,,,
ocd-person/0e45048c-c1a4-415f-9ee4-5d09ea857e2e,Josh Bonner,Republican,73,lower,Josh,Bonner,Male,josh.bonner@house.ga.gov,,1974-05-04,,https://www.legis.ga.gov/api/images/default-source/portraits/bonner-josh-4893.jpg,https://www.house.ga.gov/Representatives/en-US/member.aspx?Member=4893&Session=27;https://www.legis.ga.gov/members/house;https://www.legis.ga.gov/members/house/4893;https://www.legis.ga.gov/members/house/4893?session=1029;https://www.legis.ga.gov/members/house/4893?session=1031,https://ballotpedia.org/Josh_Bonner;https://en.wikipedia.org/wiki/Josh_Bonner;https://justfacts.votesmart.org/candidate/biography/168331/josh-bonner;https://webservices.legis.ga.gov/GGAServices/Members/Service.svc?wsdl;https://www.house.ga.gov/Representatives/en-US/member.aspx?Member=4893&Session=27;https://www.legis.ga.gov/api/members/detail/4893?session=1029&chamber=1;https://www.legis.ga.gov/api/members/detail/4893?session=1031&chamber=1;https://www.legis.ga.gov/api/members/list/1031;https://www.legis.ga.gov/members/house/4893;https://www.legis.ga.gov/members/house/4893?session=1029,,,,,,,,,,,
ocd-person/b83b0486-773f-4979-a1ce-e2f7f3e6d7e1,Josh McLaurin,Democratic,14,upper,Josh,McLaurin,Male,josh.mclaurin@senate.ga.gov,,1988-01-17,,https://www.legis.ga.gov/api/images/default-source/portraits/mclaurin-josh-4942.jpg,https://www.house.ga.gov/Representatives/en-US/member.aspx?Member=4942&Session=27;https://www.legis.ga.gov/members/house/4942?session=1029;https://www.legis.ga.gov/members/senate;https://www.legis.ga.gov/members/senate/4942;https://www.legis.ga.gov/members/senate/4942?session=1031,https://ballotpedia.org/Josh_McLaurin;https://en.wikipedia.org/wiki/Josh_McLaurin;https://justfacts.votesmart.org/candidate/biography/178766/josh-mclaurin;https://webservices.legis.ga.gov/GGAServices/Members/Service.svc?wsdl;https://www.house.ga.gov/Representatives/en-US/member.aspx?Member=4942&Session=27;https://www.legis.ga.gov/api/members/detail/4942?session=1029&chamber=1;https://www.legis.ga.gov/api/members/detail/4942?session=1031&chamber=2;https://www.legis.ga.gov/api/members/list/1031;https://www.legis.ga.gov/members/house/4942?session=1029;https://www.legis.ga.gov/members/senate/4942;https://www.legis.ga.gov/members/senate/4942?session=1031;https://www.linkedin.com/in/josh-mclaurin-72a13821,,,,,,,,,,,
ocd-person/8b62e64b-bf80-4967-832b-8fb92cd6c4b3,Jutt Howard,Republican,71,lower,Jutt,Howard,Male,justin.howard@house.ga.gov,,1982-10-30,,https://ngturf.com/wp-content/uploads/2017/11/jutt.jpg,https://www.legis.ga.gov/members/house/5073;https://www.legis.ga.gov/members/house/5073?session=1033,https://ballotpedia.org/Justin_Howard;https://en.wikipedia.org/wiki/Justin_Howard_(politician);https://justfacts.votesmart.org/candidate/biography/215249/justin-howard;https://www.legis.ga.gov/members/house/5073;https://www.legis.ga.gov/members/house/5073?session=1033;https://www.linkedin.com/in/jutt-howard-b126a3a,,,,,,,,,,,
ocd-person/eb28f991-35c9-4d84-a907-5be56aed1aff,Karen Lupton,Democratic,83,lower,Karen,Lupton,Female,karen.lupton@house.ga.gov,,,,https://www.legis.ga.gov/api/images/default-source/portraits/lupton-karen-5035.jpg,https://www.legis.ga.gov/members/house;https://www.legis.ga.gov/members/house/5035;https://www.legis.ga.gov/members/house/5035?session=1031,https://ballotpedia.org/Karen_Lupton;https://en.wikipedia.org/wiki/Karen_Lupton;https://justfacts.votesmart.org/candidate/biography/203444/karen-lupton;https://www.legis.ga.gov/api/members/detail/5035?session=1031&chamber=1;https://www.legis.ga.gov/api/members/list/1031;https://www.legis.ga.gov/members/house/5035;https://www.linkedin.com/in/karen-lupton-133b8a9a,,,,,,,,,,,
ocd-person/f8db50e0-08ab-406c-ac8b-39c7038ef5ca,Karen Mathiak,Republican,82,lower,Karen,Mathiak,Female,karen.mathiak@house.ga.gov,,1955-11-06,,https://www.legis.ga.gov/api/images/default-source/portraits/mathiak-karen-4894.jpg,https://www.house.ga.gov/Representatives/en-US/member.aspx?Member=4894&Session=27;https://www.legis.ga.gov/members/house;https://www.legis.ga.gov/members/house/4894;https://www.legis.ga.gov/members/house/4894?session=1029;https://www.legis.ga.gov/members/house/4894?session=1031,https://ballotpedia.org/Karen_Mathiak;https://en.wikipedia.org/wiki/Karen_Mathiak;https://justfacts.votesmart.org/candidate/biography/168333/karen-mathiak;https://webservices.legis.ga.gov/GGAServices/Members/Service.svc?wsdl;https://www.house.ga.gov/Representatives/en-US/member.aspx?Member=4894&Session=27;https://www.legis.ga.gov/api/members/detail/4894?session=1029&chamber=1;https://www.legis.ga.gov/api/members/detail/4894?session=1031&chamber=1;https://www.legis.ga.gov/api/members/list/1031;https://www.legis.ga.gov/members/house/4894;https://www.legis.ga.gov/members/house/4894?session=1029;https://www.linkedin.com/in/karen-mathiak-b3b25a5,,,,"127 Dunwoody Circle, Griffin, GA 30223",,,,,,,
ocd-person/27365f19-a138-4a9e-9f6e-11352932e5d5,Karla Drenner,Democratic,85,lower,Karla,Drenner,Female,karla.drenner@house.ga.gov,,1961-09-10,,https://www.legis.ga.gov/api/images/default-source/portraits/drenner-karla-95.jpg,https://www.house.ga.gov/Representatives/en-US/member.aspx?Member=95&Session=27;https://www.legis.ga.gov/members/house;https://www.legis.ga.gov/members/house/95;https://www.legis.ga.gov/members/house/95?session=1029;https://www.legis.ga.gov/members/house/95?session=1031,https://ballotpedia.org/Karla_Drenner;https://en.wikipedia.org/wiki/Karla_Drenner;https://justfacts.votesmart.org/candidate/biography/31687/karla-drenner;https://webservices.legis.ga.gov/GGAServices/Members/Service.svc?wsdl;https://www.house.ga.gov/Representatives/en-US/member.aspx?Member=95&Session=27;https://www.legis.ga.gov/api/members/detail/95?session=1029&chamber=1;https://www.legis.ga.gov/api/members/detail/95?session=1031&chamber=1;https://www.legis.ga.gov/api/members/list/1031;https://www.legis.ga.gov/members/house/95;https://www.legis.ga.gov/members/house/95?session=1029;https://www.linkedin.com/in/karla-drenner-phd,,,,,,,,,,,
ocd-person/4b3fdb35-d3fb-40aa-843e-d3900df37ce4,Karlton Howard,Democratic,129,lower,Karlton,Howard,Male,karlton.howard@house.ga.gov,,,,https://www.legis.ga.gov/api/images/default-source/portraits/howard-karlton-5056.jpg,https://www.legis.ga.gov/members/house;https://www.legis.ga.gov/members/house/5056;https://www.legis.ga.gov/members/house/5056?session=1031,https://ballotpedia.org/Karlton_Howard;https://en.wikipedia.org/wiki/Karlton_Howard;https://justfacts.votesmart.org/candidate/biography/211149/karlton-howard;https://www.legis.ga.gov/api/members/detail/5056?session=1031&chamber=1;https://www.legis.ga.gov/api/members/list/1031;https://www.legis.ga.gov/members/house/5056;https://www.linkedin.com/in/karlton-howard-59635288,,,,,,,,,,,
ocd-person/97a40ea4-674f-4b84-8fd3-8bc2f3b4a35d,Kasey Carpenter,Republican,4,lower,Kasey,Carpenter,Male,kasey.carpenter@house.ga.gov,,,,https://www.legis.ga.gov/api/images/default-source/portraits/carpenter-kasey-4911.jpg,https://www.house.ga.gov/Representatives/en-US/member.aspx?Member=4911&Session=27;https://www.legis.ga.gov/members/house;https://www.legis.ga.gov/members/house/4911;https://www.legis.ga.gov/members/house/4911?session=1029;https://www.legis.ga.gov/members/house/4911?session=1031,https://ballotpedia.org/Kasey_Carpenter;https://en.wikipedia.org/wiki/Kasey_Carpenter;https://justfacts.votesmart.org/candidate/biography/168187/kasey-carpenter;https://webservices.legis.ga.gov/GGAServices/Members/Service.svc?wsdl;https://www.house.ga.gov/Representatives/en-US/member.aspx?Member=4911&Session=27;https://www.legis.ga.gov/api/members/detail/4911?session=1029&chamber=1;https://www.legis.ga.gov/api/members/detail/4911?session=1031&chamber=1;https://www.legis.ga.gov/api/members/list/1031;https://www.legis.ga.gov/members/house/4911;https://www.legis.ga.gov/members/house/4911?session=1029;https://www.linkedin.com/in/kasey-carpenter-42aa3155,,,,,,,,,,,
ocd-person/bf68b3dc-ca81-49f9-8e33-fe27317183d3,Katie Dempsey,Republican,13,lower,Katie,Dempsey,Female,katie.dempsey@house.ga.gov,,1952-09-11,,https://www.legis.ga.gov/api/images/default-source/portraits/dempsey-katie-92.jpg,https://www.house.ga.gov/Representatives/en-US/member.aspx?Member=92&Session=27;https://www.legis.ga.gov/members/house;https://www.legis.ga.gov/members/house/92;https://www.legis.ga.gov/members/house/92?session=1029;https://www.legis.ga.gov/members/house/92?session=1031,https://ballotpedia.org/Katie_Dempsey;https://en.wikipedia.org/wiki/Katie_Dempsey;https://justfacts.votesmart.org/candidate/biography/67815/katie-dempsey;https://webservices.legis.ga.gov/GGAServices/Members/Service.svc?wsdl;https://www.house.ga.gov/Representatives/en-US/member.aspx?Member=92&Session=27;https://www.legis.ga.gov/api/members/detail/92?session=1029&chamber=1;https://www.legis.ga.gov/api/members/detail/92?session=1031&chamber=1;https://www.legis.ga.gov/api/members/list/1031;https://www.legis.ga.gov/members/house/92;https://www.legis.ga.gov/members/house/92?session=1029,,,,"3 Central Plaza, #360, Rome, GA 30161",,,,,,,
ocd-person/fc31ab02-026c-4173-86db-570c0b297c64,Kay Kirkpatrick,Republican,32,upper,Kay,Kirkpatrick,Female,kay.kirkpatrick@senate.ga.gov,,1954-09-13,,https://www.legis.ga.gov/api/images/default-source/portraits/kirkpatrick-kay-4910.jpg,https://www.legis.ga.gov/members/senate;https://www.legis.ga.gov/members/senate/4910;https://www.legis.ga.gov/members/senate/4910?session=1029;https://www.legis.ga.gov/members/senate/4910?session=1031;https://www.senate.ga.gov/SENATORS/en-US/member.aspx?Member=4910&Session=27,https://ballotpedia.org/Kay_Kirkpatrick;https://en.wikipedia.org/wiki/Kay_Kirkpatrick;https://justfacts.votesmart.org/candidate/biography/176159/kay-kirkpatrick;https://webservices.legis.ga.gov/GGAServices/Members/Service.svc?wsdl;https://www.legis.ga.gov/api/members/detail/4910?session=1029&chamber=2;https://www.legis.ga.gov/api/members/detail/4910?session=1031&chamber=2;https://www.legis.ga.gov/api/members/list/1031;https://www.legis.ga.gov/members/senate/4910;https://www.legis.ga.gov/members/senate/4910?session=1029;https://www.linkedin.com/in/kay-kirkpatrick-7788264;https://www.senate.ga.gov/SENATORS/en-US/member.aspx?Member=4910&Session=27,,,,"2146 Roswell Road Suite 108895, Marietta, GA 30062",404-656-3932,,,,,,
ocd-person/0a816fbf-e5ec-4056-8b3e-08184400e71b,Kenya Wicks,Democratic,34,upper,Kenya,Wicks,Female,kenya.wicks@senate.ga.gov,,1973-05-26,,https://s3.amazonaws.com/ballotpedia-api4/files/thumbs/200/300/Kenya_Wicks.JPG,https://www.legis.ga.gov/members/senate/5065;https://www.legis.ga.gov/members/senate/5065?session=1033,https://ballotpedia.org/Kenya_Wicks;https://en.wikipedia.org/wiki/Kenya_Wicks;https://justfacts.votesmart.org/candidate/biography/215134/kenya-wicks;https://www.legis.ga.gov/members/senate/5065;https://www.legis.ga.gov/members/senate/5065?session=1033;https://www.linkedin.com/in/kenya-w-4a432419,,,,,,,,,,,
ocd-person/2f8621bc-0548-457c-8b0d-9148e14b77fe,Kim Jackson,Democratic,41,upper,Kim,Jackson,Female,kim.jackson@senate.ga.gov,,1984-08-25,,https://www.legis.ga.gov/api/images/default-source/portraits/jackson-kim-4981.jpg,https://www.legis.ga.gov/members/senate;https://www.legis.ga.gov/members/senate/4981;https://www.legis.ga.gov/members/senate/4981?session=1029;https://www.legis.ga.gov/members/senate/4981?session=1031;https://www.legis.ga.gov/members/senate/4981?session=1032,https://ballotpedia.org/Kim_Jackson;https://en.wikipedia.org/wiki/Kim_Jackson_(politician);https://www.legis.ga.gov/api/members/detail/4981?session=1029&chamber=2;https://www.legis.ga.gov/api/members/detail/4981?session=1031&chamber=2;https://www.legis.ga.gov/api/members/list/1031;https://www.legis.ga.gov/members/senate/4981;https://www.legis.ga.gov/members/senate/4981?session=1029;https://www.legis.ga.gov/members/senate/4981?session=1031;https://www.linkedin.com/in/kimberly-s-jackson-2485774,,,,,,,,,,,
ocd-person/eff357d0-3187-4a7b-93fe-2d54d010b093,Kim Schofield,Democratic,63,lower,Kim,Schofield,Female,kim.schoefield@house.ga.gov,,1962-04-16,,https://www.legis.ga.gov/api/images/default-source/portraits/schofield-kim-4916.jpg,https://www.house.ga.gov/Representatives/en-US/member.aspx?Member=4916&Session=27;https://www.legis.ga.gov/members/house;https://www.legis.ga.gov/members/house/4916;https://www.legis.ga.gov/members/house/4916?session=1029;https://www.legis.ga.gov/members/house/4916?session=1031,https://ballotpedia.org/Kim_Schofield;https://en.wikipedia.org/wiki/Kim_Schofield;https://justfacts.votesmart.org/candidate/biography/176796/kim-schofield;https://webservices.legis.ga.gov/GGAServices/Members/Service.svc?wsdl;https://www.house.ga.gov/Representatives/en-US/member.aspx?Member=4916&Session=27;https://www.legis.ga.gov/api/members/detail/4916?session=1029&chamber=1;https://www.legis.ga.gov/api/members/detail/4916?session=1031&chamber=1;https://www.legis.ga.gov/api/members/list/1031;https://www.legis.ga.gov/members/house/4916;https://www.legis.ga.gov/members/house/4916?session=1029;https://www.linkedin.com/in/kimschofield,,,,"Atlanta, GA",,,,,,,
ocd-person/275b772e-6407-4aaa-8bd6-ceddad1da7fa,Kimberly Alexander,Democratic,66,lower,Kimberly,Alexander,Female,kimberly.alexander@house.ga.gov,,1961-11-26,,https://www.legis.ga.gov/api/images/default-source/portraits/alexander-kimberly-806.jpg,https://www.house.ga.gov/Representatives/en-US/member.aspx?Member=806&Session=27;https://www.legis.ga.gov/members/house;https://www.legis.ga.gov/members/house/806;https://www.legis.ga.gov/members/house/806?session=1029;https://www.legis.ga.gov/members/house/806?session=1031,https://ballotpedia.org/Kimberly_Alexander_(Georgia_state_representative);https://en.wikipedia.org/wiki/Kimberly_Alexander;https://justfacts.votesmart.org/candidate/biography/122813/kimberly-alexander;https://webservices.legis.ga.gov/GGAServices/Members/Service.svc?wsdl;https://www.house.ga.gov/Representatives/en-US/member.aspx?Member=806&Session=27;https://www.legis.ga.gov/api/members/detail/806?session=1029&chamber=1;https://www.legis.ga.gov/api/members/detail/806?session=1031&chamber=1;https://www.legis.ga.gov/api/members/list/1031;https://www.legis.ga.gov/members/house/806;https://www.legis.ga.gov/members/house/806?session=1029;https://www.linkedin.com/in/kimberly-alexander-4120412,,,,,,,,,,,
ocd-person/fc1a5e1f-6ce4-47ab-987b-095afa166359,Kimberly New,Republican,40,lower,Kimberly,New,Female,kimberly.new@house.ga.gov,,1967-11-12,,https://www.legis.ga.gov/api/images/default-source/portraits/new-kimberly-5030.jpg,https://www.legis.ga.gov/members/house;https://www.legis.ga.gov/members/house/5030;https://www.legis.ga.gov/members/house/5030?session=1031,https://ballotpedia.org/Kimberly_New;https://en.wikipedia.org/wiki/Kimberly_New;https://justfacts.votesmart.org/candidate/biography/203419/kimberly-new;https://www.legis.ga.gov/api/members/detail/5030?session=1031&chamber=1;https://www.legis.ga.gov/api/members/list/1031;https://www.legis.ga.gov/members/house/5030;https://www.linkedin.com/in/kimberly-new-b7a5a627,,,,,,,,,,,
ocd-person/1d9bb111-bf4f-4e4f-aa63-a2f6a94b566c,L.C. Myles,Democratic,126,lower,L.C.,Myles,Male,lc.myles@house.ga.gov,,1947-12-23,,,https://www.legis.ga.gov/members/house/5079,https://ballotpedia.org/L_C_Myles_Jr.;https://en.wikipedia.org/wiki/L.C._Myles;https://justfacts.votesmart.org/candidate/biography/215286/l-myles;https://www.legis.ga.gov/members/house/5079;https://www.linkedin.com/in/l-c-myles-96578524,,,,,,,,,,,
ocd-person/ae6e08e3-6971-4cd2-982a-48d650a343d5,Lanny Thomas,Republican,53,upper,Lanny,Thomas,Male,lanny.thomas@senate.ga.gov,,,,https://images.squarespace-cdn.com/content/69373488c86b8056febeb404/1f53a219-dd13-4b1b-8ab7-c71996cab9b7/Lanny+Thomas+for+Senate+in+road.jpg?content-type=image%2Fjpeg,https://www.legis.ga.gov/members/senate/5094,https://ballotpedia.org/Lanny_Thomas;https://en.wikipedia.org/wiki/Lanny_Thomas;https://www.ballotpedia.org/Lanny_Thomas;https://www.legis.ga.gov/members/senate/5094;https://www.linkedin.com/in/lanny-thomas-a25b1567,,,,,,,,,,,
ocd-person/44a51125-9e82-41f6-8d4f-a646895b5994,Larry Walker,Republican,20,upper,Larry,Walker,Male,larry.walker@senate.ga.gov,,1965-06-17,,https://www.legis.ga.gov/api/images/default-source/portraits/walker--iii-larry-4878.jpg,https://www.legis.ga.gov/members/senate;https://www.legis.ga.gov/members/senate/4878;https://www.legis.ga.gov/members/senate/4878?session=1029;https://www.legis.ga.gov/members/senate/4878?session=1031;https://www.senate.ga.gov/SENATORS/en-US/member.aspx?Member=4878&Session=27,https://ballotpedia.org/Larry_Walker_(Georgia);https://en.wikipedia.org/wiki/Larry_Walker_III;https://justfacts.votesmart.org/candidate/biography/157220/larry-walker-iii;https://webservices.legis.ga.gov/GGAServices/Members/Service.svc?wsdl;https://www.legis.ga.gov/api/members/detail/4878?session=1029&chamber=2;https://www.legis.ga.gov/api/members/detail/4878?session=1031&chamber=2;https://www.legis.ga.gov/api/members/list/1031;https://www.legis.ga.gov/members/senate/4878;https://www.legis.ga.gov/members/senate/4878?session=1029;https://www.linkedin.com/in/larry-walker-iii-97858994;https://www.senate.ga.gov/SENATORS/en-US/member.aspx?Member=4878&Session=27,,,,,,,,,,,
ocd-person/7767ee85-7961-45ba-adc2-c3606b1c39b8,Lauren McDonald,Republican,26,lower,Lauren,McDonald,Male,lauren.mcdonald@house.ga.gov,,1968-08-10,,https://www.legis.ga.gov/api/images/default-source/portraits/mcdonald-lauren-4992.jpg,https://www.legis.ga.gov/members/house;https://www.legis.ga.gov/members/house/4992;https://www.legis.ga.gov/members/house/4992?session=1029;https://www.legis.ga.gov/members/house/4992?session=1031,https://ballotpedia.org/Lauren_W._McDonald_III;https://en.wikipedia.org/wiki/Lauren_McDonald;https://justfacts.votesmart.org/candidate/biography/151410/lauren-mcdonald-iii;https://www.legis.ga.gov/api/members/detail/4992?session=1029&chamber=1;https://www.legis.ga.gov/api/members/detail/4992?session=1031&chamber=1;https://www.legis.ga.gov/api/members/list/1031;https://www.legis.ga.gov/members/house/4992;https://www.legis.ga.gov/members/house/4992?session=1029,,,,"4180 Creekwood Drive, Cumming, GA 30041",770-886-9899,,,,,,
ocd-person/e11cecf4-f2e5-49d9-ba9e-47681f779438,Lee Anderson,Republican,24,upper,Lee,Anderson,Male,lee.anderson@senate.ga.gov,,1957-01-06,,https://www.legis.ga.gov/api/images/default-source/portraits/anderson-lee-723.jpg,https://www.legis.ga.gov/members/senate;https://www.legis.ga.gov/members/senate/723;https://www.legis.ga.gov/members/senate/723?session=1029;https://www.legis.ga.gov/members/senate/723?session=1031;https://www.senate.ga.gov/SENATORS/en-US/member.aspx?Member=723&Session=27,https://ballotpedia.org/Lee_Anderson;https://en.wikipedia.org/wiki/Lee_Anderson_(American_politician);https://justfacts.votesmart.org/candidate/biography/84624/lee-anderson;https://webservices.legis.ga.gov/GGAServices/Members/Service.svc?wsdl;https://www.legis.ga.gov/api/members/detail/723?session=1029&chamber=2;https://www.legis.ga.gov/api/members/detail/723?session=1031&chamber=2;https://www.legis.ga.gov/api/members/list/1031;https://www.legis.ga.gov/members/senate/723;https://www.legis.ga.gov/members/senate/723?session=1029;https://www.senate.ga.gov/SENATORS/en-US/member.aspx?Member=723&Session=27,,,,"160 Louisville Road, Grovetown, GA 30813",,,,,,,
ocd-person/69493144-3e3e-49a8-9e1f-f9a948fd0ff3,Lee Hawkins,Republican,27,lower,Lee,Hawkins,Male,lee.hawkins@house.ga.gov,,,,https://www.legis.ga.gov/api/images/default-source/portraits/hawkins-lee-19.jpg,https://www.house.ga.gov/Representatives/en-US/member.aspx?Member=19&Session=27;https://www.legis.ga.gov/members/house;https://www.legis.ga.gov/members/house/19;https://www.legis.ga.gov/members/house/19?session=1029;https://www.legis.ga.gov/members/house/19?session=1031,https://ballotpedia.org/Lee_Hawkins;https://en.wikipedia.org/wiki/Lee_Hawkins;https://webservices.legis.ga.gov/GGAServices/Members/Service.svc?wsdl;https://www.house.ga.gov/Representatives/en-US/member.aspx?Member=19&Session=27;https://www.legis.ga.gov/api/members/detail/19?session=1029&chamber=1;https://www.legis.ga.gov/api/members/detail/19?session=1031&chamber=1;https://www.legis.ga.gov/api/members/list/1031;https://www.legis.ga.gov/members/house/19;https://www.legis.ga.gov/members/house/19?session=1029;https://www.linkedin.com/in/lee-hawkins-10514a15,,,,"Gainesville, GA",,,,,,,
ocd-person/df874c28-6403-42c1-9cbb-0855508cda85,Leesa Hagan,Republican,156,lower,Leesa,Hagan,Female,leesa.hagan@house.ga.gov,,,,https://www.legis.ga.gov/api/images/default-source/portraits/hagan-leesa-5010.jpg,https://www.legis.ga.gov/members/house;https://www.legis.ga.gov/members/house/5010;https://www.legis.ga.gov/members/house/5010?session=1031,https://ballotpedia.org/Leesa_Hagan;https://en.wikipedia.org/wiki/Leesa_Hagan;https://justfacts.votesmart.org/candidate/biography/196273/leesa-hagan;https://www.legis.ga.gov/api/members/detail/5010?session=1029&chamber=1;https://www.legis.ga.gov/api/members/detail/5010?session=1031&chamber=1;https://www.legis.ga.gov/api/members/list/1031;https://www.legis.ga.gov/members/house/5010;https://www.legis.ga.gov/members/house/5010?session=1029;https://www.linkedin.com/in/leesa-hagan,,,,,,,,,,,
ocd-person/6971bb34-9ea4-4bdc-971e-c1a2c5de344c,Lehman Franklin,Republican,160,lower,Lehman,Franklin,Male,lehman.franklin@house.ga.gov,,1975-01-31,,https://www.legis.ga.gov/api/images/default-source/portraits/franklin-lehman-5053.jpg,https://www.legis.ga.gov/members/house;https://www.legis.ga.gov/members/house/5053;https://www.legis.ga.gov/members/house/5053?session=1031,https://ballotpedia.org/Lehman_Franklin;https://en.wikipedia.org/wiki/Lehman_Franklin;https://justfacts.votesmart.org/candidate/biography/203514/lehman-franklin;https://www.legis.ga.gov/api/members/detail/5053?session=1031&chamber=1;https://www.legis.ga.gov/api/members/list/1031;https://www.legis.ga.gov/members/house/5053;https://www.linkedin.com/in/lehman-franklin-3103165,,,,,,,,,,,
ocd-person/3a23acfd-5ce6-4e47-b641-1efdab05bdca,Lisa Campbell,Democratic,35,lower,Lisa,Campbell,Female,lisa.campbell@house.ga.gov,,1968-07-29,,https://www.legis.ga.gov/api/images/default-source/portraits/campbell-lisa-5023.jpg,https://www.legis.ga.gov/members/house;https://www.legis.ga.gov/members/house/5023;https://www.legis.ga.gov/members/house/5023?session=1031,https://ballotpedia.org/Lisa_Campbell_(Georgia);https://en.wikipedia.org/wiki/Lisa_Campbell_(politician);https://justfacts.votesmart.org/candidate/biography/190211/lisa-campbell;https://www.legis.ga.gov/api/members/detail/5023?session=1031&chamber=1;https://www.legis.ga.gov/api/members/list/1031;https://www.legis.ga.gov/members/house/5023;https://www.linkedin.com/in/lisa-campbell-a804312,,,,"2001 Duncan Drive Unit #2281, Kennesaw, GA 30156",,,,,,,
ocd-person/7475f989-a4f9-4ac8-9188-26903a012d71,Long Tran,Democratic,80,lower,Long,Tran,Male,long.tran@house.ga.gov,,,,https://www.legis.ga.gov/api/images/default-source/portraits/tran-long-5034.jpg,https://www.legis.ga.gov/members/house;https://www.legis.ga.gov/members/house/5034;https://www.legis.ga.gov/members/house/5034?session=1031,https://ballotpedia.org/Long_Tran;https://en.wikipedia.org/wiki/Long_Tran;https://www.legis.ga.gov/api/members/detail/5034?session=1031&chamber=1;https://www.legis.ga.gov/api/members/list/1031;https://www.legis.ga.gov/members/house/5034;https://www.linkedin.com/in/long-tran-8a64566,,,,,,,,,,,
ocd-person/ee575d7a-b5a1-419c-949d-4aa9290a67a1,Lydia Glaize,Democratic,67,lower,Lydia,Glaize,Female,lydia.glaize@house.ga.gov,,,,https://www.legis.ga.gov/api/images/default-source/portraits/glaize-lydia-5031.jpg,https://www.legis.ga.gov/members/house;https://www.legis.ga.gov/members/house/5031;https://www.legis.ga.gov/members/house/5031?session=1031,https://ballotpedia.org/Lydia_Glaize;https://en.wikipedia.org/wiki/Lydia_Glaize;https://justfacts.votesmart.org/candidate/biography/203425/lydia-glaize;https://www.legis.ga.gov/api/members/detail/5031?session=1031&chamber=1;https://www.legis.ga.gov/api/members/list/1031;https://www.legis.ga.gov/members/house/5031;https://www.linkedin.com/in/lydia-glaize-214a9212b,,,,,,,,,,,
ocd-person/945875f7-f3c5-4c75-acd6-a195a0f76b12,Lynn Smith,Republican,70,lower,Lynn,Smith,Female,lynn.smith@house.ga.gov,,1945-08-30,,https://www.legis.ga.gov/api/images/default-source/portraits/smith-lynn-212.jpg,https://www.house.ga.gov/Representatives/en-US/member.aspx?Member=212&Session=27;https://www.legis.ga.gov/members/house;https://www.legis.ga.gov/members/house/212;https://www.legis.ga.gov/members/house/212?session=1029;https://www.legis.ga.gov/members/house/212?session=1031,https://ballotpedia.org/Lynn_Smith_(Georgia);https://justfacts.votesmart.org/candidate/biography/11780/lynn-smith;https://webservices.legis.ga.gov/GGAServices/Members/Service.svc?wsdl;https://www.house.ga.gov/Representatives/en-US/member.aspx?Member=212&Session=27;https://www.legis.ga.gov/api/members/detail/212?session=1029&chamber=1;https://www.legis.ga.gov/api/members/detail/212?session=1031&chamber=1;https://www.legis.ga.gov/api/members/list/1031;https://www.legis.ga.gov/members/house/212;https://www.legis.ga.gov/members/house/212?session=1029,,,,"8 Evergreen Drive, Newnan, GA 30263",,,,,,,
ocd-person/8e209d95-2333-4aa2-a628-1bdcec0674f5,Mack Jackson,Democratic,128,lower,Mack,Jackson,Male,mack.jackson@house.ga.gov,,1951-07-15,,https://www.legis.ga.gov/api/images/default-source/portraits/jackson-mack-738.jpg,https://www.house.ga.gov/Representatives/en-US/member.aspx?Member=738&Session=27;https://www.legis.ga.gov/members/house;https://www.legis.ga.gov/members/house/738;https://www.legis.ga.gov/members/house/738?session=1029;https://www.legis.ga.gov/members/house/738?session=1031,https://ballotpedia.org/Mack_Jackson;https://en.wikipedia.org/wiki/Mack_Jackson;https://justfacts.votesmart.org/candidate/biography/105230/mack-jackson-jr;https://webservices.legis.ga.gov/GGAServices/Members/Service.svc?wsdl;https://www.house.ga.gov/Representatives/en-US/member.aspx?Member=738&Session=27;https://www.legis.ga.gov/api/members/detail/738?session=1029&chamber=1;https://www.legis.ga.gov/api/members/detail/738?session=1031&chamber=1;https://www.legis.ga.gov/api/members/list/1031;https://www.legis.ga.gov/members/house/738;https://www.legis.ga.gov/members/house/738?session=1029;https://www.linkedin.com/in/mack-jackson-b109b527,,,,"733 Evelyn St., Sandersville, GA 31082",,,,,,,
ocd-person/5e12fb82-1f69-46df-9ac5-a09ce51dd95b,Mark Newton,Republican,127,lower,Mark,Newton,Male,mark.newton@house.ga.gov,,1960-03-17,,https://www.legis.ga.gov/api/images/default-source/portraits/newton-mark-4902.jpg,https://www.house.ga.gov/Representatives/en-US/member.aspx?Member=4902&Session=27;https://www.legis.ga.gov/members/house;https://www.legis.ga.gov/members/house/4902;https://www.legis.ga.gov/members/house/4902?session=1029;https://www.legis.ga.gov/members/house/4902?session=1031,https://ballotpedia.org/Mark_Newton;https://en.wikipedia.org/wiki/Mark_Newton;https://en.wikipedia.org/wiki/Mark_Newton_(politician);https://justfacts.votesmart.org/candidate/biography/168368/mark-newton;https://webservices.legis.ga.gov/GGAServices/Members/Service.svc?wsdl;https://www.house.ga.gov/Representatives/en-US/member.aspx?Member=4902&Session=27;https://www.legis.ga.gov/api/members/detail/4902?session=1029&chamber=1;https://www.legis.ga.gov/api/members/detail/4902?session=1031&chamber=1;https://www.legis.ga.gov/api/members/list/1031;https://www.legis.ga.gov/members/house/4902;https://www.legis.ga.gov/members/house/4902?session=1029;https://www.linkedin.com/in/w-mark-newton-3aa45b79,,,,"Augusta, GA",,,,,,,
ocd-person/6552dd8d-1020-4bbb-abfc-88975573ebd4,Martin Momtahan,Republican,17,lower,Martin,Momtahan,Male,martin.momtahan@house.ga.gov,,1989-03-31,,https://www.legis.ga.gov/api/images/default-source/portraits/momtahan-martin-4935.jpg,https://www.house.ga.gov/Representatives/en-US/member.aspx?Member=4935&Session=27;https://www.legis.ga.gov/members/house;https://www.legis.ga.gov/members/house/4935;https://www.legis.ga.gov/members/house/4935?session=1029;https://www.legis.ga.gov/members/house/4935?session=1031,https://ballotpedia.org/Martin_Momtahan;https://en.wikipedia.org/wiki/Martin_Momtahan;https://justfacts.votesmart.org/candidate/biography/178720/martin-momtahan;https://webservices.legis.ga.gov/GGAServices/Members/Service.svc?wsdl;https://www.house.ga.gov/Representatives/en-US/member.aspx?Member=4935&Session=27;https://www.legis.ga.gov/api/members/detail/4935?session=1029&chamber=1;https://www.legis.ga.gov/api/members/detail/4935?session=1031&chamber=1;https://www.legis.ga.gov/api/members/list/1031;https://www.legis.ga.gov/members/house/4935;https://www.legis.ga.gov/members/house/4935?session=1029;https://www.linkedin.com/in/martin-momtahan-9411b228,,,,"105 Village Walk Suite 278, Dallas, GA 30132",,,,,,,
ocd-person/078246e9-90b8-43aa-bb92-d7016f517b8e,Marty Harbin,Republican,16,upper,Marty,Harbin,Male,marty.harbin@senate.ga.gov,,1955-04-02,,https://www.legis.ga.gov/api/images/default-source/portraits/harbin-marty-850.jpg,https://www.legis.ga.gov/members/senate;https://www.legis.ga.gov/members/senate/850;https://www.legis.ga.gov/members/senate/850?session=1029;https://www.legis.ga.gov/members/senate/850?session=1031;https://www.senate.ga.gov/SENATORS/en-US/member.aspx?Member=850&Session=27,https://ballotpedia.org/Marty_Harbin;https://en.wikipedia.org/wiki/Marty_Harbin;https://justfacts.votesmart.org/candidate/biography/151370/marty-harbin-jr;https://webservices.legis.ga.gov/GGAServices/Members/Service.svc?wsdl;https://www.legis.ga.gov/api/members/detail/850?session=1029&chamber=2;https://www.legis.ga.gov/api/members/detail/850?session=1031&chamber=2;https://www.legis.ga.gov/api/members/list/1031;https://www.legis.ga.gov/members/senate/850;https://www.legis.ga.gov/members/senate/850?session=1029;https://www.linkedin.com/in/marty-harbin-2a30736;https://www.senate.ga.gov/SENATORS/en-US/member.aspx?Member=850&Session=27,,,,"215 Greencastle Road, Tyrone, GA 30290",404-656-0078,,,,,,
ocd-person/9531d502-440c-48db-83c4-70dfbe9a9ea1,Marvin Lim,Democratic,98,lower,Marvin,Lim,Male,marvin.lim@house.ga.gov,,1984-04-07,,https://www.legis.ga.gov/api/images/default-source/portraits/lim-marvin-4999.jpg,https://www.legis.ga.gov/members/house;https://www.legis.ga.gov/members/house/4999;https://www.legis.ga.gov/members/house/4999?session=1029;https://www.legis.ga.gov/members/house/4999?session=1031,https://ballotpedia.org/Marvin_Lim;https://en.wikipedia.org/wiki/Marvin_Lim;https://justfacts.votesmart.org/candidate/biography/190276/marvin-lim;https://www.legis.ga.gov/api/members/detail/4999?session=1029&chamber=1;https://www.legis.ga.gov/api/members/detail/4999?session=1031&chamber=1;https://www.legis.ga.gov/api/members/list/1031;https://www.legis.ga.gov/members/house/4999;https://www.legis.ga.gov/members/house/4999?session=1029;https://www.linkedin.com/in/marvin-lim-ga,,,,,,,,,,,
ocd-person/7deae3f1-5548-4afe-9018-e8112945fd8d,Mary Ann Santos,Democratic,117,lower,Mary Ann,Santos,Female,maryann.santos@house.ga.gov,,,,"https://img1.wsimg.com/isteam/ip/d3c0c01c-397b-4334-bf90-8a34a01abd0f/IMG_7488-2b31e45.jpeg/:/cr=t:0%25,l:6.58%25,w:86.84%25,h:100%25/rs=w:355,h:355,cg:true",https://www.legis.ga.gov/members/house/5078,https://ballotpedia.org/Mary_Ann_Santos;https://en.wikipedia.org/wiki/Mary_Ann_Santos;https://justfacts.votesmart.org/candidate/biography/215292/mary-santos;https://www.legis.ga.gov/members/house/5078;https://www.linkedin.com/in/mary-ann-santos,,,,"922 Highway 81 East Suite 224, McDonough, GA 30252",,,,,,,
ocd-person/4aec761f-5117-4f43-a487-9d77418f0bfa,Mary Frances Williams,Democratic,37,lower,Mary Frances,Williams,Female,maryfrances.williams@house.ga.gov,,1955-06-26,,https://www.legis.ga.gov/api/images/default-source/portraits/williams-mary-frances-4938.jpg,https://www.house.ga.gov/Representatives/en-US/member.aspx?Member=4938&Session=27;https://www.legis.ga.gov/members/house;https://www.legis.ga.gov/members/house/4938;https://www.legis.ga.gov/members/house/4938?session=1029;https://www.legis.ga.gov/members/house/4938?session=1031,https://ballotpedia.org/Mary_Frances_Williams;https://en.wikipedia.org/wiki/Mary_Frances_Williams;https://justfacts.votesmart.org/candidate/biography/178744/mary-williams;https://webservices.legis.ga.gov/GGAServices/Members/Service.svc?wsdl;https://www.house.ga.gov/Representatives/en-US/member.aspx?Member=4938&Session=27;https://www.legis.ga.gov/api/members/detail/4938?session=1029&chamber=1;https://www.legis.ga.gov/api/members/detail/4938?session=1031&chamber=1;https://www.legis.ga.gov/api/members/list/1031;https://www.legis.ga.gov/members/house/4938;https://www.legis.ga.gov/members/house/4938?session=1029;https://www.linkedin.com/in/maryfranceswilliams,,,,,,,,,,,
ocd-person/e6ca1b23-0972-4df6-ab04-6186cf9da814,Mary Margaret Oliver,Democratic,84,lower,Mary Margaret,Oliver,Female,mary.oliver@house.ga.gov,,1948-03-07,,https://www.legis.ga.gov/api/images/default-source/portraits/oliver-mary-margaret-181.jpg,https://www.legis.ga.gov/members/house;https://www.legis.ga.gov/members/house/181;https://www.legis.ga.gov/members/house/181?session=1029;https://www.legis.ga.gov/members/house/181?session=1031,https://ballotpedia.org/Mary_Margaret_Oliver;https://en.wikipedia.org/wiki/Mary_Margaret_Oliver;https://justfacts.votesmart.org/candidate/biography/7820/mary-margaret-oliver;https://www.legis.ga.gov/api/members/detail/181?session=1029&chamber=1;https://www.legis.ga.gov/api/members/detail/181?session=1031&chamber=1;https://www.legis.ga.gov/api/members/list/1031;https://www.legis.ga.gov/members/house/181;https://www.legis.ga.gov/members/house/181?session=1029,,,,"150 E. Ponce de Leon Ave. Suite 260, Decatur, GA 30030",404-377-0485,,,,,,
ocd-person/9103b29e-964b-4637-9304-0e73216d7796,Matt Barton,Republican,5,lower,Matt,Barton,Male,matt.barton@house.ga.gov,,1972-04-28,,https://www.legis.ga.gov/api/images/default-source/portraits/barton-matt-4966.jpg,https://www.house.ga.gov/Representatives/en-US/member.aspx?Member=4966&Session=27;https://www.legis.ga.gov/members/house;https://www.legis.ga.gov/members/house/4966;https://www.legis.ga.gov/members/house/4966?session=1029;https://www.legis.ga.gov/members/house/4966?session=1031,https://ballotpedia.org/Matt_Barton;https://en.wikipedia.org/wiki/Matt_Barton_(politician);https://justfacts.votesmart.org/candidate/biography/185940/matt-barton;https://webservices.legis.ga.gov/GGAServices/Members/Service.svc?wsdl;https://www.house.ga.gov/Representatives/en-US/member.aspx?Member=4966&Session=27;https://www.legis.ga.gov/api/members/detail/4966?session=1029&chamber=1;https://www.legis.ga.gov/api/members/detail/4966?session=1031&chamber=1;https://www.legis.ga.gov/api/members/list/1031;https://www.legis.ga.gov/members/house/4966;https://www.legis.ga.gov/members/house/4966?session=1029,,,,,,,,,,,
ocd-person/81b84318-8c9f-467f-a7c1-776d9c415f51,Matt Brass,Republican,6,upper,Matt,Brass,Male,matt.brass@senate.ga.gov,,1978-01-19,,https://www.legis.ga.gov/api/images/default-source/portraits/brass-matt-4907.jpg,https://www.legis.ga.gov/members/senate;https://www.legis.ga.gov/members/senate/4907;https://www.legis.ga.gov/members/senate/4907?session=1029;https://www.legis.ga.gov/members/senate/4907?session=1031;https://www.senate.ga.gov/SENATORS/en-US/member.aspx?Member=4907&Session=27,https://ballotpedia.org/Matt_Brass;https://en.wikipedia.org/wiki/Matt_Brass;https://justfacts.votesmart.org/candidate/biography/168481/matt-brass;https://webservices.legis.ga.gov/GGAServices/Members/Service.svc?wsdl;https://www.legis.ga.gov/api/members/detail/4907?session=1029&chamber=2;https://www.legis.ga.gov/api/members/detail/4907?session=1031&chamber=2;https://www.legis.ga.gov/api/members/list/1031;https://www.legis.ga.gov/members/senate/4907;https://www.legis.ga.gov/members/senate/4907?session=1029;https://www.linkedin.com/in/matthew-brass-68486b82;https://www.senate.ga.gov/SENATORS/en-US/member.aspx?Member=4907&Session=27,,,,,,,,,,,
ocd-person/99f0a2a7-8817-4756-a40e-575e259890e7,Matt Dubnik,Republican,29,lower,Matt,Dubnik,Male,matt.dubnik@house.ga.gov,,1981-03-30,,https://www.legis.ga.gov/api/images/default-source/portraits/dubnik-matt-4886.jpg,https://www.house.ga.gov/Representatives/en-US/member.aspx?Member=4886&Session=27;https://www.legis.ga.gov/members/house;https://www.legis.ga.gov/members/house/4886;https://www.legis.ga.gov/members/house/4886?session=1029;https://www.legis.ga.gov/members/house/4886?session=1031,https://ballotpedia.org/Matt_Dubnik;https://en.wikipedia.org/wiki/Matt_Dubnik;https://justfacts.votesmart.org/candidate/biography/168220/matt-dubnik;https://webservices.legis.ga.gov/GGAServices/Members/Service.svc?wsdl;https://www.forumspeaks.com/team/matt-dubnik;https://www.house.ga.gov/Representatives/en-US/member.aspx?Member=4886&Session=27;https://www.legis.ga.gov/api/members/detail/4886?session=1029&chamber=1;https://www.legis.ga.gov/api/members/detail/4886?session=1031&chamber=1;https://www.legis.ga.gov/api/members/list/1031;https://www.legis.ga.gov/members/house/4886;https://www.legis.ga.gov/members/house/4886?session=1029;https://www.linkedin.com/in/mdubnik,,,,"Gainesville, GA",,,,,,,
ocd-person/c81779f3-65bf-4714-b295-79cac3b0da28,Matt Hatchett,Republican,155,lower,Matt,Hatchett,Male,matt.hatchett@house.ga.gov,,1966-04-12,,https://www.legis.ga.gov/api/images/default-source/portraits/hatchett-matt-781.jpg,https://www.house.ga.gov/Representatives/en-US/member.aspx?Member=781&Session=27;https://www.legis.ga.gov/members/house;https://www.legis.ga.gov/members/house/781;https://www.legis.ga.gov/members/house/781?session=1029;https://www.legis.ga.gov/members/house/781?session=1031,https://ballotpedia.org/Matt_Hatchett;https://en.wikipedia.org/wiki/Matt_Hatchett;https://justfacts.votesmart.org/candidate/biography/122896/matt-hatchett;https://webservices.legis.ga.gov/GGAServices/Members/Service.svc?wsdl;https://www.house.ga.gov/Representatives/en-US/member.aspx?Member=781&Session=27;https://www.legis.ga.gov/api/members/detail/781?session=1029&chamber=1;https://www.legis.ga.gov/api/members/detail/781?session=1031&chamber=1;https://www.legis.ga.gov/api/members/list/1031;https://www.legis.ga.gov/members/house/781;https://www.legis.ga.gov/members/house/781?session=1029;https://www.linkedin.com/in/matt-hatchett-0ba22b9,,,,,,,,,,,
ocd-person/0f4f3c5a-1192-4ec1-9698-4aef005b4875,Matt Reeves,Republican,99,lower,Matt,Reeves,Male,matt.reeves@house.ga.gov,,,,https://www.legis.ga.gov/api/images/default-source/portraits/reeves-matt-5040.jpg,https://www.legis.ga.gov/members/house;https://www.legis.ga.gov/members/house/5040;https://www.legis.ga.gov/members/house/5040?session=1031,https://ballotpedia.org/Matt_Reeves;https://en.wikipedia.org/wiki/Matt_Reeves_(politician);https://justfacts.votesmart.org/candidate/178704/matt-reeves;https://www.atclawfirm.com/people/r-matthew-reeves;https://www.legis.ga.gov/api/members/detail/5040?session=1031&chamber=1;https://www.legis.ga.gov/api/members/list/1031;https://www.legis.ga.gov/members/house/5040,,,,"1960 Satellite Blvd. Suite 4000, Duluth, GA 30097",770-236-9768,,,,,,
ocd-person/909e9026-e549-494b-be99-e8562a389e0c,Matthew Gambill,Republican,15,lower,Matthew,Gambill,Male,matthew.gambill@house.ga.gov,,1981-02-27,,https://www.legis.ga.gov/api/images/default-source/portraits/gambill-matthew-4934.jpg,https://www.house.ga.gov/Representatives/en-US/member.aspx?Member=4934&Session=27;https://www.legis.ga.gov/members/house;https://www.legis.ga.gov/members/house/4934;https://www.legis.ga.gov/members/house/4934?session=1029;https://www.legis.ga.gov/members/house/4934?session=1031,https://ballotpedia.org/Matthew_Gambill;https://en.wikipedia.org/wiki/Matthew_Gambill;https://justfacts.votesmart.org/candidate/biography/178719/matthew-gambill;https://webservices.legis.ga.gov/GGAServices/Members/Service.svc?wsdl;https://www.house.ga.gov/Representatives/en-US/member.aspx?Member=4934&Session=27;https://www.legis.ga.gov/api/members/detail/4934?session=1029&chamber=1;https://www.legis.ga.gov/api/members/detail/4934?session=1031&chamber=1;https://www.legis.ga.gov/api/members/list/1031;https://www.legis.ga.gov/members/house/4934;https://www.legis.ga.gov/members/house/4934?session=1029;https://www.linkedin.com/in/matthew-gambill-64929726,,,,,,,,,,,
ocd-person/918888ac-edc7-4178-9133-d058f0f21010,Max Burns,Republican,23,upper,Max,Burns,Male,max.burns@senate.ga.gov,,1948-11-08,,,https://www.legis.ga.gov/members/senate;https://www.legis.ga.gov/members/senate/4979;https://www.legis.ga.gov/members/senate/4979?session=1029;https://www.legis.ga.gov/members/senate/4979?session=1031,https://ballotpedia.org/Max_Burns;https://en.wikipedia.org/wiki/Max_Burns;https://justfacts.votesmart.org/candidate/biography/32069/max-burns;https://www.legis.ga.gov/api/members/detail/4979?session=1029&chamber=2;https://www.legis.ga.gov/api/members/detail/4979?session=1031&chamber=2;https://www.legis.ga.gov/api/members/list/1031;https://www.legis.ga.gov/members/senate/4979;https://www.legis.ga.gov/members/senate/4979?session=1029;https://www.linkedin.com/in/max-burns-56980a9,,,,,,,,,,,
ocd-person/f0af2586-d535-4e44-bcaa-65239f9390b1,Mekyah McQueen,Democratic,61,lower,Mekyah,McQueen,Female,mekyah.mcqueen@house.ga.gov,,1979-03-20,,"https://static.wixstatic.com/media/a3388b_311f34c52195445d89b52eadd1384ad8~mv2.png/v1/fill/w_640,h_838,al_c,q_90,usm_0.66_1.00_0.01,enc_auto/a3388b_311f34c52195445d89b52eadd1384ad8~mv2.png",https://www.legis.ga.gov/members/house/5070,https://ballotpedia.org/Mekyah_McQueen;https://en.wikipedia.org/wiki/Mekyah_McQueen;https://justfacts.votesmart.org/candidate/biography/215237/mekyah-mcqueen;https://www.legis.ga.gov/members/house/5070;https://www.linkedin.com/in/mekyahmcqueen,,,,"2451 Cumberland Parkway Suite 3359, Atlanta, GA 30339",,,,,,,
ocd-person/efb9168c-b45a-4f43-bba5-d6f05e7d9cbe,Doc Rhett,Democratic,33,upper,Doc,Rhett,Male,michael.rhett@senate.ga.gov,,1956-12-30,,https://www.legis.ga.gov/api/images/default-source/portraits/rhett-michael--doc--855.jpg,https://www.legis.ga.gov/members/senate;https://www.legis.ga.gov/members/senate/855;https://www.legis.ga.gov/members/senate/855?session=1029;https://www.legis.ga.gov/members/senate/855?session=1031;https://www.senate.ga.gov/SENATORS/en-US/member.aspx?Member=855&Session=27,https://ballotpedia.org/Michael_A._Rhett;https://en.wikipedia.org/wiki/Michael_Rhett;https://webservices.legis.ga.gov/GGAServices/Members/Service.svc?wsdl;https://www.drmichaelrhett.com;https://www.legis.ga.gov/api/members/detail/855?session=1029&chamber=2;https://www.legis.ga.gov/api/members/detail/855?session=1031&chamber=2;https://www.legis.ga.gov/api/members/list/1031;https://www.legis.ga.gov/members/senate/855;https://www.legis.ga.gov/members/senate/855?session=1029;https://www.legis.ga.gov/members/senate/855?session=1031;https://www.linkedin.com/in/senator-dr-michael-rhett-5272b850;https://www.senate.ga.gov/SENATORS/en-US/member.aspx?Member=855&Session=27,,,,,,,,,,,
ocd-person/68185f1d-fa54-4571-b305-fcd6c7dc024e,Michael Smith,Democratic,41,lower,Michael,Smith,Male,michael.smith@house.ga.gov,,,,https://www.legis.ga.gov/api/images/default-source/portraits/smith-michael-832.jpg,https://www.house.ga.gov/Representatives/en-US/member.aspx?Member=832&Session=27;https://www.legis.ga.gov/members/house;https://www.legis.ga.gov/members/house/832;https://www.legis.ga.gov/members/house/832?session=1029;https://www.legis.ga.gov/members/house/832?session=1031,https://ballotpedia.org/Michael_Smith_(Georgia_state_representative);https://en.wikipedia.org/wiki/Michael_Smith_(Georgia_politician);https://justfacts.votesmart.org/candidate/biography/105161/michael-smith-ii;https://webservices.legis.ga.gov/GGAServices/Members/Service.svc?wsdl;https://www.house.ga.gov/Representatives/en-US/member.aspx?Member=832&Session=27;https://www.legis.ga.gov/api/members/detail/832?session=1029&chamber=1;https://www.legis.ga.gov/api/members/detail/832?session=1031&chamber=1;https://www.legis.ga.gov/api/members/list/1031;https://www.legis.ga.gov/members/house/832;https://www.legis.ga.gov/members/house/832?session=1029;https://www.linkedin.com/in/michael-smith-65849463,,,,"2162 Caneridge Drive, Marietta, GA 30064",404-652-9227,,,,,,
ocd-person/48b46caf-d38e-46ab-96ff-c268e23a7d76,Michelle Au,Democratic,50,lower,Michelle,Au,Female,michelle.au@house.ga.gov,,1978-06-21,,https://www.legis.ga.gov/api/images/default-source/portraits/au-michelle-4983.jpg,https://www.legis.ga.gov/members/house;https://www.legis.ga.gov/members/house/4983;https://www.legis.ga.gov/members/house/4983?session=1031;https://www.legis.ga.gov/members/senate/4983?session=1029,https://ballotpedia.org/Michelle_Au;https://en.wikipedia.org/wiki/Michelle_Au;https://justfacts.votesmart.org/candidate/biography/190185/michelle-au;https://www.legis.ga.gov/api/members/detail/4983?session=1029&chamber=2;https://www.legis.ga.gov/api/members/detail/4983?session=1031&chamber=1;https://www.legis.ga.gov/api/members/list/1031;https://www.legis.ga.gov/members/house/4983;https://www.legis.ga.gov/members/senate/4983?session=1029;https://www.linkedin.com/in/michelleaumd,,,,"5805 State Bridge Road Suite G238, Johns Creek, GA 30097",,,,,,,
ocd-person/f4f9be12-5d7c-4fae-8b7b-9e9d19d2282f,Mike Cameron,Republican,1,lower,Mike,Cameron,Male,mike.cameron@house.ga.gov,,1959-07-21,,https://www.legis.ga.gov/api/images/default-source/portraits/cameron-mike-4986.jpg,https://www.legis.ga.gov/members/house;https://www.legis.ga.gov/members/house/4986;https://www.legis.ga.gov/members/house/4986?session=1029;https://www.legis.ga.gov/members/house/4986?session=1031,https://ballotpedia.org/Mike_Cameron;https://en.wikipedia.org/wiki/Mike_Cameron_(politician);https://www.legis.ga.gov/api/members/detail/4986?session=1029&chamber=1;https://www.legis.ga.gov/api/members/detail/4986?session=1031&chamber=1;https://www.legis.ga.gov/api/members/list/1031;https://www.legis.ga.gov/members/house/4986;https://www.legis.ga.gov/members/house/4986?session=1029;https://www.linkedin.com/in/mike-cameron-a6530483,,,,"1100 S. Crest Road, Rossville, GA 30741",,,,,,,
ocd-person/1831cc73-e694-4cea-83a4-b55c3495f76a,Mike Cheokas,Republican,151,lower,Mike,Cheokas,Male,mike.cheokas@house.ga.gov,,1953-05-27,,https://www.legis.ga.gov/api/images/default-source/portraits/cheokas-mike-81.jpg,https://www.house.ga.gov/Representatives/en-US/member.aspx?Member=81&Session=27;https://www.legis.ga.gov/members/house;https://www.legis.ga.gov/members/house/81;https://www.legis.ga.gov/members/house/81?session=1029;https://www.legis.ga.gov/members/house/81?session=1031,https://ballotpedia.org/Mike_Cheokas;https://en.wikipedia.org/wiki/Mike_Cheokas;https://justfacts.votesmart.org/candidate/biography/31576/mike-cheokas;https://webservices.legis.ga.gov/GGAServices/Members/Service.svc?wsdl;https://www.house.ga.gov/Representatives/en-US/member.aspx?Member=81&Session=27;https://www.legis.ga.gov/api/members/detail/81?session=1029&chamber=1;https://www.legis.ga.gov/api/members/detail/81?session=1031&chamber=1;https://www.legis.ga.gov/api/members/list/1031;https://www.legis.ga.gov/members/house/81;https://www.legis.ga.gov/members/house/81?session=1029,,,,,,,,,,,
ocd-person/011995be-4dd0-43b2-ae75-57ae45f53576,Mike Hodges,Republican,3,upper,Mike,Hodges,Male,mike.hodges@senate.ga.gov,,,,https://www.legis.ga.gov/api/images/default-source/portraits/hodges-mike-5013.jpg,https://www.legis.ga.gov/members/senate;https://www.legis.ga.gov/members/senate/5013;https://www.legis.ga.gov/members/senate/5013?session=1031;https://www.legis.ga.gov/members/senate/5013?session=1032,https://ballotpedia.org/Mike_Hodges;https://en.wikipedia.org/wiki/Mike_Hodges_(politician);https://justfacts.votesmart.org/candidate/biography/203298/mike-hodges;https://www.legis.ga.gov/api/members/detail/5013?session=1031&chamber=2;https://www.legis.ga.gov/api/members/list/1031;https://www.legis.ga.gov/members/senate/5013;https://www.legis.ga.gov/members/senate/5013?session=1031;https://www.linkedin.com/in/michael-d-hodges-176929111,,,,"3410 Cypress Mill Road Box 101, Brunswick, GA 31525",912-464-1989,,,,,,
ocd-person/bad14891-c7bc-4ac4-b23a-fb5ae3878d67,Miriam Paris,Democratic,142,lower,Miriam,Paris,Female,miriam.paris@house.ga.gov,,1960-06-30,,https://www.legis.ga.gov/api/images/default-source/portraits/paris-miriam-794.jpg,https://www.house.ga.gov/Representatives/en-US/member.aspx?Member=794&Session=27;https://www.legis.ga.gov/members/house;https://www.legis.ga.gov/members/house/794;https://www.legis.ga.gov/members/house/794?session=1029;https://www.legis.ga.gov/members/house/794?session=1031,https://ballotpedia.org/Miriam_Paris;https://en.wikipedia.org/wiki/Miriam_Paris;https://justfacts.votesmart.org/candidate/biography/72142/miriam-paris;https://webservices.legis.ga.gov/GGAServices/Members/Service.svc?wsdl;https://www.house.ga.gov/Representatives/en-US/member.aspx?Member=794&Session=27;https://www.legis.ga.gov/api/members/detail/794?session=1029&chamber=1;https://www.legis.ga.gov/api/members/detail/794?session=1031&chamber=1;https://www.legis.ga.gov/api/members/list/1031;https://www.legis.ga.gov/members/house/794;https://www.legis.ga.gov/members/house/794?session=1029;https://www.linkedin.com/in/miriam-paris-57822b131,,,,,,,,,,,
ocd-person/c4c6c741-0cb4-4179-b46d-9983421b8fdd,Mitchell Horner,Republican,3,lower,Mitchell,Horner,Male,mitchell.horner@house.ga.gov,,1994-05-04,,https://www.legis.ga.gov/api/images/default-source/portraits/horner-mitchell-5018.jpg,https://www.legis.ga.gov/members/house;https://www.legis.ga.gov/members/house/5018;https://www.legis.ga.gov/members/house/5018?session=1031,https://ballotpedia.org/Mitchell_Horner;https://en.wikipedia.org/wiki/Mitchell_Horner;https://justfacts.votesmart.org/candidate/biography/203358/mitchell-horner;https://www.legis.ga.gov/api/members/detail/5018?session=1031&chamber=1;https://www.legis.ga.gov/api/members/list/1031;https://www.legis.ga.gov/members/house/5018,,,,,,,,,,,
ocd-person/7ac30a66-1649-4a8c-a72f-a4b9a7ab1534,Mitchell Scoggins,Republican,14,lower,Mitchell,Scoggins,Male,mitchell.scoggins@house.ga.gov,,1955-11-06,,https://www.legis.ga.gov/api/images/default-source/portraits/scoggins-mitchell-4964.jpg,https://www.house.ga.gov/Representatives/en-US/member.aspx?Member=4964&Session=27;https://www.legis.ga.gov/members/house;https://www.legis.ga.gov/members/house/4964;https://www.legis.ga.gov/members/house/4964?session=1029;https://www.legis.ga.gov/members/house/4964?session=1031,https://ballotpedia.org/Mitchell_Scoggins;https://en.wikipedia.org/wiki/Mitchell_Scoggins;https://justfacts.votesmart.org/candidate/biography/185909/mitchell-scoggins;https://webservices.legis.ga.gov/GGAServices/Members/Service.svc?wsdl;https://www.house.ga.gov/Representatives/en-US/member.aspx?Member=4964&Session=27;https://www.legis.ga.gov/api/members/detail/4964?session=1029&chamber=1;https://www.legis.ga.gov/api/members/detail/4964?session=1031&chamber=1;https://www.legis.ga.gov/api/members/list/1031;https://www.legis.ga.gov/members/house/4964;https://www.legis.ga.gov/members/house/4964?session=1029;https://www.linkedin.com/in/mitchell-scoggins-19027ab4,,,,,,,,,,,
ocd-person/bf2c1ec5-d995-4605-85ac-139adb037d99,Nan Orrock,Democratic,36,upper,Nan,Orrock,Female,nan.orrock@senate.ga.gov,,1943-11-08,,https://www.legis.ga.gov/api/images/default-source/portraits/orrock-nan-33.jpg,https://www.legis.ga.gov/members/senate;https://www.legis.ga.gov/members/senate/33;https://www.legis.ga.gov/members/senate/33?session=1029;https://www.legis.ga.gov/members/senate/33?session=1031;https://www.senate.ga.gov/SENATORS/en-US/member.aspx?Member=33&Session=27,https://ballotpedia.org/Nan_Orrock;https://en.wikipedia.org/wiki/Nan_Grogan_Orrock;https://justfacts.votesmart.org/candidate/biography/7940/nan-orrock;https://webservices.legis.ga.gov/GGAServices/Members/Service.svc?wsdl;https://www.legis.ga.gov/api/members/detail/33?session=1029&chamber=2;https://www.legis.ga.gov/api/members/detail/33?session=1031&chamber=2;https://www.legis.ga.gov/api/members/list/1031;https://www.legis.ga.gov/members/senate/33;https://www.legis.ga.gov/members/senate/33?session=1029;https://www.linkedin.com/in/nan-grogan-orrock-2b30487;https://www.senate.ga.gov/SENATORS/en-US/member.aspx?Member=33&Session=27,,,,"1070 Delaware Ave. SE, Atlanta, GA 30316",404-524-5999,,,,,,
ocd-person/57ad1f65-9969-4be2-b262-684bf53123fb,Nikki Merritt,Democratic,9,upper,Nikki,Merritt,Female,nikki.merritt@senate.ga.gov,,1972-02-09,,https://www.legis.ga.gov/api/images/default-source/portraits/merritt-nikki-4978.jpg,https://www.legis.ga.gov/members/senate;https://www.legis.ga.gov/members/senate/4978;https://www.legis.ga.gov/members/senate/4978?session=1029;https://www.legis.ga.gov/members/senate/4978?session=1031,https://ballotpedia.org/Nikki_Merritt;https://en.wikipedia.org/wiki/Nikki_Merritt;https://justfacts.votesmart.org/candidate/biography/190132/nikki-merritt;https://www.legis.ga.gov/api/members/detail/4978?session=1029&chamber=2;https://www.legis.ga.gov/api/members/detail/4978?session=1031&chamber=2;https://www.legis.ga.gov/api/members/list/1031;https://www.legis.ga.gov/members/senate/4978;https://www.legis.ga.gov/members/senate/4978?session=1029;https://www.legis.ga.gov/members/senate/4978?session=1031;https://www.linkedin.com/in/nikki-merritt-46245a106,,,,"1911 Grayson Highway Suite 8367, Grayson, GA 30017",,,,,,,
ocd-person/55074030-4d64-4da0-b68a-5e3945d00f25,Nissa Jones,Democratic,143,lower,Nissa,Jones,Female,anissa.jones@house.ga.gov,,1971-07-11,,https://s3.amazonaws.com/ballotpedia-api4/files/thumbs/200/300/AnissaJones2024.jpg,https://www.legis.ga.gov/members/house/5081;https://www.legis.ga.gov/members/house/5081?session=1033,https://ballotpedia.org/Anissa_Jones;https://en.wikipedia.org/wiki/Anissa_Jones_(politician);https://justfacts.votesmart.org/candidate/biography/215269/anissa-jones;https://www.legis.ga.gov/api/document/docs/default-source/bios/jones-anissa-5081.pdf;https://www.legis.ga.gov/members/house/5081;https://www.legis.ga.gov/members/house/5081?session=1033;https://www.linkedin.com/in/drnissadc,,,,,,,,,,,
ocd-person/3252da04-a17e-4298-b19d-9dd2fbf29ded,Noel Williams,Republican,148,lower,Noel,Williams,Male,noel.williams@house.ga.gov,,1972-01-23,,https://www.legis.ga.gov/api/images/default-source/portraits/williams--jr-noel-4960.jpg,https://www.house.ga.gov/Representatives/en-US/member.aspx?Member=4960&Session=27;https://www.legis.ga.gov/members/house;https://www.legis.ga.gov/members/house/4960;https://www.legis.ga.gov/members/house/4960?session=1029;https://www.legis.ga.gov/members/house/4960?session=1031,https://ballotpedia.org/Noel_Williams_Jr.;https://en.wikipedia.org/wiki/Noel_Williams_Jr.;https://justfacts.votesmart.org/candidate/biography/178980/noel-williams-jr;https://webservices.legis.ga.gov/GGAServices/Members/Service.svc?wsdl;https://www.house.ga.gov/Representatives/en-US/member.aspx?Member=4960&Session=27;https://www.legis.ga.gov/api/members/detail/4960?session=1029&chamber=1;https://www.legis.ga.gov/api/members/detail/4960?session=1031&chamber=1;https://www.legis.ga.gov/api/members/list/1031;https://www.legis.ga.gov/members/house/4960;https://www.legis.ga.gov/members/house/4960?session=1029,,,,"1308 Ogburn Road, Cordele, GA 31015",,,,,,,
ocd-person/fdf78e39-985f-48c3-8ed3-ccf15946871f,Noelle Kahaian,Republican,81,lower,Noelle,Kahaian,Female,noelle.kahaian@house.ga.gov,,,,https://s3.amazonaws.com/ballotpedia-api4/files/thumbs/200/300/nkahaian.jpg,https://www.legis.ga.gov/members/house/5075,https://ballotpedia.org/Noelle_Kahaian;https://en.wikipedia.org/wiki/Noelle_Kahaian;https://justfacts.votesmart.org/candidate/biography/203484/noelle-kahaian;https://www.legis.ga.gov/members/house/5075,,,,,,,,,,,
ocd-person/dbb81f07-2181-48dd-b383-19870e08d4fd,Omari Crawford,Democratic,89,lower,Omari,Crawford,Male,omari.crawford@house.ga.gov,,1986-03-10,,https://www.legis.ga.gov/api/images/default-source/portraits/crawford-omari-5036.jpg,https://www.legis.ga.gov/members/house;https://www.legis.ga.gov/members/house/5036;https://www.legis.ga.gov/members/house/5036?session=1031,https://ballotpedia.org/Omari_Crawford;https://justfacts.votesmart.org/candidate/biography/203445/omari-crawford;https://www.legis.ga.gov/api/members/detail/5036?session=1031&chamber=1;https://www.legis.ga.gov/api/members/list/1031;https://www.legis.ga.gov/members/house/5036;https://www.linkedin.com/in/omari-crawford,,,,,,,,,,,
ocd-person/5c5ab5cb-54f6-4218-8d1d-a99d36bca436,Park Cannon,Democratic,58,lower,Park,Cannon,Female,park.cannon@house.ga.gov,,1991-06-06,,https://www.legis.ga.gov/api/images/default-source/portraits/cannon-park-4880.jpg,https://www.house.ga.gov/Representatives/en-US/member.aspx?Member=4880&Session=27;https://www.legis.ga.gov/members/house;https://www.legis.ga.gov/members/house/4880;https://www.legis.ga.gov/members/house/4880?session=1029;https://www.legis.ga.gov/members/house/4880?session=1031,https://ballotpedia.org/Park_Cannon;https://en.wikipedia.org/wiki/Park_Cannon;https://justfacts.votesmart.org/candidate/biography/168251/park-cannon;https://webservices.legis.ga.gov/GGAServices/Members/Service.svc?wsdl;https://www.house.ga.gov/Representatives/en-US/member.aspx?Member=4880&Session=27;https://www.legis.ga.gov/api/members/detail/4880?session=1029&chamber=1;https://www.legis.ga.gov/api/members/detail/4880?session=1031&chamber=1;https://www.legis.ga.gov/api/members/list/1031;https://www.legis.ga.gov/members/house/4880;https://www.legis.ga.gov/members/house/4880?session=1029;https://www.linkedin.com/in/parkcannon,,,,"931 Monroe Drive NE Suite 102 #460, Atlanta, GA 30308",,,,,,,
ocd-person/af51c2db-8871-45a4-803d-314fa2b9d18d,Patty Marie Stinson,Democratic,150,lower,Patty Marie,Stinson,Female,patty.stinson@house.ga.gov,,1970-09-20,,https://www.legis.ga.gov/api/images/default-source/portraits/bentley-patty-811.jpg,https://www.house.ga.gov/Representatives/en-US/member.aspx?Member=811&Session=27;https://www.legis.ga.gov/members/house;https://www.legis.ga.gov/members/house/811;https://www.legis.ga.gov/members/house/811?session=1029;https://www.legis.ga.gov/members/house/811?session=1031,https://ballotpedia.org/Patty_Stinson;https://en.wikipedia.org/wiki/Patty_Marie_Stinson;https://justfacts.votesmart.org/candidate/biography/142227/patty-stinson;https://webservices.legis.ga.gov/GGAServices/Members/Service.svc?wsdl;https://www.house.ga.gov/Representatives/en-US/member.aspx?Member=811&Session=27;https://www.legis.ga.gov/api/members/detail/811?session=1029&chamber=1;https://www.legis.ga.gov/api/members/detail/811?session=1031&chamber=1;https://www.legis.ga.gov/api/members/list/1031;https://www.legis.ga.gov/members/house/811;https://www.legis.ga.gov/members/house/811?session=1029,,,,"133 Railroad St., Butler, GA 31006",,,,,,,
ocd-person/80928bd9-c963-4b21-954c-c62ee9373064,Phil Olaleye,Democratic,59,lower,Phil,Olaleye,Male,phil.olaleye@house.ga.gov,,,,https://www.legis.ga.gov/api/images/default-source/portraits/olaleye-phil-5028.jpg,https://www.legis.ga.gov/members/house;https://www.legis.ga.gov/members/house/5028;https://www.legis.ga.gov/members/house/5028?session=1031,https://ballotpedia.org/Phil_Olaleye;https://en.wikipedia.org/wiki/Phil_Olaleye;https://justfacts.votesmart.org/candidate/biography/203413/phil-olaleye;https://www.legis.ga.gov/api/members/detail/5028?session=1031&chamber=1;https://www.legis.ga.gov/api/members/list/1031;https://www.legis.ga.gov/members/house/5028;https://www.linkedin.com/in/phillipolaleye,,,,,,,,,,,
ocd-person/8798a822-fee8-4546-bcdd-455f788bef44,Randal Mangham,Democratic,55,upper,Randal,Mangham,Male,randal.mangham@senate.ga.gov,,,,https://s3.amazonaws.com/ballotpedia-api4/files/thumbs/200/300/Randal_Mangham.jpg,https://www.legis.ga.gov/members/senate/161,https://ballotpedia.org/Randal_Mangham;https://en.wikipedia.org/wiki/Randal_Mangham;https://justfacts.votesmart.org/candidate/biography/31488/randal-mangham;https://www.legis.ga.gov/members/senate/161;https://www.linkedin.com/in/randal-mangham-90488111,,,,,,,,,,,
ocd-person/6da7fe11-4436-4854-8e1b-4c45dc4cdaac,Randy Robertson,Republican,29,upper,Randy,Robertson,Male,randy.robertson@senate.ga.gov,,1962-10-06,,https://www.legis.ga.gov/api/images/default-source/portraits/robertson-randy-4926.jpg,https://www.legis.ga.gov/members/senate;https://www.legis.ga.gov/members/senate/4926;https://www.legis.ga.gov/members/senate/4926?session=1029;https://www.legis.ga.gov/members/senate/4926?session=1031;https://www.senate.ga.gov/SENATORS/en-US/member.aspx?Member=4926&Session=27,https://ballotpedia.org/Randy_Robertson;https://en.wikipedia.org/wiki/Randy_Robertson_(politician);https://justfacts.votesmart.org/candidate/biography/178681/randy-robertson;https://webservices.legis.ga.gov/GGAServices/Members/Service.svc?wsdl;https://www.legis.ga.gov/api/members/detail/4926?session=1029&chamber=2;https://www.legis.ga.gov/api/members/detail/4926?session=1031&chamber=2;https://www.legis.ga.gov/api/members/list/1031;https://www.legis.ga.gov/members/senate/4926;https://www.legis.ga.gov/members/senate/4926?session=1029;https://www.linkedin.com/in/w-r-randy-robertson-0a40398;https://www.senate.ga.gov/SENATORS/en-US/member.aspx?Member=4926&Session=27,,,,,,,,,,,
ocd-person/069fb4fa-766b-40e4-90b7-ce96b4fa2ace,RaShaun Kemp,Democratic,38,upper,RaShaun,Kemp,Male,rashaun.kemp@senate.ga.gov,,1980-03-09,,https://s3.amazonaws.com/ballotpedia-api4/files/thumbs/200/300/RashaunKemp2024.png,https://www.legis.ga.gov/members/senate/5066,https://ballotpedia.org/Rashaun_Kemp;https://justfacts.votesmart.org/candidate/biography/203415/rashaun-kemp;https://www.legis.ga.gov/members/senate/5066;https://www.linkedin.com/in/rashaun-kemp-177b3b3b,,,,,,,,,,,
ocd-person/21651856-bba6-49fd-b3f8-8ed1b723e804,Regina Lewis-Ward,Democratic,115,lower,Regina,Lewis-Ward,Female,regina.lewis-ward@house.ga.gov,,1959-10-04,,https://www.legis.ga.gov/api/images/default-source/portraits/lewis-ward-regina-5001.jpg,https://www.legis.ga.gov/members/house;https://www.legis.ga.gov/members/house/5001;https://www.legis.ga.gov/members/house/5001?session=1029;https://www.legis.ga.gov/members/house/5001?session=1031,https://ballotpedia.org/Regina_Lewis-Ward;https://en.wikipedia.org/wiki/Regina_Lewis-Ward;https://justfacts.votesmart.org/candidate/biography/178960/regina-lewis-ward;https://www.legis.ga.gov/api/members/detail/5001?session=1029&chamber=1;https://www.legis.ga.gov/api/members/detail/5001?session=1031&chamber=1;https://www.legis.ga.gov/api/members/list/1031;https://www.legis.ga.gov/members/house/5001;https://www.legis.ga.gov/members/house/5001?session=1029;https://www.linkedin.com/in/reginalewisward,,,,"289 Jonesboro Road Suite 401, McDonough, GA 30253",,,,,,,
ocd-person/08ee45fd-d3f4-4129-9e7c-27cf52533ed2,Rey Martinez,Republican,111,lower,Rey,Martinez,Male,reynaldo.martinez@house.ga.gov,,,,https://www.legis.ga.gov/api/images/default-source/portraits/martinez-reynaldo--rey--5045.jpg,https://www.legis.ga.gov/members/house;https://www.legis.ga.gov/members/house/5045;https://www.legis.ga.gov/members/house/5045?session=1031,https://ballotpedia.org/Reynaldo_%22Rey%22_Martinez;https://en.wikipedia.org/wiki/Reynaldo_Martinez;https://justfacts.votesmart.org/candidate/biography/203475/reynaldo-martinez;https://www.legis.ga.gov/api/members/detail/5045?session=1031&chamber=1;https://www.legis.ga.gov/api/members/list/1031;https://www.legis.ga.gov/members/house/5045,,,,,,,,,,,
ocd-person/e04bd985-5b75-4551-84a1-f9797ac495d2,Rhonda Burnough,Democratic,77,lower,Rhonda,Burnough,Female,rhonda.burnough@house.ga.gov,,1954-11-02,,https://www.legis.ga.gov/api/images/default-source/portraits/burnough-rhonda-4895.jpg,https://www.house.ga.gov/Representatives/en-US/member.aspx?Member=4895&Session=27;https://www.legis.ga.gov/members/house;https://www.legis.ga.gov/members/house/4895;https://www.legis.ga.gov/members/house/4895?session=1029;https://www.legis.ga.gov/members/house/4895?session=1031,https://ballotpedia.org/Rhonda_Burnough;https://en.wikipedia.org/wiki/Rhonda_Burnough;https://justfacts.votesmart.org/candidate/biography/168337/rhonda-burnough;https://webservices.legis.ga.gov/GGAServices/Members/Service.svc?wsdl;https://www.house.ga.gov/Representatives/en-US/member.aspx?Member=4895&Session=27;https://www.legis.ga.gov/api/members/detail/4895?session=1029&chamber=1;https://www.legis.ga.gov/api/members/detail/4895?session=1031&chamber=1;https://www.legis.ga.gov/api/members/list/1031;https://www.legis.ga.gov/members/house/4895;https://www.legis.ga.gov/members/house/4895?session=1029;https://www.linkedin.com/in/rhonda-burnough-2166174a,,,,"7843 Clearview Circle, Riverdale, GA 30296",,,,,,,
ocd-person/bc40f904-9c20-41d0-80d5-e5645d3e6935,Rhonda Taylor,Democratic,92,lower,Rhonda,Taylor,Female,rhonda.taylor@house.ga.gov,,1965-09-04,,https://www.legis.ga.gov/api/images/default-source/portraits/taylor-rhonda-4998.jpg,https://www.legis.ga.gov/members/house;https://www.legis.ga.gov/members/house/4998;https://www.legis.ga.gov/members/house/4998?session=1029;https://www.legis.ga.gov/members/house/4998?session=1031,https://ballotpedia.org/Rhonda_Taylor_(Georgia);https://en.wikipedia.org/wiki/Rhonda_Taylor;https://justfacts.votesmart.org/candidate/168348/rhonda-taylor;https://www.legis.ga.gov/api/members/detail/4998?session=1029&chamber=1;https://www.legis.ga.gov/api/members/detail/4998?session=1031&chamber=1;https://www.legis.ga.gov/api/members/list/1031;https://www.legis.ga.gov/members/house/4998;https://www.legis.ga.gov/members/house/4998?session=1029;https://www.linkedin.com/in/rhonda-taylor-56428830,,,,,,,,,,,
ocd-person/4d1f5379-01e9-4f58-9868-42acc07ec7a8,Rick Jasperse,Republican,11,lower,Rick,Jasperse,Male,rick.jasperse@house.ga.gov,,1956-07-22,,https://www.legis.ga.gov/api/images/default-source/portraits/jasperse-rick-755.jpg,https://www.house.ga.gov/Representatives/en-US/member.aspx?Member=755&Session=27;https://www.legis.ga.gov/members/house;https://www.legis.ga.gov/members/house/755;https://www.legis.ga.gov/members/house/755?session=1029;https://www.legis.ga.gov/members/house/755?session=1031,https://ballotpedia.org/Rick_Jasperse;https://en.wikipedia.org/wiki/Rick_Jasperse;https://justfacts.votesmart.org/candidate/biography/122511/rick-jasperse;https://webservices.legis.ga.gov/GGAServices/Members/Service.svc?wsdl;https://www.house.ga.gov/Representatives/en-US/member.aspx?Member=755&Session=27;https://www.legis.ga.gov/api/members/detail/755?session=1029&chamber=1;https://www.legis.ga.gov/api/members/detail/755?session=1031&chamber=1;https://www.legis.ga.gov/api/members/list/1031;https://www.legis.ga.gov/members/house/755;https://www.legis.ga.gov/members/house/755?session=1029;https://www.linkedin.com/in/rick-jasperse-35563224,,,,"89 Apple Valley Farm Lane, Jasper, GA 30143",,,,,,,
ocd-person/1da20ad9-1a05-42ab-addb-7fbf295a0e5d,Rick Townsend,Republican,179,lower,Rick,Townsend,Male,rick.townsend@house.ga.gov,,,,https://www.legis.ga.gov/api/images/default-source/portraits/townsend-rick-5055.jpg,https://www.legis.ga.gov/members/house;https://www.legis.ga.gov/members/house/5055;https://www.legis.ga.gov/members/house/5055?session=1031,https://ballotpedia.org/Rick_Townsend;https://en.wikipedia.org/wiki/Rick_Townsend;https://justfacts.votesmart.org/candidate/biography/203352/rick-townsend;https://www.legis.ga.gov/api/members/detail/5055?session=1031&chamber=1;https://www.legis.ga.gov/api/members/list/1031;https://www.legis.ga.gov/members/house/5055;https://www.linkedin.com/in/dr-rick-townsend-082a1a6a,,,,,,,,,,,
ocd-person/c7860bae-9d9c-449c-9903-20230eec50ac,Rick Williams,Republican,25,upper,Rick,Williams,Male,rick.williams@senate.ga.gov,,1952-09-24,,https://www.legis.ga.gov/api/images/default-source/portraits/williams-rick-4905.jpg,https://www.house.ga.gov/Representatives/en-US/member.aspx?Member=4905&Session=27;https://www.legis.ga.gov/members/house/4905?session=1029;https://www.legis.ga.gov/members/senate;https://www.legis.ga.gov/members/senate/4905;https://www.legis.ga.gov/members/senate/4905?session=1031,https://ballotpedia.org/Ricky_Williams;https://en.wikipedia.org/wiki/Rick_Williams_(Georgia_Politician);https://justfacts.votesmart.org/candidate/biography/168374/rick-williams;https://webservices.legis.ga.gov/GGAServices/Members/Service.svc?wsdl;https://www.house.ga.gov/Representatives/en-US/member.aspx?Member=4905&Session=27;https://www.legis.ga.gov/api/members/detail/4905?session=1029&chamber=1;https://www.legis.ga.gov/api/members/detail/4905?session=1031&chamber=2;https://www.legis.ga.gov/api/members/list/1031;https://www.legis.ga.gov/members/house/4905?session=1029;https://www.legis.ga.gov/members/senate/4905;https://www.legis.ga.gov/members/senate/4905?session=1031;https://www.linkedin.com/in/rick-williams-00923346,,,,"1670 N. Jefferson St., Milledgeville, GA 31061",,,,,,,
ocd-person/84eb7371-a332-4534-b3b3-542500c798f8,Rob Clifton,Republican,131,lower,Rob,Clifton,Male,rob.clifton@house.ga.gov,,,,https://s3.amazonaws.com/ballotpedia-api4/files/thumbs/200/300/RobClifton2024.jpg,https://www.legis.ga.gov/members/house/5080,https://ballotpedia.org/Rob_Clifton_(Georgia);https://en.wikipedia.org/wiki/Rob_Clifton;https://justfacts.votesmart.org/candidate/biography/215280/rob-clifton;https://www.legis.ga.gov/members/house/5080;https://www.linkedin.com/in/rob-clifton-579b2a57,,,,"4324 Wheeler Road, Augusta, GA 30907",,,,,,,
ocd-person/29210f3f-ec97-47c8-9492-b81154275109,Rob Leverett,Republican,123,lower,Rob,Leverett,Male,rob.leverett@house.ga.gov,,1964-08-05,,https://www.legis.ga.gov/api/images/default-source/portraits/leverett-rob-4993.jpg,https://www.legis.ga.gov/members/house;https://www.legis.ga.gov/members/house/4993;https://www.legis.ga.gov/members/house/4993?session=1029;https://www.legis.ga.gov/members/house/4993?session=1031,https://ballotpedia.org/Rob_Leverett;https://en.wikipedia.org/wiki/Rob_Leverett;https://justfacts.votesmart.org/candidate/biography/190366/rob-leverett;https://www.legis.ga.gov/api/members/detail/4993?session=1029&chamber=1;https://www.legis.ga.gov/api/members/detail/4993?session=1031&chamber=1;https://www.legis.ga.gov/api/members/list/1031;https://www.legis.ga.gov/members/house/4993;https://www.legis.ga.gov/members/house/4993?session=1029;https://www.linkedin.com/in/rob-leverett-b1836445,,,,,,,,,,,
ocd-person/5d77204f-89e7-43df-bccb-a08b9956132d,Robert Dawson,Democratic,65,lower,Robert,Dawson,Male,robert.dawson@house.ga.gov,,,,https://s3.amazonaws.com/ballotpedia-api4/files/thumbs/200/300/rdawson.jpg,https://www.legis.ga.gov/members/house/5072,https://ballotpedia.org/Robert_Dawson_(Georgia);https://en.wikipedia.org/wiki/Robert_Dawson_(Georgia_politician);https://justfacts.votesmart.org/candidate/biography/203414/robert-dawson;https://rdawson.net;https://www.legis.ga.gov/members/house/5072,,,,,,,,,,,
ocd-person/f863b50d-c865-463a-830a-e5648837d9f7,Robert Dickey,Republican,134,lower,Robert,Dickey,Male,robert.dickey@house.ga.gov,,1953-11-26,,https://www.legis.ga.gov/api/images/default-source/portraits/dickey-robert-791.jpg,https://www.house.ga.gov/Representatives/en-US/member.aspx?Member=791&Session=27;https://www.legis.ga.gov/members/house;https://www.legis.ga.gov/members/house/791;https://www.legis.ga.gov/members/house/791?session=1029;https://www.legis.ga.gov/members/house/791?session=1031,https://ballotpedia.org/Robert_Dickey;https://en.wikipedia.org/wiki/Robert_Dickey_(politician);https://justfacts.votesmart.org/candidate/biography/128763/robert-dickey;https://webservices.legis.ga.gov/GGAServices/Members/Service.svc?wsdl;https://www.house.ga.gov/Representatives/en-US/member.aspx?Member=791&Session=27;https://www.legis.ga.gov/api/members/detail/791?session=1029&chamber=1;https://www.legis.ga.gov/api/members/detail/791?session=1031&chamber=1;https://www.legis.ga.gov/api/members/list/1031;https://www.legis.ga.gov/members/house/791;https://www.legis.ga.gov/members/house/791?session=1029;https://www.linkedin.com/in/robert-dickey-42999b19,,,,"3440 Musella Road, Musella, GA 31066",478-836-4362,,,,,,
ocd-person/32c3fbdd-4034-47d0-b7ab-0411bd200737,Robert Flournoy,Democratic,74,lower,Robert,Flournoy,Male,robert.flournoy@house.ga.gov,,1975-01-23,,https://s3.amazonaws.com/ballotpedia-api4/files/thumbs/200/300/Robert_Flournoy_20241223_044055.jpg,https://www.legis.ga.gov/members/house/5074,https://ballotpedia.org/Robert_Flournoy_Jr.;https://justfacts.votesmart.org/candidate/biography/203336/robert-flournoy;https://www.legis.ga.gov/members/house/5074;https://www.linkedin.com/in/robert-flournoy-16a328bb,,,,,,,,,,,
ocd-person/aeaeb854-ff9c-47cb-8069-395b60ba05b2,Ron Stephens,Republican,164,lower,Ron,Stephens,Male,ron.stephens@house.ga.gov,,1954-07-03,,https://www.legis.ga.gov/api/images/default-source/portraits/stephens-ron-219.jpg,https://www.house.ga.gov/Representatives/en-US/member.aspx?Member=219&Session=27;https://www.legis.ga.gov/members/house;https://www.legis.ga.gov/members/house/219;https://www.legis.ga.gov/members/house/219?session=1029;https://www.legis.ga.gov/members/house/219?session=1031,https://ballotpedia.org/Ron_Stephens_(Georgia_Representative);https://en.wikipedia.org/wiki/Ron_Stephens_(Georgia_politician);https://webservices.legis.ga.gov/GGAServices/Members/Service.svc?wsdl;https://www.house.ga.gov/Representatives/en-US/member.aspx?Member=219&Session=27;https://www.legis.ga.gov/api/members/detail/219?session=1029&chamber=1;https://www.legis.ga.gov/api/members/detail/219?session=1031&chamber=1;https://www.legis.ga.gov/api/members/list/1031;https://www.legis.ga.gov/members/house/219;https://www.legis.ga.gov/members/house/219?session=1029,,,,"45 Cove Drive, Savannah, GA 31419",912-596-1998,,,,,,
ocd-person/b90b899d-87f0-43a5-9d15-6e310187ac41,Russ Goodman,Republican,8,upper,Russ,Goodman,Male,russ.goodman@senate.ga.gov,,1977-04-14,,https://www.legis.ga.gov/api/images/default-source/portraits/goodman-russ-4977.jpg,https://www.legis.ga.gov/members/senate;https://www.legis.ga.gov/members/senate/4977;https://www.legis.ga.gov/members/senate/4977?session=1029;https://www.legis.ga.gov/members/senate/4977?session=1031;https://www.legis.ga.gov/members/senate/4977?session=1032,https://ballotpedia.org/Russ_Goodman;https://en.wikipedia.org/wiki/Russ_Goodman;https://justfacts.votesmart.org/candidate/biography/190131/russ-goodman;https://www.legis.ga.gov/api/members/detail/4977?session=1029&chamber=2;https://www.legis.ga.gov/api/members/detail/4977?session=1031&chamber=2;https://www.legis.ga.gov/api/members/list/1031;https://www.legis.ga.gov/members/senate/4977;https://www.legis.ga.gov/members/senate/4977?session=1029;https://www.legis.ga.gov/members/senate/4977?session=1031;https://www.linkedin.com/in/russ-goodman-25634545,,,,"9677 Frank S. Sessoms Memorial Highway, Homerville, GA 31634",,,,,,,
ocd-person/d291834f-70cd-48b5-b7db-b05d23d74a4c,Ruwa Romman,Democratic,97,lower,Ruwa,Romman,Female,ruwa.romman@house.ga.gov,,1993-06-14,,https://www.legis.ga.gov/api/images/default-source/portraits/romman-ruwa-5039.jpg,https://www.legis.ga.gov/members/house;https://www.legis.ga.gov/members/house/5039;https://www.legis.ga.gov/members/house/5039?session=1031,https://ballotpedia.org/Ruwa_Romman;https://en.wikipedia.org/wiki/Ruwa_Romman;https://justfacts.votesmart.org/candidate/biography/203461/ruwa-romman;https://www.legis.ga.gov/api/members/detail/5039?session=1031&chamber=1;https://www.legis.ga.gov/api/members/list/1031;https://www.legis.ga.gov/members/house/5039;https://www.linkedin.com/in/ruwa-romman-2474b651,,,,"3870 Peachtree Industrial Blvd. Suite 340, #129, Duluth, GA 30096",,,,,,,
ocd-person/2a66b922-b812-4c45-9786-478187cd5e33,Saira Draper,Democratic,90,lower,Saira,Draper,Female,saira.draper@house.ga.gov,,,,https://www.legis.ga.gov/api/images/default-source/portraits/draper-saira-5038.jpg,https://www.legis.ga.gov/members/house;https://www.legis.ga.gov/members/house/5038;https://www.legis.ga.gov/members/house/5038?session=1031,https://ballotpedia.org/Saira_Draper;https://en.wikipedia.org/wiki/Saira_Draper;https://justfacts.votesmart.org/candidate/biography/203452/saira-draper;https://www.legis.ga.gov/api/members/detail/5038?session=1031&chamber=1;https://www.legis.ga.gov/api/members/list/1031;https://www.legis.ga.gov/members/house/5038;https://www.linkedin.com/in/sairadraper,,,,,,,,,,,
ocd-person/218a4fc4-a568-4b78-b350-0d60c6b12d4c,Sally Harrell,Democratic,40,upper,Sally,Harrell,Female,sally.harrell@senate.ga.gov,,1966-03-05,,https://www.legis.ga.gov/api/images/default-source/portraits/harrell-sally-311.jpg,https://www.legis.ga.gov/members/senate;https://www.legis.ga.gov/members/senate/311;https://www.legis.ga.gov/members/senate/311?session=1029;https://www.legis.ga.gov/members/senate/311?session=1031;https://www.senate.ga.gov/SENATORS/en-US/member.aspx?Member=311&Session=27,https://ballotpedia.org/Sally_Harrell;https://en.wikipedia.org/wiki/Sally_Harrell;https://justfacts.votesmart.org/candidate/biography/17571/sally-harrell;https://webservices.legis.ga.gov/GGAServices/Members/Service.svc?wsdl;https://www.legis.ga.gov/api/members/detail/311?session=1029&chamber=2;https://www.legis.ga.gov/api/members/detail/311?session=1031&chamber=2;https://www.legis.ga.gov/api/members/list/1031;https://www.legis.ga.gov/members/senate/311;https://www.legis.ga.gov/members/senate/311?session=1029;https://www.senate.ga.gov/SENATORS/en-US/member.aspx?Member=311&Session=27,,,,,,,,,,,
ocd-person/2ba0916f-40b1-4255-9496-94b12ccabd1e,Sam Park,Democratic,107,lower,Sam,Park,Male,samuel.park@house.ga.gov,,1985-10-01,,https://www.legis.ga.gov/api/images/default-source/portraits/park-sam-4901.jpg,https://www.house.ga.gov/Representatives/en-US/member.aspx?Member=4901&Session=27;https://www.legis.ga.gov/members/house;https://www.legis.ga.gov/members/house/4901;https://www.legis.ga.gov/members/house/4901?session=1029;https://www.legis.ga.gov/members/house/4901?session=1031,https://ballotpedia.org/Samuel_Park;https://en.wikipedia.org/wiki/Sam_Park;https://justfacts.votesmart.org/candidate/biography/168354/samuel-park;https://webservices.legis.ga.gov/GGAServices/Members/Service.svc?wsdl;https://www.house.ga.gov/Representatives/en-US/member.aspx?Member=4901&Session=27;https://www.legis.ga.gov/api/members/detail/4901?session=1029&chamber=1;https://www.legis.ga.gov/api/members/detail/4901?session=1031&chamber=1;https://www.legis.ga.gov/api/members/list/1031;https://www.legis.ga.gov/members/house/4901;https://www.legis.ga.gov/members/house/4901?session=1029,,,,"4850 Sugarloaf Parkway Suite 209-188, Lawrenceville, GA 30044",,,,,,,
ocd-person/cbcdfca3-e47d-4b32-9164-ec0709a134bf,Sam Watson,Republican,11,upper,Sam,Watson,Male,sam.watson@senate.ga.gov,,1978-09-19,,https://www.legis.ga.gov/api/images/default-source/portraits/watson-sam-837.jpg,https://www.house.ga.gov/Representatives/en-US/member.aspx?Member=837&Session=27;https://www.legis.ga.gov/members/house/837?session=1029;https://www.legis.ga.gov/members/senate;https://www.legis.ga.gov/members/senate/837;https://www.legis.ga.gov/members/senate/837?session=1031,https://ballotpedia.org/Sam_Watson;https://en.wikipedia.org/wiki/Sam_Watson_(politician);https://justfacts.votesmart.org/candidate/biography/142240/sam-watson;https://webservices.legis.ga.gov/GGAServices/Members/Service.svc?wsdl;https://www.house.ga.gov/Representatives/en-US/member.aspx?Member=837&Session=27;https://www.legis.ga.gov/api/members/detail/837?session=1029&chamber=1;https://www.legis.ga.gov/api/members/detail/837?session=1031&chamber=2;https://www.legis.ga.gov/api/members/list/1031;https://www.legis.ga.gov/members/house/837?session=1029;https://www.legis.ga.gov/members/senate/837;https://www.legis.ga.gov/members/senate/837?session=1031;https://www.linkedin.com/in/sam-watson-bb46428,,,,,,,,,,,
ocd-person/21c6cae1-bcd2-4403-ad39-af04b64ce55c,Sandra Scott,Democratic,76,lower,Sandra,Scott,Female,sandra.scott@house.ga.gov,,1961-11-14,,https://www.legis.ga.gov/api/images/default-source/portraits/scott-sandra-766.jpg,https://www.house.ga.gov/Representatives/en-US/member.aspx?Member=766&Session=27;https://www.legis.ga.gov/members/house;https://www.legis.ga.gov/members/house/766;https://www.legis.ga.gov/members/house/766?session=1029;https://www.legis.ga.gov/members/house/766?session=1031,https://ballotpedia.org/Sandra_Scott;https://en.wikipedia.org/wiki/Sandra_Scott_(politician);https://justfacts.votesmart.org/candidate/biography/122826/sandra-scott;https://webservices.legis.ga.gov/GGAServices/Members/Service.svc?wsdl;https://www.house.ga.gov/Representatives/en-US/member.aspx?Member=766&Session=27;https://www.legis.ga.gov/api/members/detail/766?session=1029&chamber=1;https://www.legis.ga.gov/api/members/detail/766?session=1031&chamber=1;https://www.legis.ga.gov/api/members/list/1031;https://www.legis.ga.gov/members/house/766;https://www.legis.ga.gov/members/house/766?session=1029;https://www.linkedin.com/in/sandra-scott-333a0027,,,,"3489 Oak Leaf Court, Rex, GA 30273",,,,,,,
ocd-person/4ab15127-5b7a-40bc-8807-26e8e8a73397,Sandy Donatucci,Republican,105,lower,Sandy,Donatucci,Female,sandy.donatucci@house.ga.gov,,,,https://s3.amazonaws.com/ballotpedia-api4/files/thumbs/200/300/Sandy_Donatucci_20240808_092636.jpg,https://www.legis.ga.gov/members/house/5077,https://ballotpedia.org/Sandy_Donatucci;https://justfacts.votesmart.org/candidate/biography/210864/sandy-donatucci;https://sandy-donatucci.kw.com;https://www.legis.ga.gov/members/house/5077;https://www.linkedin.com/in/sandy-donatucci-56077280,,,,,,,,,,,
ocd-person/91abe321-5ea4-4f17-b8d8-573d7cb913e6,Scott Hilton,Republican,48,lower,Scott,Hilton,Male,scott.hilton@house.ga.gov,,,,https://www.legis.ga.gov/api/images/default-source/portraits/hilton-scott-4899.jpg,https://www.legis.ga.gov/members/house;https://www.legis.ga.gov/members/house/4899;https://www.legis.ga.gov/members/house/4899?session=1031,https://ballotpedia.org/Scott_Hilton_(Georgia);https://en.wikipedia.org/wiki/Scott_Hilton_(politician);https://justfacts.votesmart.org/candidate/biography/168350/scott-hilton;https://www.legis.ga.gov/api/members/detail/4899?session=1031&chamber=1;https://www.legis.ga.gov/api/members/list/1031;https://www.legis.ga.gov/members/house/4899;https://www.linkedin.com/in/scottchilton,,,,"5425 Peachtree Parkway, Peachtree Corners, GA 30092",,,,,,,
ocd-person/99ef9b20-6b1f-4831-8e58-a523de606cda,Scott Holcomb,Democratic,101,lower,Scott,Holcomb,Male,scott.holcomb@house.ga.gov,,1972-11-02,,https://www.legis.ga.gov/api/images/default-source/portraits/holcomb-scott-769.jpg,https://www.house.ga.gov/Representatives/en-US/member.aspx?Member=769&Session=27;https://www.legis.ga.gov/members/house;https://www.legis.ga.gov/members/house/769;https://www.legis.ga.gov/members/house/769?session=1029;https://www.legis.ga.gov/members/house/769?session=1031,https://ballotpedia.org/Scott_Holcomb_(Georgia);https://en.wikipedia.org/wiki/Scott_Holcomb;https://holcombward.com/attorneys/scott-holcomb;https://webservices.legis.ga.gov/GGAServices/Members/Service.svc?wsdl;https://www.house.ga.gov/Representatives/en-US/member.aspx?Member=769&Session=27;https://www.legis.ga.gov/api/members/detail/769?session=1029&chamber=1;https://www.legis.ga.gov/api/members/detail/769?session=1031&chamber=1;https://www.legis.ga.gov/api/members/list/1031;https://www.legis.ga.gov/members/house/769;https://www.legis.ga.gov/members/house/769?session=1029;https://www.linkedin.com/in/scott-holcomb-3103b31,,,,"2306 Briarcliff Commons, Atlanta, GA 30345",,,,,,,
ocd-person/702658f4-8382-479a-9416-79928239d5e7,Segun Adeyina,Democratic,110,lower,Segun,Adeyina,Male,segun.adeyina@house.ga.gov,,,,https://www.legis.ga.gov/api/images/default-source/portraits/adeyina-segun-5044.jpg,https://www.legis.ga.gov/members/house;https://www.legis.ga.gov/members/house/5044;https://www.legis.ga.gov/members/house/5044?session=1031,https://ballotpedia.org/Segun_Adeyina;https://en.wikipedia.org/wiki/Segun_Adeyina;https://justfacts.votesmart.org/candidate/biography/203474/segun-adeyina;https://www.legis.ga.gov/api/members/detail/5044?session=1031&chamber=1;https://www.legis.ga.gov/api/members/list/1031;https://www.legis.ga.gov/members/house/5044;https://www.linkedin.com/in/segun-adeyina-2849bb3,,,,,,,,,,,
ocd-person/15db25fc-273b-467f-b8f9-897337f40b65,Sharon Cooper,Republican,45,lower,Sharon,Cooper,Female,sharon.cooper@house.ga.gov,,1942-10-23,,https://www.legis.ga.gov/api/images/default-source/portraits/cooper-sharon-86.jpg,https://www.house.ga.gov/Representatives/en-US/member.aspx?Member=86&Session=27;https://www.legis.ga.gov/members/house;https://www.legis.ga.gov/members/house/86;https://www.legis.ga.gov/members/house/86?session=1029;https://www.legis.ga.gov/members/house/86?session=1031,https://ballotpedia.org/Sharon_Cooper;https://en.wikipedia.org/wiki/Sharon_Cooper;https://justfacts.votesmart.org/candidate/biography/11740/sharon-cooper;https://webservices.legis.ga.gov/GGAServices/Members/Service.svc?wsdl;https://www.house.ga.gov/Representatives/en-US/member.aspx?Member=86&Session=27;https://www.legis.ga.gov/api/members/detail/86?session=1029&chamber=1;https://www.legis.ga.gov/api/members/detail/86?session=1031&chamber=1;https://www.legis.ga.gov/api/members/list/1031;https://www.legis.ga.gov/members/house/86;https://www.legis.ga.gov/members/house/86?session=1029,,,,,,,,,,,
ocd-person/e51d36a7-9684-4540-aae7-a5e60e434681,Sharon Henderson,Democratic,113,lower,Sharon,Henderson,Female,sharon.henderson@house.ga.gov,,1958-12-03,,https://www.legis.ga.gov/api/images/default-source/portraits/henderson-sharon-5003.jpg,https://www.legis.ga.gov/members/house;https://www.legis.ga.gov/members/house/5003;https://www.legis.ga.gov/members/house/5003?session=1029;https://www.legis.ga.gov/members/house/5003?session=1031,https://ballotpedia.org/Sharon_Henderson;https://en.wikipedia.org/wiki/Sharon_Henderson;https://justfacts.votesmart.org/candidate/biography/168364/sharon-henderson;https://www.legis.ga.gov/api/members/detail/5003?session=1029&chamber=1;https://www.legis.ga.gov/api/members/detail/5003?session=1031&chamber=1;https://www.legis.ga.gov/api/members/list/1031;https://www.legis.ga.gov/members/house/5003;https://www.legis.ga.gov/members/house/5003?session=1029;https://www.linkedin.com/in/sharon-henderson-1b069931,,,,,,,,,,,
ocd-person/ee145624-3295-4db4-b3ce-9d1583e4ef6e,Shaw Blackmon,Republican,146,lower,Shaw,Blackmon,Male,shaw.blackmon@house.ga.gov,,1973-05-27,,https://www.legis.ga.gov/api/images/default-source/portraits/blackmon-shaw-1878.jpg,https://www.house.ga.gov/Representatives/en-US/member.aspx?Member=1878&Session=27;https://www.legis.ga.gov/members/house;https://www.legis.ga.gov/members/house/1878;https://www.legis.ga.gov/members/house/1878?session=1029;https://www.legis.ga.gov/members/house/1878?session=1031,https://ballotpedia.org/Shaw_Blackmon;https://en.wikipedia.org/wiki/Shaw_Blackmon;https://justfacts.votesmart.org/candidate/biography/157218/shaw-blackmon;https://webservices.legis.ga.gov/GGAServices/Members/Service.svc?wsdl;https://www.house.ga.gov/Representatives/en-US/member.aspx?Member=1878&Session=27;https://www.legis.ga.gov/api/members/detail/1878?session=1029&chamber=1;https://www.legis.ga.gov/api/members/detail/1878?session=1031&chamber=1;https://www.legis.ga.gov/api/members/list/1031;https://www.legis.ga.gov/members/house/1878;https://www.legis.ga.gov/members/house/1878?session=1029;https://www.linkedin.com/in/shaw-blackmon-21208980,,,,,,,,,,,
ocd-person/314d7845-ba55-4bd4-809a-c7c7aea26690,Shawn Still,Republican,48,upper,Shawn,Still,Male,shawn.still@senate.ga.gov,,1972-10-02,,https://www.legis.ga.gov/api/images/default-source/portraits/still-shawn-5016.jpg,https://www.legis.ga.gov/members/senate;https://www.legis.ga.gov/members/senate/5016;https://www.legis.ga.gov/members/senate/5016?session=1031;https://www.legis.ga.gov/members/senate/5016?session=1032,https://ballotpedia.org/Shawn_Still;https://en.wikipedia.org/wiki/Shawn_Still;https://justfacts.votesmart.org/candidate/biography/203341/shawn-still;https://www.legis.ga.gov/api/members/detail/5016?session=1031&chamber=2;https://www.legis.ga.gov/api/members/list/1031;https://www.legis.ga.gov/members/senate/5016;https://www.legis.ga.gov/members/senate/5016?session=1031;https://www.linkedin.com/in/shawnstill,,,,"2850 Simpson Circle, Norcross, GA 30071",,,,,,,
ocd-person/9007dcd9-3246-4cf3-9185-7478b3a9ad7a,Shea Roberts,Democratic,52,lower,Shea,Roberts,Female,shea.roberts@house.ga.gov,,1970-07-24,,https://www.legis.ga.gov/api/images/default-source/portraits/roberts-shea-4994.jpg,https://www.legis.ga.gov/members/house;https://www.legis.ga.gov/members/house/4994;https://www.legis.ga.gov/members/house/4994?session=1029;https://www.legis.ga.gov/members/house/4994?session=1031,https://ballotpedia.org/Shea_Roberts;https://en.wikipedia.org/wiki/Shea_Roberts;https://justfacts.votesmart.org/candidate/biography/178768/shea-roberts;https://www.legis.ga.gov/api/members/detail/4994?session=1029&chamber=1;https://www.legis.ga.gov/api/members/detail/4994?session=1031&chamber=1;https://www.legis.ga.gov/api/members/list/1031;https://www.legis.ga.gov/members/house/4994;https://www.legis.ga.gov/members/house/4994?session=1029;https://www.linkedin.com/in/shea-roberts-206b525,,,,,,,,,,,
ocd-person/5b6e0e37-802b-4103-b401-551532aba2e7,Sheikh Rahman,Democratic,5,upper,Sheikh,Rahman,Male,sheikh.rahman@senate.ga.gov,,1960-11-15,,https://www.legis.ga.gov/api/images/default-source/portraits/rahman-sheikh-4924.jpg,https://www.legis.ga.gov/members/senate;https://www.legis.ga.gov/members/senate/4924;https://www.legis.ga.gov/members/senate/4924?;https://www.legis.ga.gov/members/senate/4924?session=1029;https://www.legis.ga.gov/members/senate/4924?session=1031;https://www.senate.ga.gov/SENATORS/en-US/member.aspx?Member=4924&Session=27,https://ballotpedia.org/Sheikh_Rahman;https://en.wikipedia.org/wiki/Sheikh_Rahman;https://justfacts.votesmart.org/candidate/biography/142232/sheikh-rahman;https://webservices.legis.ga.gov/GGAServices/Members/Service.svc?wsdl;https://www.legis.ga.gov/api/members/detail/4924?session=1029&chamber=2;https://www.legis.ga.gov/api/members/detail/4924?session=1031&chamber=2;https://www.legis.ga.gov/api/members/list/1031;https://www.legis.ga.gov/members/senate/4924;https://www.legis.ga.gov/members/senate/4924?;https://www.legis.ga.gov/members/senate/4924?session=1029;https://www.senate.ga.gov/SENATORS/en-US/member.aspx?Member=4924&Session=27,,,,,,,,,,,
ocd-person/059c0e54-cc7b-4605-aee6-58388026a2fb,Sheila Nelson,Democratic,130,lower,Sheila,Nelson,Female,sheila.nelson@house.ga.gov,,1958-04-25,,https://www.legis.ga.gov/api/images/default-source/portraits/nelson-sheila-4903.jpg,https://www.house.ga.gov/Representatives/en-US/member.aspx?Member=4903&Session=27;https://www.legis.ga.gov/members/house/4903;https://www.legis.ga.gov/members/house/4903?session=1029,https://ballotpedia.org/Sheila_Clark_Nelson;https://en.wikipedia.org/wiki/Sheila_Nelson_(politician);https://justfacts.votesmart.org/candidate/biography/168370/sheila-nelson;https://webservices.legis.ga.gov/GGAServices/Members/Service.svc?wsdl;https://www.house.ga.gov/Representatives/en-US/member.aspx?Member=4903&Session=27;https://www.legis.ga.gov/api/members/detail/4903?session=1029&chamber=1;https://www.legis.ga.gov/members/house/4903;https://www.legis.ga.gov/members/house/4903?session=1029,,,,,,,,,,,
ocd-person/b278b399-5ca3-4cd7-bc19-4053166577a2,Sheila Jones,Democratic,60,lower,Sheila,Jones,Female,sheila.jones@house.ga.gov,,1956-02-16,,https://www.legis.ga.gov/api/images/default-source/portraits/jones-sheila-143.jpg,https://www.house.ga.gov/Representatives/en-US/member.aspx?Member=143&Session=27;https://www.legis.ga.gov/members/house;https://www.legis.ga.gov/members/house/143;https://www.legis.ga.gov/members/house/143?session=1029;https://www.legis.ga.gov/members/house/143?session=1031,https://ballotpedia.org/Sheila_Jones;https://en.wikipedia.org/wiki/Sheila_Jones;https://justfacts.votesmart.org/candidate/biography/31662/sheila-jones;https://webservices.legis.ga.gov/GGAServices/Members/Service.svc?wsdl;https://www.house.ga.gov/Representatives/en-US/member.aspx?Member=143&Session=27;https://www.legis.ga.gov/api/members/detail/143?session=1029&chamber=1;https://www.legis.ga.gov/api/members/detail/143?session=1031&chamber=1;https://www.legis.ga.gov/api/members/list/1031;https://www.legis.ga.gov/members/house/143;https://www.legis.ga.gov/members/house/143?session=1029;https://www.linkedin.com/in/sheila-jones-76329130,,,,,,,,,,,
ocd-person/5474fbe2-6cdb-4ad2-9831-cdffaca442af,Solomon Adesanya,Democratic,43,lower,Solomon,Adesanya,Male,solomon.adesanya@house.ga.gov,,1985-07-12,,https://www.legis.ga.gov/api/images/default-source/portraits/adesanya-solomon-5025.jpg,https://www.legis.ga.gov/members/house;https://www.legis.ga.gov/members/house/5025;https://www.legis.ga.gov/members/house/5025?session=1031,https://ballotpedia.org/Solomon_Adesanya;https://en.wikipedia.org/wiki/Solomon_Adesanya;https://justfacts.votesmart.org/candidate/biography/207193/solomon-adesanya;https://www.legis.ga.gov/api/members/detail/5025?session=1031&chamber=1;https://www.legis.ga.gov/api/members/list/1031;https://www.legis.ga.gov/members/house/5025;https://www.linkedin.com/in/solomon-adesanya-b59042a1,,,,,,,,,,,
ocd-person/2abbbe23-8cb6-4f33-afaf-38ce88a4e10c,Sonya Halpern,Democratic,39,upper,Sonya,Halpern,Female,sonya.halpern@senate.ga.gov,,1967-10-11,,https://www.legis.ga.gov/api/images/default-source/portraits/halpern-sonya-4985.jpg,https://www.legis.ga.gov/members/senate;https://www.legis.ga.gov/members/senate/4985;https://www.legis.ga.gov/members/senate/4985?session=1029;https://www.legis.ga.gov/members/senate/4985?session=1031;https://www.legis.ga.gov/members/senate/4985?session=1032,https://ballotpedia.org/Sonya_Halpern;https://en.wikipedia.org/wiki/Sonya_Halpern;https://justfacts.votesmart.org/candidate/195315/sonya-halpern;https://www.legis.ga.gov/api/members/detail/4985?session=1029&chamber=2;https://www.legis.ga.gov/api/members/detail/4985?session=1031&chamber=2;https://www.legis.ga.gov/api/members/list/1031;https://www.legis.ga.gov/members/senate/4985;https://www.legis.ga.gov/members/senate/4985?session=1029;https://www.legis.ga.gov/members/senate/4985?session=1031;https://www.linkedin.com/in/sonyahalpern,,,,,,,,,,,
ocd-person/64721c9b-451c-4bc9-9040-4ca232ffd746,Soo Hong,Republican,103,lower,Soo,Hong,Female,soo.hong@house.ga.gov,,,,https://www.legis.ga.gov/api/images/default-source/portraits/hong-soo-5042.jpg,https://www.legis.ga.gov/members/house;https://www.legis.ga.gov/members/house/5042;https://www.legis.ga.gov/members/house/5042?session=1031,https://ballotpedia.org/Soo_Hong;https://en.wikipedia.org/wiki/Soo_Hong;https://gwinnettcountylaw.com/team/soo-hong;https://justfacts.votesmart.org/candidate/190383/soo-hong;https://www.legis.ga.gov/api/members/detail/5042?session=1031&chamber=1;https://www.legis.ga.gov/api/members/list/1031;https://www.legis.ga.gov/members/house/5042;https://www.linkedin.com/in/soo-hong-03230828,,,,,,,,,,,
ocd-person/e6ae8d30-4b1b-4b06-8918-2be6fa7f8108,Spencer Frye,Democratic,122,lower,Spencer,Frye,Male,spencer.frye@house.ga.gov,,1967-12-14,,https://www.legis.ga.gov/api/images/default-source/portraits/frye-spencer-819.jpg,https://www.house.ga.gov/Representatives/en-US/member.aspx?Member=819&Session=27;https://www.legis.ga.gov/members/house;https://www.legis.ga.gov/members/house/819;https://www.legis.ga.gov/members/house/819?session=1029;https://www.legis.ga.gov/members/house/819?session=1031,https://ballotpedia.org/Spencer_Frye;https://en.wikipedia.org/wiki/Spencer_Frye;https://justfacts.votesmart.org/candidate/biography/142218/spencer-frye;https://webservices.legis.ga.gov/GGAServices/Members/Service.svc?wsdl;https://www.house.ga.gov/Representatives/en-US/member.aspx?Member=819&Session=27;https://www.legis.ga.gov/api/members/detail/819?session=1029&chamber=1;https://www.legis.ga.gov/api/members/detail/819?session=1031&chamber=1;https://www.legis.ga.gov/api/members/list/1031;https://www.legis.ga.gov/members/house/819;https://www.legis.ga.gov/members/house/819?session=1029;https://www.linkedin.com/in/spencerfrye,,,,"1000 Newton Bridge Road, Athens, GA 30606",,,,,,,
ocd-person/fa5d8d09-a0b9-4ba4-93da-a24902530416,Stacey Evans,Democratic,57,lower,Stacey,Evans,Female,stacey.evans@house.ga.gov,,1978-05-05,,https://www.legis.ga.gov/api/images/default-source/portraits/evans-stacey-762.jpg,https://www.house.ga.gov/Representatives/en-US/member.aspx?Member=762&Session=25;https://www.legis.ga.gov/members/house;https://www.legis.ga.gov/members/house/762;https://www.legis.ga.gov/members/house/762?session=1029;https://www.legis.ga.gov/members/house/762?session=1031,https://ballotpedia.org/Stacey_Evans;https://en.wikipedia.org/wiki/Stacey_Evans;https://justfacts.votesmart.org/candidate/biography/122796/stacey-evans;https://webservices.legis.ga.gov/GGAServices/Members/Service.svc?wsdl;https://www.house.ga.gov/Representatives/en-US/HouseMembersList.aspx?Sort=District&Session=25;https://www.house.ga.gov/Representatives/en-US/member.aspx?Member=762&Session=25;https://www.legis.ga.gov/api/members/detail/762?session=1029&chamber=1;https://www.legis.ga.gov/api/members/detail/762?session=1031&chamber=1;https://www.legis.ga.gov/api/members/list/1031;https://www.legis.ga.gov/members/house/762;https://www.legis.ga.gov/members/house/762?session=1029;https://www.linkedin.com/in/stacey-godfrey-evans-64ab403,,,,"750 Piedmont Ave. NE, Atlanta, GA 30308",770-710-4087,,,,,,
ocd-person/432ef767-d4c8-4736-b2ac-96397205fb3d,Stan Gunter,Republican,8,lower,Stan,Gunter,Male,stan.gunter@house.ga.gov,,1959-05-25,,https://www.legis.ga.gov/api/images/default-source/portraits/gunter-stan-4987.jpg,https://www.legis.ga.gov/members/house;https://www.legis.ga.gov/members/house/4987;https://www.legis.ga.gov/members/house/4987?session=1029;https://www.legis.ga.gov/members/house/4987?session=1031,https://ballotpedia.org/Stan_Gunter;https://en.wikipedia.org/wiki/Stan_Gunter;https://justfacts.votesmart.org/candidate/biography/190339/stan-gunter;https://www.legis.ga.gov/api/members/detail/4987?session=1029&chamber=1;https://www.legis.ga.gov/api/members/detail/4987?session=1031&chamber=1;https://www.legis.ga.gov/api/members/list/1031;https://www.legis.ga.gov/members/house/4987;https://www.legis.ga.gov/members/house/4987?session=1029,,,,,,,,,,,
ocd-person/e2c141e9-9e04-4e2b-8e5b-57db594c7abc,Steve Gooch,Republican,51,upper,Steve,Gooch,Male,steve.gooch@senate.ga.gov,,1967-02-25,,https://www.legis.ga.gov/api/images/default-source/portraits/gooch-steve-752.jpg,https://www.legis.ga.gov/members/senate;https://www.legis.ga.gov/members/senate/752;https://www.legis.ga.gov/members/senate/752?session=1029;https://www.legis.ga.gov/members/senate/752?session=1031;https://www.senate.ga.gov/SENATORS/en-US/member.aspx?Member=752&Session=27,https://ballotpedia.org/Steve_Gooch;https://en.wikipedia.org/wiki/Steve_Gooch;https://justfacts.votesmart.org/candidate/biography/82557/steve-gooch;https://webservices.legis.ga.gov/GGAServices/Members/Service.svc?wsdl;https://www.legis.ga.gov/api/members/detail/752?session=1029&chamber=2;https://www.legis.ga.gov/api/members/detail/752?session=1031&chamber=2;https://www.legis.ga.gov/api/members/list/1031;https://www.legis.ga.gov/members/senate/752;https://www.legis.ga.gov/members/senate/752?session=1029;https://www.legis.ga.gov/members/senate/752?session=1031;https://www.linkedin.com/in/steve-gooch-64618b18;https://www.senate.ga.gov/SENATORS/en-US/member.aspx?Member=752&Session=27,,,,,,,,,,,
ocd-person/80f4bbdf-02f3-4233-8456-e550e7e745af,Steve Tarvin,Republican,2,lower,Steve,Tarvin,Male,steve.tarvin@house.ga.gov,,1951-06-02,,https://www.legis.ga.gov/api/images/default-source/portraits/tarvin-steve-849.jpg,https://www.house.ga.gov/Representatives/en-US/member.aspx?Member=849&Session=27;https://www.legis.ga.gov/members/house;https://www.legis.ga.gov/members/house/849;https://www.legis.ga.gov/members/house/849?session=1029;https://www.legis.ga.gov/members/house/849?session=1031,https://ballotpedia.org/Steve_Tarvin;https://en.wikipedia.org/wiki/Steve_Tarvin;https://justfacts.votesmart.org/candidate/biography/120443/steve-tarvin;https://webservices.legis.ga.gov/GGAServices/Members/Service.svc?wsdl;https://www.house.ga.gov/Representatives/en-US/member.aspx?Member=849&Session=27;https://www.legis.ga.gov/api/members/detail/849?session=1029&chamber=1;https://www.legis.ga.gov/api/members/detail/849?session=1031&chamber=1;https://www.legis.ga.gov/api/members/list/1031;https://www.legis.ga.gov/members/house/849;https://www.legis.ga.gov/members/house/849?session=1029;https://www.linkedin.com/in/steve-tarvin-b36a7429,,,,,,,,,,,
ocd-person/516cb969-9467-490f-9a05-02c3e7decae3,Steven McNeel,Republican,18,upper,Steven,McNeel,Male,steven.mcneel@senate.ga.gov,,,,"https://static.wixstatic.com/media/717e3f_742258cc71f249009c9f26b868c3c467~mv2.jpg/v1/fill/w_953,h_602,al_c,q_85,usm_0.66_1.00_0.01,enc_avif,quality_auto/717e3f_742258cc71f249009c9f26b868c3c467~mv2.jpg",https://www.legis.ga.gov/members/senate/5093,https://ballotpedia.org/Steven_McNeel;https://bwhlegal.com/steven-r-mcneel;https://en.wikipedia.org/wiki/Steven_McNeel;https://www.legis.ga.gov/members/senate/5093;https://www.linkedin.com/in/steven-r-mcneel-36b41ba,,,,,,,,,,,
ocd-person/3194a8e0-aaf8-4686-b2c9-a22521f85fff,Steven Meeks,Republican,178,lower,Steven,Meeks,Male,steven.meeks@house.ga.gov,,1974-09-10,,https://www.legis.ga.gov/api/images/default-source/portraits/meeks-steven-4961.jpg,https://www.house.ga.gov/Representatives/en-US/member.aspx?Member=4961&Session=27;https://www.legis.ga.gov/members/house;https://www.legis.ga.gov/members/house/4961;https://www.legis.ga.gov/members/house/4961?session=1029;https://www.legis.ga.gov/members/house/4961?session=1031,https://ballotpedia.org/Steven_Meeks;https://en.wikipedia.org/wiki/Steven_Meeks;https://justfacts.votesmart.org/candidate/biography/178992/steven-meeks;https://webservices.legis.ga.gov/GGAServices/Members/Service.svc?wsdl;https://www.house.ga.gov/Representatives/en-US/member.aspx?Member=4961&Session=27;https://www.legis.ga.gov/api/members/detail/4961?session=1029&chamber=1;https://www.legis.ga.gov/api/members/detail/4961?session=1031&chamber=1;https://www.legis.ga.gov/api/members/list/1031;https://www.legis.ga.gov/members/house/4961;https://www.legis.ga.gov/members/house/4961?session=1029;https://www.linkedin.com/in/steve-meeks-0b8a7937,,,,,,,,,,,
ocd-person/99082062-acd6-4c6b-bb45-2cfa071f19fc,Steven Sainz,Republican,180,lower,Steven,Sainz,Male,steven.sainz@house.ga.gov,,1994-07-13,,https://www.legis.ga.gov/api/images/default-source/portraits/sainz-steven-4962.jpg,https://www.house.ga.gov/Representatives/en-US/member.aspx?Member=4962&Session=27;https://www.legis.ga.gov/members/house;https://www.legis.ga.gov/members/house/4962;https://www.legis.ga.gov/members/house/4962?session=1029;https://www.legis.ga.gov/members/house/4962?session=1031,https://ballotpedia.org/Steven_Sainz;https://en.wikipedia.org/wiki/Steven_Sainz;https://justfacts.votesmart.org/candidate/biography/178994/steven-sainz;https://webservices.legis.ga.gov/GGAServices/Members/Service.svc?wsdl;https://www.house.ga.gov/Representatives/en-US/member.aspx?Member=4962&Session=27;https://www.legis.ga.gov/api/members/detail/4962?session=1029&chamber=1;https://www.legis.ga.gov/api/members/detail/4962?session=1031&chamber=1;https://www.legis.ga.gov/api/members/list/1031;https://www.legis.ga.gov/members/house/4962;https://www.legis.ga.gov/members/house/4962?session=1029;https://www.linkedin.com/in/ssainz,,,,"2712 Osborne Road, St. Marys, GA 31558",,,,,,,
ocd-person/cabc1e6f-ba7c-4063-a778-707579f91ec8,Sylvia Wayfer,Democratic,64,lower,Sylvia,Wayfer,Female,sylvia.baker@house.ga.gov,,,,https://s3.amazonaws.com/ballotpedia-api4/files/thumbs/200/300/Sylvia_Wayfer.jpg,https://www.legis.ga.gov/members/house/5071;https://www.legis.ga.gov/members/house/5071?session=1033,https://ballotpedia.org/Sylvia_Wayfer;https://justfacts.votesmart.org/candidate/biography/215239/sylvia-baker;https://www.legis.ga.gov/members/house/5071;https://www.legis.ga.gov/members/house/5071?session=1033;https://www.linkedin.com/in/sylvia-wayfer-esq-b60069195,,,,,,,,,,,
ocd-person/c5766526-3a5a-4d33-b5ff-a0d1d358d7ae,Tangie Herring,Democratic,145,lower,Tangie,Herring,Female,tangie.herring@house.ga.gov,,,,https://images.squarespace-cdn.com/content/v1/64b7398b4867300614bcfe48/9ddc7dee-fc52-4309-a0dc-3c8671c9eaaa/Tangie+Herring_headshot.jpg?format=2500w,https://www.legis.ga.gov/members/house/5082,https://ballotpedia.org/Tangie_Herring;https://en.wikipedia.org/wiki/Tangie_Herring;https://justfacts.votesmart.org/candidate/biography/215265/tangie-herring;https://www.legis.ga.gov/members/house/5082,,,,"871 Lee Road, Macon, GA 31024",,,,,,,
ocd-person/6e5432a3-09ed-4813-b11d-e97222bb7e4d,Tanya Miller,Democratic,62,lower,Tanya,Miller,Female,tanya.miller@house.ga.gov,,1973-10-03,,https://www.legis.ga.gov/api/images/default-source/portraits/miller-tanya-f-5029.jpg,https://www.legis.ga.gov/members/house;https://www.legis.ga.gov/members/house/5029;https://www.legis.ga.gov/members/house/5029?session=1031,https://ballotpedia.org/Tanya_Miller;https://en.wikipedia.org/wiki/Tanya_F._Miller;https://justfacts.votesmart.org/candidate/biography/203417/tanya-miller;https://www.legis.ga.gov/api/members/detail/5029?session=1031&chamber=1;https://www.legis.ga.gov/api/members/list/1031;https://www.legis.ga.gov/members/house/5029;https://www.linkedin.com/in/tanya-miller-ba132418,,,,,,,,,,,
ocd-person/aa7405f9-5c37-4ce8-a7eb-ac5949a6e776,Terry Cummings,Democratic,39,lower,Terry,Cummings,Female,terry.cummings@house.ga.gov,,,,https://www.legis.ga.gov/api/images/default-source/portraits/cummings-terry-5024.jpg,https://www.legis.ga.gov/members/house;https://www.legis.ga.gov/members/house/5024;https://www.legis.ga.gov/members/house/5024?session=1031,https://ballotpedia.org/Terry_Cummings;https://en.wikipedia.org/wiki/Terry_Cummings_(politician);https://justfacts.votesmart.org/candidate/biography/190215/terry-alexis-cummings;https://www.legis.ga.gov/api/members/detail/5024?session=1031&chamber=1;https://www.legis.ga.gov/api/members/list/1031;https://www.legis.ga.gov/members/house/5024,,,,"1400 Veterans Memorial Highway Suite 124-265, Mableton, GA 30126",,,,,,,
ocd-person/93f45299-bfa2-4458-844a-5c6b9bdd8c1d,Tim Bearden,Republican,30,upper,Tim,Bearden,Male,timothy.bearden@senate.ga.gov,,1967-05-26,,https://s3.amazonaws.com/ballotpedia-api4/files/thumbs/200/300/Timothy_Bearden.jpg,https://www.legis.ga.gov/members/senate/62;https://www.legis.ga.gov/members/senate/62?session=1031,https://ballotpedia.org/Tim_Bearden;https://ballotpedia.org/Timothy_Bearden;https://en.wikipedia.org/wiki/Tim_Bearden;https://justfacts.votesmart.org/candidate/biography/31980/timothy-bearden;https://www.legis.ga.gov/members/senate/62;https://www.legis.ga.gov/members/senate/62?session=1031;https://www.linkedin.com/in/tim-bearden-7a05731a9,,,,,,,,,,,
ocd-person/cf955c60-cbda-4414-9266-3d8dca3553fe,Tim Fleming,Republican,114,lower,Tim,Fleming,Male,tim.fleming@house.ga.gov,,1982-08-19,,https://www.legis.ga.gov/api/images/default-source/portraits/fleming-tim-5046.jpg,https://www.legis.ga.gov/members/house;https://www.legis.ga.gov/members/house/5046;https://www.legis.ga.gov/members/house/5046?session=1031,https://ballotpedia.org/Tim_Fleming;https://en.wikipedia.org/wiki/Tim_Fleming_(politician);https://justfacts.votesmart.org/candidate/biography/116385/tim-fleming;https://www.legis.ga.gov/api/members/detail/5046?session=1031&chamber=1;https://www.legis.ga.gov/api/members/list/1031;https://www.legis.ga.gov/members/house/5046,,,,,,,,,,,
ocd-person/45567c87-3ba6-49ec-9ea2-5ebb880aa94c,Todd Jones,Republican,25,lower,Todd,Jones,Male,todd.jones@house.ga.gov,,1967-08-15,,https://www.legis.ga.gov/api/images/default-source/portraits/jones-todd-4885.jpg,https://www.house.ga.gov/Representatives/en-US/member.aspx?Member=4885&Session=27;https://www.legis.ga.gov/members/house;https://www.legis.ga.gov/members/house/4885;https://www.legis.ga.gov/members/house/4885?session=1029;https://www.legis.ga.gov/members/house/4885?session=1031,https://ballotpedia.org/Todd_Jones;https://en.wikipedia.org/wiki/Todd_Jones_(politician);https://justfacts.votesmart.org/candidate/biography/168219/todd-jones;https://webservices.legis.ga.gov/GGAServices/Members/Service.svc?wsdl;https://www.house.ga.gov/Representatives/en-US/member.aspx?Member=4885&Session=27;https://www.legis.ga.gov/api/members/detail/4885?session=1029&chamber=1;https://www.legis.ga.gov/api/members/detail/4885?session=1031&chamber=1;https://www.legis.ga.gov/api/members/list/1031;https://www.legis.ga.gov/members/house/4885;https://www.legis.ga.gov/members/house/4885?session=1029,,,,"8175 Majors Ridge Way, Cumming, GA 30041",,,,,,,
ocd-person/d9f1ea57-7b90-484a-9664-927a36c87e0c,Tonya Anderson,Democratic,43,upper,Tonya,Anderson,Female,tonya.anderson@senate.ga.gov,,1969-07-16,,https://www.legis.ga.gov/api/images/default-source/portraits/anderson-tonya-807.jpg,https://www.legis.ga.gov/members/senate;https://www.legis.ga.gov/members/senate/807;https://www.legis.ga.gov/members/senate/807?session=1029;https://www.legis.ga.gov/members/senate/807?session=1031;https://www.senate.ga.gov/SENATORS/en-US/member.aspx?Member=807&Session=27,https://ballotpedia.org/Tonya_Anderson;https://en.wikipedia.org/wiki/Tonya_Anderson;https://justfacts.votesmart.org/candidate/biography/142015/tonya-anderson;https://webservices.legis.ga.gov/GGAServices/Members/Service.svc?wsdl;https://www.legis.ga.gov/api/members/detail/807?session=1029&chamber=2;https://www.legis.ga.gov/api/members/detail/807?session=1031&chamber=2;https://www.legis.ga.gov/api/members/list/1031;https://www.legis.ga.gov/members/senate/807;https://www.legis.ga.gov/members/senate/807?session=1029;https://www.legis.ga.gov/members/senate/807?session=1031;https://www.linkedin.com/in/tonyapanderson;https://www.senate.ga.gov/SENATORS/en-US/member.aspx?Member=807&Session=27,,,,,,,,,,,
ocd-person/9fe70ed7-31a0-4732-92b1-54d2a79a4654,Teddy Reese,Democratic,140,lower,Teddy,Reese,Male,tremaine.reese@house.ga.gov,,,,https://www.legis.ga.gov/api/images/default-source/portraits/reese-tremaine-teddy-5050.jpg,https://www.legis.ga.gov/members/house;https://www.legis.ga.gov/members/house/5050;https://www.legis.ga.gov/members/house/5050?session=1031,https://ballotpedia.org/Teddy_Reese;https://en.wikipedia.org/wiki/Teddy_Reese;https://justfacts.votesmart.org/candidate/biography/203503/teddy-reese;https://www.legis.ga.gov/api/members/detail/5050?session=1031&chamber=1;https://www.legis.ga.gov/api/members/list/1031;https://www.legis.ga.gov/members/house/5050;https://www.linkedin.com/in/teddy-reese-esq-5429979,,,,,,,,,,,
ocd-person/6ac8933e-8dde-4902-8eec-61cc5a91c844,Trey Kelley,Republican,16,lower,Trey,Kelley,Male,trey.kelley@house.ga.gov,,,,https://www.legis.ga.gov/api/images/default-source/portraits/kelley-trey-825.jpg,https://www.house.ga.gov/Representatives/en-US/member.aspx?Member=825&Session=27;https://www.legis.ga.gov/members/house;https://www.legis.ga.gov/members/house/825;https://www.legis.ga.gov/members/house/825?session=1029;https://www.legis.ga.gov/members/house/825?session=1031,https://ballotpedia.org/Trey_Kelley;https://en.wikipedia.org/wiki/Trey_Kelley;https://justfacts.votesmart.org/candidate/140293/trey-kelley;https://webservices.legis.ga.gov/GGAServices/Members/Service.svc?wsdl;https://www.house.ga.gov/Representatives/en-US/member.aspx?Member=825&Session=27;https://www.legis.ga.gov/api/members/detail/825?session=1029&chamber=1;https://www.legis.ga.gov/api/members/detail/825?session=1031&chamber=1;https://www.legis.ga.gov/api/members/list/1031;https://www.legis.ga.gov/members/house/825;https://www.legis.ga.gov/members/house/825?session=1029;https://www.linkedin.com/in/trey-kelley-43391016,,,,,,,,,,,
ocd-person/9dfc8ec3-0935-4d1d-877d-e05cf7a5dca5,Trey Rhodes,Republican,124,lower,Trey,Rhodes,Male,trey.rhodes@house.ga.gov,,1975-02-09,,https://www.legis.ga.gov/api/images/default-source/portraits/rhodes-trey-876.jpg,https://www.house.ga.gov/Representatives/en-US/member.aspx?Member=876&Session=27;https://www.legis.ga.gov/members/house;https://www.legis.ga.gov/members/house/876;https://www.legis.ga.gov/members/house/876?session=1029;https://www.legis.ga.gov/members/house/876?session=1031,https://ballotpedia.org/Trey_Rhodes;https://en.wikipedia.org/wiki/Trey_Rhodes;https://justfacts.votesmart.org/candidate/biography/155991/trey-rhodes;https://webservices.legis.ga.gov/GGAServices/Members/Service.svc?wsdl;https://www.house.ga.gov/Representatives/en-US/member.aspx?Member=876&Session=27;https://www.legis.ga.gov/api/members/detail/876?session=1029&chamber=1;https://www.legis.ga.gov/api/members/detail/876?session=1031&chamber=1;https://www.legis.ga.gov/api/members/list/1031;https://www.legis.ga.gov/members/house/876;https://www.legis.ga.gov/members/house/876?session=1029,,,,"1051 Ben Hammond Drive, Greensboro, GA 30642",,,,,,,
ocd-person/4b162447-89a7-4ffc-acbf-617e1ad87e2a,Tyler Smith,Republican,18,lower,Tyler,Smith,Male,tyler.smith@house.ga.gov,,1990-07-07,,https://www.legis.ga.gov/api/images/default-source/portraits/smith-tyler-paul-4990.jpg,https://www.legis.ga.gov/members/house;https://www.legis.ga.gov/members/house/4990;https://www.legis.ga.gov/members/house/4990?session=1029;https://www.legis.ga.gov/members/house/4990?session=1031,https://ballotpedia.org/Tyler_Smith_(Georgia);https://en.wikipedia.org/wiki/Tyler_Smith_(politician);https://justfacts.votesmart.org/candidate/190358/tyler-smith;https://www.legis.ga.gov/api/members/detail/4990?session=1029&chamber=1;https://www.legis.ga.gov/api/members/detail/4990?session=1031&chamber=1;https://www.legis.ga.gov/api/members/list/1031;https://www.legis.ga.gov/members/house/4990;https://www.legis.ga.gov/members/house/4990?session=1029;https://www.linkedin.com/in/tyler-paul-smith-b1281a33,,,,,,,,,,,
ocd-person/9deeb60b-4d1e-42b8-8052-d2808a30ea9a,Vance Smith,Republican,138,lower,Vance,Smith,Male,vance.smith@house.ga.gov,,,,https://www.legis.ga.gov/api/images/default-source/portraits/smith-vance-215.jpg,https://www.house.ga.gov/Representatives/en-US/member.aspx?Member=215&Session=27;https://www.legis.ga.gov/members/house;https://www.legis.ga.gov/members/house/215;https://www.legis.ga.gov/members/house/215?session=1029;https://www.legis.ga.gov/members/house/215?session=1031,https://ballotpedia.org/Vance_Smith;https://en.wikipedia.org/wiki/Vance_Smith;https://justfacts.votesmart.org/candidate/biography/7976/vance-smith-jr;https://webservices.legis.ga.gov/GGAServices/Members/Service.svc?wsdl;https://www.house.ga.gov/Representatives/en-US/member.aspx?Member=215&Session=27;https://www.legis.ga.gov/api/members/detail/215?session=1029&chamber=1;https://www.legis.ga.gov/api/members/detail/215?session=1031&chamber=1;https://www.legis.ga.gov/api/members/list/1031;https://www.legis.ga.gov/members/house/215;https://www.legis.ga.gov/members/house/215?session=1029;https://www.linkedin.com/in/vance-c-smith-jr-164a8444,,,,,,,,,,,
ocd-person/b9050158-4a6d-4332-8ad2-769472f52e3e,Venola Mason,Democratic,94,lower,Venola,Mason,Female,venola.mason@house.ga.gov,,,,https://venolaforthefuture.com/wp-content/uploads/2026/02/Venola-Campaign-photo-Oval_s.png,https://www.legis.ga.gov/members/house/5095,https://ballotpedia.org/Venola_Mason;https://en.wikipedia.org/wiki/Venola_Mason;https://venolamason.com;https://www.legis.ga.gov/members/house/5095;https://www.linkedin.com/in/masonvenola,,,,,,,,,,,
ocd-person/546d682f-b256-4060-8fd3-084d7f118d43,Victor Anderson,Republican,10,lower,Victor,Anderson,Male,victor.anderson@house.ga.gov,,1967-02-21,,https://www.legis.ga.gov/api/images/default-source/portraits/anderson-victor-4989.jpg,https://www.legis.ga.gov/members/house;https://www.legis.ga.gov/members/house/4989;https://www.legis.ga.gov/members/house/4989?session=1029;https://www.legis.ga.gov/members/house/4989?session=1031,https://ballotpedia.org/Victor_Anderson;https://en.wikipedia.org/wiki/Victor_Anderson_(politician);https://justfacts.votesmart.org/candidate/biography/158056/victor-anderson;https://www.legis.ga.gov/api/members/detail/4989?session=1029&chamber=1;https://www.legis.ga.gov/api/members/detail/4989?session=1031&chamber=1;https://www.legis.ga.gov/api/members/list/1031;https://www.legis.ga.gov/members/house/4989;https://www.legis.ga.gov/members/house/4989?session=1029;https://www.linkedin.com/in/victor-anderson-391a8613,,,,,,,,,,,
ocd-person/e3b1be9c-b244-4466-9192-adc365a31cfb,Viola Davis,Democratic,87,lower,Viola,Davis,Female,viola.davis@house.ga.gov,,1963-03-19,,https://www.legis.ga.gov/api/images/default-source/portraits/davis-viola-4947.jpg,https://www.house.ga.gov/Representatives/en-US/member.aspx?Member=4947&Session=27;https://www.legis.ga.gov/members/house;https://www.legis.ga.gov/members/house/4947;https://www.legis.ga.gov/members/house/4947?session=1029;https://www.legis.ga.gov/members/house/4947?session=1031,https://ballotpedia.org/Viola_Davis;https://en.wikipedia.org/wiki/Viola_Davis_(Georgia_politician);https://justfacts.votesmart.org/candidate/biography/31566/viola-davis;https://webservices.legis.ga.gov/GGAServices/Members/Service.svc?wsdl;https://www.house.ga.gov/Representatives/en-US/member.aspx?Member=4947&Session=27;https://www.legis.ga.gov/api/members/detail/4947?session=1029&chamber=1;https://www.legis.ga.gov/api/members/detail/4947?session=1031&chamber=1;https://www.legis.ga.gov/api/members/list/1031;https://www.legis.ga.gov/members/house/4947;https://www.legis.ga.gov/members/house/4947?session=1029;https://www.linkedin.com/in/viola-davis-8a927716,,,,,,,,,,,
ocd-person/97a002db-6151-4fdf-9bce-013a6344764f,Will Wade,Republican,9,lower,Will,Wade,Male,will.wade@house.ga.gov,,1978-03-25,,https://www.legis.ga.gov/api/images/default-source/portraits/wade-will-4988.jpg,https://www.legis.ga.gov/members/house;https://www.legis.ga.gov/members/house/4988;https://www.legis.ga.gov/members/house/4988?session=1029;https://www.legis.ga.gov/members/house/4988?session=1031,https://ballotpedia.org/Will_Wade;https://en.wikipedia.org/wiki/Will_Wade_(Georgia_politician);https://justfacts.votesmart.org/candidate/biography/190349/will-wade;https://www.legis.ga.gov/api/members/detail/4988?session=1029&chamber=1;https://www.legis.ga.gov/api/members/detail/4988?session=1031&chamber=1;https://www.legis.ga.gov/api/members/list/1031;https://www.legis.ga.gov/members/house/4988;https://www.legis.ga.gov/members/house/4988?session=1029;https://www.linkedin.com/in/william-s-wade-4a140215,,,,,,,,,,,
ocd-person/6f986b42-14f6-4147-9466-c49294331db9,Yasmin Neal,Democratic,79,lower,Yasmin,Neal,Female,yasmin.neal@house.ga.gov,,1985-02-10,,https://www.legis.ga.gov/api/images/default-source/portraits/neal-yasmin-765.jpg,https://www.legis.ga.gov/members/house;https://www.legis.ga.gov/members/house/765;https://www.legis.ga.gov/members/house/765?session=1029;https://www.legis.ga.gov/members/house/765?session=1031;https://www1.legis.ga.gov/legis/2011_12/house/bios/nealYasmin.html,https://ballotpedia.org/Yasmin_Neal;https://en.wikipedia.org/wiki/Yasmin_Neal;https://justfacts.votesmart.org/candidate/biography/105185/yasmin-neal;https://www.legis.ga.gov/api/members/detail/765?session=1029&chamber=1;https://www.legis.ga.gov/api/members/detail/765?session=1031&chamber=1;https://www.legis.ga.gov/api/members/list/1031;https://www.legis.ga.gov/members/house/765;https://www.legis.ga.gov/members/house/765?session=1029;https://www.linkedin.com/in/yasmin-neal-71477757;https://www1.legis.ga.gov/legis/2011_12/house/bios/nealYasmin.html,,,,,,,,,,,
