id,name,current_party,current_district,current_chamber,given_name,family_name,gender,email,biography,birth_date,death_date,image,links,sources,capitol_address,capitol_voice,capitol_fax,district_address,district_voice,district_fax,twitter,youtube,instagram,facebook,wikidata
ocd-person/c29c02a4-8429-4846-bc19-817f545f3935,Adam Zabner,Democratic,90,lower,Adam,Zabner,Male,adam.zabner@legis.iowa.gov,,1999-05-24,,https://www.legis.iowa.gov/photo?action=getPhoto&ga=91&pid=33993,https://eepurl.com/ihe76H;https://www.legis.iowa.gov/legislators/legislator?ga=90&personID=33993;https://www.legis.iowa.gov/legislators/legislator?personID=33993,https://ballotpedia.org/Adam_Zabner;https://www.legis.iowa.gov/legislators/house;https://www.legis.iowa.gov/legislators/legislator?ga=90&personID=33993;https://www.legis.iowa.gov/legislators/legislator?personID=33993;https://www.linkedin.com/in/adam-zabner,,,,,,,,,,,
ocd-person/9788064e-fad9-4130-9084-69e829884d9c,Adrian Dickey,Republican,44,upper,Adrian,Dickey,Male,adrian.dickey@legis.iowa.gov,,1973-10-23,,https://www.legis.iowa.gov/photo?action=getPhoto&ga=91&pid=31094,https://iowasenaterepublicans.com/senators/adrian-dickey/;https://www.iowasenaterepublicans.com/senators/adrian-dickey/;https://www.legis.iowa.gov/legislators/legislator?ga=89&personID=31094;https://www.legis.iowa.gov/legislators/legislator?personID=31094,https://ballotpedia.org/Adrian_Dickey;https://en.wikipedia.org/wiki/Adrian_Dickey;https://iowasenaterepublicans.com/senators/adrian-dickey;https://www.legis.iowa.gov/legislators/legislator?ga=89&personID=31094;https://www.legis.iowa.gov/legislators/legislator?ga=90&personID=31094;https://www.legis.iowa.gov/legislators/legislator?personID=31094;https://www.legis.iowa.gov/legislators/senate;https://www.linkedin.com/in/adrian-dickey-20030a49,,,,,,,,,,,
ocd-person/e0883366-eaba-4dc1-9a66-4c35cb1d0290,Aime Wichtendahl,Democratic,80,lower,Aime,Wichtendahl,Female,aime.wichtendahl@legis.iowa.gov,,1979-12-31,,https://www.legis.iowa.gov/photo?action=getPhoto&ga=91&pid=37390,https://www.legis.iowa.gov/legislators/legislator?ga=91&personID=37390;https://www.legis.iowa.gov/legislators/legislator?personID=37390,https://ballotpedia.org/Aime_Wichtendahl;https://en.wikipedia.org/wiki/Aime_Wichtendahl;https://www.legis.iowa.gov/legislators/legislator?ga=91&personID=37390;https://www.legis.iowa.gov/legislators/legislator?personID=37390,,,,,,,,,,,
ocd-person/0ed1d7f1-1471-4055-b674-582bf19c28b3,Amy Nielsen,Democratic,85,lower,Amy,Nielsen,Female,amy.nielsen@legis.iowa.gov,,,,https://www.legis.iowa.gov/photo?action=getPhoto&ga=91&pid=18050,https://eepurl.com/gXNTL1;https://www.legis.iowa.gov/legislators/legislator?personID=18050,https://ballotpedia.org/Amy_Nielsen;https://en.wikipedia.org/wiki/Amy_Nielsen;https://www.legis.iowa.gov/legislators/house;https://www.legis.iowa.gov/legislators/legislator?ga=90&personID=18050;https://www.legis.iowa.gov/legislators/legislator?personID=18050;https://www.linkedin.com/in/amy-nielsen-150183b2,,,,,,,,,,,
ocd-person/8e969687-4903-4f3c-a76f-2e35a2232d09,Amy Sinclair,Republican,12,upper,Amy,Sinclair,Female,amy.sinclair@legis.iowa.gov,,,,https://www.legis.iowa.gov/photo?action=getPhoto&ga=91&pid=10729,https://www.iowasenaterepublicans.com/senators/amy-sinclair/;https://www.legis.iowa.gov/legislators/legislator?ga=88&personID=10729;https://www.legis.iowa.gov/legislators/legislator?ga=89&personID=10729;https://www.legis.iowa.gov/legislators/legislator?ga=90&personID=10729;https://www.legis.iowa.gov/legislators/legislator?personID=10729,https://ballotpedia.org/Amy_Sinclair;https://en.wikipedia.org/wiki/Amy_Sinclair;https://iowasenaterepublicans.com/senators/amy-sinclair;https://justfacts.votesmart.org/candidate/biography/85793/amy-sinclair;https://www.legis.iowa.gov/legislators/legislator?ga=88&personID=10729;https://www.legis.iowa.gov/legislators/legislator?ga=89&personID=10729;https://www.legis.iowa.gov/legislators/legislator?ga=90&personID=10729;https://www.legis.iowa.gov/legislators/legislator?personID=10729;https://www.legis.iowa.gov/legislators/senate;https://www.linkedin.com/in/amy-sinclair-20927670,,,,,,,,,,,
ocd-person/17e291e9-2484-4e94-a99f-0c12d6269349,Angel Ramirez,Democratic,78,lower,Angel,Ramirez,Female,angel.ramirez@legis.iowa.gov,,,,https://www.legis.iowa.gov/photo?action=getPhoto&ga=91&pid=6145,https://www.legis.iowa.gov/legislators/legislator?personID=6145,https://ballotpedia.org/Angel_Ramirez_(Iowa);https://en.wikipedia.org/wiki/Angel_Ramirez_(politician);https://www.legis.iowa.gov/legislators/legislator?personID=6145;https://www.linkedin.com/in/angelinaramirez,,,,,,,,,,,
ocd-person/f8bf5332-b8b7-4d55-8652-e9b883cae35e,Ann Meyer,Republican,8,lower,Ann,Meyer,Female,ann.meyer@legis.iowa.gov,,,,https://www.legis.iowa.gov/photo?action=getPhoto&ga=91&pid=27019,https://iowahouserepublicans.nationbuilder.com/reps;https://www.legis.iowa.gov/legislators/legislator/newsletter?id=27019&ga=90;https://www.legis.iowa.gov/legislators/legislator?ga=88&personID=27019;https://www.legis.iowa.gov/legislators/legislator?ga=89&personID=27019;https://www.legis.iowa.gov/legislators/legislator?personID=27019,https://ballotpedia.org/Ann_Meyer;https://en.wikipedia.org/wiki/Ann_Meyer;https://justfacts.votesmart.org/candidate/biography/180183/ann-meyer;https://www.legis.iowa.gov/legislators/house;https://www.legis.iowa.gov/legislators/legislator?ga=88&personID=27019;https://www.legis.iowa.gov/legislators/legislator?ga=89&personID=27019;https://www.legis.iowa.gov/legislators/legislator?ga=90&personID=27019;https://www.legis.iowa.gov/legislators/legislator?personID=27019,,,,,,,,,,,
ocd-person/79eacd35-8caf-466e-b75f-0d878dcf5221,Annette Sweeney,Republican,27,upper,Annette,Sweeney,Female,annette.sweeney@legis.iowa.gov,,1957-12-09,,https://www.legis.iowa.gov/photo?action=getPhoto&ga=91&pid=6585,https://www.iowasenaterepublicans.com/senators/annette-sweeney/;https://www.legis.iowa.gov/legislators/legislator?ga=88&personID=6585;https://www.legis.iowa.gov/legislators/legislator?ga=89&personID=6585;https://www.legis.iowa.gov/legislators/legislator?personID=6585,https://ballotpedia.org/Annette_Sweeney;https://en.wikipedia.org/wiki/Annette_Sweeney;https://iowasenaterepublicans.com/senators/annette-sweeney;https://www.legis.iowa.gov/legislators/legislator?ga=88&personID=6585;https://www.legis.iowa.gov/legislators/legislator?ga=89&personID=6585;https://www.legis.iowa.gov/legislators/legislator?ga=90&personID=6585;https://www.legis.iowa.gov/legislators/legislator?personID=6585;https://www.legis.iowa.gov/legislators/senate;https://www.linkedin.com/in/annette-sweeney-63813811,,,,,,,,,,,
ocd-person/57925a0b-3010-440d-a012-c8465535c13e,Art Staed,Democratic,40,upper,Art,Staed,Male,art.staed@legis.iowa.gov,,1949-04-21,,https://www.legis.iowa.gov/photo?action=getPhoto&ga=91&pid=10743,https://eepurl.com/gXSMIH;https://www.legis.iowa.gov/legislators/legislator?ga=88&personID=10743;https://www.legis.iowa.gov/legislators/legislator?ga=89&personID=10743;https://www.legis.iowa.gov/legislators/legislator?personID=10743,https://ballotpedia.org/Art_Staed;https://en.wikipedia.org/wiki/Art_Staed;https://www.legis.iowa.gov/legislators/house;https://www.legis.iowa.gov/legislators/legislator?ga=88&personID=10743;https://www.legis.iowa.gov/legislators/legislator?ga=89&personID=10743;https://www.legis.iowa.gov/legislators/legislator?ga=90&personID=10743;https://www.legis.iowa.gov/legislators/legislator?personID=10743;https://www.linkedin.com/in/art-staed-a45a7991,,,,,,,,,,,
ocd-person/9aa42801-ba2e-4f2e-9448-cf5e6114fba7,Austin Baeth,Democratic,36,lower,Austin,Baeth,Male,austin.baeth@legis.iowa.gov,,1984-10-19,,https://www.legis.iowa.gov/photo?action=getPhoto&ga=91&pid=33976,https://eepurl.com/ihfkvT;https://www.legis.iowa.gov/legislators/legislator?ga=90&personID=33976;https://www.legis.iowa.gov/legislators/legislator?ga=91&personID=33976,https://ballotpedia.org/Austin_Baeth;https://en.wikipedia.org/wiki/Austin_Baeth;https://justfacts.votesmart.org/candidate/biography/203958/austin-baeth;https://www.legis.iowa.gov/legislators/house;https://www.legis.iowa.gov/legislators/legislator?ga=90&personID=33976;https://www.legis.iowa.gov/legislators/legislator?ga=91&personID=33976;https://www.linkedin.com/in/austin-baeth-0b0877a5,,,,,,,,,,,
ocd-person/3dea807e-b6b5-4531-a5d6-d51ae8811aca,Austin Harris,Republican,26,lower,Austin,Harris,Male,austin.harris@legis.iowa.gov,,1995-11-06,,https://www.legis.iowa.gov/photo?action=getPhoto&ga=91&pid=33971,https://www.legis.iowa.gov/legislators/legislator/newsletter?id=33971&ga=90;https://www.legis.iowa.gov/legislators/legislator?ga=90&personID=33971;https://www.legis.iowa.gov/legislators/legislator?personID=33971,https://ballotpedia.org/Austin_Harris_(Iowa);https://en.wikipedia.org/wiki/Austin_Harris;https://www.legis.iowa.gov/legislators/house;https://www.legis.iowa.gov/legislators/legislator?ga=90&personID=33971;https://www.legis.iowa.gov/legislators/legislator?personID=33971;https://www.linkedin.com/in/austin-harris-650363108,,,,,,,,,,,
ocd-person/5aa1870f-0eb7-4a82-9788-7b159d28a287,Barb Kniff McCulla,Republican,37,lower,Barb,Kniff McCulla,Female,barb.kniffmcculla@legis.iowa.gov,,,,https://www.legis.iowa.gov/photo?action=getPhoto&ga=91&pid=33977,https://www.legis.iowa.gov/legislators/legislator/newsletter?id=33977&ga=90;https://www.legis.iowa.gov/legislators/legislator?ga=90&personID=33977;https://www.legis.iowa.gov/legislators/legislator?personID=33977,https://ballotpedia.org/Barb_Kniff_McCulla;https://en.wikipedia.org/wiki/Barb_Kniff_McCulla;https://www.legis.iowa.gov/legislators/house;https://www.legis.iowa.gov/legislators/legislator?ga=90&personID=33977;https://www.legis.iowa.gov/legislators/legislator?personID=33977,,,,,,,,,,,
ocd-person/5c955d7c-30ce-4930-9d96-588735b89dc2,Beth Wessel-Kroeschell,Democratic,49,lower,Beth,Wessel-Kroeschell,Female,beth.wessel-kroeschell@legis.iowa.gov,,,,https://www.legis.iowa.gov/photo?action=getPhoto&ga=91&pid=774&pType=3,https://eepurl.com/gXNo2T;https://www.legis.iowa.gov/legislators/legislator?ga=88&personID=774;https://www.legis.iowa.gov/legislators/legislator?ga=89&personID=774;https://www.legis.iowa.gov/legislators/legislator?personID=774,https://ballotpedia.org/Beth_Wessel-Kroeschell;https://en.wikipedia.org/wiki/Beth_Wessel-Kroeschell;https://justfacts.votesmart.org/candidate/biography/32637/beth-wessel-kroeschell;https://www.legis.iowa.gov/legislators/house;https://www.legis.iowa.gov/legislators/legislator?ga=88&personID=774;https://www.legis.iowa.gov/legislators/legislator?ga=89&personID=774;https://www.legis.iowa.gov/legislators/legislator?ga=90&personID=774;https://www.legis.iowa.gov/legislators/legislator?personID=774,,,,,,,,,,,
ocd-person/7ebd4346-a560-458d-b010-3ddd82d1cf38,Bill Gustoff,Republican,40,lower,Bill,Gustoff,Male,bill.gustoff@legis.iowa.gov,,,,https://www.legis.iowa.gov/photo?action=getPhoto&ga=91&pid=33978,https://eepurl.com/h6jOxr;https://www.legis.iowa.gov/legislators/legislator/newsletter?id=33978&ga=90;https://www.legis.iowa.gov/legislators/legislator?ga=90&personID=33978;https://www.legis.iowa.gov/legislators/legislator?personID=33978,https://ballotpedia.org/Bill_Gustoff;https://en.wikipedia.org/wiki/Bill_Gustoff;https://www.legis.iowa.gov/legislators/house;https://www.legis.iowa.gov/legislators/legislator?ga=90&personID=33978;https://www.legis.iowa.gov/legislators/legislator?personID=33978;https://www.linkedin.com/in/gustoff,,,,,,,,,,,
ocd-person/16d3e647-2d71-4eb0-beb3-1c6e0294fd7d,Blaine Watkins,Republican,100,lower,Blaine,Watkins,Male,blaine.watkins@legis.iowa.gov,,2001-06-26,,https://www.legis.iowa.gov/photo?action=getPhoto&ga=91&pid=28966,https://www.legis.iowa.gov/legislators/legislator?ga=91&personID=28966;https://www.legis.iowa.gov/legislators/legislator?personID=28966,https://ballotpedia.org/Blaine_Watkins;https://en.wikipedia.org/wiki/Blaine_Watkins;https://www.legis.iowa.gov/legislators/legislator?ga=91&personID=28966;https://www.legis.iowa.gov/legislators/legislator?personID=28966;https://www.linkedin.com/in/blaine-watkins-b92692275,,,,,,,,,,,
ocd-person/bdd055a7-677f-4df3-ba42-72c09d75a2ad,Bob Kressig,Democratic,75,lower,Bob,Kressig,Male,bob.kressig@legis.iowa.gov,,1953-12-31,,https://www.legis.iowa.gov/photo?action=getPhoto&ga=91&pid=781,https://iowa.us19.list-manage.com/subscribe?u=9f68e4c04f9646e4baeec6d78&id=77ff2ca7e5;https://www.legis.iowa.gov/legislators/legislator?personID=781,https://ballotpedia.org/Bob_Kressig;https://en.wikipedia.org/wiki/Bob_Kressig;https://justfacts.votesmart.org/candidate/biography/32632/bob-kressig;https://www.legis.iowa.gov/legislators/house;https://www.legis.iowa.gov/legislators/legislator?ga=90&personID=781;https://www.legis.iowa.gov/legislators/legislator?personID=781;https://www.linkedin.com/in/bob-kressig-8a736931;https://www.linkedin.com/in/bob-kressig-98b36931,,,,,,,,,,,
ocd-person/657c7d2d-2444-4809-93fb-d1701d77f528,Bobby Kaufmann,Republican,82,lower,Bobby,Kaufmann,Male,bobby.kaufmann@legis.iowa.gov,,,,https://www.legis.iowa.gov/photo?action=getPhoto&ga=91&pid=10756,https://iowahouserepublicans.nationbuilder.com/reps;https://www.legis.iowa.gov/legislators/legislator/newsletter?id=10756&ga=90;https://www.legis.iowa.gov/legislators/legislator?personID=10756,https://ballotpedia.org/Bobby_Kaufmann;https://en.wikipedia.org/wiki/Bobby_Kaufmann;https://www.legis.iowa.gov/legislators/house;https://www.legis.iowa.gov/legislators/legislator?ga=90&personID=10756;https://www.legis.iowa.gov/legislators/legislator?personID=10756,,,,,,,,,,,
ocd-person/29efffba-9a8b-473f-a66e-8be5441cbb83,Brent Siegrist,Republican,19,lower,Brent,Siegrist,Male,brent.siegrist@legis.iowa.gov,,1952-09-30,,https://www.legis.iowa.gov/photo?action=getPhoto&ga=91&pid=30646,https://iowahouserepublicans.nationbuilder.com/reps;https://www.legis.iowa.gov/legislators/legislator/newsletter?id=30646&ga=90;https://www.legis.iowa.gov/legislators/legislator?ga=89&personID=30646;https://www.legis.iowa.gov/legislators/legislator?personID=30646,https://ballotpedia.org/Brent_Siegrist;https://en.wikipedia.org/wiki/Brent_Siegrist;https://justfacts.votesmart.org/candidate/biography/6544/j-brent-siegrist;https://www.legis.iowa.gov/legislators/house;https://www.legis.iowa.gov/legislators/legislator?ga=89&personID=30646;https://www.legis.iowa.gov/legislators/legislator?ga=90&personID=30646;https://www.legis.iowa.gov/legislators/legislator?personID=30646;https://www.linkedin.com/in/brent-siegrist-a619a8108,,,,,,,,,,,
ocd-person/e34f4bba-5e1f-4e99-8654-d35140a5470b,Brett Barker,Republican,51,lower,Brett,Barker,Male,brett.barker@legis.iowa.gov,,,,https://www.legis.iowa.gov/photo?action=getPhoto&ga=91&pid=37386,https://www.legis.iowa.gov/legislators/legislator?ga=91&personID=37386;https://www.legis.iowa.gov/legislators/legislator?personID=37386,https://ballotpedia.org/Brett_Barker;https://www.legis.iowa.gov/legislators/legislator?ga=91&personID=37386;https://www.legis.iowa.gov/legislators/legislator?personID=37386;https://www.linkedin.com/in/bretthbarker,,,,,,,,,,,
ocd-person/e0d66082-fd49-47ff-acd7-2f8106bc9837,Brian Lohse,Republican,45,lower,Brian,Lohse,Male,brian.lohse@legis.iowa.gov,,1968-11-27,,https://www.legis.iowa.gov/photo?action=getPhoto&ga=91&pid=27022,https://gop.us20.list-manage.com/subscribe?u=871f3d222fc2ae8e3dd8b683a&id=5f02846a39;https://iowahouserepublicans.nationbuilder.com/reps;https://www.legis.iowa.gov/legislators/legislator?personID=27022,https://ballotpedia.org/Brian_Lohse;https://en.wikipedia.org/wiki/Brian_Lohse;https://justfacts.votesmart.org/candidate/biography/184841/brian-lohse;https://www.legis.iowa.gov/legislators/house;https://www.legis.iowa.gov/legislators/legislator?ga=90&personID=27022;https://www.legis.iowa.gov/legislators/legislator?personID=27022;https://www.linkedin.com/in/brian-lohse-704715121,,,,,,,,,,,
ocd-person/141dec61-26f0-4155-a86b-9b2179c9546c,Brian Meyer,Democratic,29,lower,Brian,Meyer,Male,brian.meyer@legis.iowa.gov,,1973-11-01,,https://www.legis.iowa.gov/photo?action=getPhoto&ga=91&pid=6377,https://www.legis.iowa.gov/legislators/legislator/newsletter?id=6377&ga=89;https://www.legis.iowa.gov/legislators/legislator/newsletter?id=6377&ga=90;https://www.legis.iowa.gov/legislators/legislator?ga=88&personID=6377;https://www.legis.iowa.gov/legislators/legislator?ga=89&personID=6377;https://www.legis.iowa.gov/legislators/legislator?ga=90&personID=6377;https://www.legis.iowa.gov/legislators/legislator?personID=6377,https://ballotpedia.org/Brian_Meyer_(Iowa);https://en.wikipedia.org/wiki/Brian_Meyer_(politician);https://www.legis.iowa.gov/legislators/house;https://www.legis.iowa.gov/legislators/legislator?ga=88&personID=6377;https://www.legis.iowa.gov/legislators/legislator?ga=89&personID=6377;https://www.legis.iowa.gov/legislators/legislator?ga=90&personID=6377;https://www.legis.iowa.gov/legislators/legislator?personID=6377;https://www.linkedin.com/in/brianmeyer2,,,,,,,,,,,
ocd-person/942429d9-5b4a-4ad7-8da7-d43eb7828dff,Brooke Boden,Republican,21,lower,Brooke,Boden,Female,brooke.boden@legis.iowa.gov,,,,https://www.legis.iowa.gov/photo?action=getPhoto&ga=91&pid=30648,https://brookeforiowa.us7.list-manage.com/subscribe?u=2729c18ae239c6270f597da67&id=dbd3dab3ff;https://iowahouserepublicans.nationbuilder.com/reps;https://www.legis.iowa.gov/legislators/legislator?ga=89&personID=30648;https://www.legis.iowa.gov/legislators/legislator?personID=30648,https://ballotpedia.org/Brooke_Boden;https://en.wikipedia.org/wiki/Brooke_Boden;https://www.legis.iowa.gov/legislators/house;https://www.legis.iowa.gov/legislators/legislator?ga=89&personID=30648;https://www.legis.iowa.gov/legislators/legislator?ga=90&personID=30648;https://www.legis.iowa.gov/legislators/legislator?personID=30648,,,,,,,,,,,
ocd-person/9b68d2a2-ead2-401e-a225-1edae68f6099,Carrie Koelker,Republican,33,upper,Carrie,Koelker,Female,carrie.koelker@legis.iowa.gov,,,,https://www.legis.iowa.gov/photo?action=getPhoto&ga=91&pid=27001,https://www.iowasenaterepublicans.com/senators/carrie-koelker/;https://www.legis.iowa.gov/legislators/legislator?ga=88&personID=27001;https://www.legis.iowa.gov/legislators/legislator?ga=89&personID=27001;https://www.legis.iowa.gov/legislators/legislator?ga=90&personID=27001;https://www.legis.iowa.gov/legislators/legislator?personID=27001,https://ballotpedia.org/Carrie_Koelker;https://en.wikipedia.org/wiki/Carrie_Koelker;https://justfacts.votesmart.org/candidate/biography/180162/carrie-koelker;https://www.legis.iowa.gov/legislators/legislator?ga=88&personID=27001;https://www.legis.iowa.gov/legislators/legislator?ga=89&personID=27001;https://www.legis.iowa.gov/legislators/legislator?ga=90&personID=27001;https://www.legis.iowa.gov/legislators/legislator?personID=27001;https://www.legis.iowa.gov/legislators/senate;https://www.linkedin.com/in/carrie-koelker-3361541b,,,,,,,,,,,
ocd-person/e7b268b8-c922-4e66-8327-cc4c49854d5e,Carter Nordman,Republican,47,lower,Carter,Nordman,Male,carter.nordman@legis.iowa.gov,,1998-05-27,,https://www.legis.iowa.gov/photo?action=getPhoto&ga=91&pid=30647,https://iowahouserepublicans.nationbuilder.com/reps;https://www.legis.iowa.gov/legislators/legislator/newsletter?id=30647&ga=90;https://www.legis.iowa.gov/legislators/legislator?ga=89&personID=30647;https://www.legis.iowa.gov/legislators/legislator?ga=90&personID=30647;https://www.legis.iowa.gov/legislators/legislator?personID=30647,https://ballotpedia.org/Carter_Nordman;https://en.wikipedia.org/wiki/Carter_Nordman;https://www.legis.iowa.gov/legislators/house;https://www.legis.iowa.gov/legislators/legislator?ga=89&personID=30647;https://www.legis.iowa.gov/legislators/legislator?ga=90&personID=30647;https://www.legis.iowa.gov/legislators/legislator?personID=30647;https://www.linkedin.com/in/carternordman,,,,,,,,,,,
ocd-person/96941816-29ce-4c03-ab43-efa1ef2930ab,Catelin Drey,Democratic,1,upper,Catelin,Drey,Female,catelin.drey@legis.iowa.gov,,,,https://s3.amazonaws.com/ballotpedia-api4/files/thumbs/200/300/Catelin_Drey.png,https://www.legis.iowa.gov/legislators/legislator?personID=39183,https://ballotpedia.org/Catelin_Drey;https://en.wikipedia.org/wiki/Catelin_Drey;https://www.legis.iowa.gov/legislators/legislator?personID=39183;https://www.linkedin.com/in/catelin-drey,,,,,,,,,,,
ocd-person/3d113997-b440-47db-97d2-3dca3a2b431a,Chad Behn,Republican,48,lower,Chad,Behn,Male,chad.behn@legis.iowa.gov,,,,https://www.legis.iowa.gov/photo?action=getPhoto&ga=91&pid=37384,https://www.legis.iowa.gov/legislators/legislator?ga=91&personID=37384;https://www.legis.iowa.gov/legislators/legislator?personID=37384,https://ballotpedia.org/Chad_Behn;https://www.legis.iowa.gov/legislators/legislator?ga=91&personID=37384;https://www.legis.iowa.gov/legislators/legislator?personID=37384,,,,,,,,,,,
ocd-person/623b4ac1-3411-4109-b0eb-31bec2780313,Chad Ingels,Republican,68,lower,Chad,Ingels,Male,chad.ingels@legis.iowa.gov,,,,https://www.legis.iowa.gov/photo?action=getPhoto&ga=91&pid=30653,https://iowa.us7.list-manage.com/subscribe?u=2ab7b475cd3c7661510125056&id=4b2e51f33d;https://iowahouserepublicans.nationbuilder.com/reps;https://www.legis.iowa.gov/legislators/legislator?ga=89&personID=30653;https://www.legis.iowa.gov/legislators/legislator?personID=30653,https://ballotpedia.org/Chad_Ingels;https://en.wikipedia.org/wiki/Chad_Ingels;https://justfacts.votesmart.org/candidate/biography/191032/chad-ingels;https://www.legis.iowa.gov/legislators/house;https://www.legis.iowa.gov/legislators/legislator?ga=89&personID=30653;https://www.legis.iowa.gov/legislators/legislator?ga=90&personID=30653;https://www.legis.iowa.gov/legislators/legislator?personID=30653;https://www.linkedin.com/in/chad-ingels-44a1961b,,,,,,,,,,,
ocd-person/1a5372b1-e23d-4877-a614-a32f552c58b4,Charley Thomson,Republican,58,lower,Charley,Thomson,Male,charley.thomson@legis.iowa.gov,,,,https://www.legis.iowa.gov/photo?action=getPhoto&ga=91&pid=33983,https://www.legis.iowa.gov/legislators/legislator/newsletter?id=33983&ga=90;https://www.legis.iowa.gov/legislators/legislator?ga=90&personID=33983;https://www.legis.iowa.gov/legislators/legislator?personID=33983,https://ballotpedia.org/Charley_Thomson;https://en.wikipedia.org/wiki/Charley_Thomson;https://www.legis.iowa.gov/legislators/house;https://www.legis.iowa.gov/legislators/legislator?ga=90&personID=33983;https://www.legis.iowa.gov/legislators/legislator?personID=33983,,,,,,,,,,,
ocd-person/006bcadf-1173-4661-a28e-25fbf1a5c423,Charlie McClintock,Republican,42,upper,Charlie,McClintock,Male,charlie.mcclintock@legis.iowa.gov,,,,https://www.legis.iowa.gov/photo?action=getPhoto&ga=91&pid=30657,https://iowasenaterepublicans.com/senators/charlie-mcclintock/;https://www.iowasenaterepublicans.com/senators/charlie-mcclintock/;https://www.legis.iowa.gov/legislators/legislator?ga=90&personID=30657;https://www.legis.iowa.gov/legislators/legislator?personID=30657,https://ballotpedia.org/Charlie_McClintock;https://en.wikipedia.org/wiki/Charlie_McClintock;https://iowasenaterepublicans.com/senators/charlie-mcclintock;https://www.legis.iowa.gov/legislators/legislator?ga=90&personID=30657;https://www.legis.iowa.gov/legislators/legislator?personID=30657;https://www.legis.iowa.gov/legislators/senate,,,,,,,,,,,
ocd-person/f4803b48-80d4-43aa-86cd-fe78d268e77a,Cherielynn Westrich,Republican,13,upper,Cherielynn,Westrich,Female,cherielynn.westrich@legis.iowa.gov,,1966-01-21,,https://www.legis.iowa.gov/photo?action=getPhoto&ga=91&pid=30654,https://iowasenaterepublicans.com/senators/cherielynn-westrich/;https://www.iowasenaterepublicans.com/senators/cherielynn-westrich/;https://www.legis.iowa.gov/legislators/legislator?ga=90&personID=30654;https://www.legis.iowa.gov/legislators/legislator?personID=30654,https://ballotpedia.org/Cherielynn_Westrich;https://en.wikipedia.org/wiki/Cherielynn_Westrich;https://iowasenaterepublicans.com/senators/cherielynn-westrich;https://justfacts.votesmart.org/candidate/biography/180273/cherielynn-westrich;https://www.legis.iowa.gov/legislators/legislator?ga=90&personID=30654;https://www.legis.iowa.gov/legislators/legislator?personID=30654;https://www.legis.iowa.gov/legislators/senate;https://www.linkedin.com/in/cherielynn-westrich-a128091b3,,,,,,,,,,,
ocd-person/08e97c3c-42e2-47f7-b186-0b5099161d4e,Christian Hermanson,Republican,59,lower,Christian,Hermanson,Male,christian.hermanson@legis.iowa.gov,,,,https://www.legis.iowa.gov/photo?action=getPhoto&ga=91&pid=37387,https://www.legis.iowa.gov/legislators/legislator?ga=91&personID=37387;https://www.legis.iowa.gov/legislators/legislator?personID=37387,https://ballotpedia.org/Christian_Hermanson;https://en.wikipedia.org/wiki/Christian_Hermanson;https://www.legis.iowa.gov/legislators/legislator?ga=91&personID=37387;https://www.legis.iowa.gov/legislators/legislator?personID=37387,,,,,,,,,,,
ocd-person/6729badd-57a5-484c-bb4c-23afa6e96cdf,Cindy Golding,Republican,83,lower,Cindy,Golding,Female,cindy.golding@legis.iowa.gov,,,,https://www.legis.iowa.gov/photo?action=getPhoto&ga=91&pid=33990,https://www.legis.iowa.gov/legislators/legislator/newsletter?id=33990&ga=90;https://www.legis.iowa.gov/legislators/legislator?ga=90&personID=33990;https://www.legis.iowa.gov/legislators/legislator?personID=33990,https://ballotpedia.org/Cindy_Golding;https://cindygolding.com/about;https://en.wikipedia.org/wiki/Cindy_Golding;https://www.legis.iowa.gov/legislators/house;https://www.legis.iowa.gov/legislators/legislator?ga=90&personID=33990;https://www.legis.iowa.gov/legislators/legislator?personID=33990;https://www.linkedin.com/in/cindy-golding-42985740,,,,,,,,,,,
ocd-person/84279bc7-04df-475e-8d6f-9f9703c73101,Cindy Winckler,Democratic,49,upper,Cindy,Winckler,Female,cindy.winckler@legis.iowa.gov,,1950-05-27,,https://www.legis.iowa.gov/photo?action=getPhoto&ga=91&pid=44,https://www.legis.iowa.gov/legislators/legislator?ga=90&personID=44;https://www.legis.iowa.gov/legislators/legislator?personID=44;https://www.senate.iowa.gov/democrats/subscribe/,https://ballotpedia.org/Cindy_Winckler;https://en.wikipedia.org/wiki/Cindy_Winckler;https://justfacts.votesmart.org/candidate/biography/32798/cindy-winckler;https://www.legis.iowa.gov/legislators/legislator?ga=90&personID=44;https://www.legis.iowa.gov/legislators/legislator?personID=44;https://www.legis.iowa.gov/legislators/senate;https://www.linkedin.com/in/cindywinckler,,,,,,,,,,,
ocd-person/63ec798f-401b-4512-9f56-b162eb96bfe9,Craig Johnson,Republican,67,lower,Craig,Johnson,Male,craig.johnson@legis.iowa.gov,,1963-09-16,,https://www.legis.iowa.gov/photo?action=getPhoto&ga=91&pid=18075,https://eepurl.com/gSVn0f;https://iowahouserepublicans.nationbuilder.com/Johnson;https://www.iowasenaterepublicans.com/senators/craig-johnson/;https://www.legis.iowa.gov/legislators/legislator?ga=88&personID=18075;https://www.legis.iowa.gov/legislators/legislator?ga=89&personID=18075;https://www.legis.iowa.gov/legislators/legislator?ga=90&personID=18075;https://www.legis.iowa.gov/legislators/legislator?personID=18075,https://ballotpedia.org/Craig_Johnson_(Iowa);https://en.wikipedia.org/wiki/Craig_Johnson_(Iowa_politician);https://iowasenaterepublicans.com/senators/craig-johnson;https://www.legis.iowa.gov/legislators/house;https://www.legis.iowa.gov/legislators/legislator?ga=88&personID=18075;https://www.legis.iowa.gov/legislators/legislator?ga=89&personID=18075;https://www.legis.iowa.gov/legislators/legislator?ga=90&personID=18075;https://www.legis.iowa.gov/legislators/legislator?personID=18075;https://www.legis.iowa.gov/legislators/senate;https://www.linkedin.com/in/hossjohnson,,,,,,,,,,,
ocd-person/cf98b8af-97b3-46d8-9cc8-4695aab1ae30,Craig Williams,Republican,11,lower,Craig,Williams,Male,craig.williams@legis.iowa.gov,,,,https://www.legis.iowa.gov/photo?action=getPhoto&ga=91&pid=30545,https://www.iowasenaterepublicans.com/senators/craig-williams/;https://www.legis.iowa.gov/legislators/legislator?ga=89&personID=30545;https://www.legis.iowa.gov/legislators/legislator?personID=30545,https://ballotpedia.org/Craig_Williams_(Iowa);https://en.wikipedia.org/wiki/Craig_Williams_(Iowa_politician);https://www.legis.iowa.gov/legislators/legislator?ga=89&personID=30545;https://www.legis.iowa.gov/legislators/legislator?personID=30545;https://www.legis.iowa.gov/legislators/legislator?personID=30545&ga=89;https://www.legis.iowa.gov/legislators/senate;https://www.linkedin.com/in/craig-williams-b828749,,,,,,,,,,,
ocd-person/79384252-69ca-43c7-bda1-46b6abe5873e,Dan Dawson,Republican,10,upper,Dan,Dawson,Male,dan.dawson@legis.iowa.gov,,,,https://www.legis.iowa.gov/photo?action=getPhoto&ga=91&pid=18072,https://www.iowasenaterepublicans.com/senators/dan-dawson/;https://www.legis.iowa.gov/legislators/legislator?ga=88&personID=18072;https://www.legis.iowa.gov/legislators/legislator?ga=89&personID=18072;https://www.legis.iowa.gov/legislators/legislator?ga=90&personID=18072;https://www.legis.iowa.gov/legislators/legislator?personID=18072,https://ballotpedia.org/Dan_Dawson;https://en.wikipedia.org/wiki/Dan_Dawson_(politician);https://iowasenaterepublicans.com/senators/dan-dawson;https://justfacts.votesmart.org/candidate/biography/168617/dan-dawson;https://www.legis.iowa.gov/legislators/legislator?ga=88&personID=18072;https://www.legis.iowa.gov/legislators/legislator?ga=89&personID=18072;https://www.legis.iowa.gov/legislators/legislator?ga=90&personID=18072;https://www.legis.iowa.gov/legislators/legislator?personID=18072;https://www.legis.iowa.gov/legislators/senate,,,,,,,,,,,
ocd-person/d9b64ebb-2332-4ab8-b21f-e697f08759d3,Dan Gehlbach,Republican,46,lower,Dan,Gehlbach,Male,dan.gehlbach@legis.iowa.gov,,,,https://www.legis.iowa.gov/photo?action=getPhoto&ga=91&pid=33980,https://www.legis.iowa.gov/legislators/legislator/newsletter?id=33980&ga=90;https://www.legis.iowa.gov/legislators/legislator?ga=90&personID=33980;https://www.legis.iowa.gov/legislators/legislator?personID=33980,https://ballotpedia.org/Dan_Gehlbach;https://en.wikipedia.org/wiki/Dan_Gehlbach;https://www.legis.iowa.gov/legislators/house;https://www.legis.iowa.gov/legislators/legislator?ga=90&personID=33980;https://www.legis.iowa.gov/legislators/legislator?personID=33980;https://www.linkedin.com/in/dangehlbach,,,,,,,,,,,
ocd-person/63c59e95-ff5f-40b3-871e-3569f6ad8425,Dan Gosa,Democratic,81,lower,Dan,Gosa,Male,daniel.gosa@legis.iowa.gov,,,,https://www.legis.iowa.gov/photo?action=getPhoto&ga=91&pid=37391,https://www.legis.iowa.gov/legislators/legislator?ga=91&personID=37391;https://www.legis.iowa.gov/legislators/legislator?personID=37391,https://ballotpedia.org/Daniel_Gosa;https://en.wikipedia.org/wiki/Daniel_Gosa;https://justfacts.votesmart.org/candidate/biography/215643/daniel-gosa;https://www.legis.iowa.gov/legislators/legislator?ga=91&personID=37391;https://www.legis.iowa.gov/legislators/legislator?personID=37391;https://www.linkedin.com/in/daniel-gosa-8b67b973,,,,,,,,,,,
ocd-person/3fa8bceb-666f-4480-a957-1928e2b5fec6,Dan Zumbach,Republican,34,upper,Dan,Zumbach,Male,dan.zumbach@legis.iowa.gov,,,,https://www.legis.iowa.gov/photo?action=getPhoto&ga=91&pid=10733,https://www.iowasenaterepublicans.com/senators/dan-zumbach/;https://www.legis.iowa.gov/legislators/legislator?ga=88&personID=10733;https://www.legis.iowa.gov/legislators/legislator?ga=89&personID=10733;https://www.legis.iowa.gov/legislators/legislator?personID=10733,https://ballotpedia.org/Dan_Zumbach;https://en.wikipedia.org/wiki/Dan_Zumbach;https://iowasenaterepublicans.com/senators/dan-zumbach;https://www.legis.iowa.gov/legislators/legislator?ga=88&personID=10733;https://www.legis.iowa.gov/legislators/legislator?ga=89&personID=10733;https://www.legis.iowa.gov/legislators/legislator?ga=90&personID=10733;https://www.legis.iowa.gov/legislators/legislator?personID=10733;https://www.legis.iowa.gov/legislators/senate;https://www.linkedin.com/in/dan-zumbach-61372234,,,,,,,,,,,
ocd-person/b261b6a8-cb30-4808-b750-df2e7963d6c8,Dave Sires,Republican,38,upper,Dave,Sires,Male,dave.sires@legis.iowa.gov,,,,https://www.legis.iowa.gov/photo?action=getPhoto&ga=91&pid=37464,https://www.legis.iowa.gov/legislators/legislator?ga=91&personID=37464;https://www.legis.iowa.gov/legislators/legislator?personID=37464,https://ballotpedia.org/Dave_Sires;https://www.legis.iowa.gov/legislators/legislator?ga=91&personID=37464;https://www.legis.iowa.gov/legislators/legislator?personID=37464,,,,,,,,,,,
ocd-person/6c2b2d09-de80-47ca-af67-e646f20ba5fa,David Blom,Republican,52,lower,David,Blom,Male,david.blom@legis.iowa.gov,,,,https://www.legis.iowa.gov/photo?action=getPhoto&ga=91&pid=25125,https://www.legis.iowa.gov/legislators/legislator?ga=91&personID=25125;https://www.legis.iowa.gov/legislators/legislator?personID=25125,https://ballotpedia.org/David_Blom;https://www.legis.iowa.gov/legislators/legislator?ga=91&personID=25125;https://www.legis.iowa.gov/legislators/legislator?personID=25125,,,,,,,,,,,
ocd-person/93e9ba73-a053-4661-8b8b-e8e2f25d0596,Dave Rowley,Republican,5,upper,Dave,Rowley,Male,david.rowley@legis.iowa.gov,,,,https://www.legis.iowa.gov/photo?action=getPhoto&ga=91&pid=32458,https://iowasenaterepublicans.com/senators/dave-rowley/;https://www.iowasenaterepublicans.com/senators/dave-rowley/;https://www.legis.iowa.gov/legislators/legislator?ga=89&personID=32458;https://www.legis.iowa.gov/legislators/legislator?personID=32458,https://ballotpedia.org/Dave_Rowley;https://en.wikipedia.org/wiki/Dave_Rowley;https://iowasenaterepublicans.com/senators/dave-rowley;https://www.legis.iowa.gov/legislators/legislator?ga=89&personID=32458;https://www.legis.iowa.gov/legislators/legislator?ga=90&personID=32458;https://www.legis.iowa.gov/legislators/legislator?personID=32458;https://www.legis.iowa.gov/legislators/senate;https://www.linkedin.com/in/david-rowley-cpcu-cic-au-506b6841,,,,,,,,,,,
ocd-person/e0df02a4-7910-4538-8c3b-8152fb8f657c,David Young,Republican,28,lower,David,Young,Male,david.young@legis.iowa.gov,,1968-05-11,,,https://www.legis.iowa.gov/legislators/legislator/newsletter?id=33972&ga=90;https://www.legis.iowa.gov/legislators/legislator?ga=90&personID=33972;https://www.legis.iowa.gov/legislators/legislator?personID=33972,https://ballotpedia.org/David_Young_(Iowa);https://en.wikipedia.org/wiki/David_Young_%28Iowa_politician%29;https://justfacts.votesmart.org/candidate/biography/155218/david-young;https://www.govtrack.us/congress/members/david_young/412628;https://www.legis.iowa.gov/legislators/house;https://www.legis.iowa.gov/legislators/legislator?ga=90&personID=33972;https://www.legis.iowa.gov/legislators/legislator?personID=33972;https://www.linkedin.com/in/david-young-28993510;https://www.linkedin.com/in/david-young-9ab13929,,,,,,,,,,,
ocd-person/55c46119-e6fa-4b22-ade6-18990aeacf0c,Dave Jacoby,Democratic,86,lower,Dave,Jacoby,Male,david.jacoby@legis.iowa.gov,,,,https://www.legis.iowa.gov/photo?action=getPhoto&ga=91&pid=320,https://eepurl.com/gXMR_X;https://www.legis.iowa.gov/legislators/legislator?personID=320,https://ballotpedia.org/David_Jacoby;https://en.wikipedia.org/wiki/David_Jacoby;https://en.wikipedia.org/wiki/David_Jacoby_(politician);https://www.legis.iowa.gov/legislators/house;https://www.legis.iowa.gov/legislators/legislator?ga=90&personID=320;https://www.legis.iowa.gov/legislators/legislator?personID=320;https://www.linkedin.com/in/david-jacoby-6557b014a,,,,,,,,,,,
ocd-person/7e4913e9-9219-461f-9842-2a96813e009e,David Sieck,Republican,16,lower,David,Sieck,Male,david.sieck@legis.iowa.gov,,1957-06-27,,https://www.legis.iowa.gov/photo?action=getPhoto&ga=91&pid=15920,https://iowahouserepublicans.nationbuilder.com/reps;https://www.legis.iowa.gov/legislators/legislator/newsletter?id=15920&ga=89;https://www.legis.iowa.gov/legislators/legislator/newsletter?id=15920&ga=90;https://www.legis.iowa.gov/legislators/legislator?ga=88&personID=15920;https://www.legis.iowa.gov/legislators/legislator?ga=89&personID=15920;https://www.legis.iowa.gov/legislators/legislator?personID=15920,https://ballotpedia.org/David_Sieck;https://en.wikipedia.org/wiki/David_Sieck;https://www.legis.iowa.gov/legislators/house;https://www.legis.iowa.gov/legislators/legislator?ga=88&personID=15920;https://www.legis.iowa.gov/legislators/legislator?ga=89&personID=15920;https://www.legis.iowa.gov/legislators/legislator?ga=90&personID=15920;https://www.legis.iowa.gov/legislators/legislator?personID=15920,,,,,,,,,,,
ocd-person/fe90f2b2-0892-4abd-9d6d-4b2ac1dae632,Dawn Driscoll,Republican,46,upper,Dawn,Driscoll,Female,dawn.driscoll@legis.iowa.gov,,,,https://www.legis.iowa.gov/photo?action=getPhoto&ga=91&pid=30548,https://iowasenaterepublicans.com/senators/dawn-driscoll/;https://www.iowasenaterepublicans.com/senators/dawn-driscoll/;https://www.legis.iowa.gov/legislators/legislator?personID=30548,https://ballotpedia.org/Dawn_Driscoll;https://en.wikipedia.org/wiki/Dawn_Driscoll;https://iowasenaterepublicans.com/senators/dawn-driscoll;https://justfacts.votesmart.org/candidate/190935/dawn-driscoll;https://www.legis.iowa.gov/legislators/legislator?ga=90&personID=30548;https://www.legis.iowa.gov/legislators/legislator?personID=30548;https://www.legis.iowa.gov/legislators/senate;https://www.linkedin.com/in/dawn-driscoll-7a298a48,,,,,,,,,,,
ocd-person/a4832927-060d-4e15-82d7-795f6f9cc78f,Dean Fisher,Republican,53,lower,Dean,Fisher,Male,dean.fisher@legis.iowa.gov,,1956-09-03,,https://www.legis.iowa.gov/photo?action=getPhoto&ga=91&pid=10755,https://www.deanfisher.com;https://www.legis.iowa.gov/legislators/legislator/newsletter?id=10755&ga=89;https://www.legis.iowa.gov/legislators/legislator/newsletter?id=10755&ga=90;https://www.legis.iowa.gov/legislators/legislator?ga=88&personID=10755;https://www.legis.iowa.gov/legislators/legislator?ga=89&personID=10755;https://www.legis.iowa.gov/legislators/legislator?personID=10755,https://ballotpedia.org/Dean_Fisher;https://en.wikipedia.org/wiki/Dean_Fisher;https://justfacts.votesmart.org/candidate/biography/137989/dean-fisher;https://www.legis.iowa.gov/legislators/house;https://www.legis.iowa.gov/legislators/legislator?ga=88&personID=10755;https://www.legis.iowa.gov/legislators/legislator?ga=89&personID=10755;https://www.legis.iowa.gov/legislators/legislator?ga=90&personID=10755;https://www.legis.iowa.gov/legislators/legislator?personID=10755;https://www.linkedin.com/in/dean-fisher-72305529,,,,,,,,,,,
ocd-person/1e11235a-f4c8-4124-9f3a-3bb7a219636d,Dennis Guth,Republican,28,upper,Dennis,Guth,Male,dennis.guth@legis.iowa.gov,,,,https://www.legis.iowa.gov/photo?action=getPhoto&ga=91&pid=10726,https://www.iowasenaterepublicans.com/senators/dennis-guth/;https://www.legis.iowa.gov/legislators/legislator?personID=10726,https://ballotpedia.org/Dennis_Guth;https://en.wikipedia.org/wiki/Dennis_Guth;https://iowasenaterepublicans.com/senators/dennis-guth;https://justfacts.votesmart.org/candidate/biography/137900/dennis-guth;https://www.legis.iowa.gov/legislators/legislator?ga=90&personID=10726;https://www.legis.iowa.gov/legislators/legislator?personID=10726;https://www.legis.iowa.gov/legislators/senate,,,,,,,,,,,
ocd-person/5dbb36a6-f191-4201-9cbe-20d7aada4d4c,Derek Wulf,Republican,76,lower,Derek,Wulf,Male,derek.wulf@legis.iowa.gov,,,,https://www.legis.iowa.gov/photo?action=getPhoto&ga=91&pid=33986,https://www.legis.iowa.gov/legislators/legislator/newsletter?id=33986&ga=90;https://www.legis.iowa.gov/legislators/legislator?ga=90&personID=33986;https://www.legis.iowa.gov/legislators/legislator?personID=33986,https://ballotpedia.org/Derek_Wulf;https://en.wikipedia.org/wiki/Derek_Wulf;https://www.legis.iowa.gov/legislators/house;https://www.legis.iowa.gov/legislators/legislator?ga=90&personID=33986;https://www.legis.iowa.gov/legislators/legislator?personID=33986,,,,,,,,,,,
ocd-person/60f3c355-fa56-48db-8379-14234d427148,Devon Wood,Republican,17,lower,Devon,Wood,Female,devon.wood@legis.iowa.gov,,,,https://www.legis.iowa.gov/photo?action=getPhoto&ga=91&pid=33968,https://www.legis.iowa.gov/legislators/legislator/newsletter?id=33968&ga=90;https://www.legis.iowa.gov/legislators/legislator?ga=90&personID=33968;https://www.legis.iowa.gov/legislators/legislator?personID=33968,https://ballotpedia.org/Devon_Wood;https://en.wikipedia.org/wiki/Devon_Wood;https://www.legis.iowa.gov/legislators/house;https://www.legis.iowa.gov/legislators/legislator?ga=90&personID=33968;https://www.legis.iowa.gov/legislators/legislator?personID=33968;https://www.linkedin.com/in/devon-wood-7657a9162,,,,,,,,,,,
ocd-person/a38725e7-bec0-4a5d-bc71-d039bcb8ec04,Doug Campbell,Republican,30,upper,Doug,Campbell,Male,doug.campbell@legis.iowa.gov,,1954-10-17,,https://www.legis.iowa.gov/photo?action=getPhoto&ga=91&pid=37463,https://www.legis.iowa.gov/legislators/legislator?ga=91&personID=37463;https://www.legis.iowa.gov/legislators/legislator?personID=37463,https://ballotpedia.org/Doug_Campbell_(Iowa);https://iowasenaterepublicans.com/senators/doug-campbell;https://www.legis.iowa.gov/legislators/legislator?ga=91&personID=37463;https://www.legis.iowa.gov/legislators/legislator?personID=37463,,,,,,,,,,,
ocd-person/258e0f31-d71a-42b5-98ff-3f2263f95f65,Eddie Andrews,Republican,43,lower,Eddie,Andrews,Male,eddie.andrews@legis.iowa.gov,,1966-05-31,,https://www.legis.iowa.gov/photo?action=getPhoto&ga=91&pid=30650,https://iowahouserepublicans.nationbuilder.com/reps;https://www.legis.iowa.gov/legislators/legislator/newsletter?id=30650&ga=90;https://www.legis.iowa.gov/legislators/legislator?personID=30650,https://ballotpedia.org/Eddie_Andrews;https://en.wikipedia.org/wiki/Eddie_Andrews_(American_politician);https://www.legis.iowa.gov/legislators/house;https://www.legis.iowa.gov/legislators/legislator?ga=90&personID=30650;https://www.legis.iowa.gov/legislators/legislator?personID=30650;https://www.linkedin.com/in/eddie-andrews-8a52351b4,,,,,,,,,,,
ocd-person/6ce3e40a-3eee-4a3f-acf3-ddee38e37e6f,Elinor Levin,Democratic,89,lower,Elinor,Levin,Female,elinor.levin@legis.iowa.gov,,,,https://www.legis.iowa.gov/photo?action=getPhoto&ga=91&pid=33992,https://eepurl.com/ihfkwn;https://www.legis.iowa.gov/legislators/legislator?ga=90&personID=33992;https://www.legis.iowa.gov/legislators/legislator?personID=33992,https://ballotpedia.org/Elinor_Levin;https://en.wikipedia.org/wiki/Elinor_Levin;https://www.legis.iowa.gov/legislators/house;https://www.legis.iowa.gov/legislators/legislator?ga=90&personID=33992;https://www.legis.iowa.gov/legislators/legislator?personID=33992;https://www.linkedin.com/in/elinor-levin-b3b32233,,,,,,,,,,,
ocd-person/75ee3e5c-bf95-4f36-8366-264872631c3c,Elizabeth Wilson,Democratic,73,lower,Elizabeth,Wilson,Female,elizabeth.wilson@legis.iowa.gov,,1964-02-24,,https://www.legis.iowa.gov/photo?action=getPhoto&ga=91&pid=33985,https://eepurl.com/ihOgIP;https://www.legis.iowa.gov/legislators/legislator?ga=90&personID=33985;https://www.legis.iowa.gov/legislators/legislator?personID=33985,https://ballotpedia.org/Elizabeth_Wilson;https://en.wikipedia.org/wiki/Elizabeth_Wilson_(politician);https://www.legis.iowa.gov/legislators/house;https://www.legis.iowa.gov/legislators/legislator?ga=90&personID=33985;https://www.legis.iowa.gov/legislators/legislator?personID=33985;https://www.linkedin.com/in/elizabeth-wilson-028a5721,,,,,,,,,,,
ocd-person/8e424b53-9531-4b76-bd44-a8008f34b539,Eric Gjerde,Democratic,74,lower,Eric,Gjerde,Male,eric.gjerde@legis.iowa.gov,,,,https://www.legis.iowa.gov/photo?action=getPhoto&ga=91&pid=30659,https://eepurl.com/hn8I8P;https://www.legis.iowa.gov/legislators/legislator?personID=30659,https://ballotpedia.org/Eric_Gjerde;https://en.wikipedia.org/wiki/Eric_Gjerde;https://justfacts.votesmart.org/candidate/biography/180254/eric-gjerde;https://www.legis.iowa.gov/legislators/house;https://www.legis.iowa.gov/legislators/legislator?ga=90&personID=30659;https://www.legis.iowa.gov/legislators/legislator?personID=30659;https://www.linkedin.com/in/eric-gjerde-ed-d-96729a70,,,,,,,,,,,
ocd-person/98672aab-5ba5-4994-964a-f53d8bcdd108,Gary Mohr,Republican,93,lower,Gary,Mohr,Male,gary.mohr@legis.iowa.gov,,1951-12-15,,https://www.legis.iowa.gov/photo?action=getPhoto&ga=91&pid=18038,https://facebook.us4.list-manage.com/subscribe?u=4f656da8e0485e1a4a8032e0f&id=f0dd08c637;https://iowahouserepublicans.nationbuilder.com/reps;https://www.legis.iowa.gov/legislators/legislator?ga=88&personID=18038;https://www.legis.iowa.gov/legislators/legislator?ga=89&personID=18038;https://www.legis.iowa.gov/legislators/legislator?personID=18038,https://ballotpedia.org/Gary_Mohr;https://en.wikipedia.org/wiki/Gary_Mohr;https://justfacts.votesmart.org/candidate/biography/158838/gary-mohr;https://www.legis.iowa.gov/legislators/house;https://www.legis.iowa.gov/legislators/legislator?ga=88&personID=18038;https://www.legis.iowa.gov/legislators/legislator?ga=89&personID=18038;https://www.legis.iowa.gov/legislators/legislator?ga=90&personID=18038;https://www.legis.iowa.gov/legislators/legislator?personID=18038,,,,,,,,,,,
ocd-person/831144f3-e67d-4706-a018-abec3c492269,Hans Wilz,Republican,25,lower,Hans,Wilz,Male,hans.wilz@legis.iowa.gov,,,,https://www.legis.iowa.gov/photo?action=getPhoto&ga=91&pid=33970,https://www.legis.iowa.gov/legislators/legislator/newsletter?id=33970&ga=90;https://www.legis.iowa.gov/legislators/legislator?ga=90&personID=33970;https://www.legis.iowa.gov/legislators/legislator?personID=33970,https://ballotpedia.org/Hans_Wilz;https://en.wikipedia.org/wiki/Hans_Wilz;https://www.legis.iowa.gov/legislators/house;https://www.legis.iowa.gov/legislators/legislator?ga=90&personID=33970;https://www.legis.iowa.gov/legislators/legislator?personID=33970;https://www.linkedin.com/in/hanswilz,,,,,,,,,,,
ocd-person/e927adb7-9b5c-41a8-8daf-c9a8620741f5,Heather Hora,Republican,92,lower,Heather,Hora,Female,heather.hora@legis.iowa.gov,,,,https://www.legis.iowa.gov/photo?action=getPhoto&ga=91&pid=33995,https://www.legis.iowa.gov/legislators/legislator/newsletter?id=33995&ga=90;https://www.legis.iowa.gov/legislators/legislator?ga=90&personID=33995;https://www.legis.iowa.gov/legislators/legislator?personID=33995,https://ballotpedia.org/Heather_Hora;https://en.wikipedia.org/wiki/Heather_Hora;https://www.legis.iowa.gov/legislators/house;https://www.legis.iowa.gov/legislators/legislator?ga=90&personID=33995;https://www.legis.iowa.gov/legislators/legislator?personID=33995,,,,,,,,,,,
ocd-person/ba713234-dc5e-4646-9f74-c25d84f648cc,Heather Matson,Democratic,42,lower,Heather,Matson,Female,heather.matson@legis.iowa.gov,,,,https://www.legis.iowa.gov/photo?action=getPhoto&ga=91&pid=27023,https://eepurl.com/ihfkwz;https://www.legis.iowa.gov/legislators/legislator?ga=90&personID=27023;https://www.legis.iowa.gov/legislators/legislator?personID=27023,https://ballotpedia.org/Heather_Matson;https://en.wikipedia.org/wiki/Heather_Matson;https://www.legis.iowa.gov/legislators/house;https://www.legis.iowa.gov/legislators/legislator?ga=90&personID=27023;https://www.legis.iowa.gov/legislators/legislator?personID=27023;https://www.linkedin.com/in/heather-matson-1698565,,,,,,,,,,,
ocd-person/64d7c18c-3a40-4a0c-a5b9-51ab85b37c81,Helena Hayes,Republican,88,lower,Helena,Hayes,Female,helena.hayes@legis.iowa.gov,,,,https://www.legis.iowa.gov/photo?action=getPhoto&ga=91&pid=33991,https://www.legis.iowa.gov/legislators/legislator/newsletter?id=33991&ga=90;https://www.legis.iowa.gov/legislators/legislator?ga=90&personID=33991;https://www.legis.iowa.gov/legislators/legislator?personID=33991,https://ballotpedia.org/Helena_Hayes;https://en.wikipedia.org/wiki/Helena_Hayes;https://www.legis.iowa.gov/legislators/house;https://www.legis.iowa.gov/legislators/legislator?ga=90&personID=33991;https://www.legis.iowa.gov/legislators/legislator?personID=33991,,,,,,,,,,,
ocd-person/21405c5b-96dc-4c28-9b69-59c2cf00e9a5,Henry Stone,Republican,9,lower,Henry,Stone,Male,henry.stone@legis.iowa.gov,,,,https://www.legis.iowa.gov/photo?action=getPhoto&ga=91&pid=30645,https://iowa.us7.list-manage.com/subscribe?u=b7d249185b0959748eda3cd67&id=04fa01942f;https://iowahouserepublicans.nationbuilder.com/reps;https://www.legis.iowa.gov/legislators/legislator?ga=89&personID=30645;https://www.legis.iowa.gov/legislators/legislator?personID=30645,https://ballotpedia.org/Henry_Stone;https://en.wikipedia.org/wiki/Henry_Stone_(born_1971);https://en.wikipedia.org/wiki/Henry_Stone_(politician);https://justfacts.votesmart.org/candidate/190949/henry-stone;https://www.legis.iowa.gov/legislators/house;https://www.legis.iowa.gov/legislators/legislator?ga=89&personID=30645;https://www.legis.iowa.gov/legislators/legislator?ga=90&personID=30645;https://www.legis.iowa.gov/legislators/legislator?personID=30645,,,,,,,,,,,
ocd-person/d3b3bc8e-ab0c-4ee2-ba3d-de78040274af,Herman Quirmbach,Democratic,25,upper,Herman,Quirmbach,Male,herman.quirmbach@legis.iowa.gov,,1950-10-06,,https://www.legis.iowa.gov/photo?action=getPhoto&ga=91&pid=161,https://www.legis.iowa.gov/legislators/legislator?personID=161;https://www.senate.iowa.gov/democrats/subscribe/;https://www.senate.iowa.gov/senator/quirmbach,https://ballotpedia.org/Herman_Quirmbach;https://en.wikipedia.org/wiki/Herman_Quirmbach;https://iowasenatedemocrats.com/senator-herman-quirmbach;https://justfacts.votesmart.org/candidate/biography/32647/herman-quirmbach;https://www.econ.iastate.edu/people/herman-quirmbach;https://www.legis.iowa.gov/legislators/legislator?ga=90&personID=161;https://www.legis.iowa.gov/legislators/legislator?personID=161;https://www.legis.iowa.gov/legislators/senate;https://www.senate.iowa.gov/senator/quirmbach,,,,,,,,,,,
ocd-person/0af01ef4-f982-4239-9ffc-56d33cee3b7b,Izaah Knox,Democratic,17,upper,Izaah,Knox,Male,izaah.knox@legis.iowa.gov,,1977-01-09,,https://www.legis.iowa.gov/photo?action=getPhoto&ga=91&pid=34010,https://www.legis.iowa.gov/legislators/legislator?ga=90&personID=34010;https://www.legis.iowa.gov/legislators/legislator?personID=34010;https://www.senate.iowa.gov/democrats/subscribe/;https://www.senate.iowa.gov/senator/knox/,https://ballotpedia.org/Izaah_Knox;https://en.wikipedia.org/wiki/Izaah_Knox;https://www.legis.iowa.gov/legislators/legislator?ga=90&personID=34010;https://www.legis.iowa.gov/legislators/legislator?personID=34010;https://www.legis.iowa.gov/legislators/senate;https://www.linkedin.com/in/izaahknox,,,,,,,,,,,
ocd-person/4483a8f0-d946-45b2-9a2e-00dbb4816816,J.D. Scholten,Democratic,1,lower,J.D.,Scholten,Male,j.d.scholten@legis.iowa.gov,,1980-03-04,,https://www.legis.iowa.gov/photo?action=getPhoto&ga=91&pid=33963,https://eepurl.com/ihfkwH;https://www.legis.iowa.gov/legislators/legislator?ga=90&personID=33963;https://www.legis.iowa.gov/legislators/legislator?personID=33963,https://ballotpedia.org/J.D._Scholten;https://en.wikipedia.org/wiki/J._D._Scholten;https://www.legis.iowa.gov/legislators/house;https://www.legis.iowa.gov/legislators/legislator?ga=90&personID=33963;https://www.legis.iowa.gov/legislators/legislator?personID=33963,,,,,,,,,,,
ocd-person/9da58039-06dd-451e-835c-c406a493a21c,Jack Whitver,Republican,23,upper,Jack,Whitver,Male,jack.whitver@legis.iowa.gov,,1980-09-04,,https://www.legis.iowa.gov/photo?action=getPhoto&ga=91&pid=9768,https://www.iowasenaterepublicans.com/senators/jack-whitver/;https://www.legis.iowa.gov/legislators/legislator?ga=88&personID=9768;https://www.legis.iowa.gov/legislators/legislator?ga=89&personID=9768;https://www.legis.iowa.gov/legislators/legislator?ga=90&personID=9768;https://www.legis.iowa.gov/legislators/legislator?personID=9768;https://www.whitverforiowa.com,https://ballotpedia.org/Jack_Whitver;https://en.wikipedia.org/wiki/Jack_Whitver;https://iowasenaterepublicans.com/senators/jack-whitver;https://www.legis.iowa.gov/legislators/legislator?ga=88&personID=9768;https://www.legis.iowa.gov/legislators/legislator?ga=89&personID=9768;https://www.legis.iowa.gov/legislators/legislator?ga=90&personID=9768;https://www.legis.iowa.gov/legislators/legislator?personID=9768;https://www.legis.iowa.gov/legislators/senate;https://www.linkedin.com/in/jack-whitver-013a417a,,,,,,,,,,,
ocd-person/9c6428d6-af30-4a4f-bb9c-666d3d6d84c5,Jacob Bossman,Republican,14,lower,Jacob,Bossman,Male,jacob.bossman@legis.iowa.gov,,1980-04-23,,https://www.legis.iowa.gov/photo?action=getPhoto&ga=91&pid=25497,https://iowahouserepublicans.nationbuilder.com/reps;https://www.legis.iowa.gov/legislators/legislator/newsletter?id=25497&ga=90;https://www.legis.iowa.gov/legislators/legislator?ga=88&personID=25497;https://www.legis.iowa.gov/legislators/legislator?ga=89&personID=25497;https://www.legis.iowa.gov/legislators/legislator?ga=90&personID=25497;https://www.legis.iowa.gov/legislators/legislator?personID=25497,https://ballotpedia.org/Jacob_Bossman;https://en.wikipedia.org/wiki/Jacob_Bossman;https://www.legis.iowa.gov/legislators/house;https://www.legis.iowa.gov/legislators/legislator?ga=88&personID=25497;https://www.legis.iowa.gov/legislators/legislator?ga=89&personID=25497;https://www.legis.iowa.gov/legislators/legislator?ga=90&personID=25497;https://www.legis.iowa.gov/legislators/legislator?personID=25497;https://www.linkedin.com/in/jacob-bossman-6937137,,,,,,,,,,,
ocd-person/37952941-d329-4c96-8458-654fa495ec76,Jane Bloomingdale,Republican,60,lower,Jane,Bloomingdale,Female,jane.bloomingdale@legis.iowa.gov,,1956-03-10,,https://www.legis.iowa.gov/photo?action=getPhoto&ga=91&pid=18043,https://iowahouserepublicans.nationbuilder.com/reps;https://www.legis.iowa.gov/legislators/legislator/newsletter?id=18043&ga=90;https://www.legis.iowa.gov/legislators/legislator?ga=88&personID=18043;https://www.legis.iowa.gov/legislators/legislator?ga=89&personID=18043;https://www.legis.iowa.gov/legislators/legislator?personID=18043,https://ballotpedia.org/Jane_Bloomingdale;https://en.wikipedia.org/wiki/Jane_Bloomingdale;https://justfacts.votesmart.org/candidate/biography/168748/jane-bloomingdale;https://www.legis.iowa.gov/legislators/house;https://www.legis.iowa.gov/legislators/legislator?ga=88&personID=18043;https://www.legis.iowa.gov/legislators/legislator?ga=89&personID=18043;https://www.legis.iowa.gov/legislators/legislator?ga=90&personID=18043;https://www.legis.iowa.gov/legislators/legislator?personID=18043,,,,,,,,,,,
ocd-person/3089e8af-0071-4298-822c-2d16ac01fe9f,Janet Petersen,Democratic,18,upper,Janet,Petersen,Female,janet.petersen@legis.iowa.gov,,1970-08-01,,https://www.legis.iowa.gov/photo?action=getPhoto&ga=91&pid=72&pType=3,https://mailchi.mp/legis/petersen;https://www.janet4iowa.com;https://www.legis.iowa.gov/legislators/legislator?ga=88&personID=72;https://www.legis.iowa.gov/legislators/legislator?ga=89&personID=72;https://www.legis.iowa.gov/legislators/legislator?personID=72;https://www.senate.iowa.gov/democrats/subscribe/;https://www.senate.iowa.gov/senator/petersen/,https://ballotpedia.org/Janet_Petersen;https://en.wikipedia.org/wiki/Janet_Petersen;https://www.legis.iowa.gov/legislators/legislator?ga=88&personID=72;https://www.legis.iowa.gov/legislators/legislator?ga=89&personID=72;https://www.legis.iowa.gov/legislators/legislator?ga=90&personID=72;https://www.legis.iowa.gov/legislators/legislator?personID=72;https://www.legis.iowa.gov/legislators/senate;https://www.linkedin.com/in/janetpetersen,,,,,,,,,,,
ocd-person/1c841d58-bdbe-4021-9126-055184cecdd5,Janice Weiner,Democratic,45,upper,Janice,Weiner,Female,janice.weiner@legis.iowa.gov,,,,https://www.legis.iowa.gov/photo?action=getPhoto&ga=91&pid=34011,https://www.legis.iowa.gov/legislators/legislator?ga=90&personID=34011;https://www.legis.iowa.gov/legislators/legislator?personID=34011;https://www.senate.iowa.gov/democrats/subscribe/;https://www.senate.iowa.gov/senator/weiner/,https://ballotpedia.org/Janice_Weiner;https://en.wikipedia.org/wiki/Janice_Weiner;https://iowasenatedemocrats.com/senator-janice-weiner;https://www.legis.iowa.gov/legislators/legislator?ga=90&personID=34011;https://www.legis.iowa.gov/legislators/legislator?personID=34011;https://www.legis.iowa.gov/legislators/senate;https://www.linkedin.com/in/jgweiner;https://www.senate.iowa.gov/senator/weiner,,,,,,,,,,,
ocd-person/2f1410fb-220d-46f7-a49c-2a96ac49e338,Jason Gearhart,Republican,64,lower,Jason,Gearhart,Male,jason.gearhart@legis.iowa.gov,,,,https://www.legis.iowa.gov/photo?action=getPhoto&ga=91&pid=37388,https://www.legis.iowa.gov/legislators/legislator?ga=91&personID=37388;https://www.legis.iowa.gov/legislators/legislator?personID=37388,https://ballotpedia.org/Jason_Gearhart;https://www.legis.iowa.gov/legislators/legislator?ga=91&personID=37388;https://www.legis.iowa.gov/legislators/legislator?personID=37388;https://www.linkedin.com/in/jason-gearhart-4634381b7,,,,,,,,,,,
ocd-person/32126238-17ce-4338-923a-3867b6517039,Jason Schultz,Republican,6,upper,Jason,Schultz,Male,jason.schultz@legis.iowa.gov,,1972-11-27,,https://www.legis.iowa.gov/photo?action=getPhoto&ga=91&pid=6588,https://www.iowasenaterepublicans.com/senators/jason-schultz/;https://www.legis.iowa.gov/legislators/legislator?ga=88&personID=6588;https://www.legis.iowa.gov/legislators/legislator?ga=89&personID=6588;https://www.legis.iowa.gov/legislators/legislator?ga=90&personID=6588;https://www.legis.iowa.gov/legislators/legislator?personID=6588,https://ballotpedia.org/Jason_Schultz;https://en.wikipedia.org/wiki/Jason_Schultz;https://iowasenaterepublicans.com/senators/jason-schultz;https://justfacts.votesmart.org/candidate/biography/103373/jason-schultz;https://www.legis.iowa.gov/legislators/legislator?ga=88&personID=6588;https://www.legis.iowa.gov/legislators/legislator?ga=89&personID=6588;https://www.legis.iowa.gov/legislators/legislator?ga=90&personID=6588;https://www.legis.iowa.gov/legislators/legislator?personID=6588;https://www.legis.iowa.gov/legislators/senate,,,,,,,,,,,
ocd-person/c8eeda58-6c95-4ac9-988f-1c9363b2e17c,Jeff Cooling,Democratic,77,lower,Jeff,Cooling,Male,jeff.cooling@legis.iowa.gov,,,,https://www.legis.iowa.gov/photo?action=getPhoto&ga=91&pid=33987,https://eepurl.com/ihfkv5;https://www.legis.iowa.gov/legislators/legislator?ga=90&personID=33987;https://www.legis.iowa.gov/legislators/legislator?personID=33987,https://ballotpedia.org/Jeff_Cooling;https://en.wikipedia.org/wiki/Jeff_Cooling;https://justfacts.votesmart.org/candidate/biography/203999/jeff-cooling;https://www.legis.iowa.gov/legislators/house;https://www.legis.iowa.gov/legislators/legislator?ga=90&personID=33987;https://www.legis.iowa.gov/legislators/legislator?personID=33987,,,,,,,,,,,
ocd-person/54f49ddd-7a13-4639-87de-7db8760ed5c5,Jeff Reichman,Republican,50,upper,Jeff,Reichman,Male,jeff.reichman@legis.iowa.gov,,1966-11-28,,https://www.legis.iowa.gov/photo?action=getPhoto&ga=91&pid=30549,https://iowasenaterepublicans.com/senators/jeff-reichman/;https://www.iowasenaterepublicans.com/senators/jeff-reichman/;https://www.legis.iowa.gov/legislators/legislator?ga=89&personID=30549;https://www.legis.iowa.gov/legislators/legislator?personID=30549,https://ballotpedia.org/Jeffrey_Reichman;https://en.wikipedia.org/wiki/Jeff_Reichman;https://iowasenaterepublicans.com/senators/jeff-reichman;https://justfacts.votesmart.org/candidate/biography/180274/jeff-reichman;https://www.legis.iowa.gov/legislators/legislator?ga=89&personID=30549;https://www.legis.iowa.gov/legislators/legislator?ga=90&personID=30549;https://www.legis.iowa.gov/legislators/legislator?personID=30549;https://www.legis.iowa.gov/legislators/senate;https://www.linkedin.com/in/jeff-reichman-31522b20,,,,,,,,,,,
ocd-person/11ceb3de-a680-4dc0-b140-edd37f04e75b,Jeff Shipley,Republican,87,lower,Jeff,Shipley,Male,jeff.shipley@legis.iowa.gov,,1988-08-09,,https://www.legis.iowa.gov/photo?action=getPhoto&ga=91&pid=27036,https://iowahouserepublicans.nationbuilder.com/reps;https://www.legis.iowa.gov/legislators/legislator/newsletter?id=27036&ga=90;https://www.legis.iowa.gov/legislators/legislator?ga=88&personID=27036;https://www.legis.iowa.gov/legislators/legislator?ga=89&personID=27036;https://www.legis.iowa.gov/legislators/legislator?personID=27036,https://ballotpedia.org/Jeff_Shipley_(Iowa);https://en.wikipedia.org/wiki/Jeff_Shipley;https://www.legis.iowa.gov/legislators/house;https://www.legis.iowa.gov/legislators/legislator?ga=88&personID=27036;https://www.legis.iowa.gov/legislators/legislator?ga=89&personID=27036;https://www.legis.iowa.gov/legislators/legislator?ga=90&personID=27036;https://www.legis.iowa.gov/legislators/legislator?personID=27036,,,,,,,,,,,
ocd-person/cc1cff7e-82d6-4947-a906-f467b4017285,Jeff Taylor,Republican,2,upper,Jeff,Taylor,Male,jeff.taylor@legis.iowa.gov,,1961-01-30,,https://www.legis.iowa.gov/photo?action=getPhoto&ga=91&pid=30544,https://iowasenaterepublicans.com/senators/jeff-taylor/;https://www.iowasenaterepublicans.com/senators/jeff-taylor/;https://www.legis.iowa.gov/legislators/legislator?ga=89&personID=30544;https://www.legis.iowa.gov/legislators/legislator?personID=30544,https://ballotpedia.org/Jeff_Taylor_(Iowa);https://en.wikipedia.org/wiki/Jeff_Taylor_(politician);https://iowasenaterepublicans.com/senators/jeff-taylor;https://www.dordt.edu/people/jeff-taylor;https://www.legis.iowa.gov/legislators/legislator?ga=89&personID=30544;https://www.legis.iowa.gov/legislators/legislator?ga=90&personID=30544;https://www.legis.iowa.gov/legislators/legislator?personID=30544;https://www.legis.iowa.gov/legislators/senate;https://www.linkedin.com/in/jeff-taylor-65872299,,,,,,,,,,,
ocd-person/522b14b8-b82f-4336-a7fb-a0f782d5509a,Jennifer Konfrst,Democratic,32,lower,Jennifer,Konfrst,Female,jennifer.konfrst@legis.iowa.gov,,1973-12-24,,https://www.legis.iowa.gov/photo?action=getPhoto&ga=91&pid=27026,https://eepurl.com/gXUjrH;https://www.legis.iowa.gov/legislators/legislator?personID=27026,https://ballotpedia.org/Jennifer_Konfrst;https://en.wikipedia.org/wiki/Jennifer_Konfrst;https://justfacts.votesmart.org/candidate/biography/168743/jennifer-konfrst;https://www.legis.iowa.gov/legislators/house;https://www.legis.iowa.gov/legislators/legislator?ga=90&personID=27026;https://www.legis.iowa.gov/legislators/legislator?personID=27026;https://www.linkedin.com/in/jkonfrst,,,,,,,,,,,
ocd-person/4b61e993-1cb9-4bd2-a383-46d264d298f9,Jennifer Smith,Republican,72,lower,Jennifer,Smith,Female,jennifer.smith@legis.iowa.gov,,,,https://www.legis.iowa.gov/photo?action=getPhoto&ga=91&pid=37389,https://www.legis.iowa.gov/legislators/legislator?ga=91&personID=37389;https://www.legis.iowa.gov/legislators/legislator?personID=37389,https://ballotpedia.org/Jennifer_Smith_(Iowa);https://en.wikipedia.org/wiki/Jennifer_Smith_(Iowa_politician);https://www.legis.iowa.gov/legislators/legislator?ga=91&personID=37389;https://www.legis.iowa.gov/legislators/legislator?personID=37389,,,,,,,,,,,
ocd-person/d7083428-89b1-4a56-a4c8-4a40e80e30e8,Jerome Amos,Democratic,62,lower,Jerome,Amos,Male,jerome.amosjr@legis.iowa.gov,,,,https://www.legis.iowa.gov/photo?action=getPhoto&ga=91&pid=6174,https://eepurl.com/ihfkvP;https://www.legis.iowa.gov/legislators/legislator?ga=90&personID=6174;https://www.legis.iowa.gov/legislators/legislator?personID=6174,https://ballotpedia.org/Jerome_Amos_Jr.;https://en.wikipedia.org/wiki/Jerome_Amos_Jr.;https://justfacts.votesmart.org/candidate/biography/173629/jerome-amos;https://www.legis.iowa.gov/legislators/house;https://www.legis.iowa.gov/legislators/legislator?ga=90&personID=6174;https://www.legis.iowa.gov/legislators/legislator?personID=6174;https://www.linkedin.com/in/jerome-amos-jr-a54bb939,,,,,,,,,,,
ocd-person/c6cbc677-2d42-4497-ae57-989a30aaddae,Jesse Green,Republican,24,upper,Jesse,Green,Male,jesse.green@legis.iowa.gov,,,,https://www.legis.iowa.gov/photo?action=getPhoto&ga=91&pid=30546,https://iowasenaterepublicans.com/senators/jesse-green/;https://www.iowasenaterepublicans.com/senators/jesse-green/;https://www.legis.iowa.gov/legislators/legislator?ga=89&personID=30546;https://www.legis.iowa.gov/legislators/legislator?personID=30546,https://ballotpedia.org/Jesse_Green;https://en.wikipedia.org/wiki/Jesse_Green_(politician);https://iowasenaterepublicans.com/senators/jesse-green;https://www.legis.iowa.gov/legislators/legislator?ga=89&personID=30546;https://www.legis.iowa.gov/legislators/legislator?ga=90&personID=30546;https://www.legis.iowa.gov/legislators/legislator?personID=30546;https://www.legis.iowa.gov/legislators/senate,,,,,,,,,,,
ocd-person/955a4d7c-a378-4bd2-8a74-dac94f74ba52,John Wills,Republican,10,lower,John,Wills,Male,john.wills@legis.iowa.gov,,1966-02-18,,https://www.legis.iowa.gov/photo?action=getPhoto&ga=91&pid=13794,https://iowahouserepublicans.nationbuilder.com/reps;https://www.legis.iowa.gov/legislators/legislator/newsletter?id=13794&ga=90;https://www.legis.iowa.gov/legislators/legislator?ga=88&personID=13794;https://www.legis.iowa.gov/legislators/legislator?ga=89&personID=13794;https://www.legis.iowa.gov/legislators/legislator?personID=13794,https://ballotpedia.org/John_H._Wills;https://en.wikipedia.org/wiki/John_Wills_(Iowa_politician);https://www.legis.iowa.gov/legislators/house;https://www.legis.iowa.gov/legislators/legislator?ga=88&personID=13794;https://www.legis.iowa.gov/legislators/legislator?ga=89&personID=13794;https://www.legis.iowa.gov/legislators/legislator?ga=90&personID=13794;https://www.legis.iowa.gov/legislators/legislator?personID=13794;https://www.linkedin.com/in/john-wills-506a3451,,,,,,,,,,,
ocd-person/7a97018b-eb0e-46cf-8bd8-26520ff0d1e0,Jon Dunwell,Republican,38,lower,Jon,Dunwell,Male,jon.dunwell@legis.iowa.gov,,,,https://www.legis.iowa.gov/photo?action=getPhoto&ga=91&pid=32165,https://iowahouserepublicans.nationbuilder.com/reps;https://mailchi.mp/6f5fef3ed848/untitled-page;https://www.legis.iowa.gov/legislators/legislator?ga=89&personID=32165;https://www.legis.iowa.gov/legislators/legislator?personID=32165,https://ballotpedia.org/Jon_Dunwell;https://en.wikipedia.org/wiki/Jon_Dunwell;https://justfacts.votesmart.org/candidate/biography/190976/jon-dunwell;https://www.legis.iowa.gov/legislators/house;https://www.legis.iowa.gov/legislators/legislator?ga=89&personID=32165;https://www.legis.iowa.gov/legislators/legislator?ga=90&personID=32165;https://www.legis.iowa.gov/legislators/legislator?personID=32165;https://www.linkedin.com/in/jon-dunwell-b5423447,,,,,,,,,,,
ocd-person/c9679bfc-5a21-405a-bae1-e2de9a85baf8,Josh Turek,Democratic,20,lower,Josh,Turek,Male,josh.turek@legis.iowa.gov,,1979-04-12,,https://www.legis.iowa.gov/photo?action=getPhoto&ga=91&pid=33969,https://eepurl.com/ihe76n;https://www.legis.iowa.gov/legislators/legislator?ga=90&personID=33969;https://www.legis.iowa.gov/legislators/legislator?personID=33969,https://ballotpedia.org/Josh_Turek;https://en.wikipedia.org/wiki/Joshua_Turek;https://www.legis.iowa.gov/legislators/house;https://www.legis.iowa.gov/legislators/legislator?ga=90&personID=33969;https://www.legis.iowa.gov/legislators/legislator?personID=33969;https://www.turek4iowa.com/meet-josh,,,,,,,,,,,
ocd-person/b28ad297-8f6d-4f36-807e-0acfa35c7d4c,Josh Meggers,Republican,54,lower,Josh,Meggers,Male,joshua.meggers@legis.iowa.gov,,,,https://www.legis.iowa.gov/photo?action=getPhoto&ga=91&pid=33981,https://www.legis.iowa.gov/legislators/legislator/newsletter?id=33981&ga=90;https://www.legis.iowa.gov/legislators/legislator?ga=90&personID=33981;https://www.legis.iowa.gov/legislators/legislator?personID=33981,https://ballotpedia.org/Joshua_Meggers;https://en.wikipedia.org/wiki/Joshua_Meggers;https://www.legis.iowa.gov/legislators/house;https://www.legis.iowa.gov/legislators/legislator?ga=90&personID=33981;https://www.legis.iowa.gov/legislators/legislator?personID=33981,,,,,,,,,,,
ocd-person/69441bf5-e98f-4872-8bf0-5bca86e3c258,Judd Lawler,Republican,91,lower,Judd,Lawler,Male,judd.lawler@legis.iowa.gov,,,,https://www.legis.iowa.gov/photo?action=getPhoto&ga=91&pid=37392,https://www.legis.iowa.gov/legislators/legislator?ga=91&personID=37392;https://www.legis.iowa.gov/legislators/legislator?personID=37392,https://ballotpedia.org/Judd_Lawler;https://en.wikipedia.org/wiki/Judd_Lawler;https://www.legis.iowa.gov/legislators/legislator?ga=91&personID=37392;https://www.legis.iowa.gov/legislators/legislator?personID=37392;https://www.linkedin.com/in/judd-lawler-0a97718,,,,,,,,,,,
ocd-person/67f25420-8ea1-49d1-aa86-488136b5f9f5,Julian Garrett,Republican,11,upper,Julian,Garrett,Male,julian.garrett@legis.iowa.gov,,1940-11-07,,https://www.legis.iowa.gov/photo?action=getPhoto&ga=91&pid=9404,https://www.iowasenaterepublicans.com/senators/julian-garrett/;https://www.iowasenaterepublicans.com/senators/julian.garrett/;https://www.legis.iowa.gov/legislators/legislator?ga=88&personID=9404;https://www.legis.iowa.gov/legislators/legislator?ga=89&personID=9404;https://www.legis.iowa.gov/legislators/legislator?personID=9404,https://ballotpedia.org/Julian_B._Garrett;https://en.wikipedia.org/wiki/Julian_Garrett;https://iowasenaterepublicans.com/senators/julian.garrett;https://justfacts.votesmart.org/candidate/biography/57126/julian-garrett;https://www.legis.iowa.gov/legislators/legislator?ga=88&personID=9404;https://www.legis.iowa.gov/legislators/legislator?ga=89&personID=9404;https://www.legis.iowa.gov/legislators/legislator?ga=90&personID=9404;https://www.legis.iowa.gov/legislators/legislator?personID=9404;https://www.legis.iowa.gov/legislators/senate,,,,,,,,,,,
ocd-person/ef7b8c3c-3cd0-4f95-8b4f-9e4daa061479,Kara Warme,Republican,26,upper,Kara,Warme,Female,kara.warme@legis.iowa.gov,,,,https://www.legis.iowa.gov/photo?action=getPhoto&ga=91&pid=37462,https://www.legis.iowa.gov/legislators/legislator?ga=91&personID=37462;https://www.legis.iowa.gov/legislators/legislator?personID=37462,https://ballotpedia.org/Kara_Warme;https://justfacts.votesmart.org/candidate/biography/215553/kara-warme;https://www.legis.iowa.gov/legislators/legislator?ga=91&personID=37462;https://www.legis.iowa.gov/legislators/legislator?personID=37462;https://www.linkedin.com/in/kara-warme-a82b512b,,,,,,,,,,,
ocd-person/3dd459aa-4a08-4a98-bce4-37536a9414fa,Ken Croken,Democratic,97,lower,Ken,Croken,Male,ken.croken@legis.iowa.gov,,,,https://www.legis.iowa.gov/photo?action=getPhoto&ga=91&pid=33997,https://eepurl.com/ihfkwb;https://www.legis.iowa.gov/legislators/legislator?ga=90&personID=33997;https://www.legis.iowa.gov/legislators/legislator?personID=33997,https://ballotpedia.org/Ken_Croken;https://en.wikipedia.org/wiki/Ken_Croken;https://www.legis.iowa.gov/legislators/house;https://www.legis.iowa.gov/legislators/legislator?ga=90&personID=33997;https://www.legis.iowa.gov/legislators/legislator?personID=33997,,,,,,,,,,,
ocd-person/1cfc824d-740a-4e35-a4e2-3728e2d43056,Ken Rozenboom,Republican,19,upper,Ken,Rozenboom,Male,ken.rozenboom@legis.iowa.gov,,,,https://www.legis.iowa.gov/photo?action=getPhoto&ga=91&pid=10731,https://www.iowasenaterepublicans.com/senators/ken-rozenboom/;https://www.legis.iowa.gov/legislators/legislator?ga=88&personID=10731;https://www.legis.iowa.gov/legislators/legislator?ga=89&personID=10731;https://www.legis.iowa.gov/legislators/legislator?personID=10731,https://ballotpedia.org/Ken_Rozenboom;https://en.wikipedia.org/wiki/Ken_Rozenboom;https://iowasenaterepublicans.com/senators/ken-rozenboom;https://www.legis.iowa.gov/legislators/legislator?ga=88&personID=10731;https://www.legis.iowa.gov/legislators/legislator?ga=89&personID=10731;https://www.legis.iowa.gov/legislators/legislator?ga=90&personID=10731;https://www.legis.iowa.gov/legislators/legislator?personID=10731;https://www.legis.iowa.gov/legislators/senate;https://www.linkedin.com/in/ken-becky-rozenboom-a113b286,,,,,,,,,,,
ocd-person/1b7d56b0-f635-423c-9c09-5617322b1518,Kenan Judge,Democratic,27,lower,Kenan,Judge,Male,kenan.judge@legis.iowa.gov,,,,https://www.legis.iowa.gov/photo?action=getPhoto&ga=91&pid=27027,https://eepurl.com/gXSavj;https://www.legis.iowa.gov/legislators/legislator?ga=88&personID=27027;https://www.legis.iowa.gov/legislators/legislator?ga=89&personID=27027;https://www.legis.iowa.gov/legislators/legislator?personID=27027,https://ballotpedia.org/Kenan_Judge;https://en.wikipedia.org/wiki/Kenan_Judge;https://justfacts.votesmart.org/candidate/biography/180233/kenan-judge;https://www.legis.iowa.gov/legislators/house;https://www.legis.iowa.gov/legislators/legislator?ga=88&personID=27027;https://www.legis.iowa.gov/legislators/legislator?ga=89&personID=27027;https://www.legis.iowa.gov/legislators/legislator?ga=90&personID=27027;https://www.legis.iowa.gov/legislators/legislator?personID=27027,,,,,,,,,,,
ocd-person/2ff1622d-f1f4-4344-8821-57bcf8d99b83,Kerry Gruenhagen,Republican,41,upper,Kerry,Gruenhagen,Male,kerry.gruenhagen@legis.iowa.gov,,,,https://www.legis.iowa.gov/photo?action=getPhoto&ga=91&pid=34009,https://www.iowasenaterepublicans.com/senators/kerry-gruenhagen/;https://www.legis.iowa.gov/legislators/legislator?ga=90&personID=34009;https://www.legis.iowa.gov/legislators/legislator?personID=34009,https://ballotpedia.org/Kerry_Gruenhagen;https://en.wikipedia.org/wiki/Kerry_Gruenhagen;https://www.kerry4iowa.com/about;https://www.legis.iowa.gov/legislators/legislator?ga=90&personID=34009;https://www.legis.iowa.gov/legislators/legislator?personID=34009;https://www.legis.iowa.gov/legislators/senate,,,,,,,,,,,
ocd-person/abad9c61-6eb9-484a-bf07-94cb9040a639,Kevin Alons,Republican,7,upper,Kevin,Alons,Male,kevin.alons@legis.iowa.gov,,,,https://www.legis.iowa.gov/photo?action=getPhoto&ga=91&pid=33999,https://iowasenaterepublicans.com/senators/kevin-alons/;https://www.iowasenaterepublicans.com/senators/kevin-alons/;https://www.legis.iowa.gov/legislators/legislator?ga=90&personID=33999;https://www.legis.iowa.gov/legislators/legislator?personID=33999,https://ballotpedia.org/Kevin_Alons;https://en.wikipedia.org/wiki/Kevin_Alons;https://iowasenaterepublicans.com/senators/kevin-alons;https://www.legis.iowa.gov/legislators/legislator?ga=90&personID=33999;https://www.legis.iowa.gov/legislators/legislator?personID=33999;https://www.legis.iowa.gov/legislators/senate;https://www.linkedin.com/in/kevin-alons-1997146,,,,,,,,,,,
ocd-person/dcd5b341-0a0b-4f2b-bb34-d7aab8539258,Larry McBurney,Democratic,44,lower,Larry,McBurney,Male,larry.mcburney@legis.iowa.gov,,1986-03-03,,https://www.legis.iowa.gov/photo?action=getPhoto&ga=91&pid=37383,https://www.legis.iowa.gov/legislators/legislator?ga=91&personID=37383;https://www.legis.iowa.gov/legislators/legislator?personID=37383,https://ballotpedia.org/Larry_McBurney;https://en.wikipedia.org/wiki/Larry_McBurney;https://www.legis.iowa.gov/legislators/legislator?ga=91&personID=37383;https://www.legis.iowa.gov/legislators/legislator?personID=37383;https://www.linkedin.com/in/lawrence-mcburney-9b54b2128,,,,,,,,,,,
ocd-person/2f43be90-4912-41fa-acf3-735e3a9ef557,Lindsay James,Democratic,71,lower,Lindsay,James,Female,lindsay.james@legis.iowa.gov,,,,https://www.legis.iowa.gov/photo?action=getPhoto&ga=91&pid=27039,https://eepurl.com/gXSDkT;https://www.legis.iowa.gov/legislators/legislator?personID=27039,https://ballotpedia.org/Lindsay_James;https://en.wikipedia.org/wiki/Lindsay_James_(politician);https://www.legis.iowa.gov/legislators/house;https://www.legis.iowa.gov/legislators/legislator?ga=90&personID=27039;https://www.legis.iowa.gov/legislators/legislator?personID=27039;https://www.linkedin.com/in/lbjames,,,,,,,,,,,
ocd-person/a5bbbe7f-202c-4427-89e1-da8d2786d1dc,Liz Bennett,Democratic,39,upper,Liz,Bennett,Female,liz.bennett@legis.iowa.gov,,1982-08-06,,https://www.legis.iowa.gov/photo?action=getPhoto&ga=91&pid=34000,https://eepurl.com/gXSfzr;https://www.legis.iowa.gov/legislators/legislator?ga=88&personID=14806;https://www.legis.iowa.gov/legislators/legislator?ga=89&personID=14806;https://www.legis.iowa.gov/legislators/legislator?ga=90&personID=34000;https://www.legis.iowa.gov/legislators/legislator?personID=34000;https://www.senate.iowa.gov/democrats/subscribe/;https://www.senate.iowa.gov/senator/bennett/,https://ballotpedia.org/Liz_Bennett;https://en.wikipedia.org/wiki/Liz_Bennett;https://justfacts.votesmart.org/candidate/biography/151097/liz-bennett;https://www.legis.iowa.gov/legislators/house;https://www.legis.iowa.gov/legislators/legislator?ga=88&personID=14806;https://www.legis.iowa.gov/legislators/legislator?ga=89&personID=14806;https://www.legis.iowa.gov/legislators/legislator?ga=90&personID=34000;https://www.legis.iowa.gov/legislators/legislator?personID=34000;https://www.legis.iowa.gov/legislators/senate;https://www.linkedin.com/in/lizbennettia,,,,,,,,,,,
ocd-person/0f7d8e8f-ab3e-4a0f-bde0-2ef776cdb27d,Lynn Evans,Republican,3,upper,Lynn,Evans,Male,lynn.evans@legis.iowa.gov,,1964-05-19,,https://www.legis.iowa.gov/photo?action=getPhoto&ga=91&pid=34008,https://iowasenaterepublicans.com/senators/lynn-evans/;https://www.iowasenaterepublicans.com/senators/lynn-evans/;https://www.legis.iowa.gov/legislators/legislator?ga=90&personID=34008;https://www.legis.iowa.gov/legislators/legislator?personID=34008,https://ballotpedia.org/Lynn_Evans_(Iowa);https://en.wikipedia.org/wiki/Lynn_Evans;https://iowasenaterepublicans.com/senators/lynn-evans;https://www.legis.iowa.gov/legislators/legislator?ga=90&personID=34008;https://www.legis.iowa.gov/legislators/legislator?personID=34008;https://www.legis.iowa.gov/legislators/senate;https://www.linkedin.com/in/lynn-evans-b38a6b63;https://www.linkedin.com/in/lynn-evans-ed-s-05738a51,,,,,,,,,,,
ocd-person/277c38cf-3dc5-419b-b072-df34adc214e6,Mark Cisneros,Republican,96,lower,Mark,Cisneros,Male,mark.cisneros@legis.iowa.gov,,,,https://www.legis.iowa.gov/photo?action=getPhoto&ga=91&pid=30656,https://gmail.us7.list-manage.com/subscribe?u=85fcfa7dcbbb7c52a233de778&id=e13efc9ee4;https://iowahouserepublicans.nationbuilder.com/reps;https://www.legis.iowa.gov/legislators/legislator?ga=89&personID=30656;https://www.legis.iowa.gov/legislators/legislator?personID=30656,https://ballotpedia.org/Mark_Cisneros;https://en.wikipedia.org/wiki/Mark_Cisneros;https://justfacts.votesmart.org/candidate/biography/151111/mark-cisneros;https://www.legis.iowa.gov/legislators/house;https://www.legis.iowa.gov/legislators/legislator?ga=89&personID=30656;https://www.legis.iowa.gov/legislators/legislator?ga=90&personID=30656;https://www.legis.iowa.gov/legislators/legislator?personID=30656,,,,,,,,,,,
ocd-person/37b1879c-5435-4c28-bb62-fa71fbabbbdb,Mark Costello,Republican,8,upper,Mark,Costello,Male,mark.costello@legis.iowa.gov,,1961-10-24,,https://www.legis.iowa.gov/photo?action=getPhoto&ga=91&pid=10749,https://www.iowasenaterepublicans.com/senators/mark-costello/;https://www.legis.iowa.gov/legislators/legislator?ga=88&personID=10749;https://www.legis.iowa.gov/legislators/legislator?ga=89&personID=10749;https://www.legis.iowa.gov/legislators/legislator?personID=10749,https://ballotpedia.org/Mark_Costello_(Iowa);https://en.wikipedia.org/wiki/Mark_Costello_(Iowa_politician);https://justfacts.votesmart.org/candidate/biography/137943/mark-costello;https://www.legis.iowa.gov/legislators/legislator?ga=88&personID=10749;https://www.legis.iowa.gov/legislators/legislator?ga=89&personID=10749;https://www.legis.iowa.gov/legislators/legislator?ga=90&personID=10749;https://www.legis.iowa.gov/legislators/legislator?personID=10749;https://www.legis.iowa.gov/legislators/senate;https://www.linkedin.com/in/mark-costello-182a879b,,,,,,,,,,,
ocd-person/967868e2-3ec5-425f-bc96-f41208809217,Mark Thompson,Republican,56,lower,Mark,Thompson,Male,mark.thompson@legis.iowa.gov,,,,https://www.legis.iowa.gov/photo?action=getPhoto&ga=91&pid=33982,https://www.legis.iowa.gov/legislators/legislator/newsletter?id=33982&ga=90;https://www.legis.iowa.gov/legislators/legislator?ga=90&personID=33982;https://www.legis.iowa.gov/legislators/legislator?personID=33982,https://ballotpedia.org/Mark_Thompson_(Iowa);https://en.wikipedia.org/wiki/Mark_Thompson_(Iowa_politician);https://www.legis.iowa.gov/legislators/house;https://www.legis.iowa.gov/legislators/legislator?ga=90&personID=33982;https://www.legis.iowa.gov/legislators/legislator?personID=33982;https://www.thompson4iowa.com/meet-mark,,,,,,,,,,,
ocd-person/b1110000-b6c3-4348-8655-8a7b51c8a9db,Mark Lofgren,Republican,48,upper,Mark,Lofgren,Male,mark.lofgren@legis.iowa.gov,,1961-06-26,,https://www.legis.iowa.gov/photo?action=getPhoto&ga=91&pid=9406,https://www.iowasenaterepublicans.com/senators/mark-lofgren/;https://www.legis.iowa.gov/legislators/legislator?ga=88&personID=9406;https://www.legis.iowa.gov/legislators/legislator?ga=89&personID=9406;https://www.legis.iowa.gov/legislators/legislator?personID=9406,https://ballotpedia.org/Mark_Lofgren;https://en.wikipedia.org/wiki/Mark_Lofgren;https://iowasenaterepublicans.com/senators/mark-lofgren;https://justfacts.votesmart.org/candidate/biography/122026/mark-lofgren;https://www.legis.iowa.gov/legislators/legislator?ga=88&personID=9406;https://www.legis.iowa.gov/legislators/legislator?ga=89&personID=9406;https://www.legis.iowa.gov/legislators/legislator?ga=90&personID=9406;https://www.legis.iowa.gov/legislators/legislator?personID=9406;https://www.legis.iowa.gov/legislators/senate,,,,,,,,,,,
ocd-person/996db9b7-c251-478f-8852-0c5477013469,Mary Madison,Democratic,31,lower,Mary,Madison,Female,mary.madison@legis.iowa.gov,,,,https://www.legis.iowa.gov/photo?action=getPhoto&ga=91&pid=33974,https://eepurl.com/ihfkwv;https://www.legis.iowa.gov/legislators/legislator/newsletter?id=33974&ga=90;https://www.legis.iowa.gov/legislators/legislator?ga=90&personID=33974;https://www.legis.iowa.gov/legislators/legislator?personID=33974,https://ballotpedia.org/Mary_Madison;https://en.wikipedia.org/wiki/Mary_Madison;https://www.legis.iowa.gov/legislators/house;https://www.legis.iowa.gov/legislators/legislator?ga=90&personID=33974;https://www.legis.iowa.gov/legislators/legislator?personID=33974,,,,,,,,,,,
ocd-person/4bb97641-21a7-4aaa-b4d8-7f0dfcacd3a0,Matt Blake,Democratic,22,upper,Matt,Blake,Male,matt.blake@legis.iowa.gov,,,,https://www.legis.iowa.gov/photo?action=getPhoto&ga=91&pid=37460,https://www.legis.iowa.gov/legislators/legislator?ga=91&personID=37460;https://www.legis.iowa.gov/legislators/legislator?personID=37460,https://ballotpedia.org/Matt_Blake_(Iowa);https://www.dickinsonbradshaw.com/attorney-profiles/matthew-d-blake;https://www.legis.iowa.gov/legislators/legislator?ga=91&personID=37460;https://www.legis.iowa.gov/legislators/legislator?personID=37460;https://www.linkedin.com/in/matt-blake-51532666,,,,,,,,,,,
ocd-person/be1898a3-30da-45c6-810f-4751158daefc,Matt Windschitl,Republican,15,lower,Matt,Windschitl,Male,matt.windschitl@legis.iowa.gov,,1983-12-30,,https://www.legis.iowa.gov/photo?action=getPhoto&ga=91&pid=6282,https://iowahouserepublicans.nationbuilder.com/admin/sites/2/pages/30/preview?browser_id=default&logged_in=0&theme_id=5cf7e407c294800185b6c2c2;https://iowahouserepublicans.nationbuilder.com/reps;https://www.legis.iowa.gov/legislators/legislator?ga=88&personID=6282;https://www.legis.iowa.gov/legislators/legislator?ga=89&personID=6282;https://www.legis.iowa.gov/legislators/legislator?ga=90&personID=6282;https://www.legis.iowa.gov/legislators/legislator?personID=6282,https://ballotpedia.org/Matt_Windschitl;https://en.wikipedia.org/wiki/Matt_Windschitl;https://justfacts.votesmart.org/candidate/biography/57046/matt-windschitl;https://www.legis.iowa.gov/legislators/house;https://www.legis.iowa.gov/legislators/legislator?ga=88&personID=6282;https://www.legis.iowa.gov/legislators/legislator?ga=89&personID=6282;https://www.legis.iowa.gov/legislators/legislator?ga=90&personID=6282;https://www.legis.iowa.gov/legislators/legislator?personID=6282,,,,,,,,,,,
ocd-person/aec12ca2-6ad3-4026-9f01-7a691566c6fc,Matt Rinker,Republican,99,lower,Matt,Rinker,Male,matthew.rinker@legis.iowa.gov,,,,https://www.legis.iowa.gov/photo?action=getPhoto&ga=91&pid=33998,https://www.legis.iowa.gov/legislators/legislator/newsletter?id=33998&ga=90;https://www.legis.iowa.gov/legislators/legislator?ga=90&personID=33998;https://www.legis.iowa.gov/legislators/legislator?personID=33998,https://ballotpedia.org/Matthew_Rinker;https://en.wikipedia.org/wiki/Matthew_Rinker;https://www.legis.iowa.gov/legislators/house;https://www.legis.iowa.gov/legislators/legislator?ga=90&personID=33998;https://www.legis.iowa.gov/legislators/legislator?personID=33998;https://www.linkedin.com/in/matthew-rinker-26bab852,,,,,,,,,,,
ocd-person/65c3efb9-452e-4aae-a390-15db3f3ba707,Megan Jones,Republican,6,lower,Megan,Jones,Female,megan.jones@legis.iowa.gov,,,,https://www.legis.iowa.gov/photo?action=getPhoto&ga=91&pid=10747,https://www.jonesforiowa.com;https://www.legis.iowa.gov/legislators/legislator/newsletter?id=10747&ga=89;https://www.legis.iowa.gov/legislators/legislator/newsletter?id=10747&ga=90;https://www.legis.iowa.gov/legislators/legislator?ga=88&personID=10747;https://www.legis.iowa.gov/legislators/legislator?ga=89&personID=10747;https://www.legis.iowa.gov/legislators/legislator?personID=10747,https://ballotpedia.org/Megan_Jones;https://en.wikipedia.org/wiki/Megan_Jones_(politician);https://justfacts.votesmart.org/candidate/biography/137928/megan-jones;https://www.legis.iowa.gov/legislators/house;https://www.legis.iowa.gov/legislators/legislator?ga=88&personID=10747;https://www.legis.iowa.gov/legislators/legislator?ga=89&personID=10747;https://www.legis.iowa.gov/legislators/legislator?ga=90&personID=10747;https://www.legis.iowa.gov/legislators/legislator?personID=10747,,,,,,,,,,,
ocd-person/84f3edbd-f0e1-4220-a670-f7d39d57bda5,Megan Srinivas,Democratic,30,lower,Megan,Srinivas,Female,megan.srinivas@legis.iowa.gov,,,,https://www.legis.iowa.gov/photo?action=getPhoto&ga=91&pid=33973,https://eepurl.com/ihe76f;https://www.legis.iowa.gov/legislators/legislator?ga=90&personID=33973;https://www.legis.iowa.gov/legislators/legislator?personID=33973,https://ballotpedia.org/Megan_Srinivas;https://en.wikipedia.org/wiki/Megan_Srinivas;https://www.legis.iowa.gov/legislators/house;https://www.legis.iowa.gov/legislators/legislator?ga=90&personID=33973;https://www.legis.iowa.gov/legislators/legislator?personID=33973;https://www.linkedin.com/in/megan-l-srinivas,,,,,,,,,,,
ocd-person/bf9a43c8-3e2a-489f-94f6-b26035f7f9b9,Michael Bergan,Republican,63,lower,Michael,Bergan,Male,michael.bergan@legis.iowa.gov,,1962-08-16,,https://www.legis.iowa.gov/photo?action=getPhoto&ga=91&pid=18044,https://iowa.us4.list-manage.com/subscribe?u=cda8d4cec739450efbb093a0a&id=09e9bff453;https://iowahouserepublicans.nationbuilder.com/reps;https://www.legis.iowa.gov/legislators/legislator?ga=88&personID=18044;https://www.legis.iowa.gov/legislators/legislator?ga=89&personID=18044;https://www.legis.iowa.gov/legislators/legislator?personID=18044,https://ballotpedia.org/Michael_Bergan;https://en.wikipedia.org/wiki/Michael_Bergan;https://www.legis.iowa.gov/legislators/house;https://www.legis.iowa.gov/legislators/legislator?ga=88&personID=18044;https://www.legis.iowa.gov/legislators/legislator?ga=89&personID=18044;https://www.legis.iowa.gov/legislators/legislator?ga=90&personID=18044;https://www.legis.iowa.gov/legislators/legislator?personID=18044,,,,,,,,,,,
ocd-person/37784f85-492c-422c-93a3-9910867f68f9,Mike Bousselot,Republican,21,upper,Mike,Bousselot,Male,mike.bousselot@legis.iowa.gov,,1982-11-02,,https://www.legis.iowa.gov/photo?action=getPhoto&ga=91&pid=32076&pType=3,https://www.iowasenaterepublicans.com/senators/mike-bousselot/;https://www.legis.iowa.gov/legislators/legislator?ga=89&personID=32076;https://www.legis.iowa.gov/legislators/legislator?personID=32076,https://ballotpedia.org/Mike_Bousselot;https://en.wikipedia.org/wiki/Mike_Bousselot;https://www.legis.iowa.gov/legislators/house;https://www.legis.iowa.gov/legislators/legislator?ga=89&personID=32076;https://www.legis.iowa.gov/legislators/legislator?ga=90&personID=32076;https://www.legis.iowa.gov/legislators/legislator?personID=32076;https://www.legis.iowa.gov/legislators/senate;https://www.linkedin.com/in/michael-bousselot-86045b59;https://www.linkedin.com/in/mike-bousselot-86045b59,,,,,,,,,,,
ocd-person/cad5e110-d7b3-45b3-b7c3-9e8232e2dbc7,Mike Klimesh,Republican,32,upper,Mike,Klimesh,Male,mike.klimesh@legis.iowa.gov,,,,https://www.legis.iowa.gov/photo?action=getPhoto&ga=91&pid=30547,https://iowasenaterepublicans.com/senators/mike-klimesh/;https://www.iowasenaterepublicans.com/senators/mike-klimesh/;https://www.legis.iowa.gov/legislators/legislator?ga=89&personID=30547;https://www.legis.iowa.gov/legislators/legislator?personID=30547,https://ballotpedia.org/Michael_T._Klimesh;https://en.wikipedia.org/wiki/Mike_Klimesh;https://iowasenaterepublicans.com/senators/mike-klimesh;https://justfacts.votesmart.org/candidate/biography/122088/micheal-klimesh;https://www.legis.iowa.gov/legislators/legislator?ga=89&personID=30547;https://www.legis.iowa.gov/legislators/legislator?ga=90&personID=30547;https://www.legis.iowa.gov/legislators/legislator?personID=30547;https://www.legis.iowa.gov/legislators/senate;https://www.linkedin.com/in/michael-klimesh-2a097219,,,,,,,,,,,
ocd-person/fdb8c40c-9f1e-4799-bc5f-0249d21f3811,Mike Pike,Republican,20,upper,Mike,Pike,Male,mike.pike@legis.iowa.gov,,,,https://www.legis.iowa.gov/photo?action=getPhoto&ga=91&pid=37458,https://www.legis.iowa.gov/legislators/legislator?ga=91&personID=37458;https://www.legis.iowa.gov/legislators/legislator?personID=37458,https://ballotpedia.org/Mike_Pike;https://en.wikipedia.org/wiki/Mike_Pike;https://www.legis.iowa.gov/legislators/legislator?ga=91&personID=37458;https://www.legis.iowa.gov/legislators/legislator?personID=37458,,,,,,,,,,,
ocd-person/4416e207-bc39-4dee-b6fc-7e70e351aa54,Mike Vondran,Republican,94,lower,Mike,Vondran,Male,mike.vondran@legis.iowa.gov,,,,https://www.legis.iowa.gov/photo?action=getPhoto&ga=91&pid=33996,https://www.legis.iowa.gov/legislators/legislator/newsletter?id=33996&ga=90;https://www.legis.iowa.gov/legislators/legislator?ga=90&personID=33996;https://www.legis.iowa.gov/legislators/legislator?personID=33996,https://ballotpedia.org/Mike_Vondran;https://en.wikipedia.org/wiki/Mike_Vondran;https://www.legis.iowa.gov/legislators/house;https://www.legis.iowa.gov/legislators/legislator?ga=90&personID=33996;https://www.legis.iowa.gov/legislators/legislator?personID=33996;https://www.linkedin.com/in/mikevondran1,,,,,,,,,,,
ocd-person/93034bcb-c3fa-4427-8a1a-d48b8485a8eb,Mike Zimmer,Democratic,35,upper,Mike,Zimmer,Male,mike.zimmer@legis.iowa.gov,,,,https://www.legis.iowa.gov/photo?action=getPhoto&ga=91&pid=37960,https://www.legis.iowa.gov/legislators/legislator?personID=37960,https://ballotpedia.org/Mike_Zimmer_(Iowa);https://en.wikipedia.org/wiki/Mike_Zimmer_(politician);https://www.legis.iowa.gov/legislators/legislator?personID=37960,,,,,,,,,,,
ocd-person/d675a03b-f474-4e1c-b48a-b78b399488c4,Molly Donahue,Democratic,37,upper,Molly,Donahue,Female,molly.donahue@legis.iowa.gov,,,,https://www.legis.iowa.gov/photo?action=getPhoto&ga=91&pid=27031,https://eepurl.com/gXN_ff;https://www.legis.iowa.gov/legislators/legislator?ga=88&personID=27031;https://www.legis.iowa.gov/legislators/legislator?ga=89&personID=27031;https://www.legis.iowa.gov/legislators/legislator?ga=90&personID=27031;https://www.legis.iowa.gov/legislators/legislator?personID=27031;https://www.senate.iowa.gov/democrats/subscribe/;https://www.senate.iowa.gov/senator/donahue/,https://ballotpedia.org/Molly_Donahue;https://en.wikipedia.org/wiki/Molly_Donahue;https://iowasenatedemocrats.com/senator-molly-donahue;https://justfacts.votesmart.org/candidate/biography/168785/molly-donahue;https://www.legis.iowa.gov/legislators/house;https://www.legis.iowa.gov/legislators/legislator?ga=88&personID=27031;https://www.legis.iowa.gov/legislators/legislator?ga=89&personID=27031;https://www.legis.iowa.gov/legislators/legislator?ga=90&personID=27031;https://www.legis.iowa.gov/legislators/legislator?personID=27031;https://www.legis.iowa.gov/legislators/senate;https://www.linkedin.com/in/molly-donahue-722b4b35;https://www.senate.iowa.gov/senator/donahue,,,,,,,,,,,
ocd-person/c746f92f-f2d1-4dd9-aa76-f056fe026c32,Monica Kurth,Democratic,98,lower,Monica,Kurth,Female,monica.kurth@legis.iowa.gov,,,,https://www.legis.iowa.gov/photo?action=getPhoto&ga=91&pid=18614,https://eepurl.com/gXNhsX;https://www.legis.iowa.gov/legislators/legislator?ga=88&personID=18614;https://www.legis.iowa.gov/legislators/legislator?ga=89&personID=18614;https://www.legis.iowa.gov/legislators/legislator?personID=18614,https://ballotpedia.org/Monica_Hosch_Kurth;https://en.wikipedia.org/wiki/Monica_Kurth;https://www.legis.iowa.gov/legislators/house;https://www.legis.iowa.gov/legislators/legislator?ga=88&personID=18614;https://www.legis.iowa.gov/legislators/legislator?ga=89&personID=18614;https://www.legis.iowa.gov/legislators/legislator?ga=90&personID=18614;https://www.legis.iowa.gov/legislators/legislator?personID=18614;https://www.linkedin.com/in/monica-kurth-5b419723,,,,,,,,,,,
ocd-person/e8a08a29-2cc5-4b0b-a461-61983aa0771c,Norlin Mommsen,Republican,70,lower,Norlin,Mommsen,Male,norlin.mommsen@legis.iowa.gov,,1957-11-02,,https://www.legis.iowa.gov/photo?action=getPhoto&ga=91&pid=14810,https://iowahouserepublicans.nationbuilder.com/reps;https://www.legis.iowa.gov/legislators/legislator/newsletter?id=14810&ga=90;https://www.legis.iowa.gov/legislators/legislator?ga=89&personID=14810;https://www.legis.iowa.gov/legislators/legislator?personID=14810,https://ballotpedia.org/Norlin_Mommsen;https://en.wikipedia.org/wiki/Norlin_Mommsen;https://justfacts.votesmart.org/candidate/biography/151166/norlin-mommsen;https://www.legis.iowa.gov/legislators/house;https://www.legis.iowa.gov/legislators/legislator?ga=89&personID=14810;https://www.legis.iowa.gov/legislators/legislator?ga=90&personID=14810;https://www.legis.iowa.gov/legislators/legislator?personID=14810,,,,,,,,,,,
ocd-person/43530aa9-bb74-4e1b-845c-e9491c9a410c,Pat Grassley,Republican,57,lower,Pat,Grassley,Male,pat.grassley@legis.iowa.gov,,1983-05-26,,https://www.legis.iowa.gov/photo?action=getPhoto&ga=91&pid=6277,https://iowahouserepublicans.com/members/pat-grassley;https://iowahouserepublicans.nationbuilder.com/Grassley;https://iowahouserepublicans.nationbuilder.com/reps;https://mailchi.mp/78e98d00d91a/sign-up-for-my-newsletter;https://twitter.com/PatGrassley;https://www.legis.iowa.gov/legislators/legislator?ga=88&personID=6277;https://www.legis.iowa.gov/legislators/legislator?ga=89&personID=6277;https://www.legis.iowa.gov/legislators/legislator?personID=6277,https://ballotpedia.org/Pat_Grassley;https://en.wikipedia.org/wiki/Pat_Grassley;https://iowahouserepublicans.nationbuilder.com/Grassley;https://www.legis.iowa.gov/legislators/house;https://www.legis.iowa.gov/legislators/legislator?ga=88&personID=6277;https://www.legis.iowa.gov/legislators/legislator?ga=89&personID=6277;https://www.legis.iowa.gov/legislators/legislator?ga=90&personID=6277;https://www.legis.iowa.gov/legislators/legislator?personID=6277,,,,,,,,,,,
ocd-person/97a4ef03-4b50-4fcd-9ebc-3d76482f2150,Bubba Sorensen,Republican,23,lower,Bubba,Sorensen,Male,ray.sorensen@legis.iowa.gov,,,,https://www.legis.iowa.gov/photo?action=getPhoto&ga=91&pid=27020,https://iowa.us20.list-manage.com/subscribe?u=bf8ea8a70bdafa528d6feb893&id=cf761d2cb3;https://iowahouserepublicans.nationbuilder.com/reps;https://www.legis.iowa.gov/legislators/legislator?personID=27020,https://ballotpedia.org/Ray_Sorensen;https://en.wikipedia.org/wiki/Ray_Sorensen_(politician);https://justfacts.votesmart.org/candidate/biography/180192/ray-sorensen;https://www.legis.iowa.gov/legislators/house;https://www.legis.iowa.gov/legislators/legislator?ga=90&personID=27020;https://www.legis.iowa.gov/legislators/legislator?personID=27020;https://www.linkedin.com/in/freedomrocks,,,,,,,,,,,
ocd-person/6d119d13-56ee-4aef-a7b0-602efef0b995,Renee Hardman,Democratic,16,upper,Renee,Hardman,Female,renee.hardman@legis.iowa.gov,,,,https://media.tegna-media.com/assets/WOI/images/eb691334-5dc7-4bc6-9b19-2d2533483f86/eb691334-5dc7-4bc6-9b19-2d2533483f86_1920x1080.jpg,https://www.legis.iowa.gov/legislators/legislator?personID=39593,https://ballotpedia.org/Renee_Hardman;https://en.wikipedia.org/wiki/Renee_Hardman;https://www.legis.iowa.gov/legislators/legislator?personID=39593;https://www.linkedin.com/in/renee-hardman-mba-sphr-631b704,,,,,,,,,,,
ocd-person/8ef407a5-2d80-4190-a656-a23d13fb5cb4,Rick Olson,Democratic,39,lower,Rick,Olson,Male,rick.olson@legis.iowa.gov,,,,https://www.legis.iowa.gov/photo?action=getPhoto&ga=91&pid=776,https://www.legis.iowa.gov/legislators/legislator/newsletter?id=776&ga=89;https://www.legis.iowa.gov/legislators/legislator/newsletter?id=776&ga=90;https://www.legis.iowa.gov/legislators/legislator?ga=88&personID=776;https://www.legis.iowa.gov/legislators/legislator?ga=89&personID=776;https://www.legis.iowa.gov/legislators/legislator?ga=90&personID=776;https://www.legis.iowa.gov/legislators/legislator?personID=776,https://ballotpedia.org/Rick_Olson_(Iowa);https://en.wikipedia.org/wiki/Rick_Olson_(Iowa_politician);https://justfacts.votesmart.org/candidate/biography/32444/rick-olson;https://www.legis.iowa.gov/legislators/house;https://www.legis.iowa.gov/legislators/legislator?ga=88&personID=776;https://www.legis.iowa.gov/legislators/legislator?ga=89&personID=776;https://www.legis.iowa.gov/legislators/legislator?ga=90&personID=776;https://www.legis.iowa.gov/legislators/legislator?personID=776,,,,,,,,,,,
ocd-person/6c4e422c-1d04-48c1-8e75-7af2e6ad1002,Rob Johnson,Democratic,34,lower,Rob,Johnson,Male,rob.johnson@legis.iowa.gov,,1988-01-21,,https://www.legis.iowa.gov/photo?action=getPhoto&ga=91&pid=37381,https://www.legis.iowa.gov/legislators/legislator?ga=91&personID=37381;https://www.legis.iowa.gov/legislators/legislator?personID=37381,https://ballotpedia.org/Rob_Johnson_(Iowa);https://en.wikipedia.org/wiki/Rob_Johnson_(Iowa_politician);https://www.legis.iowa.gov/legislators/legislator?ga=91&personID=37381;https://www.legis.iowa.gov/legislators/legislator?personID=37381;https://www.linkedin.com/in/rob-johnson-4407a456,,,,,,,,,,,
ocd-person/078e02d7-0d26-49f2-9176-8044701e540f,Bob Henderson,Republican,2,lower,Bob,Henderson,Male,robert.henderson@legis.iowa.gov,,,,https://www.legis.iowa.gov/photo?action=getPhoto&ga=91&pid=33964,https://www.legis.iowa.gov/legislators/legislator/newsletter?id=33964&ga=90;https://www.legis.iowa.gov/legislators/legislator?ga=90&personID=33964;https://www.legis.iowa.gov/legislators/legislator?personID=33964,https://ballotpedia.org/Robert_Henderson_(Iowa);https://en.wikipedia.org/wiki/Robert_Henderson_(American_politician);https://justfacts.votesmart.org/candidate/biography/168717/robert-henderson;https://www.legis.iowa.gov/legislators/house;https://www.legis.iowa.gov/legislators/legislator?ga=90&personID=33964;https://www.legis.iowa.gov/legislators/legislator?personID=33964,,,,,,,,,,,
ocd-person/068a7290-ab67-4ff5-abe5-8e23a7715097,Ross Wilburn,Democratic,50,lower,Ross,Wilburn,Male,ross.wilburn@legis.iowa.gov,,,,https://www.legis.iowa.gov/photo?action=getPhoto&ga=91&pid=28701,https://eepurl.com/gXMQCb;https://www.legis.iowa.gov/legislators/legislator?personID=28701,https://ballotpedia.org/Ross_Wilburn;https://en.wikipedia.org/wiki/Ross_Wilburn;https://www.legis.iowa.gov/legislators/house;https://www.legis.iowa.gov/legislators/legislator?ga=90&personID=28701;https://www.legis.iowa.gov/legislators/legislator?personID=28701;https://www.linkedin.com/in/ross-wilburn-2266811b,,,,,,,,,,,
ocd-person/dad6bcf1-d56a-4a10-a969-2980dd3582d8,Ruth Ann Gaines,Democratic,33,lower,Ruth Ann,Gaines,Female,ruth.ann.gaines@legis.iowa.gov,,,,https://www.legis.iowa.gov/photo?action=getPhoto&ga=91&pid=9413,https://eepurl.com/gXMYEr;https://www.legis.iowa.gov/legislators/legislator?ga=88&personID=9413;https://www.legis.iowa.gov/legislators/legislator?ga=89&personID=9413;https://www.legis.iowa.gov/legislators/legislator?personID=9413,https://ballotpedia.org/Ruth_Ann_Gaines;https://en.wikipedia.org/wiki/Ruth_Ann_Gaines;https://justfacts.votesmart.org/candidate/biography/122043/ruth-ann-gaines;https://www.legis.iowa.gov/legislators/house;https://www.legis.iowa.gov/legislators/legislator?ga=88&personID=9413;https://www.legis.iowa.gov/legislators/legislator?ga=89&personID=9413;https://www.legis.iowa.gov/legislators/legislator?ga=90&personID=9413;https://www.legis.iowa.gov/legislators/legislator?personID=9413;https://www.linkedin.com/in/ruth-ann-gaines-58163889,,,,,,,,,,,
ocd-person/3c21eb9b-0b5d-429e-9bb4-0d53adf4442c,Ryan Weldon,Republican,41,lower,Ryan,Weldon,Male,ryan.weldon@legis.iowa.gov,,,,https://www.legis.iowa.gov/photo?action=getPhoto&ga=91&pid=37382,https://www.legis.iowa.gov/legislators/legislator?ga=91&personID=37382;https://www.legis.iowa.gov/legislators/legislator?personID=37382,https://ballotpedia.org/Ryan_Weldon;https://www.legis.iowa.gov/legislators/legislator?ga=91&personID=37382;https://www.legis.iowa.gov/legislators/legislator?personID=37382;https://www.linkedin.com/in/ryan-weldon-b90b0b7,,,,,,,,,,,
ocd-person/c9617375-c6c8-453d-8807-32714cd85c21,Sam Wengryn,Republican,24,lower,Sam,Wengryn,Male,sam.wengryn@legis.iowa.gov,,,,https://www.legis.iowa.gov/photo?action=getPhoto&ga=91&pid=37380,https://www.legis.iowa.gov/legislators/legislator?ga=91&personID=37380;https://www.legis.iowa.gov/legislators/legislator?personID=37380,https://ballotpedia.org/Sam_Wengryn;https://en.wikipedia.org/wiki/Sam_Wengryn;https://justfacts.votesmart.org/candidate/biography/215589/sam-wengryn;https://www.legis.iowa.gov/legislators/legislator?ga=91&personID=37380;https://www.legis.iowa.gov/legislators/legislator?personID=37380,,,,,,,,,,,
ocd-person/a629e45d-fc34-4751-9ca3-d70d2b8f332d,Samantha Fett,Republican,22,lower,Samantha,Fett,Female,samantha.fett@legis.iowa.gov,,1979-08-03,,https://www.legis.iowa.gov/photo?action=getPhoto&ga=91&pid=37379,https://www.legis.iowa.gov/legislators/legislator?ga=91&personID=37379;https://www.legis.iowa.gov/legislators/legislator?personID=37379,https://ballotpedia.org/Samantha_Fett;https://en.wikipedia.org/wiki/Samantha_Fett;https://justfacts.votesmart.org/candidate/215582/samantha-fett;https://www.legis.iowa.gov/legislators/legislator?ga=91&personID=37379;https://www.legis.iowa.gov/legislators/legislator?personID=37379;https://www.linkedin.com/in/samantha-fett,,,,,,,,,,,
ocd-person/b51c0843-c860-4568-a3a7-3d004a377fd4,Sandy Salmon,Republican,29,upper,Sandy,Salmon,Female,sandy.salmon@legis.iowa.gov,,1955-10-23,,https://www.legis.iowa.gov/photo?action=getPhoto&ga=91&pid=10754,https://www.iowasenaterepublicans.com/senators/sandy-salmon/;https://www.legis.iowa.gov/legislators/legislator?ga=88&personID=10754;https://www.legis.iowa.gov/legislators/legislator?ga=89&personID=10754;https://www.legis.iowa.gov/legislators/legislator?personID=10754;https://www.sandysalmon.org;https://www.sandysalmon.org/newsletters,https://ballotpedia.org/Sandy_Salmon;https://en.wikipedia.org/wiki/Sandy_Salmon;https://justfacts.votesmart.org/candidate/biography/122095/sandy-salmon;https://www.legis.iowa.gov/legislators/house;https://www.legis.iowa.gov/legislators/legislator?ga=88&personID=10754;https://www.legis.iowa.gov/legislators/legislator?ga=89&personID=10754;https://www.legis.iowa.gov/legislators/legislator?ga=90&personID=10754;https://www.legis.iowa.gov/legislators/legislator?personID=10754;https://www.legis.iowa.gov/legislators/senate,,,,,,,,,,,
ocd-person/ce66871e-57e7-471d-b231-d772dd41eb63,Sarah Garriott,Democratic,14,upper,Sarah,Garriott,Female,sarah.trone.garriott@legis.iowa.gov,,,,https://www.legis.iowa.gov/photo?action=getPhoto&ga=91&pid=30551,https://mailchi.mp/legis/trone-garriott;https://sarah@sarahforiowa.com;https://www.legis.iowa.gov/legislators/legislator?ga=89&personID=30551;https://www.legis.iowa.gov/legislators/legislator?personID=30551;https://www.senate.iowa.gov/democrats/subscribe/;https://www.senate.iowa.gov/senator/trone-garriott;https://www.senate.iowa.gov/senator/trone-garriott/,https://ballotpedia.org/Sarah_Garriott;https://en.wikipedia.org/wiki/Sarah_Trone_Garriott;https://iowasenatedemocrats.com/senator-sarah-trone-garriott;https://www.legis.iowa.gov/legislators/legislator?ga=89&personID=30551;https://www.legis.iowa.gov/legislators/legislator?ga=90&personID=30551;https://www.legis.iowa.gov/legislators/legislator?personID=30551;https://www.legis.iowa.gov/legislators/senate;https://www.linkedin.com/in/sarah-trone-garriott-98b984139;https://www.senate.iowa.gov/senator/trone-garriott,,,,,,,,,,,
ocd-person/5d6f21b7-11a6-4f5e-8661-abc9345f3623,Scott Webster,Republican,47,upper,Scott,Webster,Male,scott.webster@legis.iowa.gov,,,,https://www.legis.iowa.gov/photo?action=getPhoto&ga=91&pid=13574,https://iowasenaterepublicans.com/senators/scott-webster/;https://www.iowasenaterepublicans.com/senators/scott-webster/;https://www.legis.iowa.gov/legislators/legislator?ga=90&personID=13574;https://www.legis.iowa.gov/legislators/legislator?personID=13574,https://ballotpedia.org/Scott_Webster;https://en.wikipedia.org/wiki/Scott_Webster_(politician);https://iowasenaterepublicans.com/senators/scott-webster;https://www.legis.iowa.gov/legislators/legislator?ga=90&personID=13574;https://www.legis.iowa.gov/legislators/legislator?personID=13574;https://www.legis.iowa.gov/legislators/senate;https://www.linkedin.com/in/scott-webster-198b3087,,,,,,,,,,,
ocd-person/8ee06272-1977-4810-8c40-5d007fb31ac8,Sean Bagniewski,Democratic,35,lower,Sean,Bagniewski,Male,sean.bagniewski@legis.iowa.gov,,,,https://www.legis.iowa.gov/photo?action=getPhoto&ga=91&pid=33975,https://eepurl.com/ihfkvX;https://eepurl.com/ihS4LT;https://www.legis.iowa.gov/legislators/legislator?ga=90&personID=33975;https://www.legis.iowa.gov/legislators/legislator?ga=91&personID=33975;https://www.legis.iowa.gov/legislators/legislator?personID=33975,https://ballotpedia.org/Sean_Bagniewski;https://en.wikipedia.org/wiki/Sean_Bagniewski;https://justfacts.votesmart.org/candidate/biography/203957/sean-bagniewski;https://www.legis.iowa.gov/legislators/house;https://www.legis.iowa.gov/legislators/legislator?ga=90&personID=33975;https://www.legis.iowa.gov/legislators/legislator?ga=91&personID=33975;https://www.legis.iowa.gov/legislators/legislator?personID=33975;https://www.linkedin.com/in/bagniewski,,,,,,,,,,,
ocd-person/90ea16da-2e10-470e-a004-a5e2688e6331,Shannon Latham,Republican,55,lower,Shannon,Latham,Female,shannon.latham@legis.iowa.gov,,,,https://www.legis.iowa.gov/photo?action=getPhoto&ga=91&pid=30651,https://iowahouserepublicans.nationbuilder.com/reps;https://lathamforiowa.us7.list-manage.com/subscribe?u=6721a2b3f29f131aa167a1a92&id=80ffe32ef8;https://www.legis.iowa.gov/legislators/legislator?personID=30651,https://ballotpedia.org/Shannon_Latham;https://en.wikipedia.org/wiki/Shannon_Latham;https://www.legis.iowa.gov/legislators/house;https://www.legis.iowa.gov/legislators/legislator?ga=90&personID=30651;https://www.legis.iowa.gov/legislators/legislator?personID=30651;https://www.linkedin.com/in/shannon-latham-70b88310,,,,,,,,,,,
ocd-person/82dcdad5-7974-4b38-a44c-7007e8111a5c,Shannon Lundgren,Republican,65,lower,Shannon,Lundgren,Female,shannon.lundgren@legis.iowa.gov,,,,https://www.legis.iowa.gov/photo?action=getPhoto&ga=91&pid=18046,https://facebook.us14.list-manage.com/subscribe?u=2aece3f2f1c3b4cc01a0cc692&id=8fc149e435;https://iowahouserepublicans.nationbuilder.com/reps;https://www.legis.iowa.gov/legislators/legislator?personID=18046,https://ballotpedia.org/Shannon_Lundgren;https://en.wikipedia.org/wiki/Shannon_Lundgren;https://justfacts.votesmart.org/candidate/biography/168757/shannon-lundgren;https://www.legis.iowa.gov/legislators/house;https://www.legis.iowa.gov/legislators/legislator?ga=90&personID=18046;https://www.legis.iowa.gov/legislators/legislator?personID=18046;https://www.linkedin.com/in/shannon-lundgren-81108110,,,,,,,,,,,
ocd-person/9d60676d-f50e-4117-8d22-681927e43a01,Skyler Wheeler,Republican,4,lower,Skyler,Wheeler,Male,skyler.wheeler@legis.iowa.gov,,1993-04-24,,https://www.legis.iowa.gov/photo?action=getPhoto&ga=91&pid=18040,https://iowahouserepublicans.nationbuilder.com/reps;https://www.legis.iowa.gov/legislators/legislator/newsletter?id=18040&ga=89;https://www.legis.iowa.gov/legislators/legislator/newsletter?id=18040&ga=90;https://www.legis.iowa.gov/legislators/legislator?ga=88&personID=18040;https://www.legis.iowa.gov/legislators/legislator?ga=89&personID=18040;https://www.legis.iowa.gov/legislators/legislator?personID=18040,https://ballotpedia.org/Skyler_Wheeler;https://en.wikipedia.org/wiki/Skyler_Wheeler;https://www.legis.iowa.gov/legislators/house;https://www.legis.iowa.gov/legislators/legislator?ga=88&personID=18040;https://www.legis.iowa.gov/legislators/legislator?ga=89&personID=18040;https://www.legis.iowa.gov/legislators/legislator?ga=90&personID=18040;https://www.legis.iowa.gov/legislators/legislator?personID=18040;https://www.linkedin.com/in/skyler-wheeler-3395a9b2,,,,,,,,,,,
ocd-person/fca5c5d4-a5b0-40eb-ace9-24dfd50bc4a6,Steve Bradley,Republican,66,lower,Steve,Bradley,Male,steven.bradley@legis.iowa.gov,,,,https://www.legis.iowa.gov/photo?action=getPhoto&ga=91&pid=30652,https://iowahouserepublicans.nationbuilder.com/reps;https://www.legis.iowa.gov/legislators/legislator/newsletter?id=30652&ga=90;https://www.legis.iowa.gov/legislators/legislator?ga=89&personID=30652;https://www.legis.iowa.gov/legislators/legislator?ga=90&personID=30652;https://www.legis.iowa.gov/legislators/legislator?personID=30652,https://ballotpedia.org/Steven_Bradley_(Iowa);https://en.wikipedia.org/wiki/Steve_Bradley_(politician);https://www.legis.iowa.gov/legislators/house;https://www.legis.iowa.gov/legislators/legislator?ga=89&personID=30652;https://www.legis.iowa.gov/legislators/legislator?ga=90&personID=30652;https://www.legis.iowa.gov/legislators/legislator?personID=30652,,,,,,,,,,,
ocd-person/427b416b-eca9-4863-a8c2-c54ad2769bc1,Steven Holt,Republican,12,lower,Steven,Holt,Male,steven.holt@legis.iowa.gov,,1958-01-28,,https://www.legis.iowa.gov/photo?action=getPhoto&ga=91&pid=14802,https://iowahouserepublicans.nationbuilder.com/reps;https://us12.list-manage.com/subscribe?u=f955f4c16837dca985de73bb8&id=02599e57e6;https://www.legis.iowa.gov/legislators/legislator?ga=88&personID=14802;https://www.legis.iowa.gov/legislators/legislator?ga=89&personID=14802;https://www.legis.iowa.gov/legislators/legislator?personID=14802,https://ballotpedia.org/Steven_Holt;https://en.wikipedia.org/wiki/Steven_Holt;https://justfacts.votesmart.org/candidate/biography/151141/steven-holt;https://www.legis.iowa.gov/legislators/house;https://www.legis.iowa.gov/legislators/legislator?ga=88&personID=14802;https://www.legis.iowa.gov/legislators/legislator?ga=89&personID=14802;https://www.legis.iowa.gov/legislators/legislator?ga=90&personID=14802;https://www.legis.iowa.gov/legislators/legislator?personID=14802;https://www.linkedin.com/in/steven-holt-a6b18a123,,,,,,,,,,,
ocd-person/fb3a8905-a9a9-4016-97b3-94ce90308240,Taylor Collins,Republican,95,lower,Taylor,Collins,Male,taylor.collins@legis.iowa.gov,,,,https://www.legis.iowa.gov/photo?action=getPhoto&ga=91&pid=27618,https://www.legis.iowa.gov/legislators/legislator/newsletter?id=27618&ga=90;https://www.legis.iowa.gov/legislators/legislator?ga=90&personID=27618;https://www.legis.iowa.gov/legislators/legislator?personID=27618,https://ballotpedia.org/Taylor_Collins;https://en.wikipedia.org/wiki/Taylor_Collins;https://justfacts.votesmart.org/candidate/biography/204023/taylor-collins;https://www.legis.iowa.gov/legislators/house;https://www.legis.iowa.gov/legislators/legislator?ga=90&personID=27618;https://www.legis.iowa.gov/legislators/legislator?personID=27618;https://www.linkedin.com/in/rep-elect-taylor-collins-mpa-4234bb126,,,,,,,,,,,
ocd-person/ed333b61-6734-49a2-b37d-a167f330bf09,Tom Gerhold,Republican,84,lower,Tom,Gerhold,Male,thomas.gerhold@legis.iowa.gov,,,,https://www.legis.iowa.gov/photo?action=getPhoto&ga=91&pid=27033,https://iowahouserepublicans.nationbuilder.com/reps;https://www.legis.iowa.gov/legislators/legislator/newsletter?id=27033&ga=89;https://www.legis.iowa.gov/legislators/legislator/newsletter?id=27033&ga=90;https://www.legis.iowa.gov/legislators/legislator?ga=88&personID=27033;https://www.legis.iowa.gov/legislators/legislator?ga=89&personID=27033;https://www.legis.iowa.gov/legislators/legislator?personID=27033,https://ballotpedia.org/Thomas_Gerhold;https://en.wikipedia.org/wiki/Thomas_Gerhold;https://justfacts.votesmart.org/candidate/biography/180263/thomas-gerhold;https://www.legis.iowa.gov/legislators/house;https://www.legis.iowa.gov/legislators/legislator?ga=88&personID=27033;https://www.legis.iowa.gov/legislators/legislator?ga=89&personID=27033;https://www.legis.iowa.gov/legislators/legislator?ga=90&personID=27033;https://www.legis.iowa.gov/legislators/legislator?personID=27033,,,,,,,,,,,
ocd-person/293487d6-a28b-48a2-8cfc-c3daabb8abbe,Tim Kraayenbrink,Republican,4,upper,Tim,Kraayenbrink,Male,tim.kraayenbrink@legis.iowa.gov,,,,https://www.legis.iowa.gov/photo?action=getPhoto&ga=91&pid=14812,https://www.iowasenaterepublicans.com/senators/tim-kraayenbrink/;https://www.legis.iowa.gov/legislators/legislator?ga=88&personID=14812;https://www.legis.iowa.gov/legislators/legislator?ga=89&personID=14812;https://www.legis.iowa.gov/legislators/legislator?ga=90&personID=14812;https://www.legis.iowa.gov/legislators/legislator?personID=14812,https://ballotpedia.org/Tim_Kraayenbrink;https://en.wikipedia.org/wiki/Tim_Kraayenbrink;https://iowasenaterepublicans.com/senators/tim-kraayenbrink;https://www.legis.iowa.gov/legislators/legislator?ga=88&personID=14812;https://www.legis.iowa.gov/legislators/legislator?ga=89&personID=14812;https://www.legis.iowa.gov/legislators/legislator?ga=90&personID=14812;https://www.legis.iowa.gov/legislators/legislator?personID=14812;https://www.legis.iowa.gov/legislators/senate;https://www.linkedin.com/in/tim-kraayenbrink-1a115b77,,,,,,,,,,,
ocd-person/7467e822-4c62-4cd2-b8e1-6f72a9204fce,Timi Brown-Powers,Democratic,61,lower,Timi,Brown-Powers,Female,timi.brown-powers@legis.iowa.gov,,,,https://www.legis.iowa.gov/photo?action=getPhoto&ga=91&pid=14805,https://eepurl.com/gXSzO1;https://www.legis.iowa.gov/legislators/legislator?ga=88&personID=14805;https://www.legis.iowa.gov/legislators/legislator?ga=89&personID=14805;https://www.legis.iowa.gov/legislators/legislator?personID=14805;https://www.timiforiowa.com/,https://ballotpedia.org/Timi_Brown-Powers;https://en.wikipedia.org/wiki/Timi_Brown-Powers;https://www.legis.iowa.gov/legislators/house;https://www.legis.iowa.gov/legislators/legislator?ga=88&personID=14805;https://www.legis.iowa.gov/legislators/legislator?ga=89&personID=14805;https://www.legis.iowa.gov/legislators/legislator?ga=90&personID=14805;https://www.legis.iowa.gov/legislators/legislator?personID=14805;https://www.linkedin.com/in/timi-brown-powers-333a62122,,,,,,,,,,,
ocd-person/264c5cb9-f69f-4d07-ac58-231c98915233,Tom Determann,Republican,69,lower,Tom,Determann,Male,tom.determann@legis.iowa.gov,,,,https://www.legis.iowa.gov/photo?action=getPhoto&ga=91&pid=33984,https://www.legis.iowa.gov/legislators/legislator/newsletter?id=33984&ga=90;https://www.legis.iowa.gov/legislators/legislator?ga=90&personID=33984;https://www.legis.iowa.gov/legislators/legislator?personID=33984,https://ballotpedia.org/Tom_Determann;https://en.wikipedia.org/wiki/Tom_Determann;https://www.legis.iowa.gov/legislators/house;https://www.legis.iowa.gov/legislators/legislator?ga=90&personID=33984;https://www.legis.iowa.gov/legislators/legislator?personID=33984;https://www.linkedin.com/in/tom-determann-175b797b,,,,,,,,,,,
ocd-person/49fc2a54-b290-4f92-9fda-64893f09d29c,Tom Jeneary,Republican,3,lower,Tom,Jeneary,Male,tom.jeneary@legis.iowa.gov,,1952-03-31,,https://www.legis.iowa.gov/photo?action=getPhoto&ga=91&pid=27018,https://iowahouserepublicans.nationbuilder.com/reps;https://www.legis.iowa.gov/legislators/legislator/newsletter?id=27018&ga=90;https://www.legis.iowa.gov/legislators/legislator?ga=88&personID=27018;https://www.legis.iowa.gov/legislators/legislator?ga=89&personID=27018;https://www.legis.iowa.gov/legislators/legislator?ga=90&personID=27018;https://www.legis.iowa.gov/legislators/legislator?personID=27018,https://ballotpedia.org/Thomas_Jeneary;https://en.wikipedia.org/wiki/Thomas_Jeneary;https://justfacts.votesmart.org/candidate/biography/180178/thomas-jeneary;https://www.legis.iowa.gov/legislators/house;https://www.legis.iowa.gov/legislators/legislator?ga=88&personID=27018;https://www.legis.iowa.gov/legislators/legislator?ga=89&personID=27018;https://www.legis.iowa.gov/legislators/legislator?ga=90&personID=27018;https://www.legis.iowa.gov/legislators/legislator?personID=27018,,,,,,,,,,,
ocd-person/137108a7-0316-40f8-9624-08b2094fb723,Tom Moore,Republican,18,lower,Tom,Moore,Male,tom.moore@legis.iowa.gov,,,,https://www.legis.iowa.gov/photo?action=getPhoto&ga=91&pid=17112,https://iowahouserepublicans.nationbuilder.com/reps;https://lp.constantcontactpages.com/su/uOj4xDA;https://www.legis.iowa.gov/legislators/legislator?ga=88&personID=17112;https://www.legis.iowa.gov/legislators/legislator?ga=89&personID=17112;https://www.legis.iowa.gov/legislators/legislator?ga=90&personID=17112;https://www.legis.iowa.gov/legislators/legislator?personID=17112,https://ballotpedia.org/Tom_Moore_(Iowa);https://en.wikipedia.org/wiki/Tom_Moore_(politician);https://www.legis.iowa.gov/legislators/house;https://www.legis.iowa.gov/legislators/legislator?ga=88&personID=17112;https://www.legis.iowa.gov/legislators/legislator?ga=89&personID=17112;https://www.legis.iowa.gov/legislators/legislator?ga=90&personID=17112;https://www.legis.iowa.gov/legislators/legislator?personID=17112,,,,,,,,,,,
ocd-person/d1167ce2-5a24-4eb8-bce8-3800ea24a4d0,Tom Shipley,Republican,9,upper,Tom,Shipley,Male,tom.shipley@legis.iowa.gov,,,,https://www.legis.iowa.gov/photo?action=getPhoto&ga=91&pid=14814,https://www.iowasenaterepublicans.com/senators/tom-shipley/;https://www.legis.iowa.gov/legislators/legislator?ga=88&personID=14814;https://www.legis.iowa.gov/legislators/legislator?ga=89&personID=14814;https://www.legis.iowa.gov/legislators/legislator?personID=14814,https://ballotpedia.org/Tom_Shipley;https://en.wikipedia.org/wiki/Tom_Shipley_(politician);https://iowasenaterepublicans.com/senators/tom-shipley;https://www.legis.iowa.gov/legislators/legislator?ga=88&personID=14814;https://www.legis.iowa.gov/legislators/legislator?ga=89&personID=14814;https://www.legis.iowa.gov/legislators/legislator?ga=90&personID=14814;https://www.legis.iowa.gov/legislators/legislator?personID=14814;https://www.legis.iowa.gov/legislators/senate;https://www.linkedin.com/in/tom-shipley-47994014,,,,,,,,,,,
ocd-person/ba2c7b09-df43-4428-b268-1f5a4995282e,Tom Townsend,Democratic,36,upper,Tom,Townsend,Male,thomas.townsend@legis.iowa.gov,,,,https://www.legis.iowa.gov/photo?action=getPhoto&ga=91&pid=37465,https://www.legis.iowa.gov/legislators/legislator?ga=91&personID=37465;https://www.legis.iowa.gov/legislators/legislator?personID=37465,https://ballotpedia.org/Thomas_Townsend;https://justfacts.votesmart.org/candidate/biography/215558/thomas-townsend;https://www.legis.iowa.gov/legislators/legislator?ga=91&personID=37465;https://www.legis.iowa.gov/legislators/legislator?personID=37465;https://www.linkedin.com/in/thomas-townsend-b657b799,,,,,,,,,,,
ocd-person/be302cfd-09b1-4a29-974d-479aa24469eb,Tony Bisignano,Democratic,15,upper,Tony,Bisignano,Male,tony.bisignano@legis.iowa.gov,,1952-05-14,,https://www.legis.iowa.gov/photo?action=getPhoto&ga=91&pid=906,https://mailchi.mp/legis/bisignano;https://www.legis.iowa.gov/legislators/legislator?ga=88&personID=906;https://www.legis.iowa.gov/legislators/legislator?ga=89&personID=906;https://www.legis.iowa.gov/legislators/legislator?personID=906;https://www.senate.iowa.gov/democrats/subscribe/;https://www.senate.iowa.gov/senator/bisignano/,https://ballotpedia.org/Tony_Bisignano;https://en.wikipedia.org/wiki/Tony_Bisignano;https://iowasenatedemocrats.com/senator-tony-bisignano;https://www.legis.iowa.gov/legislators/legislator?ga=88&personID=906;https://www.legis.iowa.gov/legislators/legislator?ga=89&personID=906;https://www.legis.iowa.gov/legislators/legislator?ga=90&personID=906;https://www.legis.iowa.gov/legislators/legislator?personID=906;https://www.legis.iowa.gov/legislators/senate;https://www.senate.iowa.gov/senator/bisignano,,,,,,,,,,,
ocd-person/0a7675f8-869f-4d49-9a14-c44201e8a8dc,Tracy Ehlert,Democratic,79,lower,Tracy,Ehlert,Female,tracy.ehlert@legis.iowa.gov,,,,https://www.legis.iowa.gov/photo?action=getPhoto&ga=91&pid=27032,https://eepurl.com/gXOgt9;https://www.legis.iowa.gov/legislators/legislator?ga=88&personID=27032;https://www.legis.iowa.gov/legislators/legislator?ga=89&personID=27032;https://www.legis.iowa.gov/legislators/legislator?ga=90&personID=27032;https://www.legis.iowa.gov/legislators/legislator?personID=27032,https://ballotpedia.org/Tracy_Ehlert;https://en.wikipedia.org/wiki/Tracy_Ehlert;https://justfacts.votesmart.org/candidate/biography/180257/tracy-ehlert;https://www.legis.iowa.gov/legislators/house;https://www.legis.iowa.gov/legislators/legislator?ga=88&personID=27032;https://www.legis.iowa.gov/legislators/legislator?ga=89&personID=27032;https://www.legis.iowa.gov/legislators/legislator?ga=90&personID=27032;https://www.legis.iowa.gov/legislators/legislator?personID=27032;https://www.linkedin.com/in/tracy-ehlert-76b29b41,,,,,,,,,,,
ocd-person/4b23e066-26f2-4b23-ac81-060462b2a956,Travis Sitzmann,Republican,13,lower,Travis,Sitzmann,Male,travis.sitzmann@legis.iowa.gov,,,,https://www.legis.iowa.gov/photo?action=getPhoto&ga=91&pid=37378,https://www.legis.iowa.gov/legislators/legislator?ga=91&personID=37378;https://www.legis.iowa.gov/legislators/legislator?personID=37378,https://ballotpedia.org/Travis_Sitzmann;https://en.wikipedia.org/wiki/Travis_Sitzmann;https://justfacts.votesmart.org/candidate/biography/215571/travis-sitzmann;https://www.legis.iowa.gov/legislators/legislator?ga=91&personID=37378;https://www.legis.iowa.gov/legislators/legislator?personID=37378;https://www.linkedin.com/in/travis-sitzmann-2714867b,,,,,,,,,,,
ocd-person/b385cd86-67bc-4cff-94cb-6e822f719ca7,Wendy Larson,Republican,7,lower,Wendy,Larson,Female,wendy.larson@legis.iowa.gov,,,,https://www.legis.iowa.gov/photo?action=getPhoto&ga=91&pid=39538,https://www.legis.iowa.gov/legislators/legislator?personID=39538,https://ballotpedia.org/Wendy_Larson_(Iowa);https://en.wikipedia.org/wiki/Wendy_Larson;https://www.legis.iowa.gov/legislators/legislator?personID=39538;https://www.linkedin.com/in/wendy-larson-38b8bb71,,,,,,,,,,,
ocd-person/c1174a56-68c9-4103-aaee-fa3f1a2b25ca,Bill Dotzler,Democratic,31,upper,Bill,Dotzler,Male,bill.dotzler@legis.iowa.gov,,1948-05-07,,https://www.legis.iowa.gov/photo?action=getPhoto&ga=91&pid=157,https://mailchi.mp/legis/dotzler;https://www.legis.iowa.gov/legislators/legislator?ga=88&personID=157;https://www.legis.iowa.gov/legislators/legislator?ga=89&personID=157;https://www.legis.iowa.gov/legislators/legislator?personID=157;https://www.senate.iowa.gov/democrats/subscribe/;https://www.senate.iowa.gov/senator/dotzler,https://ballotpedia.org/William_Dotzler;https://en.wikipedia.org/wiki/William_Dotzler;https://www.legis.iowa.gov/legislators/legislator?ga=88&personID=157;https://www.legis.iowa.gov/legislators/legislator?ga=89&personID=157;https://www.legis.iowa.gov/legislators/legislator?ga=90&personID=157;https://www.legis.iowa.gov/legislators/legislator?personID=157;https://www.legis.iowa.gov/legislators/senate;https://www.linkedin.com/in/dbill,,,,,,,,,,,
ocd-person/ef26d757-2882-4047-a82e-0682cc638d05,Zach Dieken,Republican,5,lower,Zach,Dieken,Male,zachary.dieken@legis.iowa.gov,,,,https://www.legis.iowa.gov/photo?action=getPhoto&ga=91&pid=33965,https://www.legis.iowa.gov/legislators/legislator/newsletter?id=33965&ga=90;https://www.legis.iowa.gov/legislators/legislator?ga=90&personID=33965;https://www.legis.iowa.gov/legislators/legislator?personID=33965,https://ballotpedia.org/Zach_Dieken;https://en.wikipedia.org/wiki/Zach_Dieken;https://www.legis.iowa.gov/legislators/house;https://www.legis.iowa.gov/legislators/legislator?ga=90&personID=33965;https://www.legis.iowa.gov/legislators/legislator?personID=33965,,,,,,,,,,,
ocd-person/ab4528a8-eeca-4562-8475-967ce868eb68,Zach Wahls,Democratic,43,upper,Zach,Wahls,Male,zach.wahls@legis.iowa.gov,,1991-07-15,,https://www.legis.iowa.gov/photo?action=getPhoto&ga=91&pid=27002,https://mailchi.mp/legis/wahls;https://www.legis.iowa.gov/legislators/legislator?ga=88&personID=27002;https://www.legis.iowa.gov/legislators/legislator?ga=89&personID=27002;https://www.legis.iowa.gov/legislators/legislator?personID=27002;https://www.senate.iowa.gov/democrats/subscribe/;https://www.senate.iowa.gov/senator/wahls/;https://www.zachwahls.com,https://ballotpedia.org/Zach_Wahls;https://en.wikipedia.org/wiki/Zach_Wahls;https://iowasenatedemocrats.com/senator-zach-wahls;https://justfacts.votesmart.org/candidate/biography/180165/zach-wahls;https://www.legis.iowa.gov/legislators/legislator?ga=88&personID=27002;https://www.legis.iowa.gov/legislators/legislator?ga=89&personID=27002;https://www.legis.iowa.gov/legislators/legislator?ga=90&personID=27002;https://www.legis.iowa.gov/legislators/legislator?personID=27002;https://www.legis.iowa.gov/legislators/senate;https://www.linkedin.com/in/zachwahls;https://www.senate.iowa.gov/senator/wahls,,,,,,,,,,,
