id,name,current_party,current_district,current_chamber,given_name,family_name,gender,email,biography,birth_date,death_date,image,links,sources,capitol_address,capitol_voice,capitol_fax,district_address,district_voice,district_fax,twitter,youtube,instagram,facebook,wikidata
ocd-person/a76e0c0e-81d3-4f3b-8cc8-b8360d3cecb4,Aarón Ortíz,Democratic,1,lower,Aarón,Ortíz,Male,district@repaaronortiz.com,,1991-06-18,,https://cdn.ilga.gov/assets/img/members/{D96B0DF9-0E06-487B-825C-AB0BE8C3CA1E}.jpg,https://ilga.gov/house/Rep.asp?GA=101&MemberID=2752;https://ilga.gov/house/Rep.asp?GA=102&MemberID=2953;https://ilga.gov/house/Rep.asp?GA=103&MemberID=3148;https://repaaronortiz.com/;https://www.ilga.gov/House/Members/Details/3358;https://www.ilga.gov/house/Rep.asp?GA=103&MemberID=3148;https://www.ilga.gov/house/Rep.asp?MemberID=3358,https://ballotpedia.org/Aaron_Ortiz;https://en.wikipedia.org/wiki/Aaron_Ortiz;https://ilga.gov/house/default.asp?GA=101;https://ilga.gov/house/default.asp?GA=102;https://ilga.gov/house/default.asp?GA=103;https://ilga.gov/house/Rep.asp?GA=101&MemberID=2752;https://ilga.gov/house/Rep.asp?GA=102&MemberID=2953;https://ilga.gov/house/Rep.asp?GA=103&MemberID=3148;https://justfacts.votesmart.org/candidate/biography/177124/aaron-ortiz;https://repaaronortiz.com;https://www.ilga.gov/House/Members/Details/3358;https://www.ilga.gov/house/Rep.asp?GA=103&MemberID=3148;https://www.ilga.gov/house/Rep.asp?MemberID=3358;https://www.linkedin.com/in/aaron-ortiz-18551067,,,,"4374 S. Archer Ave., Chicago, IL 60632",773-236-0117,,,,,,
ocd-person/4101db1f-a913-4d16-88fb-001f120bb092,Abdelnasser Rashid,Democratic,21,lower,Abdelnasser,Rashid,Male,office@reprashid.com,,1989-07-24,,https://cdn.ilga.gov/assets/img/members/{48E00B1D-C5BE-4210-A9A8-F68739D935D6}.jpg,https://ilga.gov/house/Rep.asp?GA=103&MemberID=3229;https://www.ilga.gov/House/Members/Details/3420;https://www.ilga.gov/house/Rep.asp?GA=103&MemberID=3229;https://www.ilga.gov/house/Rep.asp?MemberID=3420;https://www.reprashid.com/,https://ballotpedia.org/Abdelnasser_Rashid;https://en.wikipedia.org/wiki/Abdelnasser_Rashid;https://ilga.gov/house/default.asp?GA=103;https://ilga.gov/house/Rep.asp?GA=103&MemberID=3229;https://justfacts.votesmart.org/candidate/biography/204427/abdelnasser-rashid;https://www.ilga.gov/House/Members/Details/3420;https://www.ilga.gov/house/Rep.asp?GA=103&MemberID=3229;https://www.ilga.gov/house/Rep.asp?MemberID=3420;https://www.linkedin.com/in/abdelnasser-rashid-339aa63a;https://www.reprashid.com;https://www.reprashid.com/about,,,,"6901 W. Cermak Road, Berwyn, IL 60402",708-956-7563,,,,,,
ocd-person/9729745e-386d-4f4b-8d04-0e762dcd87b2,Adam Niemerg,Republican,102,lower,Adam,Niemerg,Male,niemerg@ilhousegop.org,,1984-03-17,,https://cdn.ilga.gov/assets/img/members/{EDDABDD8-51A3-413F-B2A0-FA5953D29598}.jpg,https://ilga.gov/house/Rep.asp?GA=102&MemberID=3001;https://ilga.gov/house/Rep.asp?GA=103&MemberID=3189;https://repniemerg.com/;https://www.ilga.gov/House/Members/Details/3392;https://www.ilga.gov/house/Rep.asp?GA=103&MemberID=3189;https://www.ilga.gov/house/Rep.asp?MemberID=3392,https://ballotpedia.org/Adam_Niemerg;https://en.wikipedia.org/wiki/Adam_Niemerg;https://ilga.gov/house/default.asp?GA=102;https://ilga.gov/house/default.asp?GA=103;https://ilga.gov/house/Rep.asp?GA=102&MemberID=3001;https://ilga.gov/house/Rep.asp?GA=103&MemberID=3189;https://justfacts.votesmart.org/candidate/188124/adam-niemerg;https://repniemerg.com;https://www.ilga.gov/House/Members/Details/3392;https://www.ilga.gov/house/Rep.asp?GA=103&MemberID=3189;https://www.ilga.gov/house/Rep.asp?MemberID=3392;https://www.linkedin.com/in/adam-niemerg-3b6682155,,,,"Room 23, 111 Sheriff St., Paris, IL 61944",217-712-2126,,,,,,
ocd-person/e4e9607b-dd1b-4c3d-b3a3-f09927800864,Adriane Johnson,Democratic,30,upper,Adriane,Johnson,Female,info@senatoradrianejohnson.com,,,,https://cdn.ilga.gov/assets/img/members/{991EBDF6-BC13-4260-A2B8-E10751629780}.jpg,https://ilga.gov/senate/Senator.asp?GA=102&MemberID=2980;https://ilga.gov/senate/Senator.asp?GA=103&MemberID=3170;https://www.ilga.gov/Senate/Members/Details/3378;https://www.ilga.gov/senate/Senator.asp?GA=103&MemberID=3170;https://www.ilga.gov/senate/Senator.asp?GA=104&MemberID=3378;https://www.senatoradrianejohnson.com/,https://ballotpedia.org/Adriane_Johnson;https://en.wikipedia.org/wiki/Adriane_Johnson;https://ilga.gov/senate/default.asp?GA=102;https://ilga.gov/senate/default.asp?GA=103;https://ilga.gov/senate/Senator.asp?GA=102&MemberID=2980;https://ilga.gov/senate/Senator.asp?GA=103&MemberID=3170;https://justfacts.votesmart.org/candidate/195711/adriane-johnson;https://www.ilga.gov/Senate/Members/Details/3378;https://www.ilga.gov/senate/Senator.asp?GA=103&MemberID=3170;https://www.ilga.gov/senate/Senator.asp?GA=104&MemberID=3378;https://www.linkedin.com/in/adrianeljohnson;https://www.senatoradrianejohnson.com,,,,"149 S. Genesee St., Waukegan, IL 60085",847-672-6201,,,,,,
ocd-person/b13c7ff5-806e-426d-afd5-181f53e9fed1,Amy Elik,Republican,111,lower,Amy,Elik,Female,elik@ilhousegop.org,,,,https://cdn.ilga.gov/assets/img/members/{D070CEE6-55DF-4D51-961B-CCA4A0E49A8C}.jpg,https://ilga.gov/house/Rep.asp?GA=102&MemberID=3002;https://ilga.gov/house/Rep.asp?GA=103&MemberID=3190;https://repelik.com/;https://www.ilga.gov/House/Members/Details/3393;https://www.ilga.gov/house/Rep.asp?GA=103&MemberID=3190;https://www.ilga.gov/house/Rep.asp?GA=104&MemberID=3393;https://www.ilga.gov/house/Rep.asp?MemberID=3393,https://ballotpedia.org/Amy_Elik;https://en.wikipedia.org/wiki/Amy_Elik;https://ilga.gov/house/default.asp?GA=102;https://ilga.gov/house/default.asp?GA=103;https://ilga.gov/house/Rep.asp?GA=102&MemberID=3002;https://ilga.gov/house/Rep.asp?GA=103&MemberID=3190;https://justfacts.votesmart.org/candidate/188117/amy-elik;https://repelik.com;https://www.ilga.gov/House/Members/Details/3393;https://www.ilga.gov/house/Rep.asp?GA=103&MemberID=3190;https://www.ilga.gov/house/Rep.asp?GA=104&MemberID=3393;https://www.ilga.gov/house/Rep.asp?MemberID=3393;https://www.linkedin.com/in/amy-elik-a6298615,,,,"192 Alton Square Mall Drive Suite C, Alton, IL 62002",618-433-8046,,,,,,
ocd-person/f8dc94db-66cf-4d5e-b1af-0b6307140524,Amy Grant,Republican,47,lower,Amy,Grant,Female,grant@ilhousegop.org,,,,https://cdn.ilga.gov/assets/img/members/{41DCC207-977E-45DC-BD10-A8AFDCEB673E}.jpg,https://ilga.gov/house/Rep.asp?GA=101&MemberID=2754;https://ilga.gov/house/Rep.asp?GA=102&MemberID=2955;https://ilga.gov/house/Rep.asp?GA=103&MemberID=3150;https://repgrant.com/;https://www.ilga.gov/House/Members/Details/3360;https://www.ilga.gov/house/Rep.asp?GA=103&MemberID=3150;https://www.ilga.gov/house/Rep.asp?GA=104&MemberID=3360;https://www.ilga.gov/house/Rep.asp?MemberID=3360,https://ballotpedia.org/Amy_Grant_(Illinois);https://en.wikipedia.org/wiki/Amy_Grant_(politician);https://ilga.gov/house/default.asp?GA=101;https://ilga.gov/house/default.asp?GA=102;https://ilga.gov/house/default.asp?GA=103;https://ilga.gov/house/Rep.asp?GA=101&MemberID=2754;https://ilga.gov/house/Rep.asp?GA=102&MemberID=2955;https://ilga.gov/house/Rep.asp?GA=103&MemberID=3150;https://justfacts.votesmart.org/candidate/biography/158519/amy-grant;https://repgrant.com;https://www.ilga.gov/House/Members/Details/3360;https://www.ilga.gov/house/Rep.asp?GA=103&MemberID=3150;https://www.ilga.gov/house/Rep.asp?GA=104&MemberID=3360;https://www.ilga.gov/house/Rep.asp?MemberID=3360;https://www.linkedin.com/in/amy-grant-87389932;https://www.linkedin.com/in/amy-l-grant-39917a65,,,,"416 E. Roosevelt Road Suite 104, Wheaton, IL 60187",331-218-4182,,,,,,
ocd-person/9def23d3-81e9-4baf-b0c8-eeb4e5587778,Andrew Chesney,Republican,45,upper,Andrew,Chesney,Male,chesney@ilsenategop.org,,1982-01-11,,https://cdn.ilga.gov/assets/img/members/{D79AFB6D-F47C-47F7-988D-A3E99A0100E5}.jpg,https://ilga.gov/house/Rep.asp?GA=103&MemberID=3157;https://ilga.gov/senate/Senator.asp?GA=103&MemberID=3215;https://senatorchesney.com/;https://www.ilga.gov/Senate/Members/Details/3410;https://www.ilga.gov/senate/Senator.asp?GA=103&MemberID=3215;https://www.ilga.gov/senate/Senator.asp?GA=104&MemberID=3410,https://ballotpedia.org/Andrew_Chesney;https://en.wikipedia.org/wiki/Andrew_Chesney;https://ilga.gov/house/default.asp?GA=103;https://ilga.gov/house/Rep.asp?GA=103&MemberID=3157;https://ilga.gov/senate/default.asp?GA=103;https://ilga.gov/senate/Senator.asp?GA=103&MemberID=3215;https://justfacts.votesmart.org/candidate/biography/177213/andrew-chesney;https://senatorchesney.com;https://www.ilga.gov/Senate/Members/Details/3410;https://www.ilga.gov/senate/Senator.asp?GA=103&MemberID=3215;https://www.ilga.gov/senate/Senator.asp?GA=104&MemberID=3410;https://www.linkedin.com/in/andrew-chesney-785328185,,,,"Stewart Centre 50 W. Douglas St., Suite 1001, Freeport, IL 61032",815-232-0774,,,,,,
ocd-person/8b2bc102-d62b-47b2-91d8-5f9b3a172cea,Angie Guerrero-Cuellar,Democratic,22,lower,Angie,Guerrero-Cuellar,Female,angieguerrerocuellar22@gmail.com,,,,https://cdn.ilga.gov/assets/img/members/{22FBB36E-8A65-4E83-81F1-A20247A6B8F2}.jpg,https://ilga.gov/house/Rep.asp?GA=102&MemberID=3011;https://ilga.gov/house/Rep.asp?GA=103&MemberID=3199;https://www.ilga.gov/House/Members/Details/3400;https://www.ilga.gov/house/Rep.asp?GA=103&MemberID=3199;https://www.ilga.gov/house/Rep.asp?GA=104&MemberID=3400;https://www.ilga.gov/house/Rep.asp?MemberID=3400,https://ballotpedia.org/Angelica_Guerrero-Cuellar;https://en.wikipedia.org/wiki/Angelica_Guerrero-Cuellar;https://ilga.gov/house/default.asp?GA=102;https://ilga.gov/house/default.asp?GA=103;https://ilga.gov/house/Rep.asp?GA=102&MemberID=3011;https://ilga.gov/house/Rep.asp?GA=103&MemberID=3199;https://justfacts.votesmart.org/candidate/biography/195857/angie-guerrero-cuellar;https://www.ilga.gov/House/Members/Details/3400;https://www.ilga.gov/house/Rep.asp?GA=103&MemberID=3199;https://www.ilga.gov/house/Rep.asp?GA=104&MemberID=3400;https://www.ilga.gov/house/Rep.asp?MemberID=3400;https://www.linkedin.com/in/angelica-guerrero-chicago,,,,"6500 S. Pulaski Road, Chicago, IL 60629",773-581-8000,,,,,,
ocd-person/02f2799d-4633-48e9-b5ab-379d48e70b40,Ann Williams,Democratic,11,lower,Ann,Williams,Female,ann@repannwilliams.com,,1968-04-28,,https://cdn.ilga.gov/assets/img/members/{C45B418C-4848-4467-ADC2-739B2D1E4418}.jpg,https://ilga.gov/house/Rep.asp?GA=101&MemberID=2595;https://ilga.gov/house/Rep.asp?GA=102&MemberID=2837;https://ilga.gov/house/Rep.asp?GA=103&MemberID=3054;https://www.ilga.gov/House/Members/Details/3286;https://www.ilga.gov/house/Rep.asp?GA=103&MemberID=3054;https://www.ilga.gov/house/rep.asp?MemberID=3286;https://www.repannwilliams.com/,https://ballotpedia.org/Ann_M._Williams;https://en.wikipedia.org/wiki/Ann_Williams_(politician);https://ilga.gov/house/default.asp?GA=101;https://ilga.gov/house/default.asp?GA=102;https://ilga.gov/house/default.asp?GA=103;https://ilga.gov/house/Rep.asp?GA=101&MemberID=2595;https://ilga.gov/house/Rep.asp?GA=102&MemberID=2837;https://ilga.gov/house/Rep.asp?GA=103&MemberID=3054;https://justfacts.votesmart.org/candidate/biography/116611/ann-williams;https://www.ilga.gov/House/Members/Details/3286;https://www.ilga.gov/house/Rep.asp?GA=103&MemberID=3054;https://www.ilga.gov/house/rep.asp?MemberID=3286;https://www.linkedin.com/in/ann-m-williams-a209588;https://www.repannwilliams.com;https://www.repannwilliams.com/,,,,"3505 N. Ashland Ave. Unit B, Chicago, IL 60657",773-880-9082,,,,,,
ocd-person/f38a2b8a-b0e4-4e7d-92cf-7855d42e9c2d,Anna Moeller,Democratic,43,lower,Anna,Moeller,Female,staterepmoeller@gmail.com,,,,https://cdn.ilga.gov/assets/img/members/{DCE9D682-0582-49BD-AD67-98C2502D89C2}.jpg,https://ilga.gov/house/Rep.asp?GA=101&MemberID=2647;https://ilga.gov/house/Rep.asp?GA=102&MemberID=2876;https://ilga.gov/house/Rep.asp?GA=103&MemberID=3085;https://staterepmoeller.com/;https://www.ilga.gov/House/Members/Details/3308;https://www.ilga.gov/house/Rep.asp?GA=103&MemberID=3085;https://www.ilga.gov/house/Rep.asp?MemberID=3308,https://ballotpedia.org/Anna_Moeller;https://en.wikipedia.org/wiki/Anna_Moeller;https://ilga.gov/house/default.asp?GA=101;https://ilga.gov/house/default.asp?GA=102;https://ilga.gov/house/default.asp?GA=103;https://ilga.gov/house/Rep.asp?GA=101&MemberID=2647;https://ilga.gov/house/Rep.asp?GA=102&MemberID=2876;https://ilga.gov/house/Rep.asp?GA=103&MemberID=3085;https://justfacts.votesmart.org/candidate/biography/130766/anna-moeller;https://staterepmoeller.com;https://www.ilga.gov/House/Members/Details/3308;https://www.ilga.gov/house/Rep.asp?GA=103&MemberID=3085;https://www.ilga.gov/house/Rep.asp?MemberID=3308;https://www.linkedin.com/in/anna-moeller-173b898,,,,"164 Division St. Suite 103, Elgin, IL 60120",847-841-7130,,,,,,
ocd-person/8dfe2e37-8a40-4be0-b44d-0bf65861f4e0,Anne Stava,Democratic,81,lower,Anne,Stava,Female,office@repstavamurray.com,,,,https://cdn.ilga.gov/assets/img/members/{0322F94E-013C-4237-9808-4462138AC595}.jpg,https://ilga.gov/house/Rep.asp?GA=101&MemberID=2740;https://ilga.gov/house/Rep.asp?GA=102&MemberID=2941;https://ilga.gov/house/Rep.asp?GA=103&MemberID=3138;https://www.ilga.gov/House/Members/Details/3349;https://www.ilga.gov/house/Rep.asp?GA=103&MemberID=3138;https://www.ilga.gov/house/Rep.asp?MemberID=3349;https://www.repstava.com/;https://www.repstavamurray.com/,https://ballotpedia.org/Anne_Stava;https://ballotpedia.org/Anne_Stava-Murray;https://en.wikipedia.org/wiki/Anne_Stava-Murray;https://ilga.gov/house/default.asp?GA=101;https://ilga.gov/house/default.asp?GA=102;https://ilga.gov/house/default.asp?GA=103;https://ilga.gov/house/Rep.asp?GA=101&MemberID=2740;https://ilga.gov/house/Rep.asp?GA=102&MemberID=2941;https://ilga.gov/house/Rep.asp?GA=103&MemberID=3138;https://justfacts.votesmart.org/candidate/biography/177205/anne-stava-murray;https://www.ilga.gov/House/Members/Details/3349;https://www.ilga.gov/house/Rep.asp?GA=103&MemberID=3138;https://www.ilga.gov/house/Rep.asp?MemberID=3349;https://www.linkedin.com/in/annestavamurray;https://www.repstava.com;https://www.repstavamurray.com,,,,"633 Rogers St. Suite 110, Downers Grove, IL 60515",630-605-0595,,,,,,
ocd-person/aecf9fb4-3e54-4963-941f-8dc6b4658584,Anthony DeLuca,Democratic,80,lower,Anthony,DeLuca,Male,repdeluca@sbcglobal.net,,1970-07-25,,https://cdn.ilga.gov/assets/img/members/{64399002-8B14-4D8E-80A4-54A77F25421C}.jpg,https://anthonydeluca.org/;https://ilga.gov/house/Rep.asp?GA=101&MemberID=2581;https://ilga.gov/house/Rep.asp?GA=102&MemberID=2824;https://ilga.gov/house/Rep.asp?GA=103&MemberID=3044;https://www.ilga.gov/House/Members/Details/3277;https://www.ilga.gov/house/Rep.asp?GA=103&MemberID=3044;https://www.ilga.gov/house/Rep.asp?MemberID=3277,https://anthonydeluca.org;https://ballotpedia.org/Anthony_DeLuca_(Illinois);https://en.wikipedia.org/wiki/Anthony_DeLuca_(Illinois_politician);https://ilga.gov/house/default.asp?GA=101;https://ilga.gov/house/default.asp?GA=102;https://ilga.gov/house/default.asp?GA=103;https://ilga.gov/house/Rep.asp?GA=101&MemberID=2581;https://ilga.gov/house/Rep.asp?GA=102&MemberID=2824;https://ilga.gov/house/Rep.asp?GA=103&MemberID=3044;https://justfacts.votesmart.org/candidate/biography/73239/anthony-deluca;https://www.ilga.gov/House/Members/Details/3277;https://www.ilga.gov/house/Rep.asp?GA=103&MemberID=3044;https://www.ilga.gov/house/Rep.asp?MemberID=3277;https://www.linkedin.com/in/anthony-deluca-99215218,,,,"195 W. Joe Orr Road Suite 201, Chicago Heights, IL 60411",708-754-7900,,,,,,
ocd-person/fb481641-3999-4fe4-9bac-878becdde97d,Barbara Hernandez,Democratic,50,lower,Barbara,Hernandez,Female,repbarbarahernandez@gmail.com,,,,https://cdn.ilga.gov/assets/img/members/{E3518E4F-7AAF-4D93-8985-336197D96094}.jpg,https://ilga.gov/house/Rep.asp?GA=101&MemberID=2766;https://ilga.gov/house/Rep.asp?GA=102&MemberID=2967;https://ilga.gov/house/Rep.asp?GA=103&MemberID=3159;https://www.ilga.gov/House/Members/Details/3367;https://www.ilga.gov/house/Rep.asp?GA=102&MemberID=2967;https://www.ilga.gov/house/Rep.asp?GA=103&MemberID=3224;https://www.ilga.gov/house/Rep.asp?GA=104&MemberID=3367;https://www.ilga.gov/house/Rep.asp?MemberID=3367;https://www.staterepresentativebarbarahernandez.com/,https://ballotpedia.org/Barbara_Hernandez;https://en.wikipedia.org/wiki/Barbara_Hernandez;https://ilga.gov/house/default.asp?GA=101;https://ilga.gov/house/default.asp?GA=102;https://ilga.gov/house/default.asp?GA=103;https://ilga.gov/house/Rep.asp?GA=101&MemberID=2766;https://ilga.gov/house/Rep.asp?GA=102&MemberID=2967;https://ilga.gov/house/Rep.asp?GA=103&MemberID=3159;https://justfacts.votesmart.org/candidate/biography/186262/barbara-hernandez;https://www.ilga.gov/House/Members/Details/3367;https://www.ilga.gov/house/Rep.asp?GA=102&MemberID=2967;https://www.ilga.gov/house/Rep.asp?GA=103&MemberID=3224;https://www.ilga.gov/house/Rep.asp?GA=104&MemberID=3367;https://www.ilga.gov/house/Rep.asp?MemberID=3367;https://www.linkedin.com/in/barbarahernandez1;https://www.staterepresentativebarbarahernandez.com,,,,"1 E. Benton St., Suite 101, Aurora, IL 60505",630-270-1848,,,,,,
ocd-person/500ffee4-de06-4a0b-b4df-f8e6f52c4e96,Blaine Wilhour,Republican,110,lower,Blaine,Wilhour,Male,wilhour@ilhousegop.org,,1982-03-10,,https://cdn.ilga.gov/assets/img/members/{66C5580C-A414-41BB-B3AC-638925AC34CD}.jpg,https://ilga.gov/house/Rep.asp?GA=101&MemberID=2761;https://ilga.gov/house/Rep.asp?GA=102&MemberID=2962;https://ilga.gov/house/Rep.asp?GA=103&MemberID=3156;https://repwilhour.com/;https://www.ilga.gov/House/Members/Details/3365;https://www.ilga.gov/house/Rep.asp?GA=103&MemberID=3156;https://www.ilga.gov/house/Rep.asp?MemberID=3365,https://ballotpedia.org/Blaine_Wilhour;https://en.wikipedia.org/wiki/Blaine_Wilhour;https://ilga.gov/house/default.asp?GA=101;https://ilga.gov/house/default.asp?GA=102;https://ilga.gov/house/default.asp?GA=103;https://ilga.gov/house/Rep.asp?GA=101&MemberID=2761;https://ilga.gov/house/Rep.asp?GA=102&MemberID=2962;https://ilga.gov/house/Rep.asp?GA=103&MemberID=3156;https://justfacts.votesmart.org/candidate/biography/89502/blaine-wilhour;https://repwilhour.com;https://www.ilga.gov/House/Members/Details/3365;https://www.ilga.gov/house/Rep.asp?GA=103&MemberID=3156;https://www.ilga.gov/house/Rep.asp?MemberID=3365,,,,,,,,,,,
ocd-person/55a824f4-04c7-4834-8a5d-d204ca3bece5,Bob Morgan,Democratic,58,lower,Bob,Morgan,Male,info@repbobmorgan.com,,,,https://cdn.ilga.gov/assets/img/members/{A3460802-617C-4097-B043-6D63A11278AC}.jpg,https://ilga.gov/house/Rep.asp?GA=101&MemberID=2745;https://ilga.gov/house/Rep.asp?GA=102&MemberID=2946;https://ilga.gov/house/Rep.asp?GA=103&MemberID=3142;https://repbobmorgan.com/;https://www.ilga.gov/House/Members/Details/3353;https://www.ilga.gov/house/Rep.asp?GA=103&MemberID=3142;https://www.ilga.gov/house/Rep.asp?MemberID=3353;https://www.repbobmorgan.com/,https://ballotpedia.org/Bob_Morgan_(Illinois);https://en.wikipedia.org/wiki/Bob_Morgan_(Illinois_politician);https://ilga.gov/house/default.asp?GA=101;https://ilga.gov/house/default.asp?GA=102;https://ilga.gov/house/default.asp?GA=103;https://ilga.gov/house/Rep.asp?GA=101&MemberID=2745;https://ilga.gov/house/Rep.asp?GA=102&MemberID=2946;https://ilga.gov/house/Rep.asp?GA=103&MemberID=3142;https://justfacts.votesmart.org/candidate/biography/177186/bob-morgan;https://repbobmorgan.com;https://repbobmorgan.com/about;https://www.ilga.gov/House/Members/Details/3353;https://www.ilga.gov/house/Rep.asp?GA=103&MemberID=3142;https://www.ilga.gov/house/Rep.asp?MemberID=3353;https://www.linkedin.com/in/bob-morgan-2617197;https://www.repbobmorgan.com,,,,"425 Sheridan Road, Highwood, IL 60040",847-780-8471,,,,,,
ocd-person/e05f1a87-b75d-450e-9cd1-3b7a66cb703e,Brad Halbrook,Republican,107,lower,Brad,Halbrook,Male,halbrook@ilhousegop.org,,1961-07-22,,https://cdn.ilga.gov/assets/img/members/{3F3C3739-E087-440D-B006-33043A8F5083}.jpg,https://ilga.gov/house/Rep.asp?GA=101&MemberID=2697;https://ilga.gov/house/Rep.asp?GA=102&MemberID=2913;https://ilga.gov/house/Rep.asp?GA=103&MemberID=3114;https://rephalbrook.com/;https://www.ilga.gov/House/Members/Details/3328;https://www.ilga.gov/house/Rep.asp?GA=103&MemberID=3114;https://www.ilga.gov/house/Rep.asp?GA=104&MemberID=3328;https://www.ilga.gov/house/Rep.asp?MemberID=3328,https://ballotpedia.org/Brad_Halbrook;https://en.wikipedia.org/wiki/Brad_Halbrook;https://ilga.gov/house/default.asp?GA=101;https://ilga.gov/house/default.asp?GA=102;https://ilga.gov/house/default.asp?GA=103;https://ilga.gov/house/Rep.asp?GA=101&MemberID=2697;https://ilga.gov/house/Rep.asp?GA=102&MemberID=2913;https://ilga.gov/house/Rep.asp?GA=103&MemberID=3114;https://justfacts.votesmart.org/candidate/biography/134985/brad-halbrook;https://rephalbrook.com;https://rephalbrook.com/;https://www.ilga.gov/House/Members/Details/3328;https://www.ilga.gov/house/Rep.asp?GA=103&MemberID=3114;https://www.ilga.gov/house/Rep.asp?GA=104&MemberID=3328;https://www.ilga.gov/house/Rep.asp?MemberID=3328;https://www.linkedin.com/in/brad-halbrook-3843a98a,,,,"304 E. Jefferson Ave. Suite A, Effingham, IL 62401",217-342-0220,,,,,,
ocd-person/be767c3e-58d9-41c0-b930-79c0f47b9960,Brad Fritts,Republican,74,lower,Brad,Fritts,Male,fritts@ilhousegop.org,,2000-01-08,,https://cdn.ilga.gov/assets/img/members/{3A924147-7119-4921-BDF6-14B5D5BA4B8D}.jpg,https://ilga.gov/house/Rep.asp?GA=103&MemberID=3237;https://repfritts.com/;https://www.ilga.gov/House/Members/Details/3428;https://www.ilga.gov/house/Rep.asp?GA=103&MemberID=3237;https://www.ilga.gov/house/Rep.asp?GA=104&MemberID=3428;https://www.ilga.gov/house/Rep.asp?MemberID=3428,https://ballotpedia.org/Brad_Fritts;https://en.wikipedia.org/wiki/Bradley_Fritts;https://ilga.gov/house/default.asp?GA=103;https://ilga.gov/house/Rep.asp?GA=103&MemberID=3237;https://justfacts.votesmart.org/candidate/biography/204477/bradley-fritts;https://repfritts.com;https://www.ilga.gov/House/Members/Details/3428;https://www.ilga.gov/house/Rep.asp?GA=103&MemberID=3237;https://www.ilga.gov/house/Rep.asp?GA=104&MemberID=3428;https://www.ilga.gov/house/Rep.asp?MemberID=3428;https://www.linkedin.com/in/bradley-fritts-14621619a,,,,"101 W. 1st St., Suite 501, Dixon, IL 61021",815-561-3690,,,,,,
ocd-person/49c0fac1-8cf0-48d2-8166-811afe9ac5c5,Brad Stephens,Republican,20,lower,Brad,Stephens,Male,stephens@ilhousegop.org,,1963-12-07,,https://cdn.ilga.gov/assets/img/members/{BD3836AC-CD0C-4E20-AD4C-1F2AEA56A8A2}.jpg,https://ilga.gov/house/Rep.asp?GA=101&MemberID=2770;https://ilga.gov/house/Rep.asp?GA=102&MemberID=2971;https://ilga.gov/house/Rep.asp?GA=103&MemberID=3162;https://repstephens.com/;https://www.ilga.gov/House/Members/Details/3370;https://www.ilga.gov/house/Rep.asp?GA=103&MemberID=3162;https://www.ilga.gov/house/Rep.asp?MemberID=3370,https://ballotpedia.org/Brad_Stephens;https://en.wikipedia.org/wiki/Bradley_Stephens;https://ilga.gov/house/default.asp?GA=101;https://ilga.gov/house/default.asp?GA=102;https://ilga.gov/house/default.asp?GA=103;https://ilga.gov/house/Rep.asp?GA=101&MemberID=2770;https://ilga.gov/house/Rep.asp?GA=102&MemberID=2971;https://ilga.gov/house/Rep.asp?GA=103&MemberID=3162;https://justfacts.votesmart.org/candidate/biography/113172/brad-stephens;https://repstephens.com;https://www.ilga.gov/House/Members/Details/3370;https://www.ilga.gov/house/Rep.asp?GA=103&MemberID=3162;https://www.ilga.gov/house/Rep.asp?MemberID=3370;https://www.linkedin.com/in/brad-stephens-16b2a5127,,,,"8323 W. Lawrence Ave. Suite D, Norridge, IL 60706",773-444-0611,,,,,,
ocd-person/8c6f0ed1-f28f-408a-9b59-156fa7a7f1e0,Brandun Schweizer,Republican,104,lower,Brandun,Schweizer,Male,repschweizer@district104.com,,,,https://cdn.ilga.gov/assets/img/members/{7520D666-0725-4963-B643-C1106551E922}.jpg,https://ilga.gov/house/Rep.asp?GA=103&MemberID=3257;https://repschweizer.com/;https://www.ilga.gov/House/Members/Details/3446;https://www.ilga.gov/house/Rep.asp?GA=103&MemberID=3257;https://www.ilga.gov/house/Rep.asp?MemberID=3446,https://ballotpedia.org/Brandun_Schweizer;https://en.wikipedia.org/wiki/Brandun_Schweizer;https://ilga.gov/house/default.asp?GA=103;https://ilga.gov/house/Rep.asp?GA=103&MemberID=3257;https://justfacts.votesmart.org/candidate/biography/213095/brandun-schweizer;https://repschweizer.com;https://www.ilga.gov/House/Members/Details/3446;https://www.ilga.gov/house/Rep.asp?GA=103&MemberID=3257;https://www.ilga.gov/house/Rep.asp?MemberID=3446,,,,"3821 N. Vermilion, Suite 5, Danville, IL 61832",217-477-0104,,,,,,
ocd-person/384c08f3-49fd-45a7-bb7b-5689bdeae7a7,C.D. Davidsmeyer,Republican,100,lower,C.D.,Davidsmeyer,Male,davidsmeyer@ilhousegop.org,,1979-07-12,,https://cdn.ilga.gov/assets/img/members/{E54250D5-EB1C-4CB6-9CF9-CA95CAA2F269}.jpg,https://cddavidsmeyer.org/;https://ilga.gov/house/Rep.asp?GA=101&MemberID=2641;https://ilga.gov/house/Rep.asp?GA=102&MemberID=2872;https://ilga.gov/house/Rep.asp?GA=103&MemberID=3081;https://www.ilga.gov/House/Members/Details/3304;https://www.ilga.gov/house/Rep.asp?GA=103&MemberID=3081;https://www.ilga.gov/house/Rep.asp?GA=104&MemberID=3304;https://www.ilga.gov/house/Rep.asp?MemberID=3304,https://ballotpedia.org/C.D._Davidsmeyer;https://cddavidsmeyer.org;https://en.wikipedia.org/wiki/C._D._Davidsmeyer;https://ilga.gov/house/default.asp?GA=101;https://ilga.gov/house/default.asp?GA=102;https://ilga.gov/house/default.asp?GA=103;https://ilga.gov/house/Rep.asp?GA=101&MemberID=2641;https://ilga.gov/house/Rep.asp?GA=102&MemberID=2872;https://ilga.gov/house/Rep.asp?GA=103&MemberID=3081;https://justfacts.votesmart.org/candidate/biography/144279/cd-davidsmeyer;https://www.ilga.gov/House/Members/Details/3304;https://www.ilga.gov/house/Rep.asp?GA=103&MemberID=3081;https://www.ilga.gov/house/Rep.asp?GA=104&MemberID=3304;https://www.ilga.gov/house/Rep.asp?MemberID=3304;https://www.linkedin.com/in/c-d-davidsmeyer-9674129a,,,,"100 S. State St., Jerseyville, IL 62052",618-639-2071,,,,,,
ocd-person/a51455ff-b0ae-47f6-b3ee-2722adbe38c2,Camille Lilly,Democratic,78,lower,Camille,Lilly,Female,staterepcamilleylilly@gmail.com,,,,https://cdn.ilga.gov/assets/img/members/{84D8FB64-9F82-405A-9376-A69ADFB46E53}.jpg,https://ilga.gov/house/Rep.asp?GA=101&MemberID=2584;https://ilga.gov/house/Rep.asp?GA=102&MemberID=2826;https://ilga.gov/house/Rep.asp?GA=103&MemberID=3046;https://state-representative-camille-y-lilly.webflow.io/;https://www.ilga.gov/House/Members/Details/3279;https://www.ilga.gov/house/Rep.asp?GA=103&MemberID=3046;https://www.ilga.gov/house/Rep.asp?MemberID=3279,https://ballotpedia.org/Camille_Y._Lilly;https://en.wikipedia.org/wiki/Camille_Y._Lilly;https://ilga.gov/house/default.asp?GA=101;https://ilga.gov/house/default.asp?GA=102;https://ilga.gov/house/default.asp?GA=103;https://ilga.gov/house/Rep.asp?GA=101&MemberID=2584;https://ilga.gov/house/Rep.asp?GA=102&MemberID=2826;https://ilga.gov/house/Rep.asp?GA=103&MemberID=3046;https://justfacts.votesmart.org/candidate/biography/122004/camille-lilly;https://state-representative-camille-y-lilly.webflow.io;https://www.ilga.gov/House/Members/Details/3279;https://www.ilga.gov/house/Rep.asp?GA=103&MemberID=3046;https://www.ilga.gov/house/Rep.asp?MemberID=3279;https://www.linkedin.com/in/camille-y-lilly-01b6b717,,,,"6937 W. North Ave., Oak Park, IL 60302",773-473-7300,,,,,,
ocd-person/bc409660-f360-4624-914f-ba785bbf9b7b,Carol Ammons,Democratic,103,lower,Carol,Ammons,Female,assistance@staterepcarolammons.com,,,,https://cdn.ilga.gov/assets/img/members/{BD4B7A5C-6D24-4E82-9C18-D5A0F3C42F6C}.jpg,https://ilga.gov/house/Rep.asp?GA=101&MemberID=2651;https://ilga.gov/house/Rep.asp?GA=102&MemberID=2877;https://ilga.gov/house/Rep.asp?GA=103&MemberID=3086;https://www.ilga.gov/House/Members/Details/3309;https://www.ilga.gov/house/Rep.asp?GA=103&MemberID=3086;https://www.ilga.gov/house/Rep.asp?MemberID=3309;https://www.staterepcarolammons.com/,https://ballotpedia.org/Carol_Ammons;https://en.wikipedia.org/wiki/Carol_Ammons;https://ilga.gov/house/default.asp?GA=101;https://ilga.gov/house/default.asp?GA=102;https://ilga.gov/house/default.asp?GA=103;https://ilga.gov/house/Rep.asp?GA=101&MemberID=2651;https://ilga.gov/house/Rep.asp?GA=102&MemberID=2877;https://ilga.gov/house/Rep.asp?GA=103&MemberID=3086;https://justfacts.votesmart.org/candidate/biography/106935/carol-ammons;https://www.ilga.gov/House/Members/Details/3309;https://www.ilga.gov/house/Rep.asp?GA=103&MemberID=3086;https://www.ilga.gov/house/Rep.asp?MemberID=3309;https://www.linkedin.com/in/staterepammons;https://www.staterepcarolammons.com,,,,"300 S. Broadway Suite154 A, Urbana, IL 61802",217-531-1660,,,,,,
ocd-person/013d012f-a50e-43c8-af40-f12aa852a0da,Celina Villanueva,Democratic,12,upper,Celina,Villanueva,Female,district@senatorvillanueva.com,,,,https://cdn.ilga.gov/assets/img/members/{F8A21A81-5453-4E94-AC51-E644E1B0C00B}.jpg,https://ilga.gov/senate/Senator.asp?GA=101&MemberID=2777;https://ilga.gov/senate/Senator.asp?GA=102&MemberID=2976;https://ilga.gov/senate/Senator.asp?GA=103&MemberID=3167;https://www.ilga.gov/Senate/Members/Details/3375;https://www.ilga.gov/senate/Senator.asp?GA=103&MemberID=3167;https://www.ilga.gov/senate/Senator.asp?GA=104&MemberID=3375;https://www.senatorvillanueva.com/,https://ballotpedia.org/Celina_Villanueva;https://en.wikipedia.org/wiki/Celina_Villanueva;https://ilga.gov/senate/default.asp?GA=101;https://ilga.gov/senate/default.asp?GA=102;https://ilga.gov/senate/default.asp?GA=103;https://ilga.gov/senate/Senator.asp?GA=101&MemberID=2777;https://ilga.gov/senate/Senator.asp?GA=102&MemberID=2976;https://ilga.gov/senate/Senator.asp?GA=103&MemberID=3167;https://justfacts.votesmart.org/candidate/biography/185836/celina-villanueva;https://www.ilga.gov/Senate/Members/Details/3375;https://www.ilga.gov/senate/Senator.asp?GA=103&MemberID=3167;https://www.ilga.gov/senate/Senator.asp?GA=104&MemberID=3375;https://www.linkedin.com/in/celinavillanueva;https://www.senatorvillanueva.com,,,,"2501 S. Central Park Ave. Front Suite, Chicago, IL 60623",773-565-4661,,,,,,
ocd-person/b748f1e8-6cfd-47d6-9398-5817aa879f39,Chapin Rose,Republican,51,upper,Chapin,Rose,Male,senatorchapinrose@gmail.com,,1973-12-27,,https://cdn.ilga.gov/assets/img/members/{BA95E1D1-0570-4492-B739-D1F593F183FD}.jpg,https://ilga.gov/senate/Senator.asp?GA=101&MemberID=2621;https://ilga.gov/senate/Senator.asp?GA=102&MemberID=2856;https://ilga.gov/senate/Senator.asp?GA=103&MemberID=3068;https://senchapinrose.com/;https://www.ilga.gov/Senate/Members/Details/3295;https://www.ilga.gov/senate/Senator.asp?GA=103&MemberID=3068;https://www.ilga.gov/senate/Senator.asp?GA=104&MemberID=3295,https://ballotpedia.org/Chapin_Rose;https://en.wikipedia.org/wiki/Chapin_Rose;https://harringtonlawllc.com/chapin-rose;https://ilga.gov/senate/default.asp?GA=101;https://ilga.gov/senate/default.asp?GA=102;https://ilga.gov/senate/default.asp?GA=103;https://ilga.gov/senate/Senator.asp?GA=101&MemberID=2621;https://ilga.gov/senate/Senator.asp?GA=102&MemberID=2856;https://ilga.gov/senate/Senator.asp?GA=103&MemberID=3068;https://justfacts.votesmart.org/candidate/biography/33905/chapin-rose;https://senchapinrose.com;https://senchapinrose.com/;https://www.ilga.gov/Senate/Members/Details/3295;https://www.ilga.gov/senate/Senator.asp?GA=103&MemberID=3068;https://www.ilga.gov/senate/Senator.asp?GA=104&MemberID=3295;https://www.linkedin.com/in/chapin-rose-07a21819,,,,"88 Broadway Ave. Suite 1, Mattoon, IL 61938",217-607-1853,,,,,,
ocd-person/c425f2ef-cad0-4dad-93c4-be11b80af613,Charlie Meier,Republican,109,lower,Charlie,Meier,Male,repcmeier@gmail.com,,,,https://cdn.ilga.gov/assets/img/members/{9D43D019-A58A-47EC-B769-A7050C4B49DB}.jpg,https://charliemeier.net/;https://ilga.gov/house/Rep.asp?GA=101&MemberID=2642;https://ilga.gov/house/Rep.asp?GA=102&MemberID=2873;https://ilga.gov/house/Rep.asp?GA=103&MemberID=3082;https://www.ilga.gov/House/Members/Details/3305;https://www.ilga.gov/house/Rep.asp?GA=103&MemberID=3082;https://www.ilga.gov/house/Rep.asp?MemberID=3305,https://ballotpedia.org/Charles_E._Meier;https://charliemeier.net;https://en.wikipedia.org/wiki/Charles_Meier;https://ilga.gov/house/default.asp?GA=101;https://ilga.gov/house/default.asp?GA=102;https://ilga.gov/house/default.asp?GA=103;https://ilga.gov/house/Rep.asp?GA=101&MemberID=2642;https://ilga.gov/house/Rep.asp?GA=102&MemberID=2873;https://ilga.gov/house/Rep.asp?GA=103&MemberID=3082;https://justfacts.votesmart.org/candidate/biography/135110/charlie-meier;https://www.ilga.gov/House/Members/Details/3305;https://www.ilga.gov/house/Rep.asp?GA=103&MemberID=3082;https://www.ilga.gov/house/Rep.asp?MemberID=3305,,,,"121 Broadway Suite 1, Highland, IL 62249",618-651-0405,,,,,,
ocd-person/fe9dc27f-4e47-4cb0-a008-df80642f6be0,Chris Balkema,Republican,53,upper,Chris,Balkema,Male,chris@chrisbalkema.com,,,,https://cdn.ilga.gov/assets/img/members/{29C38AB6-DBAB-4E53-A4B1-9DA8D64AD699}.jpg,https://www.ilga.gov/Senate/Members/Details/3413;https://www.ilga.gov/senate/Senator.asp?GA=104&MemberID=3413;https://www.senatorchrisbalkema.com/,https://ballotpedia.org/Chris_Balkema;https://en.wikipedia.org/wiki/Chris_Balkema;https://justfacts.votesmart.org/candidate/biography/131351/chris-balkema;https://www.ilga.gov/Senate/Members/Details/3413;https://www.ilga.gov/senate/Senator.asp?GA=104&MemberID=3413;https://www.linkedin.com/in/chris-balkema-45589a62;https://www.linkedin.com/in/state-senator-chris-balkema-45589a62;https://www.senatorchrisbalkema.com,,,,"305 W. Madison St., Pontiac, IL 61764",815-844-9179,,,,,,
ocd-person/f5a10a95-3160-4cac-9f4e-ba31e5362e7b,Chris Miller,Republican,101,lower,Chris,Miller,Male,miller@ilhousegop.org,,1954-06-15,,https://cdn.ilga.gov/assets/img/members/{2A519012-9070-494B-9FFC-C2646374202E}.jpg,https://ilga.gov/house/Rep.asp?GA=101&MemberID=2758;https://ilga.gov/house/Rep.asp?GA=102&MemberID=2959;https://ilga.gov/house/Rep.asp?GA=103&MemberID=3153;https://repcmiller.com/;https://www.ilga.gov/House/Members/Details/3362;https://www.ilga.gov/house/Rep.asp?GA=103&MemberID=3153;https://www.ilga.gov/house/Rep.asp?MemberID=3362,https://ballotpedia.org/Chris_Miller_(Illinois_-_State_House);https://en.wikipedia.org/wiki/Chris_Miller_(politician);https://ilga.gov/house/default.asp?GA=101;https://ilga.gov/house/default.asp?GA=102;https://ilga.gov/house/default.asp?GA=103;https://ilga.gov/house/Rep.asp?GA=101&MemberID=2758;https://ilga.gov/house/Rep.asp?GA=102&MemberID=2959;https://ilga.gov/house/Rep.asp?GA=103&MemberID=3153;https://justfacts.votesmart.org/candidate/biography/177237/chris-miller;https://repcmiller.com;https://repcmiller.com/;https://www.ilga.gov/House/Members/Details/3362;https://www.ilga.gov/house/Rep.asp?GA=103&MemberID=3153;https://www.ilga.gov/house/Rep.asp?MemberID=3362,,,,"1113 Lincoln Ave., Charleston, IL 61920",217-508-4108,,,,,,
ocd-person/ce79408a-9923-4ab4-9c3a-805a2b4162d5,Christopher Belt,Democratic,57,upper,Christopher,Belt,Male,christophbeltforilsenate@yahoo.com,,,,https://cdn.ilga.gov/assets/img/members/{EFE7513C-260C-46DE-BAB3-A12F250B2937}.jpg,https://ilga.gov/senate/Senator.asp?GA=101&MemberID=2721;https://ilga.gov/senate/Senator.asp?GA=102&MemberID=2927;https://ilga.gov/senate/Senator.asp?GA=103&MemberID=3125;https://www.ilga.gov/Senate/Members/Details/3337;https://www.ilga.gov/senate/Senator.asp?GA=103&MemberID=3125;https://www.ilga.gov/senate/Senator.asp?GA=104&MemberID=3337;https://www.senatorbelt.com/,https://ballotpedia.org/Christopher_Belt;https://en.wikipedia.org/wiki/Christopher_Belt;https://ilga.gov/senate/default.asp?GA=101;https://ilga.gov/senate/default.asp?GA=102;https://ilga.gov/senate/default.asp?GA=103;https://ilga.gov/senate/Senator.asp?GA=101&MemberID=2721;https://ilga.gov/senate/Senator.asp?GA=102&MemberID=2927;https://ilga.gov/senate/Senator.asp?GA=103&MemberID=3125;https://justfacts.votesmart.org/candidate/biography/177123/christopher-belt;https://www.ilga.gov/Senate/Members/Details/3337;https://www.ilga.gov/senate/Senator.asp?GA=103&MemberID=3125;https://www.ilga.gov/senate/Senator.asp?GA=104&MemberID=3337;https://www.senatorbelt.com,,,,"Kenneth Hall Regional Office Building, 10 Collinsville Ave. Suite 201A, East St. Louis, IL 62201",618-875-1212,,,,,,
ocd-person/07e2527a-ae7d-4c58-b20b-ea2266a03a9e,Craig Wilcox,Republican,32,upper,Craig,Wilcox,Male,senatorwilcox@gmail.com,,,,https://cdn.ilga.gov/assets/img/members/{E397F861-68AA-4CC2-9A23-50B9A8E13031}.jpg,https://ilga.gov/senate/Senator.asp?GA=101&MemberID=2711;https://ilga.gov/senate/Senator.asp?GA=102&MemberID=2925;https://ilga.gov/senate/Senator.asp?GA=103&MemberID=3123;https://senatorwilcox.com/;https://www.ilga.gov/Senate/Members/Details/3336;https://www.ilga.gov/senate/Senator.asp?GA=103&MemberID=3123;https://www.ilga.gov/senate/Senator.asp?GA=104&MemberID=3336,https://ballotpedia.org/Craig_Wilcox;https://en.wikipedia.org/wiki/Craig_Wilcox;https://ilga.gov/senate/default.asp?GA=101;https://ilga.gov/senate/default.asp?GA=102;https://ilga.gov/senate/default.asp?GA=103;https://ilga.gov/senate/Senator.asp?GA=101&MemberID=2711;https://ilga.gov/senate/Senator.asp?GA=102&MemberID=2925;https://ilga.gov/senate/Senator.asp?GA=103&MemberID=3123;https://justfacts.votesmart.org/candidate/biography/177111/craig-wilcox;https://senatorwilcox.com;https://www.ilga.gov/Senate/Members/Details/3336;https://www.ilga.gov/senate/Senator.asp?GA=103&MemberID=3123;https://www.ilga.gov/senate/Senator.asp?GA=104&MemberID=3336;https://www.linkedin.com/in/craig-wilcox-5a766a8,,,,"209 N. Benton St., Woodstock, IL 60098",815-455-6330,,,,,,
ocd-person/f5add4b7-0c7e-4909-8e31-3042698f5b49,Cristina Castro,Democratic,22,upper,Cristina,Castro,Female,senatorcastro@gmail.com,,1978-02-25,,https://cdn.ilga.gov/assets/img/members/{F09EB558-EB8D-48B1-91F0-EF47A07632F5}.jpg,https://ilga.gov/senate/Senator.asp?GA=101&MemberID=2677;https://ilga.gov/senate/Senator.asp?GA=102&MemberID=2896;https://ilga.gov/senate/Senator.asp?GA=103&MemberID=3101;https://www.ilga.gov/Senate/Members/Details/3317;https://www.ilga.gov/senate/Senator.asp?GA=103&MemberID=3101;https://www.senatorcristinacastro.com/,https://ballotpedia.org/Cristina_Castro;https://en.wikipedia.org/wiki/Cristina_Castro;https://en.wikipedia.org/wiki/Cristina_Castro_(politician);https://ilga.gov/senate/default.asp?GA=101;https://ilga.gov/senate/default.asp?GA=102;https://ilga.gov/senate/default.asp?GA=103;https://ilga.gov/senate/Senator.asp?GA=101&MemberID=2677;https://ilga.gov/senate/Senator.asp?GA=102&MemberID=2896;https://ilga.gov/senate/Senator.asp?GA=103&MemberID=3101;https://justfacts.votesmart.org/candidate/biography/115590/cristina-castro;https://www.ilga.gov/Senate/Members/Details/3317;https://www.ilga.gov/senate/Senator.asp?GA=103&MemberID=3101;https://www.senatorcristinacastro.com,,,,"164 E. Chicago St. Suite 201, Elgin, IL 60120",847-214-8864,,,,,,
ocd-person/7a4c9172-6836-453c-94a8-1254b76fa08f,Curtis Tarver,Democratic,25,lower,Curtis,Tarver,Male,office@repcurtisjtarverii.com,,,,https://cdn.ilga.gov/assets/img/members/{E9404756-F108-41DB-A7A8-87C36BBF763D}.jpg,https://ilga.gov/house/Rep.asp?GA=101&MemberID=2748;https://ilga.gov/house/Rep.asp?GA=102&MemberID=2949;https://ilga.gov/house/Rep.asp?GA=103&MemberID=3145;https://www.ilga.gov/House/Members/Details/3355;https://www.ilga.gov/house/Rep.asp?GA=103&MemberID=3145;https://www.ilga.gov/house/Rep.asp?MemberID=3355,https://ballotpedia.org/Curtis_Tarver_II;https://en.wikipedia.org/wiki/Curtis_Tarver;https://ilga.gov/house/default.asp?GA=101;https://ilga.gov/house/default.asp?GA=102;https://ilga.gov/house/default.asp?GA=103;https://ilga.gov/house/Rep.asp?GA=101&MemberID=2748;https://ilga.gov/house/Rep.asp?GA=102&MemberID=2949;https://ilga.gov/house/Rep.asp?GA=103&MemberID=3145;https://justfacts.votesmart.org/candidate/biography/177148/curtis-tarver-ii;https://www.ilga.gov/House/Members/Details/3355;https://www.ilga.gov/house/Rep.asp?GA=103&MemberID=3145;https://www.ilga.gov/house/Rep.asp?MemberID=3355;https://www.linkedin.com/in/curtisjtarverii,,,,"1303 E. 53rd St., Chicago, IL 60615",773-363-8870,,,,,,
ocd-person/4c05af2c-7756-4002-a45d-cc9f2f5acbfd,Dee Avelar,Democratic,85,lower,Dee,Avelar,Female,info@repdagmara.org,,,,https://cdn.ilga.gov/assets/img/members/{EFDA6EE7-57E6-4ACA-BE60-02A042FF5D5D}.jpg,https://ilga.gov/house/Rep.asp?GA=102&MemberID=2999;https://ilga.gov/house/Rep.asp?GA=103&MemberID=3187;https://www.ilga.gov/House/Members/Details/3391;https://www.ilga.gov/house/Rep.asp?GA=103&MemberID=3187;https://www.ilga.gov/house/Rep.asp?GA=104&MemberID=3391;https://www.ilga.gov/house/Rep.asp?MemberID=3391;https://www.repdagmara.org/,https://ballotpedia.org/Dagmara_Avelar;https://en.wikipedia.org/wiki/Dagmara_Avelar;https://ilga.gov/house/default.asp?GA=102;https://ilga.gov/house/default.asp?GA=103;https://ilga.gov/house/Rep.asp?GA=102&MemberID=2999;https://ilga.gov/house/Rep.asp?GA=103&MemberID=3187;https://justfacts.votesmart.org/candidate/biography/188037/dagmara-avelar;https://www.ilga.gov/House/Members/Details/3391;https://www.ilga.gov/house/Rep.asp?GA=103&MemberID=3187;https://www.ilga.gov/house/Rep.asp?GA=104&MemberID=3391;https://www.ilga.gov/house/Rep.asp?MemberID=3391;https://www.linkedin.com/in/dagmaralopez;https://www.repdagmara.org,,,,"1050 W. Romeo Road, Romeoville, IL 60446",815-372-0085,,,,,,
ocd-person/ab6db17a-e7dc-43c8-9770-32c1da1d7f40,Dan Ugaste,Republican,65,lower,Dan,Ugaste,Male,ugaste@ilhousegop.org,,,,https://cdn.ilga.gov/assets/img/members/{2552FBE4-D977-4283-B00C-78FC085BD955}.jpg,https://ilga.gov/house/Rep.asp?GA=101&MemberID=2753;https://ilga.gov/house/Rep.asp?GA=102&MemberID=2954;https://ilga.gov/house/Rep.asp?GA=103&MemberID=3149;https://repugaste.com/;https://www.ilga.gov/House/Members/Details/3359;https://www.ilga.gov/house/Rep.asp?GA=103&MemberID=3149;https://www.ilga.gov/house/Rep.asp?MemberID=3359,https://ballotpedia.org/Dan_Ugaste;https://en.wikipedia.org/wiki/Dan_Ugaste;https://ilga.gov/house/default.asp?GA=101;https://ilga.gov/house/default.asp?GA=102;https://ilga.gov/house/default.asp?GA=103;https://ilga.gov/house/Rep.asp?GA=101&MemberID=2753;https://ilga.gov/house/Rep.asp?GA=102&MemberID=2954;https://ilga.gov/house/Rep.asp?GA=103&MemberID=3149;https://justfacts.votesmart.org/candidate/biography/147784/dan-ugaste;https://repugaste.com;https://www.ilga.gov/House/Members/Details/3359;https://www.ilga.gov/house/Rep.asp?GA=103&MemberID=3149;https://www.ilga.gov/house/Rep.asp?MemberID=3359;https://www.linkedin.com/in/daniel-ugaste-839ba046,,,,"406 Surrey Woods Drive Unit A, St. Charles, IL 60174",630-797-5530,,,,,,
ocd-person/c5786e99-12fd-41eb-b40e-372187dde261,Dan Didech,Democratic,59,lower,Dan,Didech,Male,info@repdidech.com,,,,https://cdn.ilga.gov/assets/img/members/{1EA869A9-B93D-4E72-824B-E14992452581}.jpg,https://ilga.gov/house/Rep.asp?GA=101&MemberID=2737;https://ilga.gov/house/Rep.asp?GA=102&MemberID=2938;https://ilga.gov/house/Rep.asp?GA=103&MemberID=3136;https://www.ilga.gov/House/Members/Details/3347;https://www.ilga.gov/house/Rep.asp?GA=103&MemberID=3136;https://www.ilga.gov/house/Rep.asp?GA=104&MemberID=3347;https://www.ilga.gov/house/Rep.asp?MemberID=3347;https://www.repdidech.com/,https://ballotpedia.org/Daniel_Didech;https://dlglawgroup.com/our-attorneys/daniel-c-didech;https://en.wikipedia.org/wiki/Daniel_Didech;https://ilga.gov/house/default.asp?GA=101;https://ilga.gov/house/default.asp?GA=102;https://ilga.gov/house/default.asp?GA=103;https://ilga.gov/house/Rep.asp?GA=101&MemberID=2737;https://ilga.gov/house/Rep.asp?GA=102&MemberID=2938;https://ilga.gov/house/Rep.asp?GA=103&MemberID=3136;https://justfacts.votesmart.org/candidate/biography/177189/dan-didech;https://www.ilga.gov/House/Members/Details/3347;https://www.ilga.gov/house/Rep.asp?GA=103&MemberID=3136;https://www.ilga.gov/house/Rep.asp?GA=104&MemberID=3347;https://www.ilga.gov/house/Rep.asp?MemberID=3347;https://www.linkedin.com/in/daniel-didech-207b527a;https://www.repdidech.com,,,,"Vernon Township Administrative Building 3050 N. Main St., Buffalo Grove, IL 60089",847-478-9909,,,,,,
ocd-person/6e9ee3b5-fb44-49f3-81f6-5a470bfaf009,Dan Swanson,Republican,71,lower,Dan,Swanson,Male,swanson@ilhousegop.org,,1959-07-30,,https://cdn.ilga.gov/assets/img/members/{F7512D74-4694-4272-9A1E-6935F4AD4F1D}.jpg,https://ilga.gov/house/Rep.asp?GA=101&MemberID=2696;https://ilga.gov/house/Rep.asp?GA=102&MemberID=2912;https://ilga.gov/house/Rep.asp?GA=103&MemberID=3113;https://repswanson.com/;https://www.ilga.gov/House/Members/Details/3327;https://www.ilga.gov/house/Rep.asp?GA=103&MemberID=3113;https://www.ilga.gov/house/Rep.asp?MemberID=3327,https://ballotpedia.org/Daniel_Swanson;https://en.wikipedia.org/wiki/Daniel_Swanson;https://ilga.gov/house/default.asp?GA=101;https://ilga.gov/house/default.asp?GA=102;https://ilga.gov/house/default.asp?GA=103;https://ilga.gov/house/Rep.asp?GA=101&MemberID=2696;https://ilga.gov/house/Rep.asp?GA=102&MemberID=2912;https://ilga.gov/house/Rep.asp?GA=103&MemberID=3113;https://justfacts.votesmart.org/candidate/biography/131385/dan-swanson;https://repswanson.com;https://repswanson.com/;https://www.ilga.gov/House/Members/Details/3327;https://www.ilga.gov/house/Rep.asp?GA=103&MemberID=3113;https://www.ilga.gov/house/Rep.asp?MemberID=3327;https://www.linkedin.com/in/dan-swanson-17089452,,,,,,,,,,,
ocd-person/3249a901-9d57-4623-a9a0-4cbb1240f2a1,Darby Hills,Republican,26,upper,Darby,Hills,Female,,,,,https://cdn.ilga.gov/assets/img/members/{16AC56CC-B697-41D8-8E62-F9DEE3CE75C1}.jpg,https://www.ilga.gov/Senate/Members/Details/3460;https://www.ilga.gov/senate/Senator.asp?MemberID=3460;https://www.senatordarbyhills.com/,https://ballotpedia.org/Darby_Hills;https://en.wikipedia.org/wiki/Darby_Hills;https://justfacts.votesmart.org/candidate/biography/221631/darby-hills;https://www.ilga.gov/Senate/Members/Details/3460;https://www.ilga.gov/senate/Senator.asp?MemberID=3460;https://www.linkedin.com/in/darby-hills-a19b6413;https://www.linkedin.com/in/state-senator-darby-hills-a19b6413;https://www.senatordarbyhills.com,,,,"795 Ela Road, Suite 208, Lake Zurich, IL 60047",224-662-4544,,,,,,
ocd-person/cbbd1430-7c0b-4be0-9d45-deabdb0c3d0f,Dave Severin,Republican,116,lower,Dave,Severin,Male,severin@ilhousegop.org,,,,https://cdn.ilga.gov/assets/img/members/{FC792043-4CE1-4796-BA38-E68B39A9847A}.jpg,https://ilga.gov/house/Rep.asp?GA=101&MemberID=2691;https://ilga.gov/house/Rep.asp?GA=102&MemberID=2908;https://ilga.gov/house/Rep.asp?GA=103&MemberID=3110;https://repseverin.com/;https://www.ilga.gov/House/Members/Details/3324;https://www.ilga.gov/house/Rep.asp?GA=103&MemberID=3110;https://www.ilga.gov/house/Rep.asp?MemberID=3324,https://ballotpedia.org/Dave_Severin;https://en.wikipedia.org/wiki/Dave_Severin;https://ilga.gov/house/default.asp?GA=101;https://ilga.gov/house/default.asp?GA=102;https://ilga.gov/house/default.asp?GA=103;https://ilga.gov/house/Rep.asp?GA=101&MemberID=2691;https://ilga.gov/house/Rep.asp?GA=102&MemberID=2908;https://ilga.gov/house/Rep.asp?GA=103&MemberID=3110;https://justfacts.votesmart.org/candidate/biography/166473/dave-severin;https://repseverin.com;https://repseverin.com/;https://www.ilga.gov/House/Members/Details/3324;https://www.ilga.gov/house/Rep.asp?GA=103&MemberID=3110;https://www.ilga.gov/house/Rep.asp?MemberID=3324;https://www.linkedin.com/in/david-severin-64190b27,,,,"805 N. Main St., Benton, IL 62812",618-440-5090,,,,,,
ocd-person/d02beb7e-1f30-48f2-8418-4c9287452562,Dave Syverson,Republican,35,upper,Dave,Syverson,Male,info@senatordavesyverson.com,,1957-06-29,,https://cdn.ilga.gov/assets/img/members/{6FD168B8-C34B-4399-8E39-7373F7600882}.jpg,https://ilga.gov/senate/Senator.asp?GA=101&MemberID=2540;https://ilga.gov/senate/Senator.asp?GA=102&MemberID=2798;https://ilga.gov/senate/Senator.asp?GA=103&MemberID=3025;https://senatordavesyverson.com/;https://www.ilga.gov/Senate/Members/Details/3265;https://www.ilga.gov/senate/Senator.asp?GA=103&MemberID=3025;https://www.ilga.gov/senate/Senator.asp?GA=104&MemberID=3265,https://ballotpedia.org/Dave_Syverson;https://en.wikipedia.org/wiki/Dave_Syverson;https://ilga.gov/senate/default.asp?GA=101;https://ilga.gov/senate/default.asp?GA=102;https://ilga.gov/senate/default.asp?GA=103;https://ilga.gov/senate/Senator.asp?GA=101&MemberID=2540;https://ilga.gov/senate/Senator.asp?GA=102&MemberID=2798;https://ilga.gov/senate/Senator.asp?GA=103&MemberID=3025;https://justfacts.votesmart.org/candidate/biography/6289/dave-syverson;https://senatordavesyverson.com;https://senatordavesyverson.com/;https://www.ilga.gov/Senate/Members/Details/3265;https://www.ilga.gov/senate/Senator.asp?GA=103&MemberID=3025;https://www.ilga.gov/senate/Senator.asp?GA=104&MemberID=3265;https://www.linkedin.com/in/davesyverson,,,,"527 Colman Center Drive, Cherry Valley, IL 61108",815-987-7555,,,,,,
ocd-person/5da7b2ff-c086-49cd-80bc-9802e426cc00,Dave Vella,Democratic,68,lower,Dave,Vella,Male,repdavevella@gmail.com,,,,https://cdn.ilga.gov/assets/img/members/{E0F72B4C-2737-483E-84FE-E596DB8F2DCF}.jpg,https://ilga.gov/house/Rep.asp?GA=102&MemberID=2998;https://ilga.gov/house/Rep.asp?GA=103&MemberID=3186;https://www.ilga.gov/House/Members/Details/3390;https://www.ilga.gov/house/Rep.asp?GA=103&MemberID=3186;https://www.ilga.gov/house/Rep.asp?GA=104&MemberID=3390;https://www.staterepdavevella.com/,https://ballotpedia.org/Dave_Vella;https://en.wikipedia.org/wiki/Dave_Vella;https://ilga.gov/house/default.asp?GA=102;https://ilga.gov/house/default.asp?GA=103;https://ilga.gov/house/Rep.asp?GA=102&MemberID=2998;https://ilga.gov/house/Rep.asp?GA=103&MemberID=3186;https://justfacts.votesmart.org/candidate/biography/188046/dave-vella;https://vellalundlaw.com/attorney/17/david-vella;https://www.ilga.gov/House/Members/Details/3390;https://www.ilga.gov/house/Rep.asp?GA=103&MemberID=3186;https://www.ilga.gov/house/Rep.asp?GA=104&MemberID=3390;https://www.staterepdavevella.com,,,,"4007 N. Mulford Road, Loves Park, IL 61111",815-329-6741,,,,,,
ocd-person/abda0ae5-9ecb-4363-9a6a-487f1cf8899e,David Friess,Republican,115,lower,David,Friess,Male,friess@ilhousegop.org,,,,https://cdn.ilga.gov/assets/img/members/{C1F3982E-6DA7-4AE6-96B9-77E9FBC87A2A}.jpg,https://ilga.gov/house/Rep.asp?GA=102&MemberID=3004;https://ilga.gov/house/Rep.asp?GA=103&MemberID=3192;https://repfriess.com/;https://www.ilga.gov/House/Members/Details/3395;https://www.ilga.gov/house/Rep.asp?GA=103&MemberID=3192;https://www.ilga.gov/house/Rep.asp?GA=104&MemberID=3395;https://www.ilga.gov/house/Rep.asp?MemberID=3395,https://ballotpedia.org/David_Friess;https://en.wikipedia.org/wiki/David_Friess;https://ilga.gov/house/default.asp?GA=102;https://ilga.gov/house/default.asp?GA=103;https://ilga.gov/house/Rep.asp?GA=102&MemberID=3004;https://ilga.gov/house/Rep.asp?GA=103&MemberID=3192;https://justfacts.votesmart.org/candidate/biography/177245/david-friess;https://repfriess.com;https://www.ilga.gov/House/Members/Details/3395;https://www.ilga.gov/house/Rep.asp?GA=103&MemberID=3192;https://www.ilga.gov/house/Rep.asp?GA=104&MemberID=3395;https://www.ilga.gov/house/Rep.asp?MemberID=3395;https://www.linkedin.com/in/david-friess-8b349275,,,,"143 S. Main St., Red Bud, IL 62278",618-282-7284,,,,,,
ocd-person/997e8947-dadd-4c8d-9538-0b58c077a812,Dave Koehler,Democratic,46,upper,Dave,Koehler,Male,46illinois@gmail.com,,1948-12-16,,https://cdn.ilga.gov/assets/img/members/{2C57E551-D82A-4C7D-8746-3F83913F0D7D}.jpg,https://ilga.gov/senate/Senator.asp?GA=101&MemberID=2565;https://ilga.gov/senate/Senator.asp?GA=102&MemberID=2814;https://ilga.gov/senate/Senator.asp?GA=103&MemberID=3035;https://www.ilga.gov/Senate/Members/Details/3271;https://www.ilga.gov/senate/Senator.asp?GA=103&MemberID=3035;https://www.ilga.gov/senate/Senator.asp?GA=104&MemberID=3271;https://www.senatordavekoehler.com/,https://ballotpedia.org/David_Koehler;https://en.wikipedia.org/wiki/Dave_Koehler;https://ilga.gov/senate/default.asp?GA=101;https://ilga.gov/senate/default.asp?GA=102;https://ilga.gov/senate/default.asp?GA=103;https://ilga.gov/senate/Senator.asp?GA=101&MemberID=2565;https://ilga.gov/senate/Senator.asp?GA=102&MemberID=2814;https://ilga.gov/senate/Senator.asp?GA=103&MemberID=3035;https://justfacts.votesmart.org/candidate/biography/56935/dave-koehler;https://www.ilga.gov/Senate/Members/Details/3271;https://www.ilga.gov/senate/Senator.asp?GA=103&MemberID=3035;https://www.ilga.gov/senate/Senator.asp?GA=104&MemberID=3271;https://www.linkedin.com/in/dave-koehler-5265863;https://www.senatordavekoehler.com,,,,"216 N. Center St., Bloomington, IL 61701",309-808-2345,,,,,,
ocd-person/e1d4b5b4-34b8-4d91-ab9f-08c8a361e12a,Debbie Meyers-Martin,Democratic,38,lower,Debbie,Meyers-Martin,Female,staterepdebbiemm@gmail.com,,,,https://cdn.ilga.gov/assets/img/members/{E3E2099C-AB6A-442B-B191-3A83D6D3A1E2}.jpg,https://ilga.gov/house/Rep.asp?GA=101&MemberID=2741;https://ilga.gov/house/Rep.asp?GA=102&MemberID=2942;https://ilga.gov/house/Rep.asp?GA=103&MemberID=3139;https://www.ilga.gov/House/Members/Details/3350;https://www.ilga.gov/house/Rep.asp?GA=103&MemberID=3139;https://www.ilga.gov/house/Rep.asp?MemberID=3350;https://www.repdebbiemeyersmartin.com/,https://ballotpedia.org/Debbie_Meyers-Martin;https://en.wikipedia.org/wiki/Debbie_Meyers-Martin;https://ilga.gov/house/default.asp?GA=101;https://ilga.gov/house/default.asp?GA=102;https://ilga.gov/house/default.asp?GA=103;https://ilga.gov/house/Rep.asp?GA=101&MemberID=2741;https://ilga.gov/house/Rep.asp?GA=102&MemberID=2942;https://ilga.gov/house/Rep.asp?GA=103&MemberID=3139;https://justfacts.votesmart.org/candidate/biography/177164/debbie-meyers-martin;https://www.ilga.gov/House/Members/Details/3350;https://www.ilga.gov/house/Rep.asp?GA=103&MemberID=3139;https://www.ilga.gov/house/Rep.asp?MemberID=3350;https://www.linkedin.com/in/representative-debbie-meyers-martin-9a6b8211;https://www.repdebbiemeyersmartin.com,,,,"813 School Ave., Matteson, IL 60443",708-833-7010,,,,,,
ocd-person/13dc4688-95d1-4a5d-abc7-fb9a46a432c8,Dennis Tipsword,Republican,105,lower,Dennis,Tipsword,Male,tipsword@ilhousegop.org,,,,https://cdn.ilga.gov/assets/img/members/{D8E9F62C-6A73-4CCD-8148-332CD9806264}.jpg,https://ilga.gov/house/Rep.asp?GA=103&MemberID=3242;https://reptipsword.com/;https://www.ilga.gov/House/Members/Details/3433;https://www.ilga.gov/house/Rep.asp?GA=103&MemberID=3242;https://www.ilga.gov/house/Rep.asp?MemberID=3433,https://ballotpedia.org/Dennis_Tipsword_Jr.;https://en.wikipedia.org/wiki/Dennis_Tipsword;https://ilga.gov/house/default.asp?GA=103;https://ilga.gov/house/Rep.asp?GA=103&MemberID=3242;https://justfacts.votesmart.org/candidate/biography/204499/dennis-tipsword;https://reptipsword.com;https://www.ilga.gov/House/Members/Details/3433;https://www.ilga.gov/house/Rep.asp?GA=103&MemberID=3242;https://www.ilga.gov/house/Rep.asp?MemberID=3433;https://www.linkedin.com/in/dennis-tipsword-075916119,,,,"305 W. Madison St., Pontiac, IL 61764",815-844-9344,,,,,,
ocd-person/d5c22b1c-8057-40bf-aea6-0298070ad67b,Diane Blair-Sherlock,Democratic,46,lower,Diane,Blair-Sherlock,Female,staterep46@gmail.com,,,,https://cdn.ilga.gov/assets/img/members/{C9D7B27E-2484-4917-A5CA-F85BA458950A}.jpg,https://ilga.gov/house/Rep.asp?GA=103&MemberID=3234;https://www.ilga.gov/House/Members/Details/3425;https://www.ilga.gov/house/Rep.asp?GA=103&MemberID=3234;https://www.ilga.gov/house/Rep.asp?GA=104&MemberID=3425;https://www.ilga.gov/house/Rep.asp?MemberID=3425;https://www.repblair-sherlock.com/,https://ballotpedia.org/Diane_Blair-Sherlock;https://en.wikipedia.org/wiki/Diane_Blair-Sherlock;https://ilga.gov/house/default.asp?GA=103;https://ilga.gov/house/Rep.asp?GA=103&MemberID=3234;https://justfacts.votesmart.org/candidate/biography/204453/diane-blair-sherlock;https://www.ilga.gov/House/Members/Details/3425;https://www.ilga.gov/house/Rep.asp?GA=103&MemberID=3234;https://www.ilga.gov/house/Rep.asp?GA=104&MemberID=3425;https://www.ilga.gov/house/Rep.asp?MemberID=3425;https://www.linkedin.com/in/diane-blair-sherlock-6a46621;https://www.repblair-sherlock.com,,,,"28 Villa Ave., Villa Park, IL 60148",630-415-3520,,,,,,
ocd-person/15c56180-21e1-492d-874f-25d511f804ee,Don Harmon,Democratic,39,upper,Don,Harmon,Male,dharmon@senatedem.ilga.gov,,1966-11-26,,https://cdn.ilga.gov/assets/img/members/{CF3F6473-4E6D-4E84-A0A4-4FF7335132E2}.jpg,https://ilga.gov/senate/Senator.asp?GA=101&MemberID=2551;https://ilga.gov/senate/Senator.asp?GA=102&MemberID=2806;https://ilga.gov/senate/Senator.asp?GA=103&MemberID=3029;https://www.donharmon.org/;https://www.ilga.gov/Senate/Members/Details/3268;https://www.ilga.gov/senate/Senator.asp?GA=103&MemberID=3029;https://www.ilga.gov/senate/Senator.asp?GA=104&MemberID=3268,https://ballotpedia.org/Don_Harmon_(Illinois);https://en.wikipedia.org/wiki/Don_Harmon;https://ilga.gov/senate/default.asp?GA=101;https://ilga.gov/senate/default.asp?GA=102;https://ilga.gov/senate/default.asp?GA=103;https://ilga.gov/senate/Senator.asp?GA=101&MemberID=2551;https://ilga.gov/senate/Senator.asp?GA=102&MemberID=2806;https://ilga.gov/senate/Senator.asp?GA=103&MemberID=3029;https://justfacts.votesmart.org/candidate/biography/33608/don-harmon;https://www.donharmon.org;https://www.ilga.gov/Senate/Members/Details/3268;https://www.ilga.gov/senate/Senator.asp?GA=103&MemberID=3029;https://www.ilga.gov/senate/Senator.asp?GA=104&MemberID=3268;https://www.linkedin.com/in/don-harmon-77b88966,,,,"6941 W. North Ave., Oak Park, IL 60302",708-848-2002,,,,,,
ocd-person/c4a1e37c-3c81-448c-9349-199a8fa5c2d3,Don DeWitte,Republican,33,upper,Don,DeWitte,Male,dewitte@ilsenategop.org,,,,https://cdn.ilga.gov/assets/img/members/{21A3B029-3423-410E-818A-84512CD0D231}.jpg,https://ilga.gov/senate/Senator.asp?GA=101&MemberID=2709;https://ilga.gov/senate/Senator.asp?GA=102&MemberID=2923;https://ilga.gov/senate/Senator.asp?GA=103&MemberID=3121;https://senatordewitte.com/;https://www.ilga.gov/Senate/Members/Details/3334;https://www.ilga.gov/senate/Senator.asp?GA=103&MemberID=3121;https://www.ilga.gov/senate/Senator.asp?GA=104&MemberID=3334,https://ballotpedia.org/Don_DeWitte;https://en.wikipedia.org/wiki/Don_DeWitte;https://ilga.gov/senate/default.asp?GA=101;https://ilga.gov/senate/default.asp?GA=102;https://ilga.gov/senate/default.asp?GA=103;https://ilga.gov/senate/Senator.asp?GA=101&MemberID=2709;https://ilga.gov/senate/Senator.asp?GA=102&MemberID=2923;https://ilga.gov/senate/Senator.asp?GA=103&MemberID=3121;https://justfacts.votesmart.org/candidate/biography/113461/donald-dewitte;https://senatordewitte.com;https://www.ilga.gov/Senate/Members/Details/3334;https://www.ilga.gov/senate/Senator.asp?GA=103&MemberID=3121;https://www.ilga.gov/senate/Senator.asp?GA=104&MemberID=3334;https://www.linkedin.com/in/donald-p-dewitte-6a410b9,,,,"641 S. 8th St., West Dundee, IL 60118",847-214-8245,,,,,,
ocd-person/5db8d260-f850-406c-8e26-d618762c10cd,Doris Turner,Democratic,48,upper,Doris,Turner,Female,senatorturnermac@gmail.com,,,,https://cdn.ilga.gov/assets/img/members/{D114C73A-2295-431C-8250-38AC3353A20E}.jpg,https://ilga.gov/senate/Senator.asp?GA=102&MemberID=3009;https://ilga.gov/senate/Senator.asp?GA=103&MemberID=3197;https://www.ilga.gov/Senate/Members/Details/3399;https://www.ilga.gov/senate/Senator.asp?GA=103&MemberID=3197;https://www.ilga.gov/senate/Senator.asp?GA=104&MemberID=3399;https://www.senatordoristurner.com/,https://ballotpedia.org/Doris_Turner_(Illinois);https://en.wikipedia.org/wiki/Doris_Turner_(politician);https://ilga.gov/senate/default.asp?GA=102;https://ilga.gov/senate/default.asp?GA=103;https://ilga.gov/senate/Senator.asp?GA=102&MemberID=3009;https://ilga.gov/senate/Senator.asp?GA=103&MemberID=3197;https://justfacts.votesmart.org/candidate/biography/84005/doris-turner;https://www.ilga.gov/Senate/Members/Details/3399;https://www.ilga.gov/senate/Senator.asp?GA=103&MemberID=3197;https://www.ilga.gov/senate/Senator.asp?GA=104&MemberID=3399;https://www.linkedin.com/in/doris-turner-aa03125a;https://www.senatordoristurner.com,,,,"725 N. Grand Ave. East, Springfield, IL 62702",217-670-1828,,,,,,
ocd-person/e8bba8fb-50a8-4ddd-9bed-785c5f1bb70d,Edgar González,Democratic,23,lower,Edgar,González,Male,office@repedgargonzalez.com,,1996-12-25,,https://cdn.ilga.gov/assets/img/members/{370B1494-7F8F-48BC-BD66-4756E15442E1}.jpg,https://ilga.gov/house/Rep.asp?GA=101&MemberID=2776;https://ilga.gov/house/Rep.asp?GA=102&MemberID=2975;https://ilga.gov/house/Rep.asp?GA=103&MemberID=3166;https://www.ilga.gov/House/Members/Details/3374;https://www.ilga.gov/house/Rep.asp?GA=103&MemberID=3166;https://www.ilga.gov/house/Rep.asp?GA=104&MemberID=3374;https://www.ilga.gov/house/Rep.asp?MemberID=3374,https://ballotpedia.org/Edgar_Gonzalez_Jr.;https://en.wikipedia.org/wiki/Edgar_Gonzalez_Jr.;https://ilga.gov/house/default.asp?GA=101;https://ilga.gov/house/default.asp?GA=102;https://ilga.gov/house/default.asp?GA=103;https://ilga.gov/house/Rep.asp?GA=101&MemberID=2776;https://ilga.gov/house/Rep.asp?GA=102&MemberID=2975;https://ilga.gov/house/Rep.asp?GA=103&MemberID=3166;https://justfacts.votesmart.org/candidate/biography/188093/edgar-gonzalez-jr;https://www.ilga.gov/House/Members/Details/3374;https://www.ilga.gov/house/Rep.asp?GA=103&MemberID=3166;https://www.ilga.gov/house/Rep.asp?GA=104&MemberID=3374;https://www.ilga.gov/house/Rep.asp?MemberID=3374;https://www.linkedin.com/in/edgar-gonzalez-jr-889236122,,,,"3202 W. 26th St., Chicago, IL 60623",708-295-9159,,,,,,
ocd-person/50ad4838-140d-4cb7-80cb-46da37a8827f,Elgie Sims,Democratic,17,upper,Elgie,Sims,Male,info@senatorelgiesims.com,,1970-09-21,,https://cdn.ilga.gov/assets/img/members/{1EAF7721-A189-4CD1-B31D-CD39F79DBD04}.jpg,https://ilga.gov/senate/Senator.asp?GA=101&MemberID=2703;https://ilga.gov/senate/Senator.asp?GA=102&MemberID=2918;https://ilga.gov/senate/Senator.asp?GA=103&MemberID=3117;https://www.ilga.gov/Senate/Members/Details/3331;https://www.ilga.gov/senate/Senator.asp?GA=103&MemberID=3117;https://www.ilga.gov/senate/Senator.asp?GA=104&MemberID=3331;https://www.senatorelgiesims.com/,"https://ballotpedia.org/Elgie_R._Sims,_Jr.;https://en.wikipedia.org/wiki/Elgie_Sims;https://ilga.gov/senate/default.asp?GA=101;https://ilga.gov/senate/default.asp?GA=102;https://ilga.gov/senate/default.asp?GA=103;https://ilga.gov/senate/Senator.asp?GA=101&MemberID=2703;https://ilga.gov/senate/Senator.asp?GA=102&MemberID=2918;https://ilga.gov/senate/Senator.asp?GA=103&MemberID=3117;https://justfacts.votesmart.org/candidate/biography/135053/elgie-sims-jr;https://www.foley.com/people/sims-elgie-r;https://www.ilga.gov/Senate/Members/Details/3331;https://www.ilga.gov/senate/Senator.asp?GA=103&MemberID=3117;https://www.ilga.gov/senate/Senator.asp?GA=104&MemberID=3331;https://www.linkedin.com/in/elgie-sims-jr-b023735;https://www.senatorelgiesims.com",,,,"8233 S. Princeton Ave., Chicago, IL 60620",773-933-7715,,,,,,
ocd-person/b6ebf45f-ac97-423b-b5c3-eba0a5766a8d,Lisa Hernandez,Democratic,2,lower,Lisa,Hernandez,Female,office@repehernandez.com,,1961-07-14,,https://cdn.ilga.gov/assets/img/members/{4E4C2A21-FDC2-48CA-9BA8-462A62E7A33B}.jpg,https://ilga.gov/house/Rep.asp?GA=101&MemberID=2568;https://ilga.gov/house/Rep.asp?GA=102&MemberID=2816;https://ilga.gov/house/Rep.asp?GA=103&MemberID=3037;https://www.ilga.gov/House/Members/Details/3273;https://www.ilga.gov/house/Rep.asp?GA=103&MemberID=3037;https://www.ilga.gov/house/Rep.asp?GA=103&MemberID=3159;https://www.ilga.gov/house/Rep.asp?GA=104&MemberID=3273;https://www.ilga.gov/house/Rep.asp?MemberID=3273;https://www.staterepresentativebarbarahernandez.com/,https://ballotpedia.org/Elizabeth_Hernandez_(Illinois);https://en.wikipedia.org/wiki/Elizabeth_Hernandez;https://ilga.gov/house/default.asp?GA=101;https://ilga.gov/house/default.asp?GA=102;https://ilga.gov/house/default.asp?GA=103;https://ilga.gov/house/Rep.asp?GA=101&MemberID=2568;https://ilga.gov/house/Rep.asp?GA=102&MemberID=2816;https://ilga.gov/house/Rep.asp?GA=103&MemberID=3037;https://justfacts.votesmart.org/candidate/biography/33441/elizabeth-hernandez;https://www.ilga.gov/House/Members/Details/3273;https://www.ilga.gov/house/Rep.asp?GA=103&MemberID=3037;https://www.ilga.gov/house/Rep.asp?GA=103&MemberID=3159;https://www.ilga.gov/house/Rep.asp?GA=104&MemberID=3273;https://www.ilga.gov/house/Rep.asp?MemberID=3273;https://www.linkedin.com/in/elizabeth-lisa-hernandez-a532b348;https://www.staterepresentativebarbarahernandez.com,,,,"6117 W. Cermak Road, Cicero, IL 60804",708-222-5240,708-222-5241,,,,,
ocd-person/00cc6415-b2a7-45ab-8f69-be5c3ca6752a,Chris Welch,Democratic,7,lower,Chris,Welch,Male,repwelch@emanuelchriswelch.com,,1971-02-06,,https://cdn.ilga.gov/assets/img/members/{5D419B94-66B4-4F3B-86F1-BFF37B3FA55C}.jpg,https://ilga.gov/house/Rep.asp?GA=103&MemberID=3071;https://www.emanuelchriswelch.com/;https://www.ilga.gov/House/Members/Details/3298;https://www.ilga.gov/house/Rep.asp?GA=103&MemberID=2859;https://www.ilga.gov/house/Rep.asp?GA=103&MemberID=3071;https://www.ilga.gov/house/Rep.asp?MemberID=3298,https://ancelglink.com/Attorney/Emanuel-C-Welch;https://ballotpedia.org/Chris_Welch;https://en.wikipedia.org/wiki/Emanuel_Chris_Welch;https://ilga.gov/house/default.asp?GA=103;https://ilga.gov/house/Rep.asp?GA=103&MemberID=3071;https://justfacts.votesmart.org/candidate/58207/chris-welch;https://www.emanuelchriswelch.com;https://www.ilga.gov/House/Members/Details/3298;https://www.ilga.gov/house/Rep.asp?GA=103&MemberID=2859;https://www.ilga.gov/house/Rep.asp?GA=103&MemberID=3071;https://www.ilga.gov/house/Rep.asp?MemberID=3298;https://www.linkedin.com/in/emanuelchriswelch,,,,"10055 W. Roosevelt Road Suite E, Westchester, IL 60154",708-450-1000,,,,,,
ocd-person/05030c23-9600-4d1c-ab77-46c17aec2059,Emil Jones,Democratic,14,upper,Emil,Jones,Male,ejones3@senatedem.ilga.gov,,1978-05-16,,https://cdn.ilga.gov/assets/img/members/{2C0EE719-E9D8-4625-990D-69FCE146BC0F}.jpg,https://ilga.gov/senate/Senator.asp?GA=101&MemberID=2579;https://ilga.gov/senate/Senator.asp?GA=102&MemberID=2823;https://ilga.gov/senate/Senator.asp?GA=103&MemberID=3043;https://www.ilga.gov/Senate/Members/Details/3276;https://www.ilga.gov/senate/Senator.asp?GA=103&MemberID=3043;https://www.ilga.gov/senate/Senator.asp?GA=104&MemberID=3276;https://www.senatoremiljones.com/,https://ballotpedia.org/Emil_Jones;https://en.wikipedia.org/wiki/Emil_Jones_III;https://ilga.gov/senate/default.asp?GA=101;https://ilga.gov/senate/default.asp?GA=102;https://ilga.gov/senate/default.asp?GA=103;https://ilga.gov/senate/Senator.asp?GA=101&MemberID=2579;https://ilga.gov/senate/Senator.asp?GA=102&MemberID=2823;https://ilga.gov/senate/Senator.asp?GA=103&MemberID=3043;https://justfacts.votesmart.org/candidate/biography/110860/emil-jones-iii;https://www.ilga.gov/Senate/Members/Details/3276;https://www.ilga.gov/senate/Senator.asp?GA=103&MemberID=3043;https://www.ilga.gov/senate/Senator.asp?GA=104&MemberID=3276;https://www.senatoremiljones.com,,,,"845 W. 115th St., Chicago, IL 60643",773-995-7748,,,,,,
ocd-person/4dadb374-d534-4ba0-8323-6e41a19933f5,Erica Harriss,Republican,56,upper,Erica,Harriss,Female,harris@ilsenategop.org,,,,https://cdn.ilga.gov/assets/img/members/{7762DCAD-269B-472B-BDD4-5F5A28D47817}.jpg,https://ilga.gov/senate/Senator.asp?GA=103&MemberID=3216;https://senatorericaharriss.com/;https://www.ilga.gov/Senate/Members/Details/3411;https://www.ilga.gov/senate/Senator.asp?GA=103&MemberID=3216;https://www.ilga.gov/senate/Senator.asp?GA=104&MemberID=3411,https://ballotpedia.org/Erica_Harriss;https://en.wikipedia.org/wiki/Erica_Harriss;https://ilga.gov/senate/default.asp?GA=103;https://ilga.gov/senate/Senator.asp?GA=103&MemberID=3216;https://justfacts.votesmart.org/candidate/biography/204398/erica-harriss;https://senatorericaharriss.com;https://www.ilga.gov/Senate/Members/Details/3411;https://www.ilga.gov/senate/Senator.asp?GA=103&MemberID=3216;https://www.ilga.gov/senate/Senator.asp?GA=104&MemberID=3411;https://www.linkedin.com/in/erica-harriss-76669a16,,,,"120 N. Main St. Suite 1B, Edwardsville, IL 62025",618-307-5789,,,,,,
ocd-person/01201203-526d-4d02-b6fc-cbe5a749b6ab,Eva-Dina Delgado,Democratic,3,lower,Eva-Dina,Delgado,Female,staterepdelgado@gmail.com,,,,https://cdn.ilga.gov/assets/img/members/{D02A93E7-7D84-4429-92AB-60B61084EBA1}.jpg,https://ilga.gov/house/Rep.asp?GA=101&MemberID=2775;https://ilga.gov/house/Rep.asp?GA=102&MemberID=2974;https://ilga.gov/house/Rep.asp?GA=103&MemberID=3165;https://www.ilga.gov/House/Members/Details/3373;https://www.ilga.gov/house/Rep.asp?GA=103&MemberID=3165;https://www.ilga.gov/house/Rep.asp?GA=104&MemberID=3373;https://www.ilga.gov/house/Rep.asp?MemberID=3373;https://www.staterepdelgado.com/,https://ballotpedia.org/Eva-Dina_Delgado;https://ballotpedia.org/Eva_Dina_Delgado;https://en.wikipedia.org/wiki/Eva-Dina_Delgado;https://ilga.gov/house/default.asp?GA=101;https://ilga.gov/house/default.asp?GA=102;https://ilga.gov/house/default.asp?GA=103;https://ilga.gov/house/Rep.asp?GA=101&MemberID=2775;https://ilga.gov/house/Rep.asp?GA=102&MemberID=2974;https://ilga.gov/house/Rep.asp?GA=103&MemberID=3165;https://www.ilga.gov/House/Members/Details/3373;https://www.ilga.gov/house/Rep.asp?GA=103&MemberID=3165;https://www.ilga.gov/house/Rep.asp?GA=104&MemberID=3373;https://www.ilga.gov/house/Rep.asp?MemberID=3373;https://www.linkedin.com/in/eva-dina-delgado-a64b594;https://www.staterepdelgado.com,,,,"6309 W. Belmont Ave., Chicago, IL 60634",773-237-4558,,,,,,
ocd-person/3806ac4f-5290-4eb7-ba30-aa406036dd7a,Fred Crespo,Democratic,44,lower,Fred,Crespo,Male,fred@fredcrespo.com,,,,https://cdn.ilga.gov/assets/img/members/{B92F7A2F-6517-4A3F-87B3-56FAA240285F}.jpg,https://fredcrespo.com/;https://ilga.gov/house/Rep.asp?GA=101&MemberID=2569;https://ilga.gov/house/Rep.asp?GA=102&MemberID=2817;https://ilga.gov/house/Rep.asp?GA=103&MemberID=3038;https://www.ilga.gov/House/Members/Details/3274;https://www.ilga.gov/house/Rep.asp?GA=103&MemberID=3038;https://www.ilga.gov/house/Rep.asp?GA=104&MemberID=3274;https://www.ilga.gov/house/Rep.asp?MemberID=3274,https://ballotpedia.org/Fred_Crespo;https://en.wikipedia.org/wiki/Fred_Crespo;https://fredcrespo.com;https://ilga.gov/house/default.asp?GA=101;https://ilga.gov/house/default.asp?GA=102;https://ilga.gov/house/default.asp?GA=103;https://ilga.gov/house/Rep.asp?GA=101&MemberID=2569;https://ilga.gov/house/Rep.asp?GA=102&MemberID=2817;https://ilga.gov/house/Rep.asp?GA=103&MemberID=3038;https://justfacts.votesmart.org/candidate/biography/57416/fred-crespo;https://www.ilga.gov/House/Members/Details/3274;https://www.ilga.gov/house/Rep.asp?GA=103&MemberID=3038;https://www.ilga.gov/house/Rep.asp?GA=104&MemberID=3274;https://www.ilga.gov/house/Rep.asp?MemberID=3274;https://www.linkedin.com/in/fred-crespo-7b14847,,,,"1014 E. Schaumburg Road, Streamwood, IL 60107",630-372-3340,,,,,,
ocd-person/95d8f5ae-4cc9-483b-913f-ccd07aa73e13,Graciela Guzmán,Democratic,20,upper,Graciela,Guzmán,Female,info@senatorguzman.com,,,,https://cdn.ilga.gov/assets/img/members/{5790FB4D-5540-4784-A354-6172684368C9}.jpg,https://www.ilga.gov/Senate/Members/Details/3442;https://www.ilga.gov/senate/Senator.asp?GA=104&MemberID=3442;https://www.senatorguzman.com/,https://ballotpedia.org/Graciela_Guzman;https://en.wikipedia.org/wiki/Graciela_Guzm%C3%A1n;https://justfacts.votesmart.org/candidate/biography/213037/graciela-guzman;https://www.hmprg.org/graciela-guzman;https://www.ilga.gov/Senate/Members/Details/3442;https://www.ilga.gov/senate/Senator.asp?GA=104&MemberID=3442;https://www.linkedin.com/in/guzmangraciela;https://www.senatorguzman.com,,,,"3140 W. Montrose Ave., Chicago, IL 60618",773-278-2020,,,,,,
ocd-person/26a0642d-d0b6-450f-9438-018a36b04cbf,Gregg Johnson,Democratic,72,lower,Gregg,Johnson,Male,support@repgreggjohnson.com,,,,https://cdn.ilga.gov/assets/img/members/{8746A238-F14D-428E-A0AD-E3D3F28F80F5}.jpg,https://ilga.gov/house/Rep.asp?GA=103&MemberID=3236;https://repgreggjohnson.com/;https://www.ilga.gov/House/Members/Details/3427;https://www.ilga.gov/house/Rep.asp?GA=103&MemberID=3236;https://www.ilga.gov/house/Rep.asp?GA=104&MemberID=3427;https://www.ilga.gov/house/Rep.asp?MemberID=3427,https://ballotpedia.org/Gregg_Johnson_(Illinois);https://ilga.gov/house/default.asp?GA=103;https://ilga.gov/house/Rep.asp?GA=103&MemberID=3236;https://justfacts.votesmart.org/candidate/biography/177114/gregg-johnson;https://repgreggjohnson.com;https://www.ilga.gov/House/Members/Details/3427;https://www.ilga.gov/house/Rep.asp?GA=103&MemberID=3236;https://www.ilga.gov/house/Rep.asp?GA=104&MemberID=3427;https://www.ilga.gov/house/Rep.asp?MemberID=3427;https://www.linkedin.com/in/gregg-johnson-884703a6,,,,"945 15th Ave., East Moline, IL 61244",309-203-1668,,,,,,
ocd-person/1574a50f-6d50-4d7d-87ee-db0254e5093e,Harry Benton,Democratic,97,lower,Harry,Benton,Male,info@repharrybenton.com,,,,https://cdn.ilga.gov/assets/img/members/{591DB385-5E0D-41CC-8B13-2FDA10A73D7F}.jpg,https://ilga.gov/house/Rep.asp?GA=103&MemberID=3241;https://www.ilga.gov/House/Members/Details/3432;https://www.ilga.gov/house/Rep.asp?GA=103&MemberID=3241;https://www.ilga.gov/house/Rep.asp?GA=104&MemberID=3432;https://www.ilga.gov/house/Rep.asp?MemberID=3432;https://www.repharrybenton.com/,https://ballotpedia.org/Harry_Benton;https://ilga.gov/house/default.asp?GA=103;https://ilga.gov/house/Rep.asp?GA=103&MemberID=3241;https://justfacts.votesmart.org/candidate/biography/188026/harry-benton;https://www.ilga.gov/House/Members/Details/3432;https://www.ilga.gov/house/Rep.asp?GA=103&MemberID=3241;https://www.ilga.gov/house/Rep.asp?GA=104&MemberID=3432;https://www.ilga.gov/house/Rep.asp?MemberID=3432;https://www.linkedin.com/in/harry-benton-64151b19a;https://www.repharrybenton.com,,,,"24047 Lockport St., Plainfield, IL 60544",815-254-0000,,,,,,
ocd-person/c7156dc3-31a6-4582-bf3a-b325c9dc868f,Hoan Huynh,Democratic,13,lower,Hoan,Huynh,Male,hello@rephoanhuynh.com,,,,https://cdn.ilga.gov/assets/img/members/{A6CE6A23-9F62-4C37-B297-4E48D79A3CE1}.jpg,https://ilga.gov/house/Rep.asp?GA=103&MemberID=3227;https://www.ilga.gov/House/Members/Details/3418;https://www.ilga.gov/house/Rep.asp?GA=103&MemberID=3227;https://www.ilga.gov/house/Rep.asp?GA=104&MemberID=3418;https://www.ilga.gov/house/Rep.asp?MemberID=3418;https://www.rephoanhuynh.com,https://ballotpedia.org/Hoan_Huynh;https://en.wikipedia.org/wiki/Hoan_Huynh;https://ilga.gov/house/default.asp?GA=103;https://ilga.gov/house/Rep.asp?GA=103&MemberID=3227;https://www.ilga.gov/House/Members/Details/3418;https://www.ilga.gov/house/Rep.asp?GA=103&MemberID=3227;https://www.ilga.gov/house/Rep.asp?GA=104&MemberID=3418;https://www.ilga.gov/house/Rep.asp?MemberID=3418;https://www.linkedin.com/in/hoandhuynh;https://www.rephoanhuynh.com,,,,"5025 N. Broadway St., First Floor, Chicago, IL 60640",773-348-3434,,,,,,
ocd-person/5da74880-f9e4-4c20-bc17-74d88526a7a4,Jackie Haas,Republican,79,lower,Jackie,Haas,Female,haas@ilhousegop.org,,,,https://cdn.ilga.gov/assets/img/members/{9E211C98-BCB9-43CF-8A78-57D295FB9D78}.jpg,https://ilga.gov/house/Rep.asp?GA=102&MemberID=2981;https://ilga.gov/house/Rep.asp?GA=103&MemberID=3171;https://rephaas.com/;https://www.ilga.gov/House/Members/Details/3379;https://www.ilga.gov/house/Rep.asp?GA=103&MemberID=3171;https://www.ilga.gov/house/Rep.asp?GA=104&MemberID=3379;https://www.ilga.gov/house/Rep.asp?MemberID=3379,https://ballotpedia.org/Jackie_Haas;https://en.wikipedia.org/wiki/Jackie_Haas_(politician);https://ilga.gov/house/default.asp?GA=102;https://ilga.gov/house/default.asp?GA=103;https://ilga.gov/house/Rep.asp?GA=102&MemberID=2981;https://ilga.gov/house/Rep.asp?GA=103&MemberID=3171;https://justfacts.votesmart.org/candidate/evaluations/188042/jackie-haas;https://rephaas.com;https://rephaas.com/;https://www.ilga.gov/House/Members/Details/3379;https://www.ilga.gov/house/Rep.asp?GA=103&MemberID=3171;https://www.ilga.gov/house/Rep.asp?GA=104&MemberID=3379;https://www.ilga.gov/house/Rep.asp?MemberID=3379;https://www.linkedin.com/in/jackie-haas-9823a52b,,,,"Clock Tower Building 187 S. Schuyler Ave., Suite 110, Kankakee, IL 60901",815-523-7779,,,,,,
ocd-person/c0d481c5-9d31-4780-b2b0-bc5327291d6b,Jaime Andrade,Democratic,40,lower,Jaime,Andrade,Male,info@staterep40.com,,1972-10-07,,https://cdn.ilga.gov/assets/img/members/{34A19039-7BF5-44A7-9A06-4EC121E52514}.jpg,https://ilga.gov/house/Rep.asp?GA=101&MemberID=2645;https://ilga.gov/house/Rep.asp?GA=102&MemberID=2875;https://ilga.gov/house/Rep.asp?GA=103&MemberID=3084;https://www.ilga.gov/House/Members/Details/3307;https://www.ilga.gov/house/Rep.asp?GA=103&MemberID=3084;https://www.ilga.gov/house/Rep.asp?GA=104&MemberID=3307;https://www.ilga.gov/house/Rep.asp?MemberID=3307;https://www.staterep40.com/,https://ballotpedia.org/Jaime_Andrade;https://en.wikipedia.org/wiki/Jaime_Andrade_Jr.;https://ilga.gov/house/default.asp?GA=101;https://ilga.gov/house/default.asp?GA=102;https://ilga.gov/house/default.asp?GA=103;https://ilga.gov/house/Rep.asp?GA=101&MemberID=2645;https://ilga.gov/house/Rep.asp?GA=102&MemberID=2875;https://ilga.gov/house/Rep.asp?GA=103&MemberID=3084;https://justfacts.votesmart.org/candidate/biography/144966/jaime-andrade-jr;https://www.ilga.gov/House/Members/Details/3307;https://www.ilga.gov/house/Rep.asp?GA=103&MemberID=3084;https://www.ilga.gov/house/Rep.asp?GA=104&MemberID=3307;https://www.ilga.gov/house/Rep.asp?MemberID=3307;https://www.linkedin.com/in/jaime-m-andrade-jr-48975412;https://www.staterep40.com,,,,"4007 N. Sacramento Ave., Chicago, IL 60618",773-267-2880,,,,,,
ocd-person/dc08395b-8a74-4795-b104-d7b11c1e42ca,Janet Yang Rohr,Democratic,41,lower,Janet,Yang Rohr,Female,info@repyangrohr.com,,,,https://cdn.ilga.gov/assets/img/members/{4B315A2D-F104-4613-BD17-77ECA3955B30}.jpg,https://ilga.gov/house/Rep.asp?GA=102&MemberID=2993;https://ilga.gov/house/Rep.asp?GA=103&MemberID=3182;https://www.ilga.gov/House/Members/Details/3387;https://www.ilga.gov/house/Rep.asp?GA=103&MemberID=3182;https://www.ilga.gov/house/Rep.asp?MemberID=3387;https://www.repyangrohr.com/,https://ballotpedia.org/Janet_Yang_Rohr;https://en.wikipedia.org/wiki/Janet_Yang_Rohr;https://ilga.gov/house/default.asp?GA=102;https://ilga.gov/house/default.asp?GA=103;https://ilga.gov/house/Rep.asp?GA=102&MemberID=2993;https://ilga.gov/house/Rep.asp?GA=103&MemberID=3182;https://justfacts.votesmart.org/candidate/biography/188070/janet-yang-rohr;https://www.ilga.gov/House/Members/Details/3387;https://www.ilga.gov/house/Rep.asp?GA=103&MemberID=3182;https://www.ilga.gov/house/Rep.asp?MemberID=3387;https://www.linkedin.com/in/jyangrohr;https://www.repyangrohr.com;https://www.repyangrohr.com/about,,,,"475 River Bend Road Suite 500, Naperville, IL 60540",630-296-4157,,,,,,
ocd-person/4a588ccf-b32f-4b66-978a-3415f71d2774,Jason Bunting,Republican,106,lower,Jason,Bunting,Male,bunting@ilhousegop.org,,,,https://cdn.ilga.gov/assets/img/members/{5F0F6F55-F573-4F05-B495-878685C2C00A}.jpg,https://ilga.gov/house/Rep.asp?GA=103&MemberID=3250;https://repbunting.com/;https://www.ilga.gov/House/Members/Details/3439;https://www.ilga.gov/house/Rep.asp?GA=103&MemberID=3250;https://www.ilga.gov/house/Rep.asp?GA=104&MemberID=3439;https://www.ilga.gov/house/Rep.asp?MemberID=3439,https://ballotpedia.org/Jason_Bunting;https://en.wikipedia.org/wiki/Jason_Bunting;https://ilga.gov/house/default.asp?GA=103;https://ilga.gov/house/Rep.asp?GA=103&MemberID=3250;https://justfacts.votesmart.org/candidate/biography/159107/jason-bunting;https://repbunting.com;https://www.ilga.gov/House/Members/Details/3439;https://www.ilga.gov/house/Rep.asp?GA=103&MemberID=3250;https://www.ilga.gov/house/Rep.asp?GA=104&MemberID=3439;https://www.ilga.gov/house/Rep.asp?MemberID=3439,,,,"342 W. Walnut St. Suite 2, Watseka, IL 60970",779-218-3070,,,,,,
ocd-person/d868bc8f-f51c-4f5b-a9a3-3608b8b44b29,Jason Plummer,Republican,55,upper,Jason,Plummer,Male,senator@senatorjasonplummer.com,,1982-06-04,,https://cdn.ilga.gov/assets/img/members/{CE75DC7E-2CD4-4D01-B697-C2866F828E25}.jpg,https://ilga.gov/senate/Senator.asp?GA=101&MemberID=2730;https://ilga.gov/senate/Senator.asp?GA=102&MemberID=2935;https://ilga.gov/senate/Senator.asp?GA=103&MemberID=3133;https://senatorjasonplummer.com/;https://www.ilga.gov/Senate/Members/Details/3344;https://www.ilga.gov/senate/Senator.asp?GA=103&MemberID=3133;https://www.ilga.gov/senate/Senator.asp?GA=104&MemberID=3344,https://ballotpedia.org/Jason_Plummer;https://en.wikipedia.org/wiki/Jason_Plummer_(politician);https://ilga.gov/senate/default.asp?GA=101;https://ilga.gov/senate/default.asp?GA=102;https://ilga.gov/senate/default.asp?GA=103;https://ilga.gov/senate/Senator.asp?GA=101&MemberID=2730;https://ilga.gov/senate/Senator.asp?GA=102&MemberID=2935;https://ilga.gov/senate/Senator.asp?GA=103&MemberID=3133;https://justfacts.votesmart.org/candidate/biography/122133/jason-plummer;https://senatorjasonplummer.com;https://www.ilga.gov/Senate/Members/Details/3344;https://www.ilga.gov/senate/Senator.asp?GA=103&MemberID=3133;https://www.ilga.gov/senate/Senator.asp?GA=104&MemberID=3344;https://www.linkedin.com/in/jason-plummer-734914137,,,,"310 W. Gallatin St., Vandalia, IL 62471",618-283-3000,,,,,,
ocd-person/caf27c44-2fec-4e26-a102-e6a30ca56be0,Javier Cervantes,Democratic,1,upper,Javier,Cervantes,Male,senator.jcervantes@gmail.com,,,,https://cdn.ilga.gov/assets/img/members/{C05FD6B2-E0A9-4446-AAE5-D67396FCE7D5}.jpg,https://ilga.gov/senate/Senator.asp?GA=103&MemberID=3206;https://www.ilga.gov/Senate/Members/Details/3403;https://www.ilga.gov/senate/Senator.asp?GA=103&MemberID=3206;https://www.ilga.gov/senate/Senator.asp?GA=104&MemberID=3403;https://www.senatorcervantes.com/,https://ballotpedia.org/Javier_Loera_Cervantes;https://en.wikipedia.org/wiki/Javier_Cervantes;https://ilga.gov/senate/default.asp?GA=103;https://ilga.gov/senate/Senator.asp?GA=103&MemberID=3206;https://justfacts.votesmart.org/candidate/biography/204366/javier-cervantes;https://www.ilga.gov/Senate/Members/Details/3403;https://www.ilga.gov/senate/Senator.asp?GA=103&MemberID=3206;https://www.ilga.gov/senate/Senator.asp?GA=104&MemberID=3403;https://www.linkedin.com/in/javier-loera-cervantes-9959a7173;https://www.senatorcervantes.com,,,,"6729 Stanley Ave. 1st Floor, Suite A, Berwyn, IL 60609",773-869-9050,,,,,,
ocd-person/b79ed17d-30a6-4d03-af90-ad3b34610395,Omar Williams,Democratic,10,lower,Omar,Williams,Male,repwilliamsoffice@gmail.com,,1975-03-13,,https://cdn.ilga.gov/assets/img/members/{32750D93-496F-42CA-9CCE-93C3451713A1}.jpg,https://ilga.gov/house/Rep.asp?GA=101&MemberID=2768;https://ilga.gov/house/Rep.asp?GA=102&MemberID=2969;https://ilga.gov/house/Rep.asp?GA=103&MemberID=3160;https://www.ilga.gov/House/Members/Details/3368;https://www.ilga.gov/house/Rep.asp?GA=103&MemberID=3160;https://www.ilga.gov/house/Rep.asp?MemberID=3368,https://ballotpedia.org/Jawaharial_%22Omar%22_Williams;https://en.wikipedia.org/wiki/Jawaharial_Williams;https://ilga.gov/house/default.asp?GA=101;https://ilga.gov/house/default.asp?GA=102;https://ilga.gov/house/default.asp?GA=103;https://ilga.gov/house/Rep.asp?GA=101&MemberID=2768;https://ilga.gov/house/Rep.asp?GA=102&MemberID=2969;https://ilga.gov/house/Rep.asp?GA=103&MemberID=3160;https://justfacts.votesmart.org/candidate/biography/186497/omar-williams;https://www.ilga.gov/House/Members/Details/3368;https://www.ilga.gov/house/Rep.asp?GA=103&MemberID=3160;https://www.ilga.gov/house/Rep.asp?MemberID=3368;https://www.linkedin.com/in/jawaharial-omarr-williams-6146bb7,,,,"2532 W. Warren Blvd. Suite A, Chicago, IL 60612",312-265-1019,,,,,,
ocd-person/21e2f7d1-8073-4ee1-a5b5-b32ccdd321d5,Jay Hoffman,Democratic,113,lower,Jay,Hoffman,Male,repjayhoffman@gmail.com,,1961-11-06,,https://cdn.ilga.gov/assets/img/members/{FCD7EF06-36D9-46A7-8085-4B5A5ED81A80}.jpg,https://ilga.gov/house/Rep.asp?GA=101&MemberID=2643;https://ilga.gov/house/Rep.asp?GA=102&MemberID=2874;https://ilga.gov/house/Rep.asp?GA=103&MemberID=3083;https://www.ilga.gov/House/Members/Details/3306;https://www.ilga.gov/house/Rep.asp?GA=103&MemberID=3083;https://www.ilga.gov/house/Rep.asp?GA=104&MemberID=3306;https://www.ilga.gov/house/Rep.asp?MemberID=3306,https://ballotpedia.org/Jay_C._Hoffman;https://en.wikipedia.org/wiki/Jay_Hoffman_(politician);https://ilga.gov/house/default.asp?GA=101;https://ilga.gov/house/default.asp?GA=102;https://ilga.gov/house/default.asp?GA=103;https://ilga.gov/house/Rep.asp?GA=101&MemberID=2643;https://ilga.gov/house/Rep.asp?GA=102&MemberID=2874;https://ilga.gov/house/Rep.asp?GA=103&MemberID=3083;https://justfacts.votesmart.org/candidate/biography/6334/jay-hoffman;https://www.ilga.gov/House/Members/Details/3306;https://www.ilga.gov/house/Rep.asp?GA=103&MemberID=3083;https://www.ilga.gov/house/Rep.asp?GA=104&MemberID=3306;https://www.ilga.gov/house/Rep.asp?MemberID=3306;https://www.linkedin.com/in/jay-hoffman-756156158,,,,"2300 W. Main St. Suite M200, Belleville, IL 62226",618-416-7407,,,,,,
ocd-person/a9c919a3-8fba-4bad-8589-315491cd9b0e,Jed Davis,Republican,75,lower,Jed,Davis,Male,davisstaff@ilhousegop.org,,,,https://cdn.ilga.gov/assets/img/members/{AFBDE3F1-DE4D-419A-A7AB-D27678B015BE}.jpg,https://ilga.gov/house/Rep.asp?GA=103&MemberID=3223;https://repjeddavis.com/;https://www.ilga.gov/House/Members/Details/3414;https://www.ilga.gov/house/Rep.asp?GA=103&MemberID=3223;https://www.ilga.gov/house/Rep.asp?GA=104&MemberID=3414;https://www.ilga.gov/house/Rep.asp?MemberID=3414,https://ballotpedia.org/Jed_Davis;https://en.wikipedia.org/wiki/Jed_Davis_(politician);https://ilga.gov/house/default.asp?GA=103;https://ilga.gov/house/Rep.asp?GA=103&MemberID=3223;https://justfacts.votesmart.org/candidate/biography/204478/jed-davis;https://repjeddavis.com;https://www.ilga.gov/House/Members/Details/3414;https://www.ilga.gov/house/Rep.asp?GA=103&MemberID=3223;https://www.ilga.gov/house/Rep.asp?GA=104&MemberID=3414;https://www.ilga.gov/house/Rep.asp?MemberID=3414;https://www.linkedin.com/in/thisjed,,,,"1925 S. Bridge St., Yorkville, IL 60560",331-867-8200,,,,,,
ocd-person/1055f952-0000-4628-9584-c2a3fc9e991c,Jeff Keicher,Republican,70,lower,Jeff,Keicher,Male,keicher@ilhousegop.org,,,,https://cdn.ilga.gov/assets/img/members/{FD009EA6-624D-45C7-A093-BC66B8B3C090}.jpg,https://ilga.gov/house/Rep.asp?GA=101&MemberID=2706;https://ilga.gov/house/Rep.asp?GA=102&MemberID=2921;https://ilga.gov/house/Rep.asp?GA=103&MemberID=3120;https://repkeicher.com/;https://www.ilga.gov/House/Members/Details/3333;https://www.ilga.gov/house/Rep.asp?GA=103&MemberID=3120;https://www.ilga.gov/house/Rep.asp?GA=104&MemberID=3333;https://www.ilga.gov/house/Rep.asp?MemberID=3333,https://ballotpedia.org/Jeff_Keicher;https://en.wikipedia.org/wiki/Jeff_Keicher;https://ilga.gov/house/default.asp?GA=101;https://ilga.gov/house/default.asp?GA=102;https://ilga.gov/house/default.asp?GA=103;https://ilga.gov/house/Rep.asp?GA=101&MemberID=2706;https://ilga.gov/house/Rep.asp?GA=102&MemberID=2921;https://ilga.gov/house/Rep.asp?GA=103&MemberID=3120;https://justfacts.votesmart.org/candidate/biography/177200/jeff-keicher;https://repkeicher.com;https://www.ilga.gov/House/Members/Details/3333;https://www.ilga.gov/house/Rep.asp?GA=103&MemberID=3120;https://www.ilga.gov/house/Rep.asp?GA=104&MemberID=3333;https://www.ilga.gov/house/Rep.asp?MemberID=3333;https://www.linkedin.com/in/jeff-keicher,,,,"158 W. State St. Suite C, Sycamore, IL 60178",815-748-3494,,,,,,
ocd-person/968d7e1e-e0e8-47f0-a258-586eb6cfbac9,Jehan Gordon-Booth,Democratic,92,lower,Jehan,Gordon-Booth,Female,repjgordon@gmail.com,,,,https://cdn.ilga.gov/assets/img/members/{A81D0C01-0A50-446D-B796-3A5A6D046EB1}.jpg,https://ilga.gov/house/Rep.asp?GA=101&MemberID=2576;https://ilga.gov/house/Rep.asp?GA=102&MemberID=2821;https://ilga.gov/house/Rep.asp?GA=103&MemberID=3042;https://www.ilga.gov/House/Members/Details/3275;https://www.ilga.gov/house/Rep.asp?GA=103&MemberID=3042;https://www.ilga.gov/house/Rep.asp?GA=104&MemberID=3275;https://www.ilga.gov/house/Rep.asp?MemberID=3275;https://www.repgordonbooth.com/,https://ballotpedia.org/Jehan_Gordon-Booth;https://en.wikipedia.org/wiki/Jehan_Gordon-Booth;https://ilga.gov/house/default.asp?GA=101;https://ilga.gov/house/default.asp?GA=102;https://ilga.gov/house/default.asp?GA=103;https://ilga.gov/house/Rep.asp?GA=101&MemberID=2576;https://ilga.gov/house/Rep.asp?GA=102&MemberID=2821;https://ilga.gov/house/Rep.asp?GA=103&MemberID=3042;https://www.ilga.gov/House/Members/Details/3275;https://www.ilga.gov/house/Rep.asp?GA=103&MemberID=3042;https://www.ilga.gov/house/Rep.asp?GA=104&MemberID=3275;https://www.ilga.gov/house/Rep.asp?MemberID=3275;https://www.repgordonbooth.com,,,,"300 E. War Memorial Drive Suite 303, Peoria, IL 61614",309-681-1992,,,,,,
ocd-person/cf97f459-e1cd-474b-8306-3c55d7c009b0,Jen Gong-Gershowitz,Democratic,17,lower,Jen,Gong-Gershowitz,Female,info@gonggershowitz.com,,,,https://cdn.ilga.gov/assets/img/members/{395E8140-10ED-4C70-81B9-2673676BF467}.jpg,https://ilga.gov/house/Rep.asp?GA=101&MemberID=2744;https://ilga.gov/house/Rep.asp?GA=102&MemberID=2945;https://ilga.gov/house/Rep.asp?GA=103&MemberID=3141;https://www.gonggershowitz.com/;https://www.ilga.gov/House/Members/Details/3352;https://www.ilga.gov/house/Rep.asp?GA=103&MemberID=3141;https://www.ilga.gov/house/Rep.asp?GA=104&MemberID=3352;https://www.ilga.gov/house/Rep.asp?MemberID=3352,https://ballotpedia.org/Jennifer_Gong-Gershowitz;https://en.wikipedia.org/wiki/Jennifer_Gong-Gershowitz;https://ilga.gov/house/default.asp?GA=101;https://ilga.gov/house/default.asp?GA=102;https://ilga.gov/house/default.asp?GA=103;https://ilga.gov/house/Rep.asp?GA=101&MemberID=2744;https://ilga.gov/house/Rep.asp?GA=102&MemberID=2945;https://ilga.gov/house/Rep.asp?GA=103&MemberID=3141;https://justfacts.votesmart.org/candidate/biography/177138/jennifer-gong-gershowitz;https://www.gonggershowitz.com;https://www.ilga.gov/House/Members/Details/3352;https://www.ilga.gov/house/Rep.asp?GA=103&MemberID=3141;https://www.ilga.gov/house/Rep.asp?GA=104&MemberID=3352;https://www.ilga.gov/house/Rep.asp?MemberID=3352;https://www.linkedin.com/in/jennifer-gong-gershowitz-05a11b12,,,,"1812 Waukegan Road Suite B, Glenview, IL 60025",847-486-8810,,,,,,
ocd-person/0069021e-b341-44fd-9d02-d876839c5c23,Jennifer Sanalitro,Republican,48,lower,Jennifer,Sanalitro,Female,sanalitro@ilhousegop.org,,,,https://cdn.ilga.gov/assets/img/members/{07C35999-DEF2-49BA-8A46-7D9D8204BCEA}.jpg,https://ilga.gov/house/Rep.asp?GA=103&MemberID=3231;https://repsanalitro.com/;https://www.ilga.gov/House/Members/Details/3422;https://www.ilga.gov/house/Rep.asp?GA=103&MemberID=3231;https://www.ilga.gov/house/Rep.asp?MemberID=3422,https://ballotpedia.org/Jennifer_Sanalitro;https://en.wikipedia.org/wiki/Jennifer_Sanalitro;https://ilga.gov/house/default.asp?GA=103;https://ilga.gov/house/Rep.asp?GA=103&MemberID=3231;https://repsanalitro.com;https://www.ilga.gov/House/Members/Details/3422;https://www.ilga.gov/house/Rep.asp?GA=103&MemberID=3231;https://www.ilga.gov/house/Rep.asp?MemberID=3422;https://www.linkedin.com/in/jennifer-sanalitro-a00b20144,,,,"994 W. Army Trail Road, Carol Stream, IL 60188",630-349-0645,,,,,,
ocd-person/be85f354-7f46-48aa-afc7-850502fda3cb,Jil Tracy,Republican,50,upper,Jil,Tracy,Female,tracy@ilsenategop.org,,1956-02-29,,https://cdn.ilga.gov/assets/img/members/{21C0F860-E9DD-4215-A3AA-703E275C8526}.jpg,https://ilga.gov/senate/Senator.asp?GA=101&MemberID=2680;https://ilga.gov/senate/Senator.asp?GA=102&MemberID=2899;https://ilga.gov/senate/Senator.asp?GA=103&MemberID=3103;https://senatorjiltracy.com/;https://www.ilga.gov/Senate/Members/Details/3319;https://www.ilga.gov/senate/Senator.asp?GA=103&MemberID=3103;https://www.ilga.gov/senate/Senator.asp?GA=104&MemberID=3319,https://ballotpedia.org/Jil_Tracy;https://en.wikipedia.org/wiki/Jil_Tracy;https://ilga.gov/senate/default.asp?GA=101;https://ilga.gov/senate/default.asp?GA=102;https://ilga.gov/senate/default.asp?GA=103;https://ilga.gov/senate/Senator.asp?GA=101&MemberID=2680;https://ilga.gov/senate/Senator.asp?GA=102&MemberID=2899;https://ilga.gov/senate/Senator.asp?GA=103&MemberID=3103;https://justfacts.votesmart.org/candidate/biography/68145/jil-tracy;https://senatorjiltracy.com;https://www.ilga.gov/Senate/Members/Details/3319;https://www.ilga.gov/senate/Senator.asp?GA=103&MemberID=3103;https://www.ilga.gov/senate/Senator.asp?GA=104&MemberID=3319;https://www.linkedin.com/in/jil-tracy-8981a435,,,,"3601 E. Lake Centre Drive Suite 200, Quincy, IL 62305",217-223-0833,,,,,,
ocd-person/6471a51f-0707-4966-b122-9597554d3c19,Joe Sosnowski,Republican,69,lower,Joe,Sosnowski,Male,sosnowski@ilhousegop.org,,1977-04-13,,https://cdn.ilga.gov/assets/img/members/{7DEBF89C-D2BA-4952-94A2-40F564A00144}.jpg,https://ilga.gov/house/Rep.asp?GA=101&MemberID=2594;https://ilga.gov/house/Rep.asp?GA=102&MemberID=2836;https://ilga.gov/house/Rep.asp?GA=103&MemberID=3053;https://joesosnowski.org/;https://www.ilga.gov/House/Members/Details/3285;https://www.ilga.gov/house/Rep.asp?GA=103&MemberID=3053;https://www.ilga.gov/house/Rep.asp?MemberID=3285,https://ballotpedia.org/Joe_Sosnowski;https://en.wikipedia.org/wiki/Joe_Sosnowski;https://ilga.gov/house/default.asp?GA=101;https://ilga.gov/house/default.asp?GA=102;https://ilga.gov/house/default.asp?GA=103;https://ilga.gov/house/Rep.asp?GA=101&MemberID=2594;https://ilga.gov/house/Rep.asp?GA=102&MemberID=2836;https://ilga.gov/house/Rep.asp?GA=103&MemberID=3053;https://joesosnowski.org;https://justfacts.votesmart.org/candidate/biography/74480/joe-sosnowski;https://www.ilga.gov/House/Members/Details/3285;https://www.ilga.gov/house/Rep.asp?GA=103&MemberID=3053;https://www.ilga.gov/house/Rep.asp?MemberID=3285;https://www.linkedin.com/in/joesosnowski,,,,"1700 Hutchins Road Unit B, Machesney Park, IL 61115",815-547-3436,,,,,,
ocd-person/cb63cb04-f84b-4fc9-91cf-05c4e1f93345,John Curran,Republican,41,upper,John,Curran,Male,senatorcurran@gmail.com,,,,https://cdn.ilga.gov/assets/img/members/{7FC724D0-C297-4D20-AC25-3D879DE286B8}.jpg,https://ilga.gov/senate/Senator.asp?GA=101&MemberID=2699;https://ilga.gov/senate/Senator.asp?GA=102&MemberID=2915;https://ilga.gov/senate/Senator.asp?GA=103&MemberID=3115;https://senatorcurran.com/;https://www.ilga.gov/Senate/Members/Details/3329;https://www.ilga.gov/senate/Senator.asp?GA=103&MemberID=3115;https://www.ilga.gov/senate/Senator.asp?GA=104&MemberID=3329,https://ballotpedia.org/John_Curran;https://en.wikipedia.org/wiki/John_Curran_(Illinois_politician);https://ilga.gov/senate/default.asp?GA=101;https://ilga.gov/senate/default.asp?GA=102;https://ilga.gov/senate/default.asp?GA=103;https://ilga.gov/senate/Senator.asp?GA=101&MemberID=2699;https://ilga.gov/senate/Senator.asp?GA=102&MemberID=2915;https://ilga.gov/senate/Senator.asp?GA=103&MemberID=3115;https://justfacts.votesmart.org/candidate/74860/john-curran;https://senatorcurran.com;https://www.ilga.gov/Senate/Members/Details/3329;https://www.ilga.gov/senate/Senator.asp?GA=103&MemberID=3115;https://www.ilga.gov/senate/Senator.asp?GA=104&MemberID=3329;https://www.linkedin.com/in/john-curran-24b854145,,,,"1011 State St. Suite 205, Lemont, IL 60439",630-914-5733,,,,,,
ocd-person/b442db35-fab4-4318-a07b-0e88c314fbaa,John Cabello,Republican,90,lower,John,Cabello,Male,cabello@ilhousegop.org,,,,https://cdn.ilga.gov/assets/img/members/{9E64DAD4-4264-42B1-AFDA-AB8F652472A3}.jpg,https://ilga.gov/house/Rep.asp?GA=101&MemberID=2607;https://ilga.gov/house/Rep.asp?GA=103&MemberID=3239;https://repcabello.com/;https://www.ilga.gov/House/Members/Details/3430;https://www.ilga.gov/house/Rep.asp?GA=101&MemberID=2607;https://www.ilga.gov/house/Rep.asp?GA=103&MemberID=3239;https://www.ilga.gov/house/Rep.asp?GA=104&MemberID=3430;https://www.ilga.gov/house/Rep.asp?MemberID=3430,https://ballotpedia.org/John_M._Cabello;https://en.wikipedia.org/wiki/John_Cabello;https://ilga.gov/house/default.asp?GA=101;https://ilga.gov/house/default.asp?GA=103;https://ilga.gov/house/Rep.asp?GA=101&MemberID=2607;https://ilga.gov/house/Rep.asp?GA=103&MemberID=3239;https://justfacts.votesmart.org/candidate/biography/116666/john-cabello;https://repcabello.com;https://www.ilga.gov/House/Members/Details/3430;https://www.ilga.gov/house/Rep.asp?GA=101&MemberID=2607;https://www.ilga.gov/house/Rep.asp?GA=103&MemberID=3239;https://www.ilga.gov/house/Rep.asp?GA=104&MemberID=3430;https://www.ilga.gov/house/Rep.asp?MemberID=3430;https://www.linkedin.com/in/john-cabello-81b70330,,,,"1700 Hutchins Road Unit B, Machesney Park, IL 61115",815-974-0090,,,,,,
ocd-person/96f00b4c-0a56-4fe0-bd59-7d49eb93531c,Joyce Mason,Democratic,61,lower,Joyce,Mason,Female,info@repjoycemason.com,,,,https://cdn.ilga.gov/assets/img/members/{26C52E17-9395-4BF8-B6E6-3E1CE6234032}.jpg,https://ilga.gov/house/Rep.asp?GA=101&MemberID=2751;https://ilga.gov/house/Rep.asp?GA=102&MemberID=2952;https://ilga.gov/house/Rep.asp?GA=103&MemberID=3147;https://www.ilga.gov/House/Members/Details/3357;https://www.ilga.gov/house/Rep.asp?GA=103&MemberID=3147;https://www.ilga.gov/house/Rep.asp?MemberID=3357;https://www.repjoycemason.com/,https://ballotpedia.org/Joyce_Mason;https://en.wikipedia.org/wiki/Joyce_Mason;https://ilga.gov/house/default.asp?GA=101;https://ilga.gov/house/default.asp?GA=102;https://ilga.gov/house/default.asp?GA=103;https://ilga.gov/house/Rep.asp?GA=101&MemberID=2751;https://ilga.gov/house/Rep.asp?GA=102&MemberID=2952;https://ilga.gov/house/Rep.asp?GA=103&MemberID=3147;https://justfacts.votesmart.org/candidate/biography/177192/joyce-mason;https://www.ilga.gov/House/Members/Details/3357;https://www.ilga.gov/house/Rep.asp?GA=103&MemberID=3147;https://www.ilga.gov/house/Rep.asp?MemberID=3357;https://www.linkedin.com/in/repjoycemason;https://www.repjoycemason.com;https://www.repjoycemason.com/meetrepmason,,,,"34121 N. U.S. Highway 45 Suite 12, Grayslake, IL 60030",847-485-9986,,,,,,
ocd-person/1e106d7c-5aba-40d1-932b-760b599c70ae,Julie Morrison,Democratic,29,upper,Julie,Morrison,Female,morrison@senatedem.illinois.gov,,1956-09-20,,https://cdn.ilga.gov/assets/img/members/{0E6BF8A6-C5C8-4F54-977B-D5FD11707FA5}.jpg,https://ilga.gov/senate/Senator.asp?GA=101&MemberID=2619;https://ilga.gov/senate/Senator.asp?GA=102&MemberID=2854;https://ilga.gov/senate/Senator.asp?GA=103&MemberID=3067;https://www.ilga.gov/Senate/Members/Details/3294;https://www.ilga.gov/senate/Senator.asp?GA=103&MemberID=3067;https://www.ilga.gov/senate/Senator.asp?GA=104&MemberID=3294;https://www.senatorjuliemorrison.com/,https://ballotpedia.org/Julie_Morrison;https://en.wikipedia.org/wiki/Julie_Morrison;https://ilga.gov/senate/default.asp?GA=101;https://ilga.gov/senate/default.asp?GA=102;https://ilga.gov/senate/default.asp?GA=103;https://ilga.gov/senate/Senator.asp?GA=101&MemberID=2619;https://ilga.gov/senate/Senator.asp?GA=102&MemberID=2854;https://ilga.gov/senate/Senator.asp?GA=103&MemberID=3067;https://justfacts.votesmart.org/candidate/biography/113571/julie-morrison;https://www.ilga.gov/Senate/Members/Details/3294;https://www.ilga.gov/senate/Senator.asp?GA=103&MemberID=3067;https://www.ilga.gov/senate/Senator.asp?GA=104&MemberID=3294;https://www.linkedin.com/in/julie-morrison-0b3b2940;https://www.senatorjuliemorrison.com,,,,"400 Lake Cook Road Suite 100B, Deerfield, IL 60015",847-945-5200,,,,,,
ocd-person/afff2974-37d0-428c-be7a-0240395544f6,Justin Cochran,Democratic,55,lower,Justin,Cochran,Male,contact@repjustincochran.com,,,,https://cdn.ilga.gov/assets/img/members/{54FFB767-E6F6-4F20-951A-2CBCD1B06211}.jpg,https://www.ilga.gov/House/Members/Details/3462;https://www.repjustincochran.com/,https://ballotpedia.org/Justin_Cochran;https://en.wikipedia.org/wiki/Justin_Cochran;https://www.ilga.gov/House/Members/Details/3462;https://www.linkedin.com/in/justin-cochran-b8b87454;https://www.repjustincochran.com,,,,"Room 233-E, Stratton Office Building, Springfield, IL 62706",217-782-8007,,,,,,
ocd-person/c296134a-f9b3-4c65-9ed5-3ecccde59386,Justin Slaughter,Democratic,27,lower,Justin,Slaughter,Male,justin@repslaughter.com,,1980-04-24,,https://cdn.ilga.gov/assets/img/members/{170C17F3-38A1-42E5-B222-020B43077D53}.jpg,https://ilga.gov/house/Rep.asp?GA=101&MemberID=2682;https://ilga.gov/house/Rep.asp?GA=102&MemberID=2900;https://ilga.gov/house/Rep.asp?GA=103&MemberID=3104;https://repslaughter27.com/;https://www.ilga.gov/House/Members/Details/3320;https://www.ilga.gov/house/Rep.asp?GA=103&MemberID=3104;https://www.ilga.gov/house/Rep.asp?MemberID=3320,https://ballotpedia.org/Justin_Slaughter;https://en.wikipedia.org/wiki/Justin_Slaughter;https://ilga.gov/house/default.asp?GA=101;https://ilga.gov/house/default.asp?GA=102;https://ilga.gov/house/default.asp?GA=103;https://ilga.gov/house/Rep.asp?GA=101&MemberID=2682;https://ilga.gov/house/Rep.asp?GA=102&MemberID=2900;https://ilga.gov/house/Rep.asp?GA=103&MemberID=3104;https://repslaughter27.com;https://www.ilga.gov/House/Members/Details/3320;https://www.ilga.gov/house/Rep.asp?GA=103&MemberID=3104;https://www.ilga.gov/house/Rep.asp?MemberID=3320;https://www.linkedin.com/in/justinqslaughter,,,,"1234 W. 95th St., Chicago, IL 60643",773-445-9700,,,,,,
ocd-person/8b7174cd-4081-4717-8ba9-184518f7b31e,Kam Buckner,Democratic,26,lower,Kam,Buckner,Male,buckner@illinois26.com,,1985-05-12,,https://cdn.ilga.gov/assets/img/members/{37E72FD2-6318-45FD-9FF1-C750EB26137D}.jpg,https://ilga.gov/house/Rep.asp?GA=101&MemberID=2765;https://ilga.gov/house/Rep.asp?GA=102&MemberID=2966;https://ilga.gov/house/Rep.asp?GA=103&MemberID=3158;https://www.ilga.gov/House/Members/Details/3366;https://www.ilga.gov/house/Rep.asp?GA=103&MemberID=3158;https://www.ilga.gov/house/Rep.asp?GA=104&MemberID=3366;https://www.ilga.gov/house/Rep.asp?MemberID=3366;https://www.illinois26.com,https://ballotpedia.org/Kambium_Buckner;https://en.wikipedia.org/wiki/Kam_Buckner;https://ilga.gov/house/default.asp?GA=101;https://ilga.gov/house/default.asp?GA=102;https://ilga.gov/house/default.asp?GA=103;https://ilga.gov/house/Rep.asp?GA=101&MemberID=2765;https://ilga.gov/house/Rep.asp?GA=102&MemberID=2966;https://ilga.gov/house/Rep.asp?GA=103&MemberID=3158;https://justfacts.votesmart.org/candidate/186201/kam-buckner;https://www.ilga.gov/House/Members/Details/3366;https://www.ilga.gov/house/Rep.asp?GA=103&MemberID=3158;https://www.ilga.gov/house/Rep.asp?GA=104&MemberID=3366;https://www.ilga.gov/house/Rep.asp?MemberID=3366;https://www.illinois26.com;https://www.linkedin.com/in/kam-buckner-7b29613a,,,,"449 E. 35th St., Chicago, IL 60616",773-924-1755,,,,,,
ocd-person/ca80672a-9d02-4287-9cd2-d2a7d08f604a,Karina Villa,Democratic,25,upper,Karina,Villa,Female,info@senatorvilla.com,,1978-09-20,,https://cdn.ilga.gov/assets/img/members/{C8126F4D-472E-4738-85B5-87A229F8174A}.jpg,https://ilga.gov/house/Rep.asp?GA=101&MemberID=2742;https://ilga.gov/senate/Senator.asp?GA=102&MemberID=2987;https://ilga.gov/senate/Senator.asp?GA=103&MemberID=3177;https://senatorvilla.com/;https://www.ilga.gov/Senate/Members/Details/3385;https://www.ilga.gov/senate/Senator.asp?GA=103&MemberID=3177;https://www.ilga.gov/senate/Senator.asp?GA=104&MemberID=3385,https://ballotpedia.org/Karina_Villa;https://en.wikipedia.org/wiki/Karina_Villa;https://ilga.gov/house/default.asp?GA=101;https://ilga.gov/house/Rep.asp?GA=101&MemberID=2742;https://ilga.gov/senate/default.asp?GA=102;https://ilga.gov/senate/default.asp?GA=103;https://ilga.gov/senate/Senator.asp?GA=102&MemberID=2987;https://ilga.gov/senate/Senator.asp?GA=103&MemberID=3177;https://justfacts.votesmart.org/candidate/biography/177178/karina-villa;https://senatorvilla.com;https://www.ilga.gov/Senate/Members/Details/3385;https://www.ilga.gov/senate/Senator.asp?GA=103&MemberID=3177;https://www.ilga.gov/senate/Senator.asp?GA=104&MemberID=3385;https://www.linkedin.com/in/karina-villa-474524144,,,,"946 N. Neltnor Blvd. Suite 104, West Chicago, IL 60185",630-326-9319,,,,,,
ocd-person/ceb7f558-3a2c-4041-bf3b-f5a9a511e8b3,Katie Stuart,Democratic,112,lower,Katie,Stuart,Female,repkatiestuart@gmail.com,,,,https://cdn.ilga.gov/assets/img/members/{D6DC8152-9760-4BEA-ACF5-C41785E6F6C4}.jpg,https://ilga.gov/house/Rep.asp?GA=101&MemberID=2695;https://ilga.gov/house/Rep.asp?GA=102&MemberID=2911;https://ilga.gov/house/Rep.asp?GA=103&MemberID=3112;https://repstuart.com/;https://www.ilga.gov/House/Members/Details/3326;https://www.ilga.gov/house/Rep.asp?GA=103&MemberID=3112;https://www.ilga.gov/house/Rep.asp?MemberID=3326,https://ballotpedia.org/Katie_Stuart;https://en.wikipedia.org/wiki/Katie_Stuart_(politician);https://ilga.gov/house/default.asp?GA=101;https://ilga.gov/house/default.asp?GA=102;https://ilga.gov/house/default.asp?GA=103;https://ilga.gov/house/Rep.asp?GA=101&MemberID=2695;https://ilga.gov/house/Rep.asp?GA=102&MemberID=2911;https://ilga.gov/house/Rep.asp?GA=103&MemberID=3112;https://justfacts.votesmart.org/candidate/biography/166431/katie-stuart;https://repstuart.com;https://www.ilga.gov/House/Members/Details/3326;https://www.ilga.gov/house/Rep.asp?GA=103&MemberID=3112;https://www.ilga.gov/house/Rep.asp?MemberID=3326;https://www.linkedin.com/in/katie-stuart-03597b28,,,,"2105 Vandalia St. Unit #16, Collinsville, IL 62234",618-365-6650,,,,,,
ocd-person/e1652f78-fa2e-46de-8630-f3e1e69040a3,Kelly Cassidy,Democratic,14,lower,Kelly,Cassidy,Female,info@repcassidy.com,,,,https://cdn.ilga.gov/assets/img/members/{3EFBDD50-41FF-4677-AA47-FB35B70C4667}.jpg,https://ilga.gov/house/Rep.asp?GA=101&MemberID=2601;https://ilga.gov/house/Rep.asp?GA=102&MemberID=2840;https://ilga.gov/house/Rep.asp?GA=103&MemberID=3057;https://www.ilga.gov/House/Members/Details/3288;https://www.ilga.gov/house/Rep.asp?GA=103&MemberID=3057;https://www.ilga.gov/house/Rep.asp?GA=104&MemberID=3288;https://www.ilga.gov/house/Rep.asp?MemberID=3288;https://www.repcassidy.com/,https://ballotpedia.org/Kelly_Cassidy;https://en.wikipedia.org/wiki/Kelly_Cassidy;https://ilga.gov/house/default.asp?GA=101;https://ilga.gov/house/default.asp?GA=102;https://ilga.gov/house/default.asp?GA=103;https://ilga.gov/house/Rep.asp?GA=101&MemberID=2601;https://ilga.gov/house/Rep.asp?GA=102&MemberID=2840;https://ilga.gov/house/Rep.asp?GA=103&MemberID=3057;https://justfacts.votesmart.org/candidate/biography/129542/kelly-cassidy;https://www.ilga.gov/House/Members/Details/3288;https://www.ilga.gov/house/Rep.asp?GA=103&MemberID=3057;https://www.ilga.gov/house/Rep.asp?GA=104&MemberID=3288;https://www.ilga.gov/house/Rep.asp?MemberID=3288;https://www.linkedin.com/in/kelly-cassidy-77a76820;https://www.repcassidy.com,,,,"1507 W. Morse Ave., Chicago, IL 60626",773-784-2002,,,,,,
ocd-person/c2c8c6a1-ef1b-4a38-92fa-bde7563b7f23,Kevin Olickal,Democratic,16,lower,Kevin,Olickal,Male,info@repkevinolickal.com,,1993-02-18,,https://cdn.ilga.gov/assets/img/members/{23C3BBA7-3179-41B5-A3EF-A372F88DD9C9}.jpg,https://ilga.gov/house/Rep.asp?GA=103&MemberID=3228;https://staterepkevinolickal.com/;https://www.ilga.gov/House/Members/Details/3419;https://www.ilga.gov/house/Rep.asp?GA=103&MemberID=3228;https://www.ilga.gov/house/Rep.asp?MemberID=3419,https://ballotpedia.org/Kevin_Olickal;https://en.wikipedia.org/wiki/Kevin_Olickal;https://ilga.gov/house/default.asp?GA=103;https://ilga.gov/house/Rep.asp?GA=103&MemberID=3228;https://justfacts.votesmart.org/candidate/biography/188101/kevin-olickal;https://staterepkevinolickal.com;https://www.ilga.gov/House/Members/Details/3419;https://www.ilga.gov/house/Rep.asp?GA=103&MemberID=3228;https://www.ilga.gov/house/Rep.asp?MemberID=3419;https://www.linkedin.com/in/kevin-olickal-78b91171,,,,"3851 W. Devon Ave., Chicago, IL 60659",847-673-1131,,,,,,
ocd-person/266780c2-6b08-469e-9d78-10d618e16f4e,Kevin Schmidt,Republican,114,lower,Kevin,Schmidt,Male,schmidt@ilhousegop.org,,,,https://cdn.ilga.gov/assets/img/members/{385A4AC4-BA7A-42A3-987F-85EA620B1F2B}.jpg,https://ilga.gov/house/Rep.asp?GA=103&MemberID=3245;https://repschmidt.com/;https://www.ilga.gov/House/Members/Details/3436;https://www.ilga.gov/house/Rep.asp?GA=103&MemberID=3245;https://www.ilga.gov/house/Rep.asp?MemberID=3436,https://ballotpedia.org/Kevin_Schmidt;https://en.wikipedia.org/wiki/Kevin_Schmidt_(politician);https://ilga.gov/house/default.asp?GA=103;https://ilga.gov/house/Rep.asp?GA=103&MemberID=3245;https://justfacts.votesmart.org/candidate/biography/188111/kevin-schmidt;https://repschmidt.com;https://www.ilga.gov/House/Members/Details/3436;https://www.ilga.gov/house/Rep.asp?GA=103&MemberID=3245;https://www.ilga.gov/house/Rep.asp?MemberID=3436;https://www.linkedin.com/in/kevin-schmidt-26781b42,,,,"4041 Mississippi Ave., Cahokia Heights, IL 62206",618-215-1050,,,,,,
ocd-person/595f7bf4-5bd7-4238-94a3-e14d8b6d4545,Kimberly Lightford,Democratic,4,upper,Kimberly,Lightford,Female,majorityleader@senatorlightford.com,,1968-05-10,,https://cdn.ilga.gov/assets/img/members/{7FBA8DB0-281E-406F-BF9F-ABEB75B7B38E}.jpg,https://ilga.gov/senate/Senator.asp?GA=101&MemberID=2535;https://ilga.gov/senate/Senator.asp?GA=102&MemberID=2795;https://ilga.gov/senate/Senator.asp?GA=103&MemberID=3023;https://www.ilga.gov/Senate/Members/Details/3264;https://www.ilga.gov/senate/Senator.asp?GA=103&MemberID=3023;https://www.ilga.gov/senate/Senator.asp?GA=104&MemberID=3264;https://www.senatorlightford.com/,https://ballotpedia.org/Kimberly_Lightford;https://en.wikipedia.org/wiki/Kimberly_A._Lightford;https://ilga.gov/senate/default.asp?GA=101;https://ilga.gov/senate/default.asp?GA=102;https://ilga.gov/senate/default.asp?GA=103;https://ilga.gov/senate/Senator.asp?GA=101&MemberID=2535;https://ilga.gov/senate/Senator.asp?GA=102&MemberID=2795;https://ilga.gov/senate/Senator.asp?GA=103&MemberID=3023;https://justfacts.votesmart.org/candidate/biography/18241/kimberly-lightford;https://www.ilga.gov/Senate/Members/Details/3264;https://www.ilga.gov/senate/Senator.asp?GA=103&MemberID=3023;https://www.ilga.gov/senate/Senator.asp?GA=104&MemberID=3264;https://www.senatorlightford.com,,,,"High Point Plaza 4415 W. Harrison St., Suite 550, Hillside, IL 60162",708-632-4500,,,,,,
ocd-person/3b2af944-b2b7-4b13-87db-1c8cdd45de3c,Kimberly Du Buclet,Democratic,5,lower,Kimberly,Du Buclet,Female,rep5information@gmail.com,,,,https://cdn.ilga.gov/assets/img/members/{4858CB21-EEE1-409B-9A4C-FA760BB6905E}.jpg,https://ilga.gov/house/Rep.asp?GA=103&MemberID=3252;https://www.ilga.gov/House/Members/Details/3441;https://www.ilga.gov/house/Rep.asp?GA=103&MemberID=3252;https://www.ilga.gov/house/Rep.asp?GA=104&MemberID=3441;https://www.ilga.gov/house/Rep.asp?MemberID=3441,https://ballotpedia.org/Kimberly_du_Buclet;https://en.wikipedia.org/wiki/Kimberly_du_Buclet;https://ilga.gov/house/default.asp?GA=103;https://ilga.gov/house/Rep.asp?GA=103&MemberID=3252;https://www.ilga.gov/House/Members/Details/3441;https://www.ilga.gov/house/Rep.asp?GA=103&MemberID=3252;https://www.ilga.gov/house/Rep.asp?GA=104&MemberID=3441;https://www.ilga.gov/house/Rep.asp?MemberID=3441;https://www.linkedin.com/in/kim-neely-du-buclet-11b3741,,,,"5048 S. Indiana Ave., Chicago, IL 60615",773-924-4614,,,,,,
ocd-person/6f9e28df-bdf5-4493-aac1-68f1b7be39cb,Kyle Moore,Republican,99,lower,Kyle,Moore,Male,moore@ilhousegop.org,,,,https://cdn.ilga.gov/assets/img/members/%7BBB70A39A-DE8F-4EF5-A923-0EE51834A45F%7D.jpg,https://repmoore.com/;https://www.ilga.gov/House/Members/Details/3456;https://www.ilga.gov/house/Rep.asp?GA=104&MemberID=3456,https://ballotpedia.org/Kyle_Moore_(Illinois);https://en.wikipedia.org/wiki/Kyle_Moore_(politician);https://justfacts.votesmart.org/candidate/biography/113384/kyle-moore;https://repmoore.com;https://www.ilga.gov/House/Members/Details/3456;https://www.ilga.gov/house/Rep.asp?GA=104&MemberID=3456;https://www.linkedin.com/in/kyle-moore-351a1a1bb,,,,"3601 E. Lake Centre Drive Suite 200, Quincy, IL 62305",217-223-0833,,,,,,
ocd-person/91164a3d-fc17-4252-a31f-a8d0d113b74b,La Shawn Ford,Democratic,8,lower,La Shawn,Ford,Male,repford@lashawnford.com,,,,https://cdn.ilga.gov/assets/img/members/{BCC3C8D6-5728-4A69-8A3B-F203314DD563}.jpg,https://ilga.gov/house/Rep.asp?GA=101&MemberID=2567;https://ilga.gov/house/Rep.asp?GA=102&MemberID=2815;https://ilga.gov/house/Rep.asp?GA=103&MemberID=3036;https://lashawnkford.com/;https://www.ilga.gov/House/Members/Details/3272;https://www.ilga.gov/house/Rep.asp?GA=103&MemberID=3036;https://www.ilga.gov/house/Rep.asp?GA=104&MemberID=3272;https://www.ilga.gov/house/Rep.asp?MemberID=3272,https://ballotpedia.org/La_Shawn_K._Ford;https://en.wikipedia.org/wiki/La_Shawn_K._Ford;https://ilga.gov/house/default.asp?GA=101;https://ilga.gov/house/default.asp?GA=102;https://ilga.gov/house/default.asp?GA=103;https://ilga.gov/house/Rep.asp?GA=101&MemberID=2567;https://ilga.gov/house/Rep.asp?GA=102&MemberID=2815;https://ilga.gov/house/Rep.asp?GA=103&MemberID=3036;https://justfacts.votesmart.org/candidate/biography/18379/la-shawn-ford;https://lashawnkford.com;https://www.ilga.gov/House/Members/Details/3272;https://www.ilga.gov/house/Rep.asp?GA=103&MemberID=3036;https://www.ilga.gov/house/Rep.asp?GA=104&MemberID=3272;https://www.ilga.gov/house/Rep.asp?MemberID=3272;https://www.linkedin.com/in/la-shawn-k-ford-21915526,,,,"5500 W. Madison St., Chicago, IL 60644",773-750-0866,,,,,,
ocd-person/37f0e4e6-fd0c-4bae-8def-f0ab80f722ff,Lakesia Collins,Democratic,5,upper,Lakesia,Collins,Female,office@lakesiacollins.com,,,,https://cdn.ilga.gov/assets/img/members/{07674912-6AF6-4045-B60C-094B530D9FDB}.jpg,https://ilga.gov/house/Rep.asp?GA=102&MemberID=2979;https://ilga.gov/house/Rep.asp?GA=103&MemberID=3169;https://ilga.gov/senate/Senator.asp?GA=103&MemberID=3254;https://www.ilga.gov/Senate/Members/Details/3443;https://www.ilga.gov/senate/Senator.asp?GA=103&MemberID=3254;https://www.ilga.gov/senate/Senator.asp?GA=104&MemberID=3443;https://www.lakesiacollins.com/,https://ballotpedia.org/Lakesia_Collins;https://en.wikipedia.org/wiki/Lakesia_Collins;https://ilga.gov/house/default.asp?GA=102;https://ilga.gov/house/default.asp?GA=103;https://ilga.gov/house/Rep.asp?GA=102&MemberID=2979;https://ilga.gov/house/Rep.asp?GA=103&MemberID=3169;https://ilga.gov/senate/default.asp?GA=103;https://ilga.gov/senate/Senator.asp?GA=103&MemberID=3254;https://justfacts.votesmart.org/candidate/188023/lakesia-collins;https://www.ilga.gov/Senate/Members/Details/3443;https://www.ilga.gov/senate/Senator.asp?GA=103&MemberID=3254;https://www.ilga.gov/senate/Senator.asp?GA=104&MemberID=3443;https://www.lakesiacollins.com;https://www.lakesiacollins.com/;https://www.linkedin.com/in/lakesia-collins-94966832,,,,"2165 S. Millard Ave., Chicago, IL 60623",312-298-9181,,,,,,
ocd-person/9bc8c9e8-ed36-42a1-ae80-4b2dfe591839,Laura Ellman,Democratic,21,upper,Laura,Ellman,Female,info@senatorlauraellman.com,,,,https://cdn.ilga.gov/assets/img/members/{423E6DDE-1AFB-4F10-A767-C869B0E51483}.jpg,https://ilga.gov/senate/Senator.asp?GA=101&MemberID=2725;https://ilga.gov/senate/Senator.asp?GA=102&MemberID=2930;https://ilga.gov/senate/Senator.asp?GA=103&MemberID=3128;https://www.ilga.gov/Senate/Members/Details/3339;https://www.ilga.gov/senate/Senator.asp?GA=103&MemberID=3128;https://www.ilga.gov/senate/Senator.asp?GA=104&MemberID=3339;https://www.senatorlauraellman.com/,https://ballotpedia.org/Laura_Ellman;https://en.wikipedia.org/wiki/Laura_Ellman;https://ilga.gov/senate/default.asp?GA=101;https://ilga.gov/senate/default.asp?GA=102;https://ilga.gov/senate/default.asp?GA=103;https://ilga.gov/senate/Senator.asp?GA=101&MemberID=2725;https://ilga.gov/senate/Senator.asp?GA=102&MemberID=2930;https://ilga.gov/senate/Senator.asp?GA=103&MemberID=3128;https://justfacts.votesmart.org/candidate/177105/laura-ellman;https://www.ilga.gov/Senate/Members/Details/3339;https://www.ilga.gov/senate/Senator.asp?GA=103&MemberID=3128;https://www.ilga.gov/senate/Senator.asp?GA=104&MemberID=3339;https://www.linkedin.com/in/lauraellman1;https://www.senatorlauraellman.com;https://www.senatorlauraellman.com/,,,,"24 W. 500 Maple Ave. Suite 215, Naperville, IL 60540",630-601-9961,,,,,,
ocd-person/f0ab36db-6498-4d90-9b11-0191637421d2,Laura Faver Dias,Democratic,62,lower,Laura,Faver Dias,Female,info@repfaverdias.com,,,,https://cdn.ilga.gov/assets/img/members/{B0DFD215-F36D-47A7-B7BE-909CDF14DC07}.jpg,https://ilga.gov/house/Rep.asp?GA=103&MemberID=3235;https://www.ilga.gov/House/Members/Details/3426;https://www.ilga.gov/house/Rep.asp?GA=103&MemberID=3235;https://www.ilga.gov/house/Rep.asp?GA=104&MemberID=3426;https://www.ilga.gov/house/Rep.asp?MemberID=3426;https://www.repfaverdias.com/,https://ballotpedia.org/Laura_Dias;https://en.wikipedia.org/wiki/Laura_Faver_Dias;https://ilga.gov/house/default.asp?GA=103;https://ilga.gov/house/Rep.asp?GA=103&MemberID=3235;https://justfacts.votesmart.org/candidate/biography/204467/laura-dias;https://www.ilga.gov/House/Members/Details/3426;https://www.ilga.gov/house/Rep.asp?GA=103&MemberID=3235;https://www.ilga.gov/house/Rep.asp?GA=104&MemberID=3426;https://www.ilga.gov/house/Rep.asp?MemberID=3426;https://www.repfaverdias.com,,,,"10 N. Lake St. Suite 102, Grayslake, IL 60030",224-541-4453,,,,,,
ocd-person/0ce44c13-37aa-4560-8489-67c309da913a,Laura Fine,Democratic,9,upper,Laura,Fine,Female,info@senatorfine.com,,,,https://cdn.ilga.gov/assets/img/members/{A4F70929-881C-4003-B10A-D1A775D3D94B}.jpg,https://ilga.gov/senate/Senator.asp?GA=101&MemberID=2724;https://ilga.gov/senate/Senator.asp?GA=102&MemberID=2929;https://ilga.gov/senate/Senator.asp?GA=103&MemberID=3127;https://www.ilga.gov/Senate/Members/Details/3338;https://www.ilga.gov/senate/Senator.asp?GA=103&MemberID=3127;https://www.ilga.gov/senate/Senator.asp?GA=104&MemberID=3338;https://www.senatorfine.com/,https://ballotpedia.org/Laura_Fine;https://en.wikipedia.org/wiki/Laura_Fine;https://ilga.gov/senate/default.asp?GA=101;https://ilga.gov/senate/default.asp?GA=102;https://ilga.gov/senate/default.asp?GA=103;https://ilga.gov/senate/Senator.asp?GA=101&MemberID=2724;https://ilga.gov/senate/Senator.asp?GA=102&MemberID=2929;https://ilga.gov/senate/Senator.asp?GA=103&MemberID=3127;https://justfacts.votesmart.org/candidate/biography/135036/laura-fine;https://www.ilga.gov/Senate/Members/Details/3338;https://www.ilga.gov/senate/Senator.asp?GA=103&MemberID=3127;https://www.ilga.gov/senate/Senator.asp?GA=104&MemberID=3338;https://www.senatorfine.com,,,,"1812 Waukegan Road Suite A, Glenview, IL 60026",847-998-1717,,,,,,
ocd-person/55be467f-1dd9-4cb7-96b8-050c113f5975,Laura Murphy,Democratic,28,upper,Laura,Murphy,Female,lmurphy@senatedem.ilga.gov,,,,https://cdn.ilga.gov/assets/img/members/{E8C6FBF1-611C-4DD5-A81D-F0FF8917556D}.jpg,https://ilga.gov/senate/Senator.asp?GA=101&MemberID=2668;https://ilga.gov/senate/Senator.asp?GA=102&MemberID=2890;https://ilga.gov/senate/Senator.asp?GA=103&MemberID=3096;https://www.ilga.gov/Senate/Members/Details/3313;https://www.ilga.gov/senate/Senator.asp?GA=103&MemberID=3096;https://www.ilga.gov/senate/Senator.asp?GA=104&MemberID=3313;https://www.senatorlauramurphy.com,https://ballotpedia.org/Laura_Murphy_(Illinois);https://en.wikipedia.org/wiki/Laura_Murphy;https://en.wikipedia.org/wiki/Laura_Murphy_(politician);https://ilga.gov/senate/default.asp?GA=101;https://ilga.gov/senate/default.asp?GA=102;https://ilga.gov/senate/default.asp?GA=103;https://ilga.gov/senate/Senator.asp?GA=101&MemberID=2668;https://ilga.gov/senate/Senator.asp?GA=102&MemberID=2890;https://ilga.gov/senate/Senator.asp?GA=103&MemberID=3096;https://justfacts.votesmart.org/candidate/biography/18165/laura-murphy;https://www.ilga.gov/Senate/Members/Details/3313;https://www.ilga.gov/senate/Senator.asp?GA=103&MemberID=3096;https://www.ilga.gov/senate/Senator.asp?GA=104&MemberID=3313;https://www.linkedin.com/in/laura-murphy-b433a517;https://www.senatorlauramurphy.com,,,,"1645 S. River Road, Suite 7, Des Plaines, IL 60018",847-718-1110,,,,,,
ocd-person/9eda7be9-b2c6-45e6-bea6-098bd7f47595,Larry Walsh,Democratic,86,lower,Larry,Walsh,Male,statereplarrywalshjr@gmail.com,,,,https://cdn.ilga.gov/assets/img/members/{F11DA3BE-D8FF-48F0-8450-43231B4DD28F}.jpg,https://ilga.gov/house/Rep.asp?GA=101&MemberID=2605;https://ilga.gov/house/Rep.asp?GA=102&MemberID=2844;https://ilga.gov/house/Rep.asp?GA=103&MemberID=3059;https://www.ilga.gov/House/Members/Details/3290;https://www.ilga.gov/house/Rep.asp?GA=103&MemberID=3059;https://www.ilga.gov/house/Rep.asp?MemberID=3290,"https://ballotpedia.org/Lawrence_Walsh,_Jr.;https://en.wikipedia.org/wiki/Lawrence_M._Walsh_Jr.;https://ilga.gov/house/default.asp?GA=101;https://ilga.gov/house/default.asp?GA=102;https://ilga.gov/house/default.asp?GA=103;https://ilga.gov/house/Rep.asp?GA=101&MemberID=2605;https://ilga.gov/house/Rep.asp?GA=102&MemberID=2844;https://ilga.gov/house/Rep.asp?GA=103&MemberID=3059;https://justfacts.votesmart.org/candidate/biography/149703/lawrence-walsh-jr;https://www.ilga.gov/House/Members/Details/3290;https://www.ilga.gov/house/Rep.asp?GA=103&MemberID=3059;https://www.ilga.gov/house/Rep.asp?MemberID=3290;https://www.linkedin.com/in/larry-walsh-95062b80",,,,"3141 W. Jefferson St., Joliet, IL 60435",815-730-8600,,,,,,
ocd-person/8f61ddbc-3976-49b0-8c80-1d24cca80dc0,Li Arellano,Republican,37,upper,Li,Arellano,Male,liandroarellano@gmail.com,,1981-02-02,,https://cdn.ilga.gov/assets/img/members/{90648554-4D16-4FEE-AC7E-4A8A7872B885}.jpg,https://www.ilga.gov/Senate/Members/Details/3383;https://www.ilga.gov/senate/Senator.asp?GA=104&MemberID=3383;https://www.senatorli.com/,https://ballotpedia.org/Li_Arellano_Jr.;https://en.wikipedia.org/wiki/Li_Arellano_Jr.;https://justfacts.votesmart.org/candidate/biography/135100/liandro-arellano-jr;https://www.ilga.gov/Senate/Members/Details/3383;https://www.ilga.gov/senate/Senator.asp?GA=104&MemberID=3383;https://www.linkedin.com/in/liandro-arellano-234aab37;https://www.senatorli.com,,,,"86 S. Galena Ave. Suite 2, Dixon, IL 61021",779-251-5003,,,,,,
ocd-person/256a1090-5fef-4f0c-b016-263735573c77,Lilian Jiménez,Democratic,4,lower,Lilian,Jiménez,Female,info@replilianjimenez.com,,,,https://cdn.ilga.gov/assets/img/members/{6C475229-0B41-4F93-A2C7-5B1396A1D1FA}.jpg,https://ilga.gov/house/Rep.asp?GA=103&MemberID=3226;https://www.ilga.gov/House/Members/Details/3417;https://www.ilga.gov/house/Rep.asp?GA=103&MemberID=3226;https://www.ilga.gov/house/Rep.asp?GA=104&MemberID=3417;https://www.ilga.gov/house/Rep.asp?MemberID=3417;https://www.replilianjimenez.com/,https://ballotpedia.org/Lilian_Jimenez;https://en.wikipedia.org/wiki/Lilian_Jim%C3%A9nez;https://ilga.gov/house/default.asp?GA=103;https://ilga.gov/house/Rep.asp?GA=103&MemberID=3226;https://justfacts.votesmart.org/candidate/biography/204403/lilian-jimenez;https://www.checookcounty.org/lilian-jimenez;https://www.ilga.gov/House/Members/Details/3417;https://www.ilga.gov/house/Rep.asp?GA=103&MemberID=3226;https://www.ilga.gov/house/Rep.asp?GA=104&MemberID=3417;https://www.ilga.gov/house/Rep.asp?MemberID=3417;https://www.linkedin.com/in/lilianjimenez;https://www.replilianjimenez.com,,,,"2511 W. Division St., Chicago, IL 60622",773-337-9995,,,,,,
ocd-person/8d0beff8-000c-470a-a6c8-a05e1b6816cb,Linda Holmes,Democratic,42,upper,Linda,Holmes,Female,holmes42@senatedem.illinois.gov,,1959-03-16,,https://cdn.ilga.gov/assets/img/members/{9A39C8B9-4B06-4BF7-85CE-4C6F4FD07769}.jpg,https://ilga.gov/senate/Senator.asp?GA=101&MemberID=2564;https://ilga.gov/senate/Senator.asp?GA=102&MemberID=2813;https://ilga.gov/senate/Senator.asp?GA=103&MemberID=3034;https://www.ilga.gov/Senate/Members/Details/3270;https://www.ilga.gov/senate/Senator.asp?GA=103&MemberID=3034;https://www.ilga.gov/senate/Senator.asp?GA=104&MemberID=3270;https://www.senatorholmes.com/,https://ballotpedia.org/Linda_Holmes_(Illinois);https://en.wikipedia.org/wiki/Linda_Holmes;https://ilga.gov/senate/default.asp?GA=101;https://ilga.gov/senate/default.asp?GA=102;https://ilga.gov/senate/default.asp?GA=103;https://ilga.gov/senate/Senator.asp?GA=101&MemberID=2564;https://ilga.gov/senate/Senator.asp?GA=102&MemberID=2813;https://ilga.gov/senate/Senator.asp?GA=103&MemberID=3034;https://justfacts.votesmart.org/candidate/biography/56933/linda-holmes;https://www.ilga.gov/Senate/Members/Details/3270;https://www.ilga.gov/senate/Senator.asp?GA=103&MemberID=3034;https://www.ilga.gov/senate/Senator.asp?GA=104&MemberID=3270;https://www.linkedin.com/in/linda-holmes-60b3b22a;https://www.linkedin.com/in/linda-holmes-7a428912;https://www.senatorholmes.com,,,,"4255 Westbrook Drive Suite 216, Aurora, IL 60504",630-820-8650,,,,,,
ocd-person/ea4595af-64f9-4d91-9c12-48accdc04ff8,Lindsey LaPointe,Democratic,19,lower,Lindsey,LaPointe,Female,info@replapointe.com,,,,https://cdn.ilga.gov/assets/img/members/{7447C9D9-48D0-457E-BDC9-847FB8D35DB5}.jpg,https://ilga.gov/house/Rep.asp?GA=101&MemberID=2771;https://ilga.gov/house/Rep.asp?GA=102&MemberID=2972;https://ilga.gov/house/Rep.asp?GA=103&MemberID=3163;https://www.ilga.gov/House/Members/Details/3371;https://www.ilga.gov/house/Rep.asp?GA=103&MemberID=3163;https://www.ilga.gov/house/Rep.asp?MemberID=3371;https://www.replapointe.com/,https://ballotpedia.org/Lindsey_LaPointe;https://en.wikipedia.org/wiki/Lindsey_LaPointe;https://ilga.gov/house/default.asp?GA=101;https://ilga.gov/house/default.asp?GA=102;https://ilga.gov/house/default.asp?GA=103;https://ilga.gov/house/Rep.asp?GA=101&MemberID=2771;https://ilga.gov/house/Rep.asp?GA=102&MemberID=2972;https://ilga.gov/house/Rep.asp?GA=103&MemberID=3163;https://justfacts.votesmart.org/candidate/biography/186840/lindsey-lapointe;https://www.ilga.gov/House/Members/Details/3371;https://www.ilga.gov/house/Rep.asp?GA=103&MemberID=3163;https://www.ilga.gov/house/Rep.asp?MemberID=3371;https://www.linkedin.com/in/lindsey-lapointe-18236110;https://www.replapointe.com,,,,"4349 N. Milwaukee Ave. Suite 2, Chicago, IL 60641",773-647-1174,,,,,,
ocd-person/607e0b8f-4f4a-46ae-bfac-24b179d67542,Lisa Davis,Democratic,32,lower,Lisa,Davis,Female,districtdirector32@gmail.com,,,,https://cdn.ilga.gov/assets/img/members/{A61D2D11-9A19-483B-9C3E-C99CCC4CF5F4}.jpg,https://www.ilga.gov/House/Members/Details/3458;https://www.ilga.gov/house/Rep.asp?GA=104&MemberID=3458,https://ballotpedia.org/Lisa_Davis_(Illinois);https://en.wikipedia.org/wiki/Lisa_Davis_(politician);https://justfacts.votesmart.org/candidate/biography/213068/lisa-davis;https://www.ilga.gov/House/Members/Details/3458;https://www.ilga.gov/house/Rep.asp?GA=104&MemberID=3458;https://www.linkedin.com/in/lisa-davis-35683029b,,,,"8620 S. Pulaski Road, Chicago, IL 60652",872-267-7915,,,,,,
ocd-person/4e02286b-b560-4837-8b9c-efa2c679e437,Marcus Evans,Democratic,33,lower,Marcus,Evans,Male,marcus@repevans.com,,,,https://cdn.ilga.gov/assets/img/members/{BFD8B13A-CD65-452C-8F20-9D32C3A013BF}.jpg,https://ilga.gov/house/Rep.asp?GA=101&MemberID=2604;https://ilga.gov/house/Rep.asp?GA=102&MemberID=2843;https://ilga.gov/house/Rep.asp?GA=103&MemberID=3058;https://www.ilga.gov/House/Members/Details/3289;https://www.ilga.gov/house/Rep.asp?GA=101&MemberID=2604;https://www.ilga.gov/house/Rep.asp?GA=103&MemberID=3058;https://www.ilga.gov/house/Rep.asp?GA=104&MemberID=3289;https://www.ilga.gov/house/Rep.asp?MemberID=3289;https://www.repevans.com/,https://ballotpedia.org/Marcus_Evans;https://en.wikipedia.org/wiki/Marcus_C._Evans_Jr.;https://ilga.gov/house/default.asp?GA=101;https://ilga.gov/house/default.asp?GA=102;https://ilga.gov/house/default.asp?GA=103;https://ilga.gov/house/Rep.asp?GA=101&MemberID=2604;https://ilga.gov/house/Rep.asp?GA=102&MemberID=2843;https://ilga.gov/house/Rep.asp?GA=103&MemberID=3058;https://www.ilga.gov/House/Members/Details/3289;https://www.ilga.gov/house/Rep.asp?GA=101&MemberID=2604;https://www.ilga.gov/house/Rep.asp?GA=103&MemberID=3058;https://www.ilga.gov/house/Rep.asp?GA=104&MemberID=3289;https://www.ilga.gov/house/Rep.asp?MemberID=3289;https://www.linkedin.com/in/marcus-c-evans-jr-9592a562;https://www.repevans.com,,,,"8500 S. Stony Island Ave., Chicago, IL 60617",773-783-8492,,,,,,
ocd-person/adf823d2-7e3e-4a4d-898c-2dd404679012,Margaret Croke,Democratic,12,lower,Margaret,Croke,Female,info@repcroke.com,,,,https://cdn.ilga.gov/assets/img/members/{1719759C-D601-4575-A753-1244D0FE550A}.jpg,https://ilga.gov/house/Rep.asp?GA=102&MemberID=2986;https://ilga.gov/house/Rep.asp?GA=103&MemberID=3176;https://www.ilga.gov/House/Members/Details/3384;https://www.ilga.gov/house/Rep.asp?GA=103&MemberID=3176;https://www.ilga.gov/house/Rep.asp?GA=104&MemberID=3384;https://www.ilga.gov/house/Rep.asp?MemberID=3384;https://www.repcroke.com/,https://ballotpedia.org/Margaret_Croke;https://en.wikipedia.org/wiki/Margaret_Croke;https://ilga.gov/house/default.asp?GA=102;https://ilga.gov/house/default.asp?GA=103;https://ilga.gov/house/Rep.asp?GA=102&MemberID=2986;https://ilga.gov/house/Rep.asp?GA=103&MemberID=3176;https://justfacts.votesmart.org/candidate/188107/margaret-croke;https://www.ilga.gov/House/Members/Details/3384;https://www.ilga.gov/house/Rep.asp?GA=103&MemberID=3176;https://www.ilga.gov/house/Rep.asp?GA=104&MemberID=3384;https://www.ilga.gov/house/Rep.asp?MemberID=3384;https://www.linkedin.com/in/margaret-croke-79898a62;https://www.repcroke.com,,,,"3223 N. Sheffield Ave. Suite A, Chicago, IL 60657",773-348-8974,,,,,,
ocd-person/9e3e61af-e205-47a0-8d7c-d50475941ba8,Margaret DeLaRosa,Democratic,42,lower,Margaret,DeLaRosa,Female,ilhouse42@gmail.com,,,,https://cdn.ilga.gov/assets/img/members/{9E520EC6-A7D1-4749-BCBC-D178535ACB04}.jpg,https://www.ilga.gov/House/Members/Details/3461,"https://ballotpedia.org/Margaret_A._DeLaRosa_(Glenbard_Township_High_School_District_87,_At-large,_Illinois,_candidate_2025);https://ballotpedia.org/Margaret_DeLaRosa;https://en.wikipedia.org/wiki/Margaret_DeLaRosa;https://www.ilga.gov/House/Members/Details/3461;https://www.linkedin.com/in/margaret-delarosa-8271b513",,,,"Room 253-S, Stratton Office Building, Springfield, IL 62706",217-782-8037,,,,,,
ocd-person/d1c2870a-8fee-47bf-a48e-4320311f06fd,Mark Walker,Democratic,27,upper,Mark,Walker,Male,contact@staterepwalker53.com,,,,https://cdn.ilga.gov/assets/img/members/{BC2AF76D-FAE4-44C4-8632-AA4E629A9678}.jpg,https://ilga.gov/house/Rep.asp?GA=101&MemberID=2743;https://ilga.gov/house/Rep.asp?GA=102&MemberID=2944;https://ilga.gov/house/Rep.asp?GA=103&MemberID=3140;https://www.ilga.gov/house/Rep.asp?GA=103&MemberID=3140;https://www.ilga.gov/Senate/Members/Details/3449;https://www.ilga.gov/senate/Senator.asp?GA=103&MemberID=3261;https://www.ilga.gov/senate/Senator.asp?GA=104&MemberID=3449;https://www.staterepwalker.com/,https://ballotpedia.org/Mark_Walker_(Illinois);https://en.wikipedia.org/wiki/Mark_L._Walker;https://ilga.gov/house/default.asp?GA=101;https://ilga.gov/house/default.asp?GA=102;https://ilga.gov/house/default.asp?GA=103;https://ilga.gov/house/Rep.asp?GA=101&MemberID=2743;https://ilga.gov/house/Rep.asp?GA=102&MemberID=2944;https://ilga.gov/house/Rep.asp?GA=103&MemberID=3140;https://justfacts.votesmart.org/candidate/biography/101817/mark-walker;https://www.ilga.gov/house/Rep.asp?GA=103&MemberID=3140;https://www.ilga.gov/Senate/Members/Details/3449;https://www.ilga.gov/senate/Senator.asp?GA=103&MemberID=3261;https://www.ilga.gov/senate/Senator.asp?GA=104&MemberID=3449;https://www.linkedin.com/in/mark-walker-337b9616,,,,"171 W. Wing St. Suite 202, Arlington Heights, IL 60005",847-749-1880,,,,,,
ocd-person/035b25c2-e97c-413e-8d84-d5c618f6a2fa,Marti Deuter,Democratic,45,lower,Marti,Deuter,Female,office@repmartideuter.com,,,,https://cdn.ilga.gov/assets/img/members/{345BE0B5-CE9C-4A36-B292-6190B845C34B}.jpg,https://www.ilga.gov/House/Members/Details/3455;https://www.ilga.gov/house/Rep.asp?GA=104&MemberID=3455;https://www.repmartideuter.com/,https://ballotpedia.org/Martha_Deuter;https://en.wikipedia.org/wiki/Martha_Deuter;https://justfacts.votesmart.org/candidate/biography/147379/marti-deuter;https://www.ilga.gov/House/Members/Details/3455;https://www.ilga.gov/house/Rep.asp?GA=104&MemberID=3455;https://www.linkedin.com/in/martha-marti-wiles-deuter-33104b18a;https://www.repmartideuter.com,,,,"1 S. Cass Ave. Suite 104, Westmont, IL 60559",630-413-1080,,,,,,
ocd-person/eb9a9c6e-1173-4c03-848e-167eb2762673,Marty McLaughlin,Republican,52,lower,Marty,McLaughlin,Male,mclaughlin@ilhousegop.org,,,,https://cdn.ilga.gov/assets/img/members/{F90CD638-AB1B-4A73-A003-02D9A911B599}.jpg,https://ilga.gov/house/Rep.asp?GA=102&MemberID=2997;https://ilga.gov/house/Rep.asp?GA=103&MemberID=3185;https://repmclaughlin.com/;https://www.ilga.gov/House/Members/Details/3389;https://www.ilga.gov/house/Rep.asp?GA=103&MemberID=3185;https://www.ilga.gov/house/Rep.asp?MemberID=3389,https://ballotpedia.org/Martin_McLaughlin;https://en.wikipedia.org/wiki/Martin_McLaughlin_(politician);https://ilga.gov/house/default.asp?GA=102;https://ilga.gov/house/default.asp?GA=103;https://ilga.gov/house/Rep.asp?GA=102&MemberID=2997;https://ilga.gov/house/Rep.asp?GA=103&MemberID=3185;https://justfacts.votesmart.org/candidate/147931/martin-mclaughlin;https://repmclaughlin.com;https://www.ilga.gov/House/Members/Details/3389;https://www.ilga.gov/house/Rep.asp?GA=103&MemberID=3185;https://www.ilga.gov/house/Rep.asp?MemberID=3389;https://www.linkedin.com/in/martin-mclaughlin-4031847,,,,"28662 W. NW Highway Suite A, Lake Barrington, IL 60010",224-634-8300,,,,,,
ocd-person/48d73b90-0109-4fb2-8689-57e803c8294a,Mary Beth Canty,Democratic,54,lower,Mary Beth,Canty,Female,info@repmbc.com,,,,https://cdn.ilga.gov/assets/img/members/{1A73F23E-9C8D-4392-B6BD-154AB570C66E}.jpg,https://ilga.gov/house/Rep.asp?GA=103&MemberID=3233;https://www.ilga.gov/House/Members/Details/3424;https://www.ilga.gov/house/Rep.asp?GA=103&MemberID=3233;https://www.ilga.gov/house/Rep.asp?GA=104&MemberID=3424;https://www.ilga.gov/house/Rep.asp?MemberID=3424;https://www.repmbc.com/,https://ballotpedia.org/Mary_Beth_Canty;https://en.wikipedia.org/wiki/Mary_Beth_Canty;https://ilga.gov/house/default.asp?GA=103;https://ilga.gov/house/Rep.asp?GA=103&MemberID=3233;https://justfacts.votesmart.org/candidate/biography/197271/mary-beth-canty;https://www.ilga.gov/House/Members/Details/3424;https://www.ilga.gov/house/Rep.asp?GA=103&MemberID=3233;https://www.ilga.gov/house/Rep.asp?GA=104&MemberID=3424;https://www.ilga.gov/house/Rep.asp?MemberID=3424;https://www.linkedin.com/in/mary-beth-canty-2861652;https://www.litchfieldcavo.com/attorneys/mary-beth-canty;https://www.repmbc.com,,,,"12 E. NW Highway, Arlington Heights, IL 60004",224-248-8187,,,,,,
ocd-person/1a1cd310-b42c-4da3-b9ac-6278b1e95a02,Mary Edly-Allen,Democratic,31,upper,Mary,Edly-Allen,Female,info@senatoredlyallen.com,,,,https://cdn.ilga.gov/assets/img/members/{5E1DAFA0-4C11-43FF-9231-8D4EB3A1CFFE}.jpg,https://ilga.gov/senate/Senator.asp?GA=103&MemberID=3212;https://www.ilga.gov/Senate/Members/Details/3407;https://www.ilga.gov/senate/Senator.asp?GA=103&MemberID=3212;https://www.ilga.gov/senate/Senator.asp?GA=104&MemberID=3407;https://www.senatoredlyallen.com/,https://ballotpedia.org/Mary_Edly-Allen;https://en.wikipedia.org/wiki/Mary_Edly-Allen;https://ilga.gov/senate/default.asp?GA=103;https://ilga.gov/senate/Senator.asp?GA=103&MemberID=3212;https://justfacts.votesmart.org/candidate/biography/182715/mary-edly-allen;https://www.ilga.gov/Senate/Members/Details/3407;https://www.ilga.gov/senate/Senator.asp?GA=103&MemberID=3212;https://www.ilga.gov/senate/Senator.asp?GA=104&MemberID=3407;https://www.linkedin.com/in/mary-edly-allen;https://www.senatoredlyallen.com,,,,"10 N. Lake St. Suite 112, Grayslake, IL 60030",847-548-5631,,,,,,
ocd-person/f2231f6c-1ed7-4106-8909-1d87557b2f04,Mary Gill,Democratic,35,lower,Mary,Gill,Female,repmarygill@gmail.com,,,,https://cdn.ilga.gov/assets/img/members/{28C54907-9CC9-428D-BD6B-361B91A10441}.jpg,https://ilga.gov/house/Rep.asp?GA=103&MemberID=3251;https://repmarygill.com/;https://www.ilga.gov/House/Members/Details/3440;https://www.ilga.gov/house/Rep.asp?GA=103&MemberID=3251;https://www.ilga.gov/house/Rep.asp?GA=104&MemberID=3440;https://www.ilga.gov/house/Rep.asp?MemberID=3440,https://ballotpedia.org/Mary_Gill_(Illinois_House_of_Representatives);https://en.wikipedia.org/wiki/Mary_Gill_(Illinois_politician);https://ilga.gov/house/default.asp?GA=103;https://ilga.gov/house/Rep.asp?GA=103&MemberID=3251;https://justfacts.votesmart.org/candidate/biography/212029/mary-gill;https://repmarygill.com;https://www.ilga.gov/House/Members/Details/3440;https://www.ilga.gov/house/Rep.asp?GA=103&MemberID=3251;https://www.ilga.gov/house/Rep.asp?GA=104&MemberID=3440;https://www.ilga.gov/house/Rep.asp?MemberID=3440;https://www.linkedin.com/in/mary-gill-b00b78286,,,,"10400 S. Western Ave., Chicago, IL 60643",773-445-8128,,,,,,
ocd-person/14b940c9-8843-4709-97a9-9faee25bb201,Matt Hanson,Democratic,83,lower,Matt,Hanson,Male,info@repmatthanson.com,,,,https://cdn.ilga.gov/assets/img/members/{457B8F0B-1DF6-4107-A5FC-9B2BFAAE1008}.jpg,https://ilga.gov/house/Rep.asp?GA=103&MemberID=3225;https://repmatthanson.com/;https://www.ilga.gov/House/Members/Details/3416;https://www.ilga.gov/house/Rep.asp?GA=103&MemberID=3225;https://www.ilga.gov/house/Rep.asp?GA=104&MemberID=3416;https://www.ilga.gov/house/Rep.asp?MemberID=3416,https://ballotpedia.org/Matt_Hanson;https://en.wikipedia.org/wiki/Matt_Hanson_(politician);https://ilga.gov/house/default.asp?GA=103;https://ilga.gov/house/Rep.asp?GA=103&MemberID=3225;https://justfacts.votesmart.org/candidate/biography/204483/matt-hanson;https://repmatthanson.com;https://www.ilga.gov/House/Members/Details/3416;https://www.ilga.gov/house/Rep.asp?GA=103&MemberID=3225;https://www.ilga.gov/house/Rep.asp?GA=104&MemberID=3416;https://www.ilga.gov/house/Rep.asp?MemberID=3416;https://www.linkedin.com/in/matt-hanson-2bb0109,,,,"1605 W. Wilson, Suite 112, Batavia, IL 60510",630-425-3965,,,,,,
ocd-person/879afbe3-9394-4a84-b57f-af36ca92cb14,Mattie Hunter,Democratic,3,upper,Mattie,Hunter,Female,senator03district@gmail.com,,1954-06-01,,https://cdn.ilga.gov/assets/img/members/{F4630DDB-11F0-417E-8C0A-B4ED6426116F}.jpg,https://ilga.gov/senate/Senator.asp?GA=101&MemberID=2554;https://ilga.gov/senate/Senator.asp?GA=102&MemberID=2808;https://ilga.gov/senate/Senator.asp?GA=103&MemberID=3030;https://www.ilga.gov/Senate/Members/Details/3269;https://www.ilga.gov/senate/Senator.asp?GA=103&MemberID=3030;https://www.ilga.gov/senate/Senator.asp?GA=104&MemberID=3269;https://www.senatorhunter.com/,https://ballotpedia.org/Mattie_Hunter;https://en.wikipedia.org/wiki/Mattie_Hunter;https://ilga.gov/senate/default.asp?GA=101;https://ilga.gov/senate/default.asp?GA=102;https://ilga.gov/senate/default.asp?GA=103;https://ilga.gov/senate/Senator.asp?GA=101&MemberID=2554;https://ilga.gov/senate/Senator.asp?GA=102&MemberID=2808;https://ilga.gov/senate/Senator.asp?GA=103&MemberID=3030;https://justfacts.votesmart.org/candidate/biography/33592/mattie-hunter;https://www.ilga.gov/Senate/Members/Details/3269;https://www.ilga.gov/senate/Senator.asp?GA=103&MemberID=3030;https://www.ilga.gov/senate/Senator.asp?GA=104&MemberID=3269;https://www.linkedin.com/in/mattie-hunter-2ab4a811;https://www.linkedin.com/in/mattie-hunter-4b192514;https://www.senatorhunter.com;https://www.senatorhunter.com/,,,,"2929 S. Wabash Ave. Suite 102, Chicago, IL 60616",312-949-1908,,,,,,
ocd-person/ef519ea9-e143-44e0-95b2-49d37c4ea3c8,Maura Hirschauer,Democratic,49,lower,Maura,Hirschauer,Female,office@repmaura49.com,,,,https://cdn.ilga.gov/assets/img/members/{F62525B8-2C23-49B7-AAB8-EFA6AE575F68}.jpg,https://ilga.gov/house/Rep.asp?GA=102&MemberID=2995;https://ilga.gov/house/Rep.asp?GA=103&MemberID=3184;https://www.ilga.gov/House/Members/Details/3388;https://www.ilga.gov/house/Rep.asp?GA=103&MemberID=3184;https://www.ilga.gov/house/Rep.asp?GA=104&MemberID=3388;https://www.ilga.gov/house/Rep.asp?MemberID=3388;https://www.maurahirschauer.com/,https://ballotpedia.org/Maura_Hirschauer;https://en.wikipedia.org/wiki/Maura_Hirschauer;https://ilga.gov/house/default.asp?GA=102;https://ilga.gov/house/default.asp?GA=103;https://ilga.gov/house/Rep.asp?GA=102&MemberID=2995;https://ilga.gov/house/Rep.asp?GA=103&MemberID=3184;https://justfacts.votesmart.org/candidate/188065/maura-hirschauer;https://www.ilga.gov/House/Members/Details/3388;https://www.ilga.gov/house/Rep.asp?GA=103&MemberID=3184;https://www.ilga.gov/house/Rep.asp?GA=104&MemberID=3388;https://www.ilga.gov/house/Rep.asp?MemberID=3388;https://www.maurahirschauer.com,,,,"946 Neltnor Blvd. #104, West Chicago, IL 60185",331-465-9661,,,,,,
ocd-person/77906cdf-58a8-4329-bb24-c65e6e38342f,Maurice West,Democratic,67,lower,Maurice,West,Male,assistance@staterepwest.com,,1985-06-20,,https://cdn.ilga.gov/assets/img/members/{AFB160BE-629B-4C70-8541-877D6FCDE529}.jpg,https://ilga.gov/house/Rep.asp?GA=101&MemberID=2736;https://ilga.gov/house/Rep.asp?GA=102&MemberID=2937;https://ilga.gov/house/Rep.asp?GA=103&MemberID=3135;https://www.ilga.gov/House/Members/Details/3346;https://www.ilga.gov/house/Rep.asp?GA=103&MemberID=3135;https://www.ilga.gov/house/Rep.asp?MemberID=3346;https://www.staterepwest.com/,https://ballotpedia.org/Maurice_West_II;https://en.wikipedia.org/wiki/Maurice_West;https://ilga.gov/house/default.asp?GA=101;https://ilga.gov/house/default.asp?GA=102;https://ilga.gov/house/default.asp?GA=103;https://ilga.gov/house/Rep.asp?GA=101&MemberID=2736;https://ilga.gov/house/Rep.asp?GA=102&MemberID=2937;https://ilga.gov/house/Rep.asp?GA=103&MemberID=3135;https://justfacts.votesmart.org/candidate/biography/177197/maurice-west-ii;https://www.ilga.gov/House/Members/Details/3346;https://www.ilga.gov/house/Rep.asp?GA=103&MemberID=3135;https://www.ilga.gov/house/Rep.asp?MemberID=3346;https://www.linkedin.com/in/mauricewest;https://www.staterepwest.com,,,,"303 N. Main St. Suite 110, Rockford, IL 61101",815-987-7433,,,,,,
ocd-person/d218f82f-ce03-4277-9408-119857d1e61f,Meg Loughran Cappel,Democratic,49,upper,Meg,Loughran Cappel,Female,info@senatorloughrancappel.com,,,,https://cdn.ilga.gov/assets/img/members/{344F07C5-9853-49B6-902A-89D5F81637BF}.jpg,https://ilga.gov/senate/Senator.asp?GA=102&MemberID=2982;https://ilga.gov/senate/Senator.asp?GA=103&MemberID=3172;https://www.ilga.gov/Senate/Members/Details/3380;https://www.ilga.gov/senate/Senator.asp?GA=103&MemberID=3172;https://www.ilga.gov/senate/Senator.asp?GA=104&MemberID=3380;https://www.senatorloughrancappel.com/,https://ballotpedia.org/Meg_Loughran_Cappel;https://en.wikipedia.org/wiki/Meg_Loughran_Cappel;https://ilga.gov/senate/default.asp?GA=102;https://ilga.gov/senate/default.asp?GA=103;https://ilga.gov/senate/Senator.asp?GA=102&MemberID=2982;https://ilga.gov/senate/Senator.asp?GA=103&MemberID=3172;https://justfacts.votesmart.org/candidate/biography/188062/meg-loughran-cappel;https://www.ilga.gov/Senate/Members/Details/3380;https://www.ilga.gov/senate/Senator.asp?GA=103&MemberID=3172;https://www.ilga.gov/senate/Senator.asp?GA=104&MemberID=3380;https://www.linkedin.com/in/meg-cappel-674a37ba;https://www.senatorloughrancappel.com,,,,"20660 Caton Farm Road Unit D, Crest Hill, IL 60403",815-267-6119,,,,,,
ocd-person/fb433923-65ca-475a-b106-7293c3483c57,Mike Hastings,Democratic,19,upper,Mike,Hastings,Male,mhastings@senatedem.ilga.gov,,1980-10-06,,https://cdn.ilga.gov/assets/img/members/{C6E534EB-7243-4687-8A65-04BD4DA5DF72}.jpg,https://ilga.gov/senate/Senator.asp?GA=101&MemberID=2616;https://ilga.gov/senate/Senator.asp?GA=102&MemberID=2852;https://ilga.gov/senate/Senator.asp?GA=103&MemberID=3065;https://www.ilga.gov/Senate/Members/Details/3293;https://www.ilga.gov/senate/Senator.asp?GA=103&MemberID=3065;https://www.ilga.gov/senate/Senator.asp?GA=104&MemberID=3293;https://www.senatorhastings.com/,https://ballotpedia.org/Michael_Hastings_(Illinois);https://en.wikipedia.org/wiki/Michael_Hastings_(politician);https://ilga.gov/senate/default.asp?GA=101;https://ilga.gov/senate/default.asp?GA=102;https://ilga.gov/senate/default.asp?GA=103;https://ilga.gov/senate/Senator.asp?GA=101&MemberID=2616;https://ilga.gov/senate/Senator.asp?GA=102&MemberID=2852;https://ilga.gov/senate/Senator.asp?GA=103&MemberID=3065;https://justfacts.votesmart.org/candidate/biography/134982/michael-hastings;https://www.ilga.gov/Senate/Members/Details/3293;https://www.ilga.gov/senate/Senator.asp?GA=103&MemberID=3065;https://www.ilga.gov/senate/Senator.asp?GA=104&MemberID=3293;https://www.linkedin.com/in/michael-e-hastings-b4724b6;https://www.senatorhastings.com,,,,"813 School Road, Matteson, IL 60443",,,,,,,
ocd-person/8021b51f-4acc-459e-a038-786ebaca8666,Mike Halpin,Democratic,36,upper,Mike,Halpin,Male,senatormikehalpin@gmail.com,,,,https://cdn.ilga.gov/assets/img/members/{35F1D456-C798-4A8B-9180-4608CB0FDB78}.jpg,https://ilga.gov/house/Rep.asp?GA=101&MemberID=2685;https://ilga.gov/house/Rep.asp?GA=102&MemberID=2903;https://ilga.gov/house/Rep.asp?GA=103&MemberID=3106;https://ilga.gov/senate/Senator.asp?GA=103&MemberID=3213;https://senatorhalpin.com/;https://www.ilga.gov/Senate/Members/Details/3408;https://www.ilga.gov/senate/Senator.asp?GA=103&MemberID=3213;https://www.ilga.gov/senate/Senator.asp?GA=104&MemberID=3408,https://ballotpedia.org/Michael_Halpin;https://en.wikipedia.org/wiki/Michael_Halpin;https://ilga.gov/house/default.asp?GA=101;https://ilga.gov/house/default.asp?GA=102;https://ilga.gov/house/default.asp?GA=103;https://ilga.gov/house/Rep.asp?GA=101&MemberID=2685;https://ilga.gov/house/Rep.asp?GA=102&MemberID=2903;https://ilga.gov/house/Rep.asp?GA=103&MemberID=3106;https://ilga.gov/senate/default.asp?GA=103;https://ilga.gov/senate/Senator.asp?GA=103&MemberID=3213;https://justfacts.votesmart.org/candidate/biography/166412/mike-halpin;https://senatorhalpin.com;https://www.ilga.gov/Senate/Members/Details/3408;https://www.ilga.gov/senate/Senator.asp?GA=103&MemberID=3213;https://www.ilga.gov/senate/Senator.asp?GA=104&MemberID=3408;https://www.linkedin.com/in/michael-halpin-136bb81,,,,"County Office Building 1504 3rd Ave., 2nd Floor, Rock Island, IL 61201",309-558-3612,,,,,,
ocd-person/868db7f8-5f9e-48a4-83ba-a5404b87276a,Mike Coffey,Republican,95,lower,Mike,Coffey,Male,coffey@ilhousegop.org,,,,https://cdn.ilga.gov/assets/img/members/{EA682659-0B02-4A60-8244-1D5D2ABCD620}.jpg,https://ilga.gov/house/Rep.asp?GA=103&MemberID=3246;https://repcoffey.com/;https://www.ilga.gov/House/Members/Details/3437;https://www.ilga.gov/house/Rep.asp?GA=103&MemberID=3246;https://www.ilga.gov/house/Rep.asp?GA=104&MemberID=3437;https://www.ilga.gov/house/Rep.asp?MemberID=3437,https://ballotpedia.org/Mike_Coffey;https://en.wikipedia.org/wiki/Michael_Coffey_(Illinois_politician);https://ilga.gov/house/default.asp?GA=103;https://ilga.gov/house/Rep.asp?GA=103&MemberID=3246;https://justfacts.votesmart.org/candidate/biography/211622/mike-coffey;https://repcoffey.com;https://www.ilga.gov/House/Members/Details/3437;https://www.ilga.gov/house/Rep.asp?GA=103&MemberID=3246;https://www.ilga.gov/house/Rep.asp?GA=104&MemberID=3437;https://www.ilga.gov/house/Rep.asp?MemberID=3437,,,,,,,,,,,
ocd-person/c98bae02-b0dd-40ea-96a8-8a5fa994d211,Michael Kelly,Democratic,15,lower,Michael,Kelly,Male,district@repkelly.com,,1975-06-23,,https://cdn.ilga.gov/assets/img/members/{90B28E06-84A0-47EB-A80B-403DF4CDA607}.jpg,https://ilga.gov/house/Rep.asp?GA=102&MemberID=3013;https://ilga.gov/house/Rep.asp?GA=103&MemberID=3201;https://repkelly.com/;https://www.ilga.gov/House/Members/Details/3402;https://www.ilga.gov/house/Rep.asp?GA=103&MemberID=3201;https://www.ilga.gov/house/Rep.asp?MemberID=3402,https://ballotpedia.org/Michael_Kelly_(Illinois);https://en.wikipedia.org/wiki/Michael_Kelly_(Illinois_politician);https://ilga.gov/house/default.asp?GA=102;https://ilga.gov/house/default.asp?GA=103;https://ilga.gov/house/Rep.asp?GA=102&MemberID=3013;https://ilga.gov/house/Rep.asp?GA=103&MemberID=3201;https://justfacts.votesmart.org/candidate/biography/200759/michael-kelly;https://repkelly.com;https://www.ilga.gov/House/Members/Details/3402;https://www.ilga.gov/house/Rep.asp?GA=103&MemberID=3201;https://www.ilga.gov/house/Rep.asp?MemberID=3402,,,,"4200 W. Lawrence Ave., Chicago, IL 60630",773-736-0218,,,,,,
ocd-person/394eec6a-ad20-447e-b72c-f09d76e66fa2,Michelle Mussman,Democratic,56,lower,Michelle,Mussman,Female,staterepmussman@gmail.com,,1972-08-17,,https://cdn.ilga.gov/assets/img/members/{63BBD5DE-333E-4015-8658-4F7B2D45E1B7}.jpg,https://ilga.gov/house/Rep.asp?GA=101&MemberID=2593;https://ilga.gov/house/Rep.asp?GA=102&MemberID=2835;https://ilga.gov/house/Rep.asp?GA=103&MemberID=3052;https://www.ilga.gov/House/Members/Details/3284;https://www.ilga.gov/house/Rep.asp?GA=103&MemberID=3052;https://www.ilga.gov/house/Rep.asp?MemberID=3284,https://ballotpedia.org/Michelle_Mussman;https://en.wikipedia.org/wiki/Michelle_Mussman;https://ilga.gov/house/default.asp?GA=101;https://ilga.gov/house/default.asp?GA=102;https://ilga.gov/house/default.asp?GA=103;https://ilga.gov/house/Rep.asp?GA=101&MemberID=2593;https://ilga.gov/house/Rep.asp?GA=102&MemberID=2835;https://ilga.gov/house/Rep.asp?GA=103&MemberID=3052;https://ilhousedems.com/project/rep-michelle-mussman;https://justfacts.votesmart.org/candidate/biography/116656/michelle-mussman;https://www.ilga.gov/House/Members/Details/3284;https://www.ilga.gov/house/Rep.asp?GA=103&MemberID=3052;https://www.ilga.gov/house/Rep.asp?MemberID=3284,,,,"11 N. Roselle Road, Schaumburg, IL 60194",847-923-9104,,,,,,
ocd-person/08699f92-8a4f-4dfa-8e8c-8bf129fb08d0,Mike Crawford,Democratic,31,lower,Mike,Crawford,Male,districtdirector31@gmail.com,,,,https://cdn.ilga.gov/assets/img/members/{C79CCD19-74A9-494F-BE14-E0D1E0A9D326}.jpg,https://www.ilga.gov/House/Members/Details/3452;https://www.ilga.gov/house/Rep.asp?GA=104&MemberID=3452,https://ballotpedia.org/Michael_Crawford;https://en.wikipedia.org/wiki/Michael_Crawford_(politician);https://justfacts.votesmart.org/candidate/biography/166391/michael-crawford;https://www.ilga.gov/House/Members/Details/3452;https://www.ilga.gov/house/Rep.asp?GA=104&MemberID=3452;https://www.linkedin.com/in/illinois-state-representative-michael-crawford-a9510b348;https://www.linkedin.com/in/michaelcrawford1,,,,"8620 S. Pulaski Road, Chicago, IL 60652",872-267-7384,,,,,,
ocd-person/4666ba31-e78b-48f5-9d88-f4823527df6b,Mike Porfirio,Democratic,11,upper,Mike,Porfirio,Male,info@senatorporfirio.com,,,,https://cdn.ilga.gov/assets/img/members/{0824C110-5C93-4CBA-92E2-C330BBD6FE02}.jpg,https://ilga.gov/senate/Senator.asp?GA=103&MemberID=3208;https://www.ilga.gov/Senate/Members/Details/3404;https://www.ilga.gov/senate/Senator.asp?GA=103&MemberID=3208;https://www.ilga.gov/senate/Senator.asp?GA=104&MemberID=3404;https://www.senatorporfirio.com/,https://ballotpedia.org/Mike_Porfirio;https://en.wikipedia.org/wiki/Mike_Porfirio;https://ilga.gov/senate/default.asp?GA=103;https://ilga.gov/senate/Senator.asp?GA=103&MemberID=3208;https://justfacts.votesmart.org/candidate/biography/204373/mike-porfirio;https://www.ilga.gov/Senate/Members/Details/3404;https://www.ilga.gov/senate/Senator.asp?GA=103&MemberID=3208;https://www.ilga.gov/senate/Senator.asp?GA=104&MemberID=3404;https://www.linkedin.com/in/mike-porfirio-859bb5192;https://www.senatorporfirio.com,,,,"6215 W. 79th St. Suite 1A, Burbank, IL 60459",708-430-2510,,,,,,
ocd-person/0125b0ac-65ba-443e-b418-53cdf42b9f85,Mike Simmons-Gessesse,Democratic,7,upper,Mike,Simmons-Gessesse,Male,senatormikesimmons@gmail.com,,,,https://cdn.ilga.gov/assets/img/members/{6EDEB1E8-2566-4659-ABF5-A9107C2912F0}.jpg,https://ilga.gov/senate/Senator.asp?GA=102&MemberID=3008;https://ilga.gov/senate/Senator.asp?GA=103&MemberID=3196;https://www.ilga.gov/Senate/Members/Details/3398;https://www.ilga.gov/senate/Senator.asp?GA=103&MemberID=3196;https://www.ilga.gov/senate/Senator.asp?GA=104&MemberID=3398;https://www.senatormikesimmons.com/;https://www.senatormikesimmons.com/en/,https://ballotpedia.org/Mike_Simmons_(Illinois);https://en.wikipedia.org/wiki/Mike_Simmons;https://ilga.gov/senate/default.asp?GA=102;https://ilga.gov/senate/default.asp?GA=103;https://ilga.gov/senate/Senator.asp?GA=102&MemberID=3008;https://ilga.gov/senate/Senator.asp?GA=103&MemberID=3196;https://www.ilga.gov/Senate/Members/Details/3398;https://www.ilga.gov/senate/Senator.asp?GA=103&MemberID=3196;https://www.ilga.gov/senate/Senator.asp?GA=104&MemberID=3398;https://www.linkedin.com/in/mikesimmonschicago;https://www.senatormikesimmons.com,,,,"1040 W. Bryn Mawr Ave., Chicago, IL 60660",773-769-1717,,,,,,
ocd-person/d717abc0-a4ec-4ce9-bd24-cbda0a48c361,Murri Briel,Democratic,76,lower,Murri,Briel,Female,contact@staterepbriel.com,,1974-12-05,,https://cdn.ilga.gov/assets/img/members/{E820664D-DF76-4A22-88DC-736A218A001E}.jpg,https://staterepbriel.com/;https://www.ilga.gov/House/Members/Details/3451;https://www.ilga.gov/house/Rep.asp?GA=104&MemberID=3451,https://ballotpedia.org/Amy_Murri_Briel;https://en.wikipedia.org/wiki/Murri_Briel;https://justfacts.votesmart.org/candidate/biography/177093/murri-briel;https://staterepbriel.com;https://staterepbriel.com/about;https://www.ilga.gov/House/Members/Details/3451;https://www.ilga.gov/house/Rep.asp?GA=104&MemberID=3451;https://www.linkedin.com/in/amy-murri-briel-00a320149,,,,"628 Columbus St. Suite 408, Ottawa, IL 61350",815-587-7912,,,,,,
ocd-person/3115335b-b84e-49e5-b0ed-8ee2ab139784,Nabeela Syed,Democratic,51,lower,Nabeela,Syed,Female,info@repsyed.com,,,,https://cdn.ilga.gov/assets/img/members/{1B81D1C2-BEE3-408C-B52D-8B269BC5DA24}.jpg,https://ilga.gov/house/Rep.asp?GA=103&MemberID=3232;https://www.ilga.gov/House/Members/Details/3423;https://www.ilga.gov/house/Rep.asp?GA=103&MemberID=3232;https://www.ilga.gov/house/Rep.asp?MemberID=3423;https://www.repnabeelasyed.org/,https://ballotpedia.org/Nabeela_Syed;https://en.wikipedia.org/wiki/Nabeela_Syed;https://ilga.gov/house/default.asp?GA=103;https://ilga.gov/house/Rep.asp?GA=103&MemberID=3232;https://justfacts.votesmart.org/candidate/biography/204457/nabeela-syed;https://www.ilga.gov/House/Members/Details/3423;https://www.ilga.gov/house/Rep.asp?GA=103&MemberID=3232;https://www.ilga.gov/house/Rep.asp?MemberID=3423;https://www.linkedin.com/in/nabeela-syed;https://www.nabeelasyed.com/aboutnabeela;https://www.repnabeelasyed.org,,,,"1252 W. NW Highway, Palatine, IL 60067",773-916-6553,,,,,,
ocd-person/f8e78760-4ec7-44f4-a00f-54f42fb834d5,Napoleon Harris,Democratic,15,upper,Napoleon,Harris,Male,nharris@senatedem.ilga.gov,,1979-02-25,,https://cdn.ilga.gov/assets/img/members/{87402198-6E85-4CFE-BDD2-B9DC58948869}.jpg,https://ilga.gov/senate/Senator.asp?GA=101&MemberID=2615;https://ilga.gov/senate/Senator.asp?GA=102&MemberID=2851;https://ilga.gov/senate/Senator.asp?GA=103&MemberID=3064;https://www.ilga.gov/Senate/Members/Details/3292;https://www.ilga.gov/senate/Senator.asp?GA=103&MemberID=3064;https://www.ilga.gov/senate/Senator.asp?GA=104&MemberID=3292;https://www.senatornapoleonharris.com/,https://ballotpedia.org/Napoleon_Harris;https://en.wikipedia.org/wiki/Napoleon_Harris;https://ilga.gov/senate/default.asp?GA=101;https://ilga.gov/senate/default.asp?GA=102;https://ilga.gov/senate/default.asp?GA=103;https://ilga.gov/senate/Senator.asp?GA=101&MemberID=2615;https://ilga.gov/senate/Senator.asp?GA=102&MemberID=2851;https://ilga.gov/senate/Senator.asp?GA=103&MemberID=3064;https://justfacts.votesmart.org/candidate/134977/napoleon-harris-iii;https://www.ilga.gov/Senate/Members/Details/3292;https://www.ilga.gov/senate/Senator.asp?GA=103&MemberID=3064;https://www.ilga.gov/senate/Senator.asp?GA=104&MemberID=3292;https://www.linkedin.com/in/napoleon-harris-9b132a8;https://www.senatornapoleonharris.com,,,,"930 W. 175th St. Suite 3W, Homewood, IL 60430",708-893-0552,,,,,,
ocd-person/d7b735a6-3b70-4a3d-ae53-948fde86e4e7,Natalie Manley,Democratic,98,lower,Natalie,Manley,Female,repmanley@gmail.com,,1961-12-25,,https://cdn.ilga.gov/assets/img/members/{F3781CCA-4285-44C3-8E60-811B9229EA1B}.jpg,https://ilga.gov/house/Rep.asp?GA=101&MemberID=2639;https://ilga.gov/house/Rep.asp?GA=102&MemberID=2870;https://ilga.gov/house/Rep.asp?GA=103&MemberID=3079;https://www.ilga.gov/House/Members/Details/3302;https://www.ilga.gov/house/Rep.asp?GA=103&MemberID=3079;https://www.ilga.gov/house/Rep.asp?MemberID=3302,https://ballotpedia.org/Natalie_Manley;https://en.wikipedia.org/wiki/Natalie_Manley;https://ilga.gov/house/default.asp?GA=101;https://ilga.gov/house/default.asp?GA=102;https://ilga.gov/house/default.asp?GA=103;https://ilga.gov/house/Rep.asp?GA=101&MemberID=2639;https://ilga.gov/house/Rep.asp?GA=102&MemberID=2870;https://ilga.gov/house/Rep.asp?GA=103&MemberID=3079;https://justfacts.votesmart.org/candidate/biography/135077/natalie-manley;https://www.ilga.gov/House/Members/Details/3302;https://www.ilga.gov/house/Rep.asp?GA=103&MemberID=3079;https://www.ilga.gov/house/Rep.asp?MemberID=3302;https://www.linkedin.com/in/natalie-a-manley-1b44a46,,,,"1050 W. Romeo Road Suite 101, Romeoville, IL 60446",815-725-2741,,,,,,
ocd-person/b676c70e-0bc2-45d2-bd4c-9f3fa70bf60e,Neil Anderson,Republican,47,upper,Neil,Anderson,Male,senatorneilanderson@gmail.com,,1982-04-14,,https://cdn.ilga.gov/assets/img/members/{90CDA259-1DEA-4D18-AE97-30051E03D154}.jpg,https://ilga.gov/senate/Senator.asp?GA=101&MemberID=2664;https://ilga.gov/senate/Senator.asp?GA=102&MemberID=2886;https://ilga.gov/senate/Senator.asp?GA=103&MemberID=3092;https://senatorneilanderson.com;https://senatorneilanderson.com/;https://www.ilga.gov/Senate/Members/Details/3312;https://www.ilga.gov/senate/Senator.asp?GA=103&MemberID=3092;https://www.ilga.gov/senate/Senator.asp?MemberID=3312,https://ballotpedia.org/Neil_Anderson_(Illinois);https://en.wikipedia.org/wiki/Neil_Anderson_(Illinois_politician);https://ilga.gov/senate/default.asp?GA=101;https://ilga.gov/senate/default.asp?GA=102;https://ilga.gov/senate/default.asp?GA=103;https://ilga.gov/senate/Senator.asp?GA=101&MemberID=2664;https://ilga.gov/senate/Senator.asp?GA=102&MemberID=2886;https://ilga.gov/senate/Senator.asp?GA=103&MemberID=3092;https://justfacts.votesmart.org/candidate/biography/135090/neil-anderson;https://senatorneilanderson.com;https://www.ilga.gov/Senate/Members/Details/3312;https://www.ilga.gov/senate/Senator.asp?GA=103&MemberID=3092;https://www.ilga.gov/senate/Senator.asp?MemberID=3312;https://www.linkedin.com/in/neil-anderson-64846555,,,,"103 N. College Ave., #201, Aledo, IL 61231",309-230-7584,,,,,,
ocd-person/a5e32db2-c1a9-4b4a-b42e-d2d541bd5825,Nick Smith,Democratic,34,lower,Nick,Smith,Male,repsmith34@gmail.com,,,,https://cdn.ilga.gov/assets/img/members/{4D7D283C-73C8-40F8-A3F0-7FA9301456F5}.jpg,https://ilga.gov/house/Rep.asp?GA=101&MemberID=2704;https://ilga.gov/house/Rep.asp?GA=102&MemberID=2919;https://ilga.gov/house/Rep.asp?GA=103&MemberID=3118;https://www.ilga.gov/House/Members/Details/3332;https://www.ilga.gov/house/Rep.asp?GA=103&MemberID=3118;https://www.ilga.gov/house/Rep.asp?MemberID=3332;https://www.repsmith34.com/,https://ballotpedia.org/Nicholas_Smith_(Illinois);https://en.wikipedia.org/wiki/Nicholas_Smith_(Illinois_politician);https://ilga.gov/house/default.asp?GA=101;https://ilga.gov/house/default.asp?GA=102;https://ilga.gov/house/default.asp?GA=103;https://ilga.gov/house/Rep.asp?GA=101&MemberID=2704;https://ilga.gov/house/Rep.asp?GA=102&MemberID=2919;https://ilga.gov/house/Rep.asp?GA=103&MemberID=3118;https://www.ilga.gov/House/Members/Details/3332;https://www.ilga.gov/house/Rep.asp?GA=103&MemberID=3118;https://www.ilga.gov/house/Rep.asp?MemberID=3332;https://www.linkedin.com/in/niksmith;https://www.repsmith34.com,,,,"113 E. 95th St. Suite A, Chicago, IL 60619",773-783-8800,,,,,,
ocd-person/3846d812-409f-4726-8e46-3624bfe92812,Nicole La Ha,Republican,82,lower,Nicole,La Ha,Female,repnicolelaha@gmail.com,,,,https://cdn.ilga.gov/assets/img/members/{08891F3D-4342-4F2E-A5E5-6CCBCD415423}.jpg,https://ilga.gov/house/Rep.asp?GA=103&MemberID=3256;https://replaha.com/;https://www.ilga.gov/House/Members/Details/3445;https://www.ilga.gov/house/Rep.asp?GA=103&MemberID=3256;https://www.ilga.gov/house/Rep.asp?MemberID=3445,https://ballotpedia.org/Nicole_La_Ha;https://en.wikipedia.org/wiki/Nicole_La_Ha;https://ilga.gov/house/default.asp?GA=103;https://ilga.gov/house/Rep.asp?GA=103&MemberID=3256;https://itssimplebekind.com;https://nicoleforillinois.org/about-nicole;https://nicoleforillinois.org/learn-about-nicole;https://replaha.com;https://www.ilga.gov/House/Members/Details/3445;https://www.ilga.gov/house/Rep.asp?GA=103&MemberID=3256;https://www.ilga.gov/house/Rep.asp?MemberID=3445,,,,"12271 Walker Road, Lemont, IL 60439",630-755-4296,,,,,,
ocd-person/0394df12-4d09-4844-80aa-269ccc9c1d54,Nicolle Grasse,Democratic,53,lower,Nicolle,Grasse,Female,contact@staterepgrasse.com,,,,https://cdn.ilga.gov/assets/img/members/{D2D7C6E1-5147-4488-90CD-D4FC0982A738}.jpg,https://www.ilga.gov/House/Members/Details/3450;https://www.ilga.gov/house/Rep.asp?GA=103&MemberID=3262;https://www.ilga.gov/house/Rep.asp?GA=104&MemberID=3450;https://www.ilga.gov/house/Rep.asp?MemberID=3450;https://www.staterepgrasse.com/,https://ballotpedia.org/Nicolle_Grasse;https://en.wikipedia.org/wiki/Nicolle_Grasse;https://justfacts.votesmart.org/candidate/biography/197272/nicolle-grasse;https://www.ilga.gov/House/Members/Details/3450;https://www.ilga.gov/house/Rep.asp?GA=103&MemberID=3262;https://www.ilga.gov/house/Rep.asp?GA=104&MemberID=3450;https://www.ilga.gov/house/Rep.asp?MemberID=3450;https://www.linkedin.com/in/rev-nicolle-see-grasse-61013423;https://www.staterepgrasse.com,,,,"171 W. Wing St. Suite 202, Arlington Heights, IL 60005",847-749-1137,,,,,,
ocd-person/cce820c8-7ce2-4b30-8ebd-4734eab16a94,Norine Hammond,Republican,94,lower,Norine,Hammond,Female,rephammond@macomb.com,,1952-09-21,,https://cdn.ilga.gov/assets/img/members/{07D3914D-440A-4891-99AE-256F657BBFFF}.jpg,https://ilga.gov/house/Rep.asp?GA=101&MemberID=2597;https://ilga.gov/house/Rep.asp?GA=102&MemberID=2838;https://ilga.gov/house/Rep.asp?GA=103&MemberID=3055;https://norinehammond.org/;https://www.ilga.gov/House/Members/Details/3287;https://www.ilga.gov/house/Rep.asp?GA=103&MemberID=3055;https://www.ilga.gov/house/Rep.asp?GA=104&MemberID=3287;https://www.ilga.gov/house/Rep.asp?MemberID=3287,https://ballotpedia.org/Norine_Hammond;https://en.wikipedia.org/wiki/Norine_Hammond;https://ilga.gov/house/default.asp?GA=101;https://ilga.gov/house/default.asp?GA=102;https://ilga.gov/house/default.asp?GA=103;https://ilga.gov/house/Rep.asp?GA=101&MemberID=2597;https://ilga.gov/house/Rep.asp?GA=102&MemberID=2838;https://ilga.gov/house/Rep.asp?GA=103&MemberID=3055;https://justfacts.votesmart.org/candidate/biography/128487/norine-hammond;https://norinehammond.org;https://www.ilga.gov/House/Members/Details/3287;https://www.ilga.gov/house/Rep.asp?GA=103&MemberID=3055;https://www.ilga.gov/house/Rep.asp?GA=104&MemberID=3287;https://www.ilga.gov/house/Rep.asp?MemberID=3287,,,,"325 E. Washington St., Macomb, IL 61455",309-836-2707,,,,,,
ocd-person/c0d6eed8-422f-4e17-a4df-5e546b704e91,Norma Hernandez,Democratic,77,lower,Norma,Hernandez,Female,district@repnormahernandez.com,,,,https://cdn.ilga.gov/assets/img/members/{3E520E2E-5D7A-491B-9744-0F0137816162}.jpg,https://ilga.gov/house/Rep.asp?GA=103&MemberID=3224;https://ilrep24.com/;https://repnormahernandez.com/;https://www.ilga.gov/House/Members/Details/3415;https://www.ilga.gov/house/Rep.asp?GA=103&MemberID=3224;https://www.ilga.gov/house/Rep.asp?GA=104&MemberID=3415;https://www.ilga.gov/house/Rep.asp?MemberID=3415,https://ballotpedia.org/Norma_Hernandez_(Illinois);https://en.wikipedia.org/wiki/Norma_Hernandez;https://ilga.gov/house/default.asp?GA=103;https://ilga.gov/house/Rep.asp?GA=103&MemberID=3224;https://justfacts.votesmart.org/candidate/biography/204480/norma-hernandez;https://repnormahernandez.com;https://www.ilga.gov/House/Members/Details/3415;https://www.ilga.gov/house/Rep.asp?GA=103&MemberID=3224;https://www.ilga.gov/house/Rep.asp?GA=104&MemberID=3415;https://www.ilga.gov/house/Rep.asp?MemberID=3415;https://www.linkedin.com/in/norma-hernandez-897473127,,,,"125 N. 19th Ave. Suite B, Melrose Park, IL 60160",708-365-8498,,,,,,
ocd-person/436c1e53-1203-4ce3-9931-d22f9e3c406a,Omar Aquino,Democratic,2,upper,Omar,Aquino,Male,aquino.senate2il@gmail.com,,1987-06-24,,https://cdn.ilga.gov/assets/img/members/{79A5CDE2-DD9F-423E-83F0-4643FDB13ABB}.jpg,https://ilga.gov/senate/Senator.asp?GA=101&MemberID=2673;https://ilga.gov/senate/Senator.asp?GA=102&MemberID=2894;https://ilga.gov/senate/Senator.asp?GA=103&MemberID=3099;https://www.ilga.gov/Senate/Members/Details/3316;https://www.ilga.gov/senate/Senator.asp?GA=103&MemberID=3099;https://www.senatoraquino.com/,https://ballotpedia.org/Omar_Aquino;https://en.wikipedia.org/wiki/Omar_Aquino;https://ilga.gov/senate/default.asp?GA=101;https://ilga.gov/senate/default.asp?GA=102;https://ilga.gov/senate/default.asp?GA=103;https://ilga.gov/senate/Senator.asp?GA=101&MemberID=2673;https://ilga.gov/senate/Senator.asp?GA=102&MemberID=2894;https://ilga.gov/senate/Senator.asp?GA=103&MemberID=3099;https://justfacts.votesmart.org/candidate/biography/166441/omar-aquino;https://www.ilga.gov/Senate/Members/Details/3316;https://www.ilga.gov/senate/Senator.asp?GA=103&MemberID=3099;https://www.senatoraquino.com;https://www.senatoraquino.com/,,,,"4053 W. Armitage Ave., Chicago, IL 60639",773-292-0202,773-292-1903,,,,,
ocd-person/1ae7c123-b1a4-4c6e-b4d3-dc22db461e44,Patrick Joyce,Democratic,40,upper,Patrick,Joyce,Male,pjoyce2133@yahoo.com,,,,https://cdn.ilga.gov/assets/img/members/{39D6F100-DAEC-4C4B-A4F5-F20299B79152}.jpg,https://ilga.gov/senate/Senator.asp?GA=101&MemberID=2774;https://ilga.gov/senate/Senator.asp?GA=102&MemberID=2973;https://ilga.gov/senate/Senator.asp?GA=103&MemberID=3164;https://www.ilga.gov/Senate/Members/Details/3372;https://www.ilga.gov/senate/Senator.asp?GA=103&MemberID=3164;https://www.ilga.gov/senate/Senator.asp?GA=104&MemberID=3372;https://www.senatorpatrickjoyce.com/,https://ballotpedia.org/Patrick_Joyce;https://en.wikipedia.org/wiki/Patrick_Joyce_(politician);https://ilga.gov/senate/default.asp?GA=101;https://ilga.gov/senate/default.asp?GA=102;https://ilga.gov/senate/default.asp?GA=103;https://ilga.gov/senate/Senator.asp?GA=101&MemberID=2774;https://ilga.gov/senate/Senator.asp?GA=102&MemberID=2973;https://ilga.gov/senate/Senator.asp?GA=103&MemberID=3164;https://justfacts.votesmart.org/candidate/biography/187882/patrick-joyce;https://www.ilga.gov/Senate/Members/Details/3372;https://www.ilga.gov/senate/Senator.asp?GA=103&MemberID=3164;https://www.ilga.gov/senate/Senator.asp?GA=104&MemberID=3372;https://www.linkedin.com/in/patrick-joyce-7101188b;https://www.senatorpatrickjoyce.com,,,,"179 S. Wall St., Kankakee, IL 60901",708-756-0882,,,,,,
ocd-person/075c5ab4-12bf-4573-8091-1539a081256e,Patrick Sheehan,Republican,37,lower,Patrick,Sheehan,Male,sheehan@ilhousegop.org,,,,https://cdn.ilga.gov/assets/img/members/{4F33CDD4-F7DD-40AC-B11E-DA5066173803}.jpg,https://repsheehan.com/;https://www.ilga.gov/House/Members/Details/3448;https://www.ilga.gov/house/Rep.asp?MemberID=3260;https://www.ilga.gov/house/Rep.asp?MemberID=3448,https://ballotpedia.org/Patrick_Sheehan_(Illinois);https://en.wikipedia.org/wiki/Patrick_Sheehan_(Illinois_politician);https://repsheehan.com;https://www.ilga.gov/House/Members/Details/3448;https://www.ilga.gov/house/Rep.asp?MemberID=3260;https://www.ilga.gov/house/Rep.asp?MemberID=3448,,,,"15746 S. Bell Road, Homer Glen, IL 60491",708-694-2032,,,,,,
ocd-person/6cb9bc2c-97b3-4dd1-b5ba-36a644360057,Patrick Windhorst,Republican,117,lower,Patrick,Windhorst,Male,windhorst@ilhousegop.org,,,,https://cdn.ilga.gov/assets/img/members/{547F9C92-7368-4390-B625-5BB795568D50}.jpg,https://ilga.gov/house/Rep.asp?GA=101&MemberID=2760;https://ilga.gov/house/Rep.asp?GA=102&MemberID=2961;https://ilga.gov/house/Rep.asp?GA=103&MemberID=3155;https://repwindhorst.com/;https://www.ilga.gov/House/Members/Details/3364;https://www.ilga.gov/house/Rep.asp?GA=103&MemberID=3155;https://www.ilga.gov/house/Rep.asp?MemberID=3364,https://ballotpedia.org/Patrick_Windhorst;https://en.wikipedia.org/wiki/Patrick_Windhorst;https://ilga.gov/house/default.asp?GA=101;https://ilga.gov/house/default.asp?GA=102;https://ilga.gov/house/default.asp?GA=103;https://ilga.gov/house/Rep.asp?GA=101&MemberID=2760;https://ilga.gov/house/Rep.asp?GA=102&MemberID=2961;https://ilga.gov/house/Rep.asp?GA=103&MemberID=3155;https://justfacts.votesmart.org/candidate/biography/177247/patrick-windhorst;https://repwindhorst.com;https://www.ilga.gov/House/Members/Details/3364;https://www.ilga.gov/house/Rep.asp?GA=103&MemberID=3155;https://www.ilga.gov/house/Rep.asp?MemberID=3364;https://www.linkedin.com/in/patrick-windhorst-39b55552,,,,"2 N. Vine St. Suite 5A, Harrisburg, IL 62946",618-294-8703,,,,,,
ocd-person/8392abef-edd4-4e47-b649-ce4ac82ebb21,Paul Faraci,Democratic,52,upper,Paul,Faraci,Male,,,,,https://cdn.ilga.gov/assets/img/members/{1A24C379-4D87-4EA7-B9DA-BA65568F1408}.jpg,https://ilga.gov/senate/Senator.asp?GA=103&MemberID=3221;https://www.ilga.gov/Senate/Members/Details/3412;https://www.ilga.gov/senate/Senator.asp?GA=103&MemberID=3221;https://www.ilga.gov/senate/Senator.asp?GA=104&MemberID=3412;https://www.senatorfaraci.com/,https://ballotpedia.org/Paul_Faraci;https://en.wikipedia.org/wiki/Paul_Faraci;https://ilga.gov/senate/default.asp?GA=103;https://ilga.gov/senate/Senator.asp?GA=103&MemberID=3221;https://justfacts.votesmart.org/candidate/biography/130634/paul-faraci;https://www.ilga.gov/Senate/Members/Details/3412;https://www.ilga.gov/senate/Senator.asp?GA=103&MemberID=3221;https://www.ilga.gov/senate/Senator.asp?GA=104&MemberID=3412;https://www.linkedin.com/in/paul-faraci-ciao-42753a5;https://www.senatorfaraci.com,,,,"45 E. University Ave. Suite 206, Champaign, IL 61820",217-355-5252,,,,,,
ocd-person/2febe0de-8b57-43c9-b8cd-a5363af4eae3,Paul Jacobs,Republican,118,lower,Paul,Jacobs,Male,jacobs@ilhousegop.org,,,,https://cdn.ilga.gov/assets/img/members/{0E151A06-57C8-4261-9577-278F5DD4B717}.jpg,https://ilga.gov/house/Rep.asp?GA=102&MemberID=3003;https://ilga.gov/house/Rep.asp?GA=103&MemberID=3191;https://reppauljacobs.com/;https://www.ilga.gov/House/Members/Details/3394;https://www.ilga.gov/house/Rep.asp?GA=103&MemberID=3191;https://www.ilga.gov/house/Rep.asp?GA=104&MemberID=3394;https://www.ilga.gov/house/Rep.asp?MemberID=3394,https://ballotpedia.org/Paul_Jacobs;https://en.wikipedia.org/wiki/Paul_Jacobs_(politician);https://ilga.gov/house/default.asp?GA=102;https://ilga.gov/house/default.asp?GA=103;https://ilga.gov/house/Rep.asp?GA=102&MemberID=3003;https://ilga.gov/house/Rep.asp?GA=103&MemberID=3191;https://justfacts.votesmart.org/candidate/177244/paul-jacobs;https://reppauljacobs.com;https://www.ilga.gov/House/Members/Details/3394;https://www.ilga.gov/house/Rep.asp?GA=103&MemberID=3191;https://www.ilga.gov/house/Rep.asp?GA=104&MemberID=3394;https://www.ilga.gov/house/Rep.asp?MemberID=3394,,,,"600 Halfway Road, Marion, IL 62959",618-559-7018,,,,,,
ocd-person/ed666567-961a-43f1-8ca3-ddd29e07f8af,Rachel Ventura,Democratic,43,upper,Rachel,Ventura,Female,info@senatorventura.com,,1981-04-04,,https://cdn.ilga.gov/assets/img/members/{F4164483-CA9E-423B-ADF4-FA52EE9A3F08}.jpg,https://ilga.gov/senate/Senator.asp?GA=103&MemberID=3214;https://www.ilga.gov/Senate/Members/Details/3409;https://www.ilga.gov/senate/Senator.asp?GA=103&MemberID=3214;https://www.ilga.gov/senate/Senator.asp?GA=104&MemberID=3409;https://www.senatorventura.com/,https://ballotpedia.org/Rachel_Ventura;https://en.wikipedia.org/wiki/Rachel_Ventura;https://ilga.gov/senate/default.asp?GA=103;https://ilga.gov/senate/Senator.asp?GA=103&MemberID=3214;https://justfacts.votesmart.org/candidate/187974/rachel-ventura;https://www.ilga.gov/Senate/Members/Details/3409;https://www.ilga.gov/senate/Senator.asp?GA=103&MemberID=3214;https://www.ilga.gov/senate/Senator.asp?GA=104&MemberID=3409;https://www.linkedin.com/in/electventura;https://www.senatorventura.com,,,,"221 Springfield Ave. Unit 3, Joliet, IL 60435",331-290-0443,,,,,,
ocd-person/d01a10b0-e391-4c65-ba1f-304ee6130f5c,Ram Villivalam,Democratic,8,upper,Ram,Villivalam,Male,info@senatorram.com,,,,https://cdn.ilga.gov/assets/img/members/{DBF0BBF0-0E16-4C5F-894A-16C4A14CAF51}.jpg,https://ilga.gov/senate/Senator.asp?GA=101&MemberID=2731;https://ilga.gov/senate/Senator.asp?GA=102&MemberID=2936;https://ilga.gov/senate/Senator.asp?GA=103&MemberID=3134;https://www.ilga.gov/Senate/Members/Details/3345;https://www.ilga.gov/senate/Senator.asp?GA=103&MemberID=3134;https://www.ilga.gov/senate/Senator.asp?GA=104&MemberID=3345;https://www.senatorram.com/,https://ballotpedia.org/Ram_Villivalam;https://en.wikipedia.org/wiki/Ram_Villivalam;https://ilga.gov/senate/default.asp?GA=101;https://ilga.gov/senate/default.asp?GA=102;https://ilga.gov/senate/default.asp?GA=103;https://ilga.gov/senate/Senator.asp?GA=101&MemberID=2731;https://ilga.gov/senate/Senator.asp?GA=102&MemberID=2936;https://ilga.gov/senate/Senator.asp?GA=103&MemberID=3134;https://justfacts.votesmart.org/candidate/biography/177100/ram-villivalam;https://www.ilga.gov/Senate/Members/Details/3345;https://www.ilga.gov/senate/Senator.asp?GA=103&MemberID=3134;https://www.ilga.gov/senate/Senator.asp?GA=104&MemberID=3345;https://www.linkedin.com/in/ramvillivalam;https://www.senatorram.com,,,,"3851 W. Devon Ave., Chicago, IL 60659",872-208-5188,,,,,,
ocd-person/8d81a4e9-f895-4a60-8064-2ddd2bd785c8,Regan Deering,Republican,88,lower,Regan,Deering,Female,deering@ilhousegop.org,,,,https://cdn.ilga.gov/assets/img/members/{57C9E73B-E152-4B7D-B42B-6EA67289504E}.jpg,https://repdeering.com/;https://www.ilga.gov/House/Members/Details/3454;https://www.ilga.gov/house/Rep.asp?GA=104&MemberID=3454,https://ballotpedia.org/Regan_Deering;https://justfacts.votesmart.org/candidate/biography/204324/regan-deering;https://repdeering.com;https://www.ilga.gov/House/Members/Details/3454;https://www.ilga.gov/house/Rep.asp?GA=104&MemberID=3454;https://www.linkedin.com/in/regan-andreas-deering-b18074a2,,,,"419 E. Ash Ave., Decatur, IL 62526",217-876-1968,,,,,,
ocd-person/749cc87c-81a8-48ba-9cee-a6be77e1d333,Rick Ryan,Democratic,36,lower,Rick,Ryan,Male,ryanrep36@gmail.com,,,,https://cdn.ilga.gov/assets/img/members/{D636B7BF-6A7A-4F82-8429-018FF5E1CE36}.jpg,https://www.ilga.gov/House/Members/Details/3457;https://www.ilga.gov/house/Rep.asp?GA=104&MemberID=3457,https://ballotpedia.org/Rick_Ryan;https://justfacts.votesmart.org/candidate/biography/33833/rick-ryan;https://www.ilga.gov/House/Members/Details/3457;https://www.ilga.gov/house/Rep.asp?GA=104&MemberID=3457,,,,"3900 W. 95th St. Unit 7A, Evergreen Park, IL 60805",708-682-4880,,,,,,
ocd-person/cb9d1283-1029-46cf-8507-1e7ed6937606,Rita Mayfield,Democratic,60,lower,Rita,Mayfield,Female,60thdistrict@gmail.com,,,,https://cdn.ilga.gov/assets/img/members/{3A2DAB8B-B5F8-48EE-85D3-05894ED42A5D}.jpg,https://ilga.gov/house/Rep.asp?GA=101&MemberID=2585;https://ilga.gov/house/Rep.asp?GA=102&MemberID=2827;https://ilga.gov/house/Rep.asp?GA=103&MemberID=3047;https://www.ilga.gov/House/Members/Details/3280;https://www.ilga.gov/house/Rep.asp?GA=103&MemberID=3047;https://www.ilga.gov/house/Rep.asp?MemberID=3280;https://www.ritamayfield60.com/,https://ballotpedia.org/Rita_Mayfield;https://en.wikipedia.org/wiki/Rita_Mayfield;https://ilga.gov/house/default.asp?GA=101;https://ilga.gov/house/default.asp?GA=102;https://ilga.gov/house/default.asp?GA=103;https://ilga.gov/house/Rep.asp?GA=101&MemberID=2585;https://ilga.gov/house/Rep.asp?GA=102&MemberID=2827;https://ilga.gov/house/Rep.asp?GA=103&MemberID=3047;https://justfacts.votesmart.org/candidate/biography/127235/rita-mayfield;https://www.ilga.gov/House/Members/Details/3280;https://www.ilga.gov/house/Rep.asp?GA=103&MemberID=3047;https://www.ilga.gov/house/Rep.asp?MemberID=3280;https://www.linkedin.com/in/rita-mayfield-mba-msob-od-40ab32;https://www.ritamayfield60.com,,,,"120 S. Genesee St., Waukegan, IL 60085",847-599-2800,,,,,,
ocd-person/4a3645fe-2a56-400f-ae2a-18e50f2b0bea,Rob Martwick,Democratic,10,upper,Rob,Martwick,Male,info@senatormartwick.com,,1966-02-28,,https://cdn.ilga.gov/assets/img/members/{8FA2A22C-6775-4098-905C-0C7D8BBD7AEE}.jpg,https://ilga.gov/senate/Senator.asp?GA=101&MemberID=2769;https://ilga.gov/senate/Senator.asp?GA=102&MemberID=2970;https://ilga.gov/senate/Senator.asp?GA=103&MemberID=3161;https://senatormartwick.com/;https://www.ilga.gov/Senate/Members/Details/3369;https://www.ilga.gov/senate/Senator.asp?GA=103&MemberID=3161;https://www.ilga.gov/senate/Senator.asp?GA=104&MemberID=3369,https://ballotpedia.org/Robert_Martwick;https://en.wikipedia.org/wiki/Robert_F._Martwick_Jr.;https://ilga.gov/senate/default.asp?GA=101;https://ilga.gov/senate/default.asp?GA=102;https://ilga.gov/senate/default.asp?GA=103;https://ilga.gov/senate/Senator.asp?GA=101&MemberID=2769;https://ilga.gov/senate/Senator.asp?GA=102&MemberID=2970;https://ilga.gov/senate/Senator.asp?GA=103&MemberID=3161;https://justfacts.votesmart.org/candidate/biography/9479/robert-martwick-jr;https://senatormartwick.com;https://senatormartwick.com/;https://www.ilga.gov/Senate/Members/Details/3369;https://www.ilga.gov/senate/Senator.asp?GA=103&MemberID=3161;https://www.ilga.gov/senate/Senator.asp?GA=104&MemberID=3369;https://www.linkedin.com/in/rob-martwick-5663218,,,,"4349 N. Milwaukee Ave., Chicago, IL 60641",773-286-1115,,,,,,
ocd-person/86ee52dd-dc32-4895-bf16-746eb76df012,Robert Peters,Democratic,13,upper,Robert,Peters,Male,info@senatorrobertpeters.com,,1985-04-26,,https://cdn.ilga.gov/assets/img/members/{05AD9CBA-EA20-489D-9C33-3F39DC1F9B0C}.jpg,https://ilga.gov/senate/Senator.asp?GA=101&MemberID=2729;https://ilga.gov/senate/Senator.asp?GA=102&MemberID=2934;https://ilga.gov/senate/Senator.asp?GA=103&MemberID=3132;https://www.ilga.gov/Senate/Members/Details/3343;https://www.ilga.gov/senate/Senator.asp?GA=103&MemberID=3132;https://www.ilga.gov/senate/Senator.asp?GA=104&MemberID=3343;https://www.senatorrobertpeters.com/,https://ballotpedia.org/Robert_Peters_(Illinois);https://en.wikipedia.org/wiki/Robert_Peters_(Illinois_politician);https://en.wikipedia.org/wiki/Robert_Peters_(politician);https://ilga.gov/senate/default.asp?GA=101;https://ilga.gov/senate/default.asp?GA=102;https://ilga.gov/senate/default.asp?GA=103;https://ilga.gov/senate/Senator.asp?GA=101&MemberID=2729;https://ilga.gov/senate/Senator.asp?GA=102&MemberID=2934;https://ilga.gov/senate/Senator.asp?GA=103&MemberID=3132;https://justfacts.votesmart.org/candidate/186002/robert-peters;https://www.ilga.gov/Senate/Members/Details/3343;https://www.ilga.gov/senate/Senator.asp?GA=103&MemberID=3132;https://www.ilga.gov/senate/Senator.asp?GA=104&MemberID=3343;https://www.linkedin.com/in/robertjamespeters;https://www.senatorrobertpeters.com,,,,"1304 E. 47th St. Suite 205, Chicago, IL 60615",773-363-1996,,,,,,
ocd-person/3ce631a4-7a4f-4905-a959-574f1f0d3d6d,Bob Rita,Democratic,28,lower,Bob,Rita,Male,robertbobrita@aol.com,,1969-10-02,,https://cdn.ilga.gov/assets/img/members/{AC16F1E8-0988-4A08-A2E5-EF4D06371A24}.jpg,https://ilga.gov/house/Rep.asp?GA=101&MemberID=2547;https://ilga.gov/house/Rep.asp?GA=102&MemberID=2802;https://ilga.gov/house/Rep.asp?GA=103&MemberID=3027;https://www.ilga.gov/House/Members/Details/3267;https://www.ilga.gov/house/Rep.asp?GA=103&MemberID=3027;https://www.ilga.gov/house/Rep.asp?MemberID=3267,https://ballotpedia.org/Robert_Rita;https://en.wikipedia.org/wiki/Robert_Rita;https://ilga.gov/house/default.asp?GA=101;https://ilga.gov/house/default.asp?GA=102;https://ilga.gov/house/default.asp?GA=103;https://ilga.gov/house/Rep.asp?GA=101&MemberID=2547;https://ilga.gov/house/Rep.asp?GA=102&MemberID=2802;https://ilga.gov/house/Rep.asp?GA=103&MemberID=3027;https://justfacts.votesmart.org/candidate/biography/33351/bob-rita;https://www.ilga.gov/House/Members/Details/3267;https://www.ilga.gov/house/Rep.asp?GA=103&MemberID=3027;https://www.ilga.gov/house/Rep.asp?MemberID=3267,,,,"2355 W. York St. Suite 1, Blue Island, IL 60406",708-396-2822,,,,,,
ocd-person/7d68f174-3504-4479-80c5-e3fbe69fd354,Robyn Gabel,Democratic,18,lower,Robyn,Gabel,Female,contact@robyngabel.com,,1953-02-07,,https://cdn.ilga.gov/assets/img/members/{739CC8F9-E9E4-40A1-AB86-883EF9A5E313}.jpg,https://ilga.gov/house/Rep.asp?GA=101&MemberID=2583;https://ilga.gov/house/Rep.asp?GA=102&MemberID=2825;https://ilga.gov/house/Rep.asp?GA=103&MemberID=3045;https://robyngabel.com/;https://www.ilga.gov/House/Members/Details/3278;https://www.ilga.gov/house/Rep.asp?GA=101&MemberID=2583;https://www.ilga.gov/house/Rep.asp?GA=103&MemberID=3045;https://www.ilga.gov/house/Rep.asp?GA=104&MemberID=3278;https://www.ilga.gov/house/Rep.asp?MemberID=3278,https://ballotpedia.org/Robyn_Gabel;https://en.wikipedia.org/wiki/Robyn_Gabel;https://ilga.gov/house/default.asp?GA=101;https://ilga.gov/house/default.asp?GA=102;https://ilga.gov/house/default.asp?GA=103;https://ilga.gov/house/Rep.asp?GA=101&MemberID=2583;https://ilga.gov/house/Rep.asp?GA=102&MemberID=2825;https://ilga.gov/house/Rep.asp?GA=103&MemberID=3045;https://justfacts.votesmart.org/candidate/biography/116618/robyn-gabel;https://robyngabel.com;https://www.ilga.gov/House/Members/Details/3278;https://www.ilga.gov/house/Rep.asp?GA=101&MemberID=2583;https://www.ilga.gov/house/Rep.asp?GA=103&MemberID=3045;https://www.ilga.gov/house/Rep.asp?GA=104&MemberID=3278;https://www.ilga.gov/house/Rep.asp?MemberID=3278;https://www.linkedin.com/in/robyn-gabel-7794b017,,,,"909 Davis St. 2nd Floor, Evanston, IL 60201",847-424-5401,,,,,,
ocd-person/139cce29-08b9-4731-a7e9-bdeec8129eaa,Ryan Spain,Republican,73,lower,Ryan,Spain,Male,repryanspain@gmail.com,,1982-10-11,,https://cdn.ilga.gov/assets/img/members/{4C25C70B-0E39-406B-9318-A899C2A6D1B0}.jpg,https://ilga.gov/house/Rep.asp?GA=101&MemberID=2693;https://ilga.gov/house/Rep.asp?GA=102&MemberID=2910;https://ilga.gov/house/Rep.asp?GA=103&MemberID=3111;https://repryanspain.com/;https://www.ilga.gov/House/Members/Details/3325;https://www.ilga.gov/house/Rep.asp?GA=103&MemberID=3111;https://www.ilga.gov/house/Rep.asp?MemberID=3325,https://ballotpedia.org/Ryan_Spain;https://en.wikipedia.org/wiki/Ryan_Spain;https://ilga.gov/house/default.asp?GA=101;https://ilga.gov/house/default.asp?GA=102;https://ilga.gov/house/default.asp?GA=103;https://ilga.gov/house/Rep.asp?GA=101&MemberID=2693;https://ilga.gov/house/Rep.asp?GA=102&MemberID=2910;https://ilga.gov/house/Rep.asp?GA=103&MemberID=3111;https://justfacts.votesmart.org/candidate/biography/74434/ryan-spain;https://repryanspain.com;https://www.ilga.gov/House/Members/Details/3325;https://www.ilga.gov/house/Rep.asp?GA=103&MemberID=3111;https://www.ilga.gov/house/Rep.asp?MemberID=3325;https://www.linkedin.com/in/ryan-spain-78580918,,,,"5407 N. University St., Arbor Hall Suite B, Peoria, IL 61614",309-690-7373,,,,,,
ocd-person/cb406eb3-673a-4715-8d87-d5963220ad6b,Sally Turner,Republican,44,upper,Sally,Turner,Female,turner@ilsenategop.org,,,,https://cdn.ilga.gov/assets/img/members/{C47C199A-2C77-4A73-BAE5-AB139ED85CAC}.jpg,https://ilga.gov/senate/Senator.asp?GA=102&MemberID=3007;https://ilga.gov/senate/Senator.asp?GA=103&MemberID=3195;https://senatorsallyturner.com/;https://www.ilga.gov/Senate/Members/Details/3397;https://www.ilga.gov/senate/Senator.asp?GA=103&MemberID=3195;https://www.ilga.gov/senate/Senator.asp?GA=104&MemberID=3397,https://ballotpedia.org/Sally_Turner;https://en.wikipedia.org/wiki/Sally_Turner_(politician);https://ilga.gov/senate/default.asp?GA=102;https://ilga.gov/senate/default.asp?GA=103;https://ilga.gov/senate/Senator.asp?GA=102&MemberID=3007;https://ilga.gov/senate/Senator.asp?GA=103&MemberID=3195;https://justfacts.votesmart.org/candidate/biography/195772/sally-turner;https://senatorsallyturner.com;https://www.ilga.gov/Senate/Members/Details/3397;https://www.ilga.gov/senate/Senator.asp?GA=103&MemberID=3195;https://www.ilga.gov/senate/Senator.asp?GA=104&MemberID=3397;https://www.linkedin.com/in/sally-litterly-turner-86b8b585,,,,"120 S. McLean St. Suite E, Lincoln, IL 62656",217-651-8291,,,,,,
ocd-person/6c0069de-c064-412e-ae45-9e87d6ee3dae,Sara Feigenholtz,Democratic,6,upper,Sara,Feigenholtz,Female,sara@senatorsara.com,,1956-12-11,,https://cdn.ilga.gov/assets/img/members/{E77394AE-D896-4FEB-A325-B33A553554EB}.jpg,https://ilga.gov/senate/Senator.asp?GA=101&MemberID=2778;https://ilga.gov/senate/Senator.asp?GA=102&MemberID=2977;https://ilga.gov/senate/Senator.asp?GA=103&MemberID=3168;https://staterepsara.com/;https://www.ilga.gov/Senate/Members/Details/3376;https://www.ilga.gov/senate/Senator.asp?GA=103&MemberID=3168;https://www.ilga.gov/senate/Senator.asp?GA=104&MemberID=3376;https://www.senatorsara.com/,https://ballotpedia.org/Sara_Feigenholtz;https://en.wikipedia.org/wiki/Sara_Feigenholtz;https://ilga.gov/senate/default.asp?GA=101;https://ilga.gov/senate/default.asp?GA=102;https://ilga.gov/senate/default.asp?GA=103;https://ilga.gov/senate/Senator.asp?GA=101&MemberID=2778;https://ilga.gov/senate/Senator.asp?GA=102&MemberID=2977;https://ilga.gov/senate/Senator.asp?GA=103&MemberID=3168;https://justfacts.votesmart.org/candidate/biography/6323/sara-feigenholtz;https://staterepsara.com;https://staterepsara.com/;https://www.ilga.gov/Senate/Members/Details/3376;https://www.ilga.gov/senate/Senator.asp?GA=103&MemberID=3168;https://www.ilga.gov/senate/Senator.asp?GA=104&MemberID=3376;https://www.linkedin.com/in/sara-feigenholtz-7483b224;https://www.senatorsara.com,,,,"3223 N. Sheffield Ave. Suite A, Chicago, IL 60657",773-296-4141,,,,,,
ocd-person/0b9e2838-eeb0-4d10-8292-64a9e9f54dc1,Seth Lewis,Republican,24,upper,Seth,Lewis,Male,lewis@ilsenategop.org,,,,https://cdn.ilga.gov/assets/img/members/{E714499E-C9C6-4A01-AE84-6CB703AFB9B7}.jpg,https://ilga.gov/house/Rep.asp?GA=102&MemberID=2994;https://ilga.gov/house/Rep.asp?GA=103&MemberID=3183;https://ilga.gov/senate/Senator.asp?GA=103&MemberID=3210;https://senatorlewis.com/;https://www.ilga.gov/Senate/Members/Details/3406;https://www.ilga.gov/senate/Senator.asp?GA=103&MemberID=3210;https://www.ilga.gov/senate/Senator.asp?GA=104&MemberID=3406,https://ballotpedia.org/Seth_Lewis;https://en.wikipedia.org/wiki/Seth_Lewis;https://ilga.gov/house/default.asp?GA=102;https://ilga.gov/house/default.asp?GA=103;https://ilga.gov/house/Rep.asp?GA=102&MemberID=2994;https://ilga.gov/house/Rep.asp?GA=103&MemberID=3183;https://ilga.gov/senate/default.asp?GA=103;https://ilga.gov/senate/Senator.asp?GA=103&MemberID=3210;https://justfacts.votesmart.org/candidate/biography/147742/seth-lewis;https://senatorlewis.com;https://www.ilga.gov/Senate/Members/Details/3406;https://www.ilga.gov/senate/Senator.asp?GA=103&MemberID=3210;https://www.ilga.gov/senate/Senator.asp?GA=104&MemberID=3406;https://www.linkedin.com/in/seth-lewis-1b36a461,,,,"994 W. Army Trail Road, Carol Stream, IL 60188",630-349-0645,,,,,,
ocd-person/95032a7e-18c4-40be-b89f-1f61b132533a,Sharon Chung,Democratic,91,lower,Sharon,Chung,Female,info@repchung.com,,,,https://cdn.ilga.gov/assets/img/members/{0555ECBC-C0A4-4E09-ABA2-F8D6E8E03246}.jpg,https://ilga.gov/house/Rep.asp?GA=103&MemberID=3240;https://www.ilga.gov/House/Members/Details/3431;https://www.ilga.gov/house/Rep.asp?GA=103&MemberID=3240;https://www.ilga.gov/house/Rep.asp?GA=104&MemberID=3431;https://www.ilga.gov/house/Rep.asp?MemberID=3431;https://www.repchung.com/,https://ballotpedia.org/Sharon_Chung;https://en.wikipedia.org/wiki/Sharon_Chung;https://ilga.gov/house/default.asp?GA=103;https://ilga.gov/house/Rep.asp?GA=103&MemberID=3240;https://justfacts.votesmart.org/candidate/biography/204493/sharon-chung;https://www.ilga.gov/House/Members/Details/3431;https://www.ilga.gov/house/Rep.asp?GA=103&MemberID=3240;https://www.ilga.gov/house/Rep.asp?GA=104&MemberID=3431;https://www.ilga.gov/house/Rep.asp?MemberID=3431;https://www.repchung.com,,,,"216 N. Center St., Bloomington, IL 61701",309-808-2351,,,,,,
ocd-person/8a39d16f-edbf-454b-8a77-33030fa9a8c2,Sonya Harper,Democratic,6,lower,Sonya,Harper,Female,repsonyaharper@gmail.com,,,,https://cdn.ilga.gov/assets/img/members/{04C99384-69F8-4ACE-9E43-11E21CC5F820}.jpg,https://ilga.gov/house/Rep.asp?GA=101&MemberID=2670;https://ilga.gov/house/Rep.asp?GA=102&MemberID=2892;https://ilga.gov/house/Rep.asp?GA=103&MemberID=3097;https://www.ilga.gov/House/Members/Details/3314;https://www.ilga.gov/house/Rep.asp?GA=103&MemberID=3097;https://www.ilga.gov/house/Rep.asp?GA=104&MemberID=3314;https://www.ilga.gov/house/Rep.asp?MemberID=3314;https://www.repsonyaharper.com/,https://ballotpedia.org/Sonya_Harper;https://en.wikipedia.org/wiki/Sonya_Harper;https://ilga.gov/house/default.asp?GA=101;https://ilga.gov/house/default.asp?GA=102;https://ilga.gov/house/default.asp?GA=103;https://ilga.gov/house/Rep.asp?GA=101&MemberID=2670;https://ilga.gov/house/Rep.asp?GA=102&MemberID=2892;https://ilga.gov/house/Rep.asp?GA=103&MemberID=3097;https://justfacts.votesmart.org/candidate/biography/166131/sonya-harper;https://www.ilga.gov/House/Members/Details/3314;https://www.ilga.gov/house/Rep.asp?GA=103&MemberID=3097;https://www.ilga.gov/house/Rep.asp?GA=104&MemberID=3314;https://www.ilga.gov/house/Rep.asp?MemberID=3314;https://www.linkedin.com/in/sonyamarieharper;https://www.repsonyaharper.com,,,,"2015 W. 63rd St., Chicago, IL 60636",773-925-6580,,,,,,
ocd-person/0ecdbb3f-7593-4959-8b27-4a03a925d927,Stephanie Kifowit,Democratic,84,lower,Stephanie,Kifowit,Female,stephanie.kifowit@att.net,,1971-09-14,,https://cdn.ilga.gov/assets/img/members/{96E18070-8D3D-4EEC-8432-8A30FEC19E5C}.jpg,https://ilga.gov/house/Rep.asp?GA=101&MemberID=2637;https://ilga.gov/house/Rep.asp?GA=102&MemberID=2868;https://ilga.gov/house/Rep.asp?GA=103&MemberID=3077;https://www.ildistrict84.com/;https://www.ilga.gov/House/Members/Details/3301;https://www.ilga.gov/house/Rep.asp?GA=103&MemberID=3077;https://www.ilga.gov/house/Rep.asp?MemberID=3301,https://ballotpedia.org/Stephanie_Kifowit;https://en.wikipedia.org/wiki/Stephanie_Kifowit;https://ilga.gov/house/default.asp?GA=101;https://ilga.gov/house/default.asp?GA=102;https://ilga.gov/house/default.asp?GA=103;https://ilga.gov/house/Rep.asp?GA=101&MemberID=2637;https://ilga.gov/house/Rep.asp?GA=102&MemberID=2868;https://ilga.gov/house/Rep.asp?GA=103&MemberID=3077;https://www.ildistrict84.com;https://www.ilga.gov/House/Members/Details/3301;https://www.ilga.gov/house/Rep.asp?GA=103&MemberID=3077;https://www.ilga.gov/house/Rep.asp?MemberID=3301;https://www.linkedin.com/in/skifowit;https://www.linkedin.com/in/stephaniekifowit,,,,"1677 Montgomery Road Suite 116, Aurora, IL 60504",630-585-1308,,,,,,
ocd-person/d3450848-4552-4b8f-97dc-fb3c26c2566c,Steve McClure,Republican,54,upper,Steve,McClure,Male,senatormcclure@gmail.com,,1984-03-08,,https://cdn.ilga.gov/assets/img/members/{EB86B3C4-3F25-4D5C-8944-7B4CBCA7CACE}.jpg,https://ilga.gov/senate/Senator.asp?GA=101&MemberID=2728;https://ilga.gov/senate/Senator.asp?GA=102&MemberID=2933;https://ilga.gov/senate/Senator.asp?GA=103&MemberID=3131;https://senatormcclure.com/;https://www.ilga.gov/Senate/Members/Details/3342;https://www.ilga.gov/senate/Senator.asp?GA=103&MemberID=3131;https://www.ilga.gov/senate/Senator.asp?GA=104&MemberID=3342,https://ballotpedia.org/Steve_McClure_(Illinois);https://en.wikipedia.org/wiki/Steve_McClure_(politician);https://ilga.gov/senate/default.asp?GA=101;https://ilga.gov/senate/default.asp?GA=102;https://ilga.gov/senate/default.asp?GA=103;https://ilga.gov/senate/Senator.asp?GA=101&MemberID=2728;https://ilga.gov/senate/Senator.asp?GA=102&MemberID=2933;https://ilga.gov/senate/Senator.asp?GA=103&MemberID=3131;https://justfacts.votesmart.org/candidate/biography/168031/steve-mcclure;https://senatormcclure.com;https://www.ilga.gov/Senate/Members/Details/3342;https://www.ilga.gov/senate/Senator.asp?GA=103&MemberID=3131;https://www.ilga.gov/senate/Senator.asp?GA=104&MemberID=3342;https://www.linkedin.com/in/steve-mcclure-9b760577,,,,"410 N. Monroe St. Suite 200, Litchfield, IL 62056",217-960-0788,,,,,,
ocd-person/ba9c4927-bf9b-4bd5-879f-c515a12a046c,Steve Stadelman,Democratic,34,upper,Steve,Stadelman,Male,stadelman@senatedem.ilga.gov,,1960-10-30,,https://cdn.ilga.gov/assets/img/members/{47906765-AB0A-48BF-8C14-B5443B8F27C4}.jpg,https://ilga.gov/senate/Senator.asp?GA=101&MemberID=2622;https://ilga.gov/senate/Senator.asp?GA=102&MemberID=2857;https://ilga.gov/senate/Senator.asp?GA=103&MemberID=3069;https://www.ilga.gov/Senate/Members/Details/3296;https://www.ilga.gov/senate/Senator.asp?GA=103&MemberID=3069;https://www.ilga.gov/senate/Senator.asp?GA=104&MemberID=3296;https://www.senatorstadelman.com/,https://ballotpedia.org/Steve_Stadelman;https://en.wikipedia.org/wiki/Steve_Stadelman;https://ilga.gov/senate/default.asp?GA=101;https://ilga.gov/senate/default.asp?GA=102;https://ilga.gov/senate/default.asp?GA=103;https://ilga.gov/senate/Senator.asp?GA=101&MemberID=2622;https://ilga.gov/senate/Senator.asp?GA=102&MemberID=2857;https://ilga.gov/senate/Senator.asp?GA=103&MemberID=3069;https://justfacts.votesmart.org/candidate/biography/135008/steve-stadelman;https://www.ilga.gov/Senate/Members/Details/3296;https://www.ilga.gov/senate/Senator.asp?GA=103&MemberID=3069;https://www.ilga.gov/senate/Senator.asp?GA=104&MemberID=3296;https://www.linkedin.com/in/steve-stadelman-453b8912;https://www.senatorstadelman.com;https://www.senatorstadelman.com/,,,,"Zeke Giorgi Center 200 S. Wyman St., Suite 301, Rockford, IL 61101",815-987-7557,,,,,,
ocd-person/56914fff-eda2-403a-869a-895764908cd9,Steve Reick,Republican,63,lower,Steve,Reick,Male,reick@ilhousegop.org,,,,https://cdn.ilga.gov/assets/img/members/{D4845B6E-9A2E-4F0E-9F70-503B2E5891CA}.jpg,https://ilga.gov/house/Rep.asp?GA=101&MemberID=2690;https://ilga.gov/house/Rep.asp?GA=102&MemberID=2907;https://ilga.gov/house/Rep.asp?GA=103&MemberID=3109;https://repstevenreick.com/;https://www.ilga.gov/House/Members/Details/3323;https://www.ilga.gov/house/Rep.asp?GA=103&MemberID=3109;https://www.ilga.gov/house/Rep.asp?MemberID=3323,https://ballotpedia.org/Steven_Reick;https://en.wikipedia.org/wiki/Steve_Reick;https://ilga.gov/house/default.asp?GA=101;https://ilga.gov/house/default.asp?GA=102;https://ilga.gov/house/default.asp?GA=103;https://ilga.gov/house/Rep.asp?GA=101&MemberID=2690;https://ilga.gov/house/Rep.asp?GA=102&MemberID=2907;https://ilga.gov/house/Rep.asp?GA=103&MemberID=3109;https://justfacts.votesmart.org/candidate/biography/147781/steve-reick;https://repstevenreick.com;https://www.ilga.gov/House/Members/Details/3323;https://www.ilga.gov/house/Rep.asp?GA=103&MemberID=3109;https://www.ilga.gov/house/Rep.asp?MemberID=3323;https://www.linkedin.com/in/steve-reick-975710148,,,,"1072 Lake Ave., Woodstock, IL 60098",815-880-5340,,,,,,
ocd-person/a1ac69ba-49db-4529-926f-999e73ef9654,Sue Rezin,Republican,38,upper,Sue,Rezin,Female,senatorrezin@gmail.com,,1963-08-09,,https://cdn.ilga.gov/assets/img/members/{45666230-B77D-4162-A45E-6AC5587C4E56}.jpg,https://ilga.gov/senate/Senator.asp?GA=101&MemberID=2588;https://ilga.gov/senate/Senator.asp?GA=102&MemberID=2830;https://ilga.gov/senate/Senator.asp?GA=103&MemberID=3048;https://senatorrezin.com/;https://www.ilga.gov/Senate/Members/Details/3281;https://www.ilga.gov/senate/Senator.asp?GA=103&MemberID=3048;https://www.ilga.gov/senate/Senator.asp?GA=104&MemberID=3281,https://ballotpedia.org/Sue_Rezin;https://en.wikipedia.org/wiki/Sue_Rezin;https://ilga.gov/senate/default.asp?GA=101;https://ilga.gov/senate/default.asp?GA=102;https://ilga.gov/senate/default.asp?GA=103;https://ilga.gov/senate/Senator.asp?GA=101&MemberID=2588;https://ilga.gov/senate/Senator.asp?GA=102&MemberID=2830;https://ilga.gov/senate/Senator.asp?GA=103&MemberID=3048;https://justfacts.votesmart.org/candidate/biography/116675/sue-rezin;https://senatorrezin.com;https://senatorrezin.com/;https://www.ilga.gov/Senate/Members/Details/3281;https://www.ilga.gov/senate/Senator.asp?GA=103&MemberID=3048;https://www.ilga.gov/senate/Senator.asp?GA=104&MemberID=3281;https://www.linkedin.com/in/senator-sue-rezin-75ba7b2b,,,,"1802 N. Division St. Suite 314, Morris, IL 60450",815-220-8720,,,,,,
ocd-person/e9bf3918-daaa-4fa4-b58d-538c147335dd,Sue Scherer,Democratic,96,lower,Sue,Scherer,Female,staterepsue@gmail.com,,,,https://cdn.ilga.gov/assets/img/members/{A0B92E66-B4F7-4B85-A7F2-14C0153B426F}.jpg,https://ilga.gov/house/Rep.asp?GA=101&MemberID=2640;https://ilga.gov/house/Rep.asp?GA=102&MemberID=2871;https://ilga.gov/house/Rep.asp?GA=103&MemberID=3080;https://www.ilga.gov/House/Members/Details/3303;https://www.ilga.gov/house/Rep.asp?GA=103&MemberID=3080;https://www.ilga.gov/house/Rep.asp?MemberID=3303,https://ballotpedia.org/Sue_Scherer;https://en.wikipedia.org/wiki/Sue_Scherer;https://ilga.gov/house/default.asp?GA=101;https://ilga.gov/house/default.asp?GA=102;https://ilga.gov/house/default.asp?GA=103;https://ilga.gov/house/Rep.asp?GA=101&MemberID=2640;https://ilga.gov/house/Rep.asp?GA=102&MemberID=2871;https://ilga.gov/house/Rep.asp?GA=103&MemberID=3080;https://justfacts.votesmart.org/candidate/biography/135086/sue-scherer;https://www.ilga.gov/House/Members/Details/3303;https://www.ilga.gov/house/Rep.asp?GA=103&MemberID=3080;https://www.ilga.gov/house/Rep.asp?MemberID=3303,,,,"1353 E. Mound Road Suite 203, Decatur, IL 62526",217-877-9636,,,,,,
ocd-person/68505842-e93c-42ce-adc8-9354f4a0db7a,Suzanne Ness,Democratic,66,lower,Suzanne,Ness,Female,info@repsnessil66.com,,,,https://cdn.ilga.gov/assets/img/members/{735B1C5A-1929-4EC8-92B4-72E58D74E743}.jpg,https://ilga.gov/house/Rep.asp?GA=102&MemberID=3005;https://ilga.gov/house/Rep.asp?GA=103&MemberID=3193;https://repsnessil66.com/;https://www.ilga.gov/House/Members/Details/3396;https://www.ilga.gov/house/Rep.asp?GA=103&MemberID=3193;https://www.ilga.gov/house/Rep.asp?MemberID=3396,https://ballotpedia.org/Suzanne_Ness;https://en.wikipedia.org/wiki/Suzanne_Ness;https://ilga.gov/house/default.asp?GA=102;https://ilga.gov/house/default.asp?GA=103;https://ilga.gov/house/Rep.asp?GA=102&MemberID=3005;https://ilga.gov/house/Rep.asp?GA=103&MemberID=3193;https://justfacts.votesmart.org/candidate/biography/188047/suzanne-ness;https://repsnessil66.com;https://www.ilga.gov/House/Members/Details/3396;https://www.ilga.gov/house/Rep.asp?GA=103&MemberID=3193;https://www.ilga.gov/house/Rep.asp?MemberID=3396;https://www.linkedin.com/in/suzanne-ness,,,,"20 S. Grove St., Carpentersville, IL 60110",224-484-8620,,,,,,
ocd-person/16483678-e06e-4551-8cec-266335b56fff,Suzy Glowiak Hilton,Democratic,23,upper,Suzy,Glowiak Hilton,Female,suzy@suzyforsenate.com,,,,https://cdn.ilga.gov/assets/img/members/{8DE2D7E5-9F3D-43FD-B0EC-0010BDA8849A}.jpg,https://ilga.gov/senate/Senator.asp?GA=101&MemberID=2727;https://ilga.gov/senate/Senator.asp?GA=102&MemberID=2932;https://ilga.gov/senate/Senator.asp?GA=103&MemberID=3130;https://www.ilga.gov/Senate/Members/Details/3341;https://www.ilga.gov/senate/Senator.asp?GA=103&MemberID=3130;https://www.ilga.gov/senate/Senator.asp?GA=104&MemberID=3341;https://www.senatorsuzyglowiak.com/,https://ballotpedia.org/Suzanne_Glowiak;https://en.wikipedia.org/wiki/Suzy_Glowiak;https://ilga.gov/senate/default.asp?GA=101;https://ilga.gov/senate/default.asp?GA=102;https://ilga.gov/senate/default.asp?GA=103;https://ilga.gov/senate/Senator.asp?GA=101&MemberID=2727;https://ilga.gov/senate/Senator.asp?GA=102&MemberID=2932;https://ilga.gov/senate/Senator.asp?GA=103&MemberID=3130;https://justfacts.votesmart.org/candidate/biography/147590/suzy-glowiak-hilton;https://www.ilga.gov/Senate/Members/Details/3341;https://www.ilga.gov/senate/Senator.asp?GA=103&MemberID=3130;https://www.ilga.gov/senate/Senator.asp?GA=104&MemberID=3341;https://www.linkedin.com/in/suzy-glowiak-hilton-2482595;https://www.senatorsuzyglowiak.com;https://www.senatorsuzyglowiak.com/,,,,"1 S. Cass Ave. Suite 203, Westmont, IL 60181",630-785-3177,,,,,,
ocd-person/372be8dc-8177-47e7-b128-1e6a81621f3a,Terri Bryant,Republican,58,upper,Terri,Bryant,Female,senterribryant58@gmail.com,,1963-03-31,,https://cdn.ilga.gov/assets/img/members/{58FBFE5F-39EE-4F3C-853A-0DB98E83E893}.jpg,https://ilga.gov/house/Rep.asp?GA=101&MemberID=2656;https://ilga.gov/senate/Senator.asp?GA=102&MemberID=2990;https://ilga.gov/senate/Senator.asp?GA=103&MemberID=3180;https://senatorbryant.com/;https://www.ilga.gov/Senate/Members/Details/3386;https://www.ilga.gov/senate/Senator.asp?GA=103&MemberID=3180;https://www.ilga.gov/senate/Senator.asp?GA=104&MemberID=3386,https://ballotpedia.org/Terri_Bryant;https://en.wikipedia.org/wiki/Terri_Bryant;https://ilga.gov/house/default.asp?GA=101;https://ilga.gov/house/Rep.asp?GA=101&MemberID=2656;https://ilga.gov/senate/default.asp?GA=102;https://ilga.gov/senate/default.asp?GA=103;https://ilga.gov/senate/Senator.asp?GA=102&MemberID=2990;https://ilga.gov/senate/Senator.asp?GA=103&MemberID=3180;https://justfacts.votesmart.org/candidate/biography/147807/terri-bryant;https://senatorbryant.com;https://www.ilga.gov/Senate/Members/Details/3386;https://www.ilga.gov/senate/Senator.asp?GA=103&MemberID=3180;https://www.ilga.gov/senate/Senator.asp?GA=104&MemberID=3386,,,,"2929 Broadway St. Suite 3, Mount Vernon, IL 62864",618-472-8158,,,,,,
ocd-person/a38c9ab5-48b6-417c-baf1-bae5e8f3b7c0,Thaddeus Jones,Democratic,29,lower,Thaddeus,Jones,Male,repjones.jones@gmail.com,,,,https://cdn.ilga.gov/assets/img/members/{6EE82A11-2CC6-48E9-9DE6-61D83EBCAB6B}.jpg,https://ilga.gov/house/Rep.asp?GA=101&MemberID=2591;https://ilga.gov/house/Rep.asp?GA=102&MemberID=2833;https://ilga.gov/house/Rep.asp?GA=103&MemberID=3050;https://www.ilga.gov/House/Members/Details/3283;https://www.ilga.gov/house/Rep.asp?GA=103&MemberID=3050;https://www.ilga.gov/house/Rep.asp?GA=104&MemberID=3283;https://www.ilga.gov/house/Rep.asp?MemberID=3283;https://www.repthaddeusjones.com/,https://ballotpedia.org/Thaddeus_Jones;https://en.wikipedia.org/wiki/Thaddeus_Jones_(politician);https://ilga.gov/house/default.asp?GA=101;https://ilga.gov/house/default.asp?GA=102;https://ilga.gov/house/default.asp?GA=103;https://ilga.gov/house/Rep.asp?GA=101&MemberID=2591;https://ilga.gov/house/Rep.asp?GA=102&MemberID=2833;https://ilga.gov/house/Rep.asp?GA=103&MemberID=3050;https://justfacts.votesmart.org/candidate/biography/73059/thaddeus-jones;https://www.ilga.gov/House/Members/Details/3283;https://www.ilga.gov/house/Rep.asp?GA=103&MemberID=3050;https://www.ilga.gov/house/Rep.asp?GA=104&MemberID=3283;https://www.ilga.gov/house/Rep.asp?MemberID=3283;https://www.linkedin.com/in/thaddeus-jones-9857637a;https://www.repthaddeusjones.com,,,,"15525 S. Park Ave. Suite 104, South Holland, IL 60473",708-825-1174,,,,,,
ocd-person/c1ebba3c-4fc2-4b66-9ecc-e20aa4f793a9,Theresa Mah,Democratic,24,lower,Theresa,Mah,Female,office@reptheresamah.com,,,,https://cdn.ilga.gov/assets/img/members/{808BAA30-BB82-437A-9A76-386F9A65A073}.jpg,https://ilga.gov/house/Rep.asp?GA=101&MemberID=2687;https://ilga.gov/house/Rep.asp?GA=102&MemberID=2904;https://ilga.gov/house/Rep.asp?GA=103&MemberID=3107;https://www.ilga.gov/House/Members/Details/3321;https://www.ilga.gov/house/Rep.asp?GA=103&MemberID=3107;https://www.ilga.gov/house/Rep.asp?MemberID=3321;https://www.reptheresamah.com/,https://ballotpedia.org/Theresa_Mah;https://en.wikipedia.org/wiki/Theresa_Mah;https://ilga.gov/house/default.asp?GA=101;https://ilga.gov/house/default.asp?GA=102;https://ilga.gov/house/default.asp?GA=103;https://ilga.gov/house/Rep.asp?GA=101&MemberID=2687;https://ilga.gov/house/Rep.asp?GA=102&MemberID=2904;https://ilga.gov/house/Rep.asp?GA=103&MemberID=3107;https://justfacts.votesmart.org/candidate/biography/166371/theresa-mah;https://www.ilga.gov/House/Members/Details/3321;https://www.ilga.gov/house/Rep.asp?GA=103&MemberID=3107;https://www.ilga.gov/house/Rep.asp?MemberID=3321;https://www.linkedin.com/in/theresa-mah-ph-d-53a89614;https://www.reptheresamah.com,,,,"2108 W. 35th St., Chicago, IL 60609",872-281-5775,,,,,,
ocd-person/ba3dd226-a1c6-47af-917a-e12696d5aae5,Tom Weber,Republican,64,lower,Tom,Weber,Male,weber@ilhousegop.org,,,,https://cdn.ilga.gov/assets/img/members/{4C80DF49-91D2-4C24-981E-BBE946A671D2}.jpg,https://ilga.gov/house/Rep.asp?GA=101&MemberID=2755;https://ilga.gov/house/Rep.asp?GA=102&MemberID=2956;https://ilga.gov/house/Rep.asp?GA=103&MemberID=3151;https://repweber.com/;https://www.ilga.gov/House/Members/Details/3361;https://www.ilga.gov/house/Rep.asp?GA=103&MemberID=3151;https://www.ilga.gov/house/Rep.asp?MemberID=3361,https://ballotpedia.org/Tom_Weber_(Illinois);https://en.wikipedia.org/wiki/Tom_Weber;https://ilga.gov/house/default.asp?GA=101;https://ilga.gov/house/default.asp?GA=102;https://ilga.gov/house/default.asp?GA=103;https://ilga.gov/house/Rep.asp?GA=101&MemberID=2755;https://ilga.gov/house/Rep.asp?GA=102&MemberID=2956;https://ilga.gov/house/Rep.asp?GA=103&MemberID=3151;https://justfacts.votesmart.org/candidate/biography/147886/tom-weber;https://repweber.com;https://www.ilga.gov/House/Members/Details/3361;https://www.ilga.gov/house/Rep.asp?GA=103&MemberID=3151;https://www.ilga.gov/house/Rep.asp?MemberID=3361,,,,"74 E. Grand Ave. Suite 104, Fox Lake, IL 60020",847-629-5439,,,,,,
ocd-person/d6d5becd-7733-4849-b2a2-b543bbfea1ec,Tony McCombie,Republican,89,lower,Tony,McCombie,Female,mccombie@ilhousegop.org,,1972-10-09,,https://cdn.ilga.gov/assets/img/members/{0766A6E9-981F-491B-B3A1-12DF91F1DBDA}.jpg,https://ilga.gov/house/Rep.asp?GA=101&MemberID=2688;https://ilga.gov/house/Rep.asp?GA=102&MemberID=2905;https://ilga.gov/house/Rep.asp?GA=103&MemberID=3108;https://repmccombie.com/;https://www.ilga.gov/House/Members/Details/3322;https://www.ilga.gov/house/Rep.asp?GA=103&MemberID=3108;https://www.ilga.gov/house/Rep.asp?MemberID=3322,https://ballotpedia.org/Tony_McCombie;https://en.wikipedia.org/wiki/Tony_McCombie;https://ilga.gov/house/default.asp?GA=101;https://ilga.gov/house/default.asp?GA=102;https://ilga.gov/house/default.asp?GA=103;https://ilga.gov/house/Rep.asp?GA=101&MemberID=2688;https://ilga.gov/house/Rep.asp?GA=102&MemberID=2905;https://ilga.gov/house/Rep.asp?GA=103&MemberID=3108;https://justfacts.votesmart.org/candidate/biography/166410/tony-mccombie;https://repmccombie.com;https://www.ilga.gov/House/Members/Details/3322;https://www.ilga.gov/house/Rep.asp?GA=103&MemberID=3108;https://www.ilga.gov/house/Rep.asp?MemberID=3322;https://www.linkedin.com/in/tony-m-a1b82783,,,,"9317B Illinois Route 84, Savanna, IL 61074",815-291-8989,,,,,,
ocd-person/4b7dfbae-dc1a-4226-9b42-00c8bbc46b06,Tracy Katz Muhl,Democratic,57,lower,Tracy,Katz Muhl,Female,info@staterepkatzmuhl.com,,,,https://cdn.ilga.gov/assets/img/members/{31ED8E80-A147-47D1-A4B9-70A51C651C48}.jpg,https://staterepkatzmuhl.com/;https://www.ilga.gov/House/Members/Details/3447;https://www.ilga.gov/house/Rep.asp?GA=103&MemberID=3259;https://www.ilga.gov/house/Rep.asp?GA=104&MemberID=3447;https://www.ilga.gov/house/Rep.asp?MemberID=3447,https://ballotpedia.org/Tracy_Katz_Muhl;https://en.wikipedia.org/wiki/Tracy_Katz_Muhl;https://foxswibel.com/who-we-are/tracy-katz-muhl;https://justfacts.votesmart.org/candidate/biography/213074/tracy-muhl;https://staterepkatzmuhl.com;https://staterepkatzmuhl.com/about-tracy-katz-muhl;https://www.ilga.gov/House/Members/Details/3447;https://www.ilga.gov/house/Rep.asp?GA=103&MemberID=3259;https://www.ilga.gov/house/Rep.asp?GA=104&MemberID=3447;https://www.ilga.gov/house/Rep.asp?MemberID=3447;https://www.linkedin.com/in/tracy-katz-muhl-78a096136,,,,"3153 Dundee Road, Northbrook, IL 60062",847-715-9055,,,,,,
ocd-person/63883963-04b0-454c-8d18-81dcca230b55,Travis Weaver,Republican,93,lower,Travis,Weaver,Male,weaver@ilhousegop.org,,1992-06-18,,https://cdn.ilga.gov/assets/img/members/{0A077509-6D57-4C96-8525-0480C8338827}.jpg,https://ilga.gov/house/Rep.asp?GA=103&MemberID=3244;https://repweaver.com/;https://www.ilga.gov/House/Members/Details/3435;https://www.ilga.gov/house/Rep.asp?GA=103&MemberID=3244;https://www.ilga.gov/house/Rep.asp?MemberID=3435,https://ballotpedia.org/Travis_Weaver;https://en.wikipedia.org/wiki/Travis_Weaver;https://ilga.gov/house/default.asp?GA=103;https://ilga.gov/house/Rep.asp?GA=103&MemberID=3244;https://justfacts.votesmart.org/candidate/biography/204495/travis-weaver;https://repweaver.com;https://www.ilga.gov/House/Members/Details/3435;https://www.ilga.gov/house/Rep.asp?GA=103&MemberID=3244;https://www.ilga.gov/house/Rep.asp?MemberID=3435;https://www.linkedin.com/in/travis-weaver-3abb5259,,,,"337 Court St., Pekin, IL 61554",309-204-6514,,,,,,
ocd-person/5a23473f-1af0-4f7d-8b08-cb287d93db6f,Wayne Rosenthal,Republican,108,lower,Wayne,Rosenthal,Male,rosenthal@ilhousegop.org,,1950-05-16,,https://cdn.ilga.gov/assets/img/members/{43DB5751-834C-4CA0-B8A4-6D1016E3CB28}.jpg,https://ilga.gov/house/Rep.asp?GA=103&MemberID=3243;https://reprosenthal.com/;https://www.ilga.gov/House/Members/Details/3434;https://www.ilga.gov/house/Rep.asp?GA=103&MemberID=3243;https://www.ilga.gov/house/Rep.asp?MemberID=3434,https://ballotpedia.org/Wayne_Arthur_Rosenthal;https://en.wikipedia.org/wiki/Wayne_Rosenthal_(politician);https://ilga.gov/house/default.asp?GA=103;https://ilga.gov/house/Rep.asp?GA=103&MemberID=3243;https://justfacts.votesmart.org/candidate/biography/116692/wayne-rosenthal;https://reprosenthal.com;https://www.ilga.gov/House/Members/Details/3434;https://www.ilga.gov/house/Rep.asp?GA=103&MemberID=3243;https://www.ilga.gov/house/Rep.asp?MemberID=3434;https://www.linkedin.com/in/representative-wayne-rosenthal-23254028,,,,,,,,,,,
ocd-person/df11068d-eb77-4eb8-90c8-95056891e633,Will Guzzardi,Democratic,39,lower,Will,Guzzardi,Male,will@repguzzardi.com,,,,https://cdn.ilga.gov/assets/img/members/{C127AF36-0EAE-48B6-8C31-86AAE3935790}.jpg,https://ilga.gov/house/Rep.asp?GA=101&MemberID=2662;https://ilga.gov/house/Rep.asp?GA=102&MemberID=2884;https://ilga.gov/house/Rep.asp?GA=103&MemberID=3091;https://www.ilga.gov/House/Members/Details/3311;https://www.ilga.gov/house/Rep.asp?GA=103&MemberID=3091;https://www.ilga.gov/house/Rep.asp?GA=104&MemberID=3311;https://www.ilga.gov/house/Rep.asp?MemberID=3311;https://www.repguzzardi.com/,https://ballotpedia.org/Will_Guzzardi;https://en.wikipedia.org/wiki/Will_Guzzardi;https://ilga.gov/house/default.asp?GA=101;https://ilga.gov/house/default.asp?GA=102;https://ilga.gov/house/default.asp?GA=103;https://ilga.gov/house/Rep.asp?GA=101&MemberID=2662;https://ilga.gov/house/Rep.asp?GA=102&MemberID=2884;https://ilga.gov/house/Rep.asp?GA=103&MemberID=3091;https://justfacts.votesmart.org/candidate/biography/135062/will-guzzardi;https://www.ilga.gov/House/Members/Details/3311;https://www.ilga.gov/house/Rep.asp?GA=103&MemberID=3091;https://www.ilga.gov/house/Rep.asp?GA=104&MemberID=3311;https://www.ilga.gov/house/Rep.asp?MemberID=3311;https://www.repguzzardi.com,,,,"3001 N. Central Park Ave., Chicago, IL 60618",773-853-2570,,,,,,
ocd-person/5fe6a4a5-da36-4fa0-8c36-739648b9ce0c,Bill Cunningham,Democratic,18,upper,Bill,Cunningham,Male,cunningham@senatedem.illinois.gov,,1967-07-21,,https://cdn.ilga.gov/assets/img/members/{402F0454-4EAF-4721-993D-53C7459BA35B}.jpg,https://ilga.gov/senate/Senator.asp?GA=101&MemberID=2614;https://ilga.gov/senate/Senator.asp?GA=102&MemberID=2850;https://ilga.gov/senate/Senator.asp?GA=103&MemberID=3063;https://www.ilga.gov/Senate/Members/Details/3291;https://www.ilga.gov/senate/Senator.asp?GA=103&MemberID=3063;https://www.ilga.gov/senate/Senator.asp?GA=104&MemberID=3291;https://www.senatorbillcunningham.com/;https://www.senatorbillcunningham.com/bio,https://ballotpedia.org/Bill_Cunningham_(Illinois);https://en.wikipedia.org/wiki/William_Cunningham_(Illinois_politician);https://ilga.gov/senate/default.asp?GA=101;https://ilga.gov/senate/default.asp?GA=102;https://ilga.gov/senate/default.asp?GA=103;https://ilga.gov/senate/Senator.asp?GA=101&MemberID=2614;https://ilga.gov/senate/Senator.asp?GA=102&MemberID=2850;https://ilga.gov/senate/Senator.asp?GA=103&MemberID=3063;https://justfacts.votesmart.org/candidate/biography/127803/bill-cunningham;https://www.ilga.gov/Senate/Members/Details/3291;https://www.ilga.gov/senate/Senator.asp?GA=103&MemberID=3063;https://www.ilga.gov/senate/Senator.asp?GA=104&MemberID=3291;https://www.linkedin.com/in/bill-cunningham-a96599b2;https://www.senatorbillcunningham.com;https://www.senatorbillcunningham.com/bio,,,,"10400 S. Western Ave., Chicago, IL 60643",773-445-8128,,,,,,
ocd-person/fcc072f5-5cbc-4c8e-bc3d-e70b0e102878,Will Davis,Democratic,30,lower,Will,Davis,Male,williamd@ilga.gov,,1968-07-02,,https://cdn.ilga.gov/assets/img/members/{6012DCA8-7486-49F9-A387-8703A2CF469C}.jpg,https://ilga.gov/house/Rep.asp?GA=101&MemberID=2544;https://ilga.gov/house/Rep.asp?GA=102&MemberID=2801;https://ilga.gov/house/Rep.asp?GA=103&MemberID=3026;https://www.ilga.gov/House/Members/Details/3266;https://www.ilga.gov/house/Rep.asp?GA=103&MemberID=3026;https://www.ilga.gov/house/Rep.asp?GA=104&MemberID=3266,https://ballotpedia.org/William_Davis_(Illinois);https://en.wikipedia.org/wiki/Will_Davis_(Illinois_politician);https://en.wikipedia.org/wiki/Will_Davis_(politician);https://ilga.gov/house/default.asp?GA=101;https://ilga.gov/house/default.asp?GA=102;https://ilga.gov/house/default.asp?GA=103;https://ilga.gov/house/Rep.asp?GA=101&MemberID=2544;https://ilga.gov/house/Rep.asp?GA=102&MemberID=2801;https://ilga.gov/house/Rep.asp?GA=103&MemberID=3026;https://www.ilga.gov/House/Members/Details/3266;https://www.ilga.gov/house/Rep.asp?GA=103&MemberID=3026;https://www.ilga.gov/house/Rep.asp?GA=104&MemberID=3266;https://www.linkedin.com/in/william-davis-9ab1781,,,,"1912 W. 174th St., East Hazel Crest, IL 60429",708-799-7300,,,,,,
ocd-person/fb6cc95a-0c98-41e3-a481-8d5dc51d6c54,Bill Hauter,Republican,87,lower,Bill,Hauter,Male,hauter@ilhousegop.org,,,,https://cdn.ilga.gov/assets/img/members/{999C86E0-F35D-4F02-81BE-F4FEBF930114}.jpg,https://ilga.gov/house/Rep.asp?GA=103&MemberID=3238;https://rephauter.com/;https://www.ilga.gov/House/Members/Details/3429;https://www.ilga.gov/house/Rep.asp?GA=103&MemberID=3238;https://www.ilga.gov/house/Rep.asp?GA=104&MemberID=3429,https://ballotpedia.org/Bill_Hauter;https://en.wikipedia.org/wiki/Bill_Hauter;https://ilga.gov/house/default.asp?GA=103;https://ilga.gov/house/Rep.asp?GA=103&MemberID=3238;https://justfacts.votesmart.org/candidate/biography/204489/william-hauter;https://rephauter.com;https://www.ilga.gov/House/Members/Details/3429;https://www.ilga.gov/house/Rep.asp?GA=103&MemberID=3238;https://www.ilga.gov/house/Rep.asp?GA=104&MemberID=3429,,,,"133 S. Main St. Suite A, Morton, IL 61550",309-819-8701,,,,,,
ocd-person/34274113-7ea1-4e6e-aa7a-da2c9d1037b4,Willie Preston,Democratic,16,upper,Willie,Preston,Male,,,1985-02-01,,https://cdn.ilga.gov/assets/img/members/{CFF4C1DD-FC97-428B-9D19-A520A543F4AC}.jpg,https://ilga.gov/senate/Senator.asp?GA=103&MemberID=3209;https://senatorpreston.com/;https://www.ilga.gov/Senate/Members/Details/3405;https://www.ilga.gov/senate/Senator.asp?GA=103&MemberID=3209;https://www.ilga.gov/senate/Senator.asp?GA=104&MemberID=3405,https://ballotpedia.org/Willie_Preston;https://en.wikipedia.org/wiki/Willie_Preston;https://ilga.gov/senate/default.asp?GA=103;https://ilga.gov/senate/Senator.asp?GA=103&MemberID=3209;https://justfacts.votesmart.org/candidate/biography/177160/willie-preston;https://senatorpreston.com;https://www.ilga.gov/Senate/Members/Details/3405;https://www.ilga.gov/senate/Senator.asp?GA=103&MemberID=3209;https://www.ilga.gov/senate/Senator.asp?GA=104&MemberID=3405;https://www.linkedin.com/in/williepreston2018,,,,"8500 S. Pulaski Road, Chicago, IL 60652",773-912-6255,,,,,,
ocd-person/753dc145-9162-4e02-9b76-836be48498cb,Yolonda Morris,Democratic,9,lower,Yolonda,Morris,Female,9thdistrictinfo@gmail.com,,,,https://cdn.ilga.gov/assets/img/members/{2EDE65F3-F463-4E44-B703-6B06D2ECB787}.jpg,https://ilga.gov/house/Rep.asp?GA=103&MemberID=3255;https://www.ilga.gov/House/Members/Details/3444;https://www.ilga.gov/house/Rep.asp?GA=103&MemberID=3255;https://www.ilga.gov/house/Rep.asp?MemberID=3444;https://www.repmorrisil9th.com/,https://ballotpedia.org/Yolonda_Morris;https://en.wikipedia.org/wiki/Yolonda_Morris;https://ilga.gov/house/default.asp?GA=103;https://ilga.gov/house/Rep.asp?GA=103&MemberID=3255;https://justfacts.votesmart.org/candidate/biography/212760/yolonda-morris;https://www.ilga.gov/House/Members/Details/3444;https://www.ilga.gov/house/Rep.asp?GA=103&MemberID=3255;https://www.ilga.gov/house/Rep.asp?MemberID=3444;https://www.repmorrisil9th.com,,,,"4325-27 W. Roosevelt Road, Chicago, IL 60624",773-565-4005,,,,,,
