id,name,current_party,current_district,current_chamber,given_name,family_name,gender,email,biography,birth_date,death_date,image,links,sources,capitol_address,capitol_voice,capitol_fax,district_address,district_voice,district_fax,twitter,youtube,instagram,facebook,wikidata
ocd-person/b5e2b0b8-ae2a-4852-9c40-c9bf4a32fe1a,Aaron Freeman,Republican,32,upper,Aaron,Freeman,Male,s32@iga.in.gov,,,,https://cdn.zephyrcms.com/a664e2a6-fb83-4186-82cc-d4e33ff0591f/-/progressive/yes/-/format/jpeg/-/scale_crop/200x300/center/-/stretch/off/2021-freeman-2.jpg,https://iga.in.gov/legislative/2021/legislators/legislator_aaron_freeman_1;https://iga.in.gov/legislative/2022/legislators/legislator_aaron_freeman_1/;https://www.indianasenaterepublicans.com/freeman,https://api.iga.in.gov/2021/legislators/aaron_freeman_1;https://ballotpedia.org/Aaron_Freeman;https://en.wikipedia.org/wiki/Aaron_Freeman_(Indiana_politician);https://iga.in.gov/legislative/2021/legislators/legislator_aaron_freeman_1;https://iga.in.gov/legislative/2022/legislators/legislator_aaron_freeman_1;https://justfacts.votesmart.org/candidate/biography/130728/aaron-freeman;https://www.aaronfreemanlaw.com;https://www.aaronfreemanlaw.com/attorney-profile.html;https://www.indianasenaterepublicans.com/freeman;https://www.indianasenaterepublicans.com/senators,,,,,,,,,,,
ocd-person/3564d02c-d1d7-4c46-87b7-dbc1c5f1dc14,Alaina Shonkwiler,Republican,29,lower,Alaina,Shonkwiler,Female,h29@iga.in.gov,,,,https://storage.googleapis.com/enview-dev-public-general/legislative-people-photos/157746.jpg,https://iga.in.gov/legislative/2026/legislators/legislator_alaina_shonkwiler_1;https://www.indianahouserepublicans.com/members/general/alaina-shonkwiler/,https://ballotpedia.org/Alaina_Shonkwiler;https://en.wikipedia.org/wiki/Alaina_Shonkwiler;https://iga.in.gov/legislative/2026/legislators/legislator_alaina_shonkwiler_1;https://justfacts.votesmart.org/candidate/biography/214718/alaina-shonkwiler;https://www.indianahouserepublicans.com/members/general/alaina-shonkwiler;https://www.linkedin.com/in/alainashonkwiler,,,,,,,,,,,
ocd-person/ea9905ae-ca94-4184-853c-d7d622dd46ee,Alex Burton,Democratic,77,lower,Alex,Burton,Male,h77@iga.in.gov,,,,https://s3.amazonaws.com/ballotpedia-api4/files/thumbs/200/300/AlexBurton2024.jpeg,https://iga.in.gov/legislative/2026/legislators/legislator_alex_burton_1;https://indianahousedemocrats.org/members/alex-burton,https://ballotpedia.org/Alex_Burton;https://en.wikipedia.org/wiki/Alex_Burton_(politician);https://iga.in.gov/legislative/2026/legislators/legislator_alex_burton_1;https://indianahousedemocrats.org/members/alex-burton;https://justfacts.votesmart.org/candidate/biography/198634/alex-burton;https://www.linkedin.com/in/alexander-burton-63550661,,,,,,,,,,,
ocd-person/7daef9db-7675-4d8e-8e78-b943a24fd5b7,Alex Zimmerman,Republican,67,lower,Alex,Zimmerman,Male,h67@iga.in.gov,,,,https://www.indianahouserepublicans.com/clientuploads/directory/members/Zimmerman_Edited_Headshot.jpg,https://iga.in.gov/legislative/2024/legislators/legislator_alex_zimmerman_1;https://iga.in.gov/legislative/2026/legislators/legislator_alex_zimmerman_1;https://www.indianahouserepublicans.com/members/general/alex-zimmerman;https://www.indianahouserepublicans.com/members/general/alex-zimmerman/?back=members,https://ballotpedia.org/Alex_Zimmerman;https://en.wikipedia.org/wiki/Alex_Zimmerman;https://iga.in.gov/legislative/2024/legislators/legislator_alex_zimmerman_1;https://iga.in.gov/legislative/2026/legislators/legislator_alex_zimmerman_1;https://justfacts.votesmart.org/candidate/biography/212373/alex-zimmerman;https://www.alexzimmermanlaw.com;https://www.alexzimmermanlaw.com/about;https://www.indianahouserepublicans.com/members;https://www.indianahouserepublicans.com/members/;https://www.indianahouserepublicans.com/members/general/alex-zimmerman;https://www.indianahouserepublicans.com/members/general/alex-zimmerman/?back=members;https://www.linkedin.com/in/alexzimmerman93,,,,,,,,,,,
ocd-person/f22b3c5a-950d-4e0c-83c8-bf9a7c005c73,Andrea Hunley,Democratic,46,upper,Andrea,Hunley,Female,s46@iga.in.gov,,,,https://indianasenatedemocrats.org/wp-content/uploads/2022/12/Senator-Hunley_Hoosier-Profile-Pic-600x900-2.jpg,https://indianasenatedemocrats.org/senators/s46/;https://indianasenatedemocrats.orghttps://www.indianasenatedemocrats.org/s46,https://ballotpedia.org/Andrea_Hunley;https://en.wikipedia.org/wiki/Andrea_Hunley;https://indianasenatedemocrats.org/senators/s46;https://indianasenatedemocrats.org/senators/s46/;https://justfacts.votesmart.org/candidate/evaluations/202027/andrea-hunley;https://www.indianasenatedemocrats.org/s46;https://www.indianasenatedemocrats.org/senators;https://www.indianasenatedemocrats.org/senators/;https://www.linkedin.com/in/andrea-hunley-52a4b610a,,,,,,,,,,,
ocd-person/27343a14-0487-4a7a-8ddd-1e0991c4a694,Andrew Ireland,Republican,90,lower,Andrew,Ireland,Male,h90@iga.in.gov,,,,https://storage.googleapis.com/enview-dev-public-general/legislative-people-photos/157749.jpg,https://iga.in.gov/legislative/2026/legislators/legislator_andrew_ireland_1;https://www.indianahouserepublicans.com/members/general/andrew-ireland/,https://ballotpedia.org/Andrew_Ireland;https://en.wikipedia.org/wiki/Andrew_Ireland_(politician);https://iga.in.gov/legislative/2026/legislators/legislator_andrew_ireland_1;https://justfacts.votesmart.org/candidate/214775/andrew-ireland;https://scopelitis.com/attorneys/andrew-j-ireland;https://www.indianahouserepublicans.com/members/general/andrew-ireland;https://www.linkedin.com/in/andrewirelandin,,,,,,,,,,,
ocd-person/a8ed53f7-00fb-428b-a629-7532efaf902d,Beau Baird,Republican,44,lower,Beau,Baird,Male,h44@iga.in.gov,,1981-05-22,,https://www.indianahouserepublicans.com/clientuploads/directory/members/Main_List/Baird_Main_List.jpg,https://iga.in.gov/legislative/2019/legislators/legislator_beau_baird_1/;https://iga.in.gov/legislative/2021/legislators/legislator_beau_baird_1;https://iga.in.gov/legislative/2024/legislators/legislator_beau_baird_1/;https://iga.in.gov/legislative/2026/legislators/legislator_beau_baird_1/;https://www.indianahouserepublicans.com/members/general/beau-baird/;https://www.indianahouserepublicans.com/members/general/beau-baird/?back=members,https://api.iga.in.gov/2021/legislators/beau_baird_1;https://ballotpedia.org/Beau_Baird;https://en.wikipedia.org/wiki/Beau_Baird;https://iga.in.gov/legislative/2021/legislators/legislator_beau_baird_1;https://iga.in.gov/legislative/2024/legislators/legislator_beau_baird_1;https://iga.in.gov/legislative/2026/legislators/legislator_beau_baird_1;https://justfacts.votesmart.org/candidate/biography/178174/beau-baird;https://www.indianahouserepublicans.com/members;https://www.indianahouserepublicans.com/members/;https://www.indianahouserepublicans.com/members/general/beau-baird;https://www.indianahouserepublicans.com/members/general/beau-baird/;https://www.indianahouserepublicans.com/members/general/beau-baird/?back=members;https://www.linkedin.com/in/jasonbeaubaird,,,,,,,,,,,
ocd-person/172ba652-d80a-45cd-a387-f072925561f7,Becky Cash,Republican,25,lower,Becky,Cash,Female,h25@iga.in.gov,,,,https://www.indianahouserepublicans.com/clientuploads/directory/members/Main_List/Cash_Main_list.jpg,https://iga.in.gov/legislative/2024/legislators/legislator_becky_cash_1;https://iga.in.gov/legislative/2026/legislators/legislator_becky_cash_1;https://www.indianahouserepublicans.com/members/general/becky-cash;https://www.indianahouserepublicans.com/members/general/becky-cash/?back=members,https://ballotpedia.org/Becky_Cash;https://en.wikipedia.org/wiki/Becky_Cash;https://iga.in.gov/legislative/2024/legislators/legislator_becky_cash_1;https://iga.in.gov/legislative/2026/legislators/legislator_becky_cash_1;https://justfacts.votesmart.org/candidate/201962/becky-cash;https://www.beckycash.com;https://www.indianahouserepublicans.com/members;https://www.indianahouserepublicans.com/members/;https://www.indianahouserepublicans.com/members/general/becky-cash;https://www.indianahouserepublicans.com/members/general/becky-cash/?back=members;https://www.linkedin.com/in/becky-cash-b5519b31,,,,,,,,,,,
ocd-person/ea2c35cb-7071-43de-8dc6-e91756d03f11,Ben Smaltz,Republican,52,lower,Ben,Smaltz,Male,h52@iga.in.gov,,1970-01-17,,https://www.indianahouserepublicans.com/clientuploads/directory/members/Main_List/Smaltz_main_list2023.png,https://iga.in.gov/legislative/2021/legislators/legislator_ben_smaltz_1118;https://iga.in.gov/legislative/2021/legislators/legislator_ben_smaltz_1118/;https://iga.in.gov/legislative/2024/legislators/legislator_ben_smaltz_1118/;https://iga.in.gov/legislative/2026/legislators/legislator_ben_smaltz_1118/;https://www.indianahouserepublicans.com/members/general/ben-smaltz/;https://www.indianahouserepublicans.com/members/general/ben-smaltz/?back=members,https://api.iga.in.gov/2021/legislators/ben_smaltz_1118;https://ballotpedia.org/Ben_Smaltz;https://en.wikipedia.org/wiki/Ben_Smaltz;https://iga.in.gov/legislative/2021/legislators/legislator_ben_smaltz_1118;https://iga.in.gov/legislative/2021/legislators/legislator_ben_smaltz_1118/;https://iga.in.gov/legislative/2024/legislators/legislator_ben_smaltz_1118;https://iga.in.gov/legislative/2026/legislators/legislator_ben_smaltz_1118;https://justfacts.votesmart.org/candidate/biography/84643/ben-smaltz;https://www.indianahouserepublicans.com/members;https://www.indianahouserepublicans.com/members/;https://www.indianahouserepublicans.com/members/general/ben-smaltz;https://www.indianahouserepublicans.com/members/general/ben-smaltz/?back=members;https://www.linkedin.com/in/ben-smaltz-8a513816,,,,,,,,,,,
ocd-person/a1002ff1-ffd8-4d82-8db9-3a8295ca5e06,Blake Doriot,Republican,12,upper,Blake,Doriot,Male,s12@iga.in.gov,,,,https://cdn.zephyrcms.com/6e687e05-6d5e-450b-a8b4-f08c648001c2/-/progressive/yes/-/format/jpeg/-/scale_crop/200x300/center/-/stretch/off/doriot-website.jpg,https://iga.in.gov/legislative/2021/legislators/legislator_blake_doriot_1;https://iga.in.gov/legislative/2022/legislators/legislator_blake_doriot_1/;https://www.indianasenaterepublicans.com/doriot,https://api.iga.in.gov/2021/legislators/blake_doriot_1;https://ballotpedia.org/Blake_Doriot;https://en.wikipedia.org/wiki/Blake_Doriot;https://iga.in.gov/legislative/2021/legislators/legislator_blake_doriot_1;https://iga.in.gov/legislative/2022/legislators/legislator_blake_doriot_1;https://justfacts.votesmart.org/candidate/biography/167534/blake-doriot;https://www.indianasenaterepublicans.com/doriot;https://www.indianasenaterepublicans.com/senators;https://www.linkedin.com/in/c-blake-doriot-5b098649,,,,,,,,,,,
ocd-person/5fd5f8d8-b47c-4b69-ba1a-d89f0fb106a7,Blake Johnson,Democratic,100,lower,Blake,Johnson,Male,h100@iga.in.gov,,,,https://indianahousedemocrats.org/images/made/images/remote/https_assets.indianahousedemocrats.org/members/Headshots/johnson_2020_blake_web_800_999_80.jpg,https://iga.in.gov/legislative/2020/legislators/legislator_blake_johnson_1/;https://iga.in.gov/legislative/2021/legislators/legislator_blake_johnson_1;https://iga.in.gov/legislative/2024/legislators/legislator_blake_johnson_1/;https://iga.in.gov/legislative/2026/legislators/legislator_blake_johnson_1/;https://indianahousedemocrats.org/members/blake-johnson,https://api.iga.in.gov/2021/legislators/blake_johnson_1;https://ballotpedia.org/Robert_Blake_Johnson;https://en.wikipedia.org/wiki/Blake_Johnson;https://iga.in.gov/legislative/2021/legislators/legislator_blake_johnson_1;https://iga.in.gov/legislative/2024/legislators/legislator_blake_johnson_1;https://iga.in.gov/legislative/2026/legislators/legislator_blake_johnson_1;https://indianahousedemocrats.org/members;https://indianahousedemocrats.org/members/blake-johnson;https://indianahousedemocrats.org/members/blake-johnson/full;https://justfacts.votesmart.org/candidate/biography/169259/blake-johnson;https://www.indianahousedemocrats.org/members/blake-johnson;https://www.linkedin.com/in/blake-johnson-31aa1510,,,,,,,,,,,
ocd-person/6629fcea-f482-4e63-872d-d2f8734502ca,Brad Barrett,Republican,56,lower,Brad,Barrett,Male,h56@iga.in.gov,,,,https://www.indianahouserepublicans.com/clientuploads/directory/members/Main_List/Barrett_mainlist3.png,https://iga.in.gov/legislative/2019/legislators/legislator_bradford_barrett_1/;https://iga.in.gov/legislative/2021/legislators/legislator_bradford_barrett_1;https://iga.in.gov/legislative/2024/legislators/legislator_bradford_barrett_1/;https://iga.in.gov/legislative/2026/legislators/legislator_bradford_barrett_1/;https://www.indianahouserepublicans.com/members/general/brad-barrett/?back=members;https://www.indianahouserepublicans.com/members/general/bradford-barrett/,https://api.iga.in.gov/2021/legislators/bradford_barrett_1;https://ballotpedia.org/Bradford_Barrett;https://en.wikipedia.org/wiki/Bradford_Barrett;https://iga.in.gov/legislative/2021/legislators/legislator_bradford_barrett_1;https://iga.in.gov/legislative/2024/legislators/legislator_bradford_barrett_1;https://iga.in.gov/legislative/2026/legislators/legislator_bradford_barrett_1;https://justfacts.votesmart.org/candidate/biography/178180/bradford-barrett;https://www.indianahouserepublicans.com/members;https://www.indianahouserepublicans.com/members/;https://www.indianahouserepublicans.com/members/general/brad-barrett/?back=members;https://www.indianahouserepublicans.com/members/general/bradford-barrett;https://www.indianahouserepublicans.com/members/general/bradford-barrett/;https://www.linkedin.com/in/bradford-barrett-m-d-a4984419,,,,,,,,,,,
ocd-person/08d4ca65-7f96-4df8-80cf-33b1cb156a47,Brett Clark,Republican,24,upper,Brett,Clark,Male,s24@iga.in.gov,,,,https://cdn.myocv.com/ocvapps/a106646122/files/654a84bda94ee-6526d35518084-ProfilewithLogo2x.png,https://www.indianasenaterepublicans.com/clark,https://ballotpedia.org/Brett_A._Clark_(Indiana);https://en.wikipedia.org/wiki/Brett_Clark_(politician);https://justfacts.votesmart.org/candidate/biography/214702/brett-clark;https://www.indianasenaterepublicans.com/clark;https://www.linkedin.com/in/brett-clark-5a9990265,,,,,,,,,,,
ocd-person/0482a330-c9fb-4f41-b136-88a4aef2de6a,Brian Buchanan,Republican,7,upper,Brian,Buchanan,Male,s7@iga.in.gov,,,,https://cdn.zephyrcms.com/8c4e2d6b-46c5-472e-b027-82db8d3fa31d/-/progressive/yes/-/format/jpeg/-/scale_crop/200x300/center/-/stretch/off/buchanan-website.jpg,https://iga.in.gov/legislative/2021/legislators/legislator_brian_buchanan_1;https://iga.in.gov/legislative/2022/legislators/legislator_brian_buchanan_1/;https://www.indianasenaterepublicans.com/buchanan,https://api.iga.in.gov/2021/legislators/brian_buchanan_1;https://ballotpedia.org/Brian_Buchanan;https://en.wikipedia.org/wiki/Brian_Buchanan_(politician);https://iga.in.gov/legislative/2021/legislators/legislator_brian_buchanan_1;https://iga.in.gov/legislative/2022/legislators/legislator_brian_buchanan_1;https://justfacts.votesmart.org/candidate/175299/brian-buchanan;https://www.indianasenaterepublicans.com/buchanan;https://www.indianasenaterepublicans.com/senators,,,,,,,,,,,
ocd-person/fe83212e-72d8-4d9c-80cb-338c7f318f09,Bruce Borders,Republican,45,lower,Bruce,Borders,Male,h45@iga.in.gov,,,,https://www.indianahouserepublicans.com/clientuploads/directory/members/Main_List/Borders_Main_List_2022.jpg,https://iga.in.gov/legislative/2021/legislators/legislator_bruce_borders_1;https://iga.in.gov/legislative/2021/legislators/legislator_bruce_borders_1/;https://iga.in.gov/legislative/2024/legislators/legislator_bruce_borders_1/;https://iga.in.gov/legislative/2026/legislators/legislator_bruce_borders_1/;https://www.indianahouserepublicans.com/members/leadership/bruce-borders/;https://www.indianahouserepublicans.com/members/leadership/bruce-borders/?back=members,https://api.iga.in.gov/2021/legislators/bruce_borders_1;https://ballotpedia.org/Bruce_Borders;https://en.wikipedia.org/wiki/Bruce_Borders;https://iga.in.gov/legislative/2021/legislators/legislator_bruce_borders_1;https://iga.in.gov/legislative/2021/legislators/legislator_bruce_borders_1/;https://iga.in.gov/legislative/2024/legislators/legislator_bruce_borders_1;https://iga.in.gov/legislative/2026/legislators/legislator_bruce_borders_1;https://justfacts.votesmart.org/candidate/biography/34050/bruce-borders;https://www.indianahouserepublicans.com/members;https://www.indianahouserepublicans.com/members/;https://www.indianahouserepublicans.com/members/leadership/bruce-borders;https://www.indianahouserepublicans.com/members/leadership/bruce-borders/?back=members;https://www.linkedin.com/in/bruce-borders-6679a286,,,,,,,,,,,
ocd-person/ec6a3cce-3eca-4020-8809-a7a1875e1663,Carey Hamilton,Democratic,87,lower,Carey,Hamilton,Female,h87@iga.in.gov,,,,https://indianahousedemocrats.org/images/made/images/remote/https_assets.indianahousedemocrats.org/members/Headshots/Hamilton_Carey-21_web_800_999_80.jpg,https://iga.in.gov/legislative/2019/legislators/legislator_carey_hamilton_1/;https://iga.in.gov/legislative/2021/legislators/legislator_carey_hamilton_1;https://iga.in.gov/legislative/2024/legislators/legislator_carey_hamilton_1/;https://iga.in.gov/legislative/2026/legislators/legislator_carey_hamilton_1/;https://indianahousedemocrats.org/members/carey-hamilton,https://api.iga.in.gov/2021/legislators/carey_hamilton_1;https://ballotpedia.org/Carey_Hamilton;https://en.wikipedia.org/wiki/Carey_Hamilton;https://iga.in.gov/legislative/2019/legislators/legislator_carey_hamilton_1;https://iga.in.gov/legislative/2019/legislators/legislator_carey_hamilton_1/;https://iga.in.gov/legislative/2021/legislators/legislator_carey_hamilton_1;https://iga.in.gov/legislative/2024/legislators/legislator_carey_hamilton_1;https://iga.in.gov/legislative/2026/legislators/legislator_carey_hamilton_1;https://indianahousedemocrats.org/members;https://indianahousedemocrats.org/members/carey-hamilton;https://indianahousedemocrats.org/members/carey-hamilton/full;https://justfacts.votesmart.org/candidate/biography/174304/carey-hamilton;https://www.linkedin.com/in/carey-hamilton-97336aa,,,,,,,,,,,
ocd-person/16ded3c5-7034-4910-b5d1-76efa7b2f02f,Carolyn Jackson,Democratic,1,lower,Carolyn,Jackson,Female,h1@iga.in.gov,,,,https://indianahousedemocrats.org/images/made/images/remote/https_assets.indianahousedemocrats.org/members/Headshots/Jackson_Carolyn_web20220118_800_999_80.jpg,https://iga.in.gov/legislative/2019/legislators/legislator_carolyn_jackson_1/;https://iga.in.gov/legislative/2021/legislators/legislator_carolyn_jackson_1;https://iga.in.gov/legislative/2024/legislators/legislator_carolyn_jackson_1/;https://iga.in.gov/legislative/2026/legislators/legislator_carolyn_jackson_1/;https://indianahousedemocrats.org/members/carolyn-b.-jackson;https://www.indianahousedemocrats.org/members/carolyn-b-jackson,https://api.iga.in.gov/2021/legislators/carolyn_jackson_1;https://ballotpedia.org/Carolyn_Jackson;https://en.wikipedia.org/wiki/Carolyn_Jackson;https://iga.in.gov/legislative/2019/legislators/legislator_carolyn_jackson_1;https://iga.in.gov/legislative/2019/legislators/legislator_carolyn_jackson_1/;https://iga.in.gov/legislative/2021/legislators/legislator_carolyn_jackson_1;https://iga.in.gov/legislative/2024/legislators/legislator_carolyn_jackson_1;https://iga.in.gov/legislative/2026/legislators/legislator_carolyn_jackson_1;https://indianahousedemocrats.org/members;https://indianahousedemocrats.org/members/carolyn-b.-jackson;https://indianahousedemocrats.org/members/carolyn-b.-jackson/full;https://justfacts.votesmart.org/candidate/biography/178082/carolyn-jackson;https://www.indianahousedemocrats.org/members/carolyn-b-jackson,,,,,,,,,,,
ocd-person/17fd494d-905d-4c82-a828-6d975cbf02f3,Chuck Moseley,Democratic,10,lower,Chuck,Moseley,Male,h10@iga.in.gov,,,,https://indianahousedemocrats.org/images/made/images/remote/https_assets.indianahousedemocrats.org/members/Headshots/Moseley_updated_800_1000_80.jpg,https://iga.in.gov/legislative/2021/legislators/legislator_charles_moseley_973;https://iga.in.gov/legislative/2021/legislators/legislator_charles_moseley_973/;https://iga.in.gov/legislative/2024/legislators/legislator_charles_moseley_973/;https://iga.in.gov/legislative/2026/legislators/legislator_charles_moseley_973/;https://indianahousedemocrats.org/members/chuck-moseley,https://api.iga.in.gov/2021/legislators/charles_moseley_973;https://ballotpedia.org/Charles_Moseley;https://en.wikipedia.org/wiki/Charles_Moseley;https://iga.in.gov/legislative/2021/legislators/legislator_charles_moseley_973;https://iga.in.gov/legislative/2021/legislators/legislator_charles_moseley_973/;https://iga.in.gov/legislative/2024/legislators/legislator_charles_moseley_973;https://iga.in.gov/legislative/2026/legislators/legislator_charles_moseley_973;https://indianahousedemocrats.org/members;https://indianahousedemocrats.org/members/chuck-moseley;https://indianahousedemocrats.org/members/chuck-moseley/full;https://justfacts.votesmart.org/candidate/biography/18433/chuck-moseley;https://www.linkedin.com/in/chuck-moseley-871022ab,,,,,,,,,,,
ocd-person/8db4d04c-3afe-44c1-940b-7761cd035800,Cherrish Pryor,Democratic,94,lower,Cherrish,Pryor,Male,h94@iga.in.gov,,,,https://indianahousedemocrats.org/images/made/images/remote/https_assets.indianahousedemocrats.org/members/Headshots/pryor20220105portrait_800_1000_80.jpg,https://iga.in.gov/legislative/2021/legislators/legislator_cherrish_pryor_990;https://iga.in.gov/legislative/2021/legislators/legislator_cherrish_pryor_990/;https://iga.in.gov/legislative/2024/legislators/legislator_cherrish_pryor_990/;https://iga.in.gov/legislative/2026/legislators/legislator_cherrish_pryor_990/;https://indianahousedemocrats.org/members/cherrish-pryor,https://api.iga.in.gov/2021/legislators/cherrish_pryor_990;https://ballotpedia.org/Cherrish_Pryor;https://en.wikipedia.org/wiki/Cherrish_Pryor;https://iga.in.gov/legislative/2021/legislators/legislator_cherrish_pryor_990;https://iga.in.gov/legislative/2021/legislators/legislator_cherrish_pryor_990/;https://iga.in.gov/legislative/2024/legislators/legislator_cherrish_pryor_990;https://iga.in.gov/legislative/2026/legislators/legislator_cherrish_pryor_990;https://indianahousedemocrats.org/members;https://indianahousedemocrats.org/members/cherrish-pryor;https://indianahousedemocrats.org/members/cherrish-pryor/full;https://justfacts.votesmart.org/candidate/biography/72993/cherrish-pryor;https://www.linkedin.com/in/cherrish-s-pryor-994515a,,,,,,,,,,,
ocd-person/a2b2e61b-e27c-4ead-8c81-6703ea817037,Chris Campbell,Democratic,26,lower,Chris,Campbell,Female,h26@iga.in.gov,,1963-12-12,,https://indianahousedemocrats.org/images/made/images/remote/https_assets.indianahousedemocrats.org/banners/campbell_UPDATED_headshot_800_999_80.jpg,https://iga.in.gov/legislative/2019/legislators/legislator_christine_campbell_1/;https://iga.in.gov/legislative/2021/legislators/legislator_christine_campbell_1;https://iga.in.gov/legislative/2024/legislators/legislator_christine_campbell_1/;https://iga.in.gov/legislative/2026/legislators/legislator_christine_campbell_1/;https://indianahousedemocrats.org/members/chris-campbell,https://api.iga.in.gov/2021/legislators/christine_campbell_1;https://ballotpedia.org/Chris_Campbell;https://ballotpedia.org/Chris_Campbell_(Indiana);https://en.wikipedia.org/wiki/Chris_Campbell_(politician);https://iga.in.gov/legislative/2019/legislators/legislator_christine_campbell_1;https://iga.in.gov/legislative/2019/legislators/legislator_christine_campbell_1/;https://iga.in.gov/legislative/2021/legislators/legislator_christine_campbell_1;https://iga.in.gov/legislative/2024/legislators/legislator_christine_campbell_1;https://iga.in.gov/legislative/2026/legislators/legislator_christine_campbell_1;https://indianahousedemocrats.org/members;https://indianahousedemocrats.org/members/chris-campbell;https://indianahousedemocrats.org/members/chris-campbell/full;https://justfacts.votesmart.org/candidate/key-votes/185833/chris-campbell,,,,,,,,,,,
ocd-person/dc07e0d2-7372-46c2-967c-878ec522879d,Chris Garten,Republican,45,upper,Chris,Garten,Male,s45@iga.in.gov,,1982-02-13,,https://cdn.zephyrcms.com/a2dbf141-af13-4ad7-9e37-78104d7da727/-/progressive/yes/-/format/jpeg/-/scale_crop/200x300/center/-/stretch/off/image.jpeg,https://iga.in.gov/legislative/2021/legislators/legislator_chris_garten_1;https://iga.in.gov/legislative/2022/legislators/legislator_chris_garten_1/;https://www.indianasenaterepublicans.com/garten,https://api.iga.in.gov/2021/legislators/chris_garten_1;https://ballotpedia.org/Chris_Garten;https://en.wikipedia.org/wiki/Chris_Garten;https://iga.in.gov/legislative/2021/legislators/legislator_chris_garten_1;https://iga.in.gov/legislative/2022/legislators/legislator_chris_garten_1;https://iga.in.gov/legislative/2022/legislators/legislator_chris_garten_1/;https://justfacts.votesmart.org/candidate/biography/178163/chris-garten;https://www.indianasenaterepublicans.com/garten;https://www.indianasenaterepublicans.com/senators;https://www.linkedin.com/in/chris-garten-87803679,,,,,,,,,,,
ocd-person/8f56f62b-e700-4fdc-b35a-bba408d3e6cf,Chris Jeter,Republican,88,lower,Chris,Jeter,Male,h88@iga.in.gov,,,,https://www.indianahouserepublicans.com/clientuploads/directory/members/Main_List/Jeter_Main_List.jpg,https://iga.in.gov/legislative/2020/legislators/legislator_chris_jeter_1/;https://iga.in.gov/legislative/2021/legislators/legislator_chris_jeter_1;https://iga.in.gov/legislative/2024/legislators/legislator_chris_jeter_1/;https://iga.in.gov/legislative/2026/legislators/legislator_chris_jeter_1/;https://www.indianahouserepublicans.com/members/general/chris-jeter;https://www.indianahouserepublicans.com/members/general/chris-jeter/?back=members,https://api.iga.in.gov/2021/legislators/chris_jeter_1;https://ballotpedia.org/Chris_Jeter;https://en.wikipedia.org/wiki/Chris_Jeter;https://iga.in.gov/legislative/2021/legislators/legislator_chris_jeter_1;https://iga.in.gov/legislative/2024/legislators/legislator_chris_jeter_1;https://iga.in.gov/legislative/2026/legislators/legislator_chris_jeter_1;https://justfacts.votesmart.org/candidate/189738/chris-jeter;https://www.indianahouserepublicans.com/members;https://www.indianahouserepublicans.com/members/;https://www.indianahouserepublicans.com/members/general/chris-jeter;https://www.indianahouserepublicans.com/members/general/chris-jeter/?back=members;https://www.linkedin.com/in/chris-jeter-78623652;https://www.mjcattorneys.com/our-team/attorneys/chris-jeter,,,,,,,,,,,
ocd-person/35824e09-976c-44b7-9825-0787030f0e4e,Chris Judy,Republican,83,lower,Chris,Judy,Male,h83@iga.in.gov,,1978-05-24,,https://www.indianahouserepublicans.com/clientuploads/directory/members/Main_List/Judy_Main_List_2022.jpg,https://iga.in.gov/legislative/2021/legislators/legislator_christopher_judy_1;https://iga.in.gov/legislative/2021/legislators/legislator_christopher_judy_1/;https://iga.in.gov/legislative/2024/legislators/legislator_christopher_judy_1/;https://iga.in.gov/legislative/2026/legislators/legislator_christopher_judy_1/;https://www.indianahouserepublicans.com/members/general/christopher-judy/;https://www.indianahouserepublicans.com/members/general/christopher-judy/?back=members,https://api.iga.in.gov/2021/legislators/christopher_judy_1;https://ballotpedia.org/Christopher_N._Judy;https://en.wikipedia.org/wiki/Christopher_Judy;https://iga.in.gov/legislative/2021/legislators/legislator_christopher_judy_1;https://iga.in.gov/legislative/2021/legislators/legislator_christopher_judy_1/;https://iga.in.gov/legislative/2024/legislators/legislator_christopher_judy_1;https://iga.in.gov/legislative/2026/legislators/legislator_christopher_judy_1;https://justfacts.votesmart.org/candidate/biography/149623/christopher-judy;https://www.indianahouserepublicans.com/members;https://www.indianahouserepublicans.com/members/;https://www.indianahouserepublicans.com/members/general/christopher-judy;https://www.indianahouserepublicans.com/members/general/christopher-judy/?back=members;https://www.linkedin.com/in/christopher-judy-519b05ab,,,,,,,,,,,
ocd-person/f1571a79-9c64-42b2-82d2-ec9f512722eb,Chris May,Republican,65,lower,Chris,May,Male,h65@iga.in.gov,,,,https://www.indianahouserepublicans.com/clientuploads/directory/members/Main_List/May_mainlist2.png,https://iga.in.gov/legislative/2019/legislators/legislator_chris_may_1/;https://iga.in.gov/legislative/2021/legislators/legislator_chris_may_1;https://iga.in.gov/legislative/2024/legislators/legislator_chris_may_1/;https://iga.in.gov/legislative/2026/legislators/legislator_chris_may_1/;https://www.indianahouserepublicans.com/members/general/chris-may/;https://www.indianahouserepublicans.com/members/general/chris-may/?back=members,https://api.iga.in.gov/2021/legislators/chris_may_1;https://ballotpedia.org/Christopher_May;https://en.wikipedia.org/wiki/Christopher_May;https://iga.in.gov/legislative/2019/legislators/legislator_chris_may_1;https://iga.in.gov/legislative/2019/legislators/legislator_chris_may_1/;https://iga.in.gov/legislative/2021/legislators/legislator_chris_may_1;https://iga.in.gov/legislative/2024/legislators/legislator_chris_may_1;https://iga.in.gov/legislative/2026/legislators/legislator_chris_may_1;https://justfacts.votesmart.org/candidate/biography/84028/chris-may;https://www.indianahouserepublicans.com/members;https://www.indianahouserepublicans.com/members/;https://www.indianahouserepublicans.com/members/general/chris-may;https://www.indianahouserepublicans.com/members/general/chris-may/?back=members,,,,,,,,,,,
ocd-person/e3cfa300-8d75-4217-9cc4-371aca7f77dd,Cindy Ledbetter,Republican,75,lower,Cindy,Ledbetter,Female,h75@iga.in.gov,,,,https://www.indianahouserepublicans.com/clientuploads/directory/members/Main_List/Ledbetter_lister2021.png,https://iga.in.gov/legislative/2021/legislators/legislator_cindy_ledbetter_1;https://iga.in.gov/legislative/2021/legislators/legislator_cindy_ledbetter_1/;https://iga.in.gov/legislative/2024/legislators/legislator_cindy_ledbetter_1/;https://iga.in.gov/legislative/2026/legislators/legislator_cindy_ledbetter_1/;https://www.indianahouserepublicans.com/members/general/cindy-ledbetter;https://www.indianahouserepublicans.com/members/general/cindy-ledbetter/?back=members;https://www.indianahouserepublicans.com/members/leadership/cindy-ledbetter/?back=members,https://api.iga.in.gov/2021/legislators/cindy_ledbetter_1;https://ballotpedia.org/Cindy_Ledbetter;https://cindyledbetter.com;https://en.wikipedia.org/wiki/Cindy_Ledbetter;https://iga.in.gov/legislative/2021/legislators/legislator_cindy_ledbetter_1;https://iga.in.gov/legislative/2024/legislators/legislator_cindy_ledbetter_1;https://iga.in.gov/legislative/2026/legislators/legislator_cindy_ledbetter_1;https://www.indianahouserepublicans.com/members;https://www.indianahouserepublicans.com/members/;https://www.indianahouserepublicans.com/members/general/cindy-ledbetter;https://www.indianahouserepublicans.com/members/general/cindy-ledbetter/?back=members;https://www.indianahouserepublicans.com/members/leadership/cindy-ledbetter/?back=members;https://www.linkedin.com/in/dr-cindy-ledbetter-2723b428,,,,,,,,,,,
ocd-person/e4588f99-2084-4b0f-9260-f73a8f6aeb62,Cory Criswell,Republican,54,lower,Cory,Criswell,Male,h54@iga.in.gov,,,,https://www.indianahouserepublicans.com/clientuploads/directory/members/Main_List/Rep._Criswell_2023_mainlist.png,https://iga.in.gov/legislative/2024/legislators/legislator_cory_criswell_1;https://iga.in.gov/legislative/2026/legislators/legislator_cory_criswell_1;https://www.indianahouserepublicans.com/members/general/cory-criswell/;https://www.indianahouserepublicans.com/members/general/cory-criswell/?back=members,https://ballotpedia.org/Cory_Criswell;https://en.wikipedia.org/wiki/Cory_Criswell;https://iga.in.gov/legislative/2024/legislators/legislator_cory_criswell_1;https://iga.in.gov/legislative/2026/legislators/legislator_cory_criswell_1;https://justfacts.votesmart.org/candidate/biography/202004/cory-criswell;https://www.indianahouserepublicans.com/members;https://www.indianahouserepublicans.com/members/;https://www.indianahouserepublicans.com/members/general/cory-criswell;https://www.indianahouserepublicans.com/members/general/cory-criswell/?back=members;https://www.linkedin.com/in/cory-criswell-2488a040,,,,,,,,,,,
ocd-person/006e6bcf-0a2c-4eef-92e3-44714f31aa4e,Craig Haggard,Republican,57,lower,Craig,Haggard,Male,h57@iga.in.gov,,,,https://www.indianahouserepublicans.com/clientuploads/directory/members/Main_List/Haggard_mainlist2023.png,https://iga.in.gov/legislative/2024/legislators/legislator_craig_haggard_1;https://iga.in.gov/legislative/2026/legislators/legislator_craig_haggard_1;https://www.indianahouserepublicans.com/members/general/craig-haggard;https://www.indianahouserepublicans.com/members/general/craig-haggard/?back=members,https://ballotpedia.org/Craig_Haggard;https://en.wikipedia.org/wiki/Craig_Haggard;https://iga.in.gov/legislative/2024/legislators/legislator_craig_haggard_1;https://iga.in.gov/legislative/2026/legislators/legislator_craig_haggard_1;https://justfacts.votesmart.org/candidate/biography/202018/craig-haggard;https://www.indianahouserepublicans.com/members;https://www.indianahouserepublicans.com/members/;https://www.indianahouserepublicans.com/members/general/craig-haggard;https://www.indianahouserepublicans.com/members/general/craig-haggard/?back=members;https://www.linkedin.com/in/craig-haggard-2b095b88,,,,,,,,,,,
ocd-person/d9c1cb89-9943-4afd-9353-8c771dcac356,Craig Snow,Republican,22,lower,Craig,Snow,Male,h22@iga.in.gov,,,,https://www.indianahouserepublicans.com/clientuploads/directory/members/Main_List/Snow_mainlist2023.png,https://iga.in.gov/legislative/2021/legislators/legislator_craig_snow_1;https://iga.in.gov/legislative/2024/legislators/legislator_craig_snow_1;https://iga.in.gov/legislative/2026/legislators/legislator_craig_snow_1;https://www.indianahouserepublicans.com/members/general/craig-snow;https://www.indianahouserepublicans.com/members/general/craig-snow/?back=members,https://api.iga.in.gov/2021/legislators/craig_snow_1;https://ballotpedia.org/Craig_Snow;https://en.wikipedia.org/wiki/Craig_Snow;https://iga.in.gov/legislative/2021/legislators/legislator_craig_snow_1;https://iga.in.gov/legislative/2024/legislators/legislator_craig_snow_1;https://iga.in.gov/legislative/2026/legislators/legislator_craig_snow_1;https://justfacts.votesmart.org/candidate/189715/craig-snow;https://www.indianahouserepublicans.com/members;https://www.indianahouserepublicans.com/members/;https://www.indianahouserepublicans.com/members/general/craig-snow;https://www.indianahouserepublicans.com/members/general/craig-snow/?back=members;https://www.linkedin.com/in/craig-snow-82905611,,,,,,,,,,,
ocd-person/f15e7d77-05df-4875-88a3-0a1aa40822ec,Cyndi Carrasco,Republican,36,upper,Cyndi,Carrasco,Female,s36@iga.in.gov,,,,https://cdn.zephyrcms.com/1e5c808a-c5f4-4022-a571-1da38a777c1c/-/progressive/yes/-/format/jpeg/-/scale_crop/200x300/center/-/stretch/off/carrasco-website.jpg,https://www.indianasenaterepublicans.com/carrasco,https://ballotpedia.org/Cynthia_Carrasco;https://en.wikipedia.org/wiki/Cyndi_Carrasco;https://justfacts.votesmart.org/candidate/key-votes/212881/cyndi-carrasco;https://www.indianasenaterepublicans.com/carrasco;https://www.indianasenaterepublicans.com/senators;https://www.linkedin.com/in/cyndi-carrasco-71511264,,,,,,,,,,,
ocd-person/da8afc87-2b9a-4544-8fb9-2f03f426a451,Dale DeVon,Republican,5,lower,Dale,DeVon,Male,h5@iga.in.gov,,1958-07-25,,https://www.indianahouserepublicans.com/clientuploads/directory/members/Main_List/DeVon_Main_List.jpg,https://iga.in.gov/legislative/2021/legislators/legislator_dale_devon_1108;https://iga.in.gov/legislative/2021/legislators/legislator_dale_devon_1108/;https://iga.in.gov/legislative/2024/legislators/legislator_dale_devon_1108/;https://iga.in.gov/legislative/2026/legislators/legislator_dale_devon_1108/;https://www.indianahouserepublicans.com/members/general/dale-devon/;https://www.indianahouserepublicans.com/members/general/dale-devon/?back=members,https://api.iga.in.gov/2021/legislators/dale_devon_1108;https://ballotpedia.org/Dale_DeVon;https://en.wikipedia.org/wiki/Dale_DeVon;https://iga.in.gov/legislative/2021/legislators/legislator_dale_devon_1108;https://iga.in.gov/legislative/2021/legislators/legislator_dale_devon_1108/;https://iga.in.gov/legislative/2024/legislators/legislator_dale_devon_1108;https://iga.in.gov/legislative/2026/legislators/legislator_dale_devon_1108;https://justfacts.votesmart.org/candidate/biography/86082/dale-devon;https://www.indianahouserepublicans.com/members;https://www.indianahouserepublicans.com/members/;https://www.indianahouserepublicans.com/members/general/dale-devon;https://www.indianahouserepublicans.com/members/general/dale-devon/?back=members,,,,,,,,,,,
ocd-person/bb961150-43c0-4535-bc67-a63127c90047,Dan Dernulc,Republican,1,upper,Dan,Dernulc,Male,s1@iga.in.gov,,,,https://cdn.zephyrcms.com/563c4788-f7fa-4983-83c8-36c8dbf3d3d4/-/progressive/yes/-/format/jpeg/-/scale_crop/200x300/center/-/stretch/off/dernulc-website.jpg,https://www.indianasenaterepublicans.com/dernulc,https://ballotpedia.org/Dan_Dernulc;https://en.wikipedia.org/wiki/Dan_Dernulc;https://justfacts.votesmart.org/candidate/biography/54177/daniel-dernulc;https://www.indianasenaterepublicans.com/dernulc;https://www.indianasenaterepublicans.com/senators;https://www.linkedin.com/in/daniel-dernulc-b9980313,,,,,,,,,,,
ocd-person/7403f289-e044-47ad-b594-05d174ec486e,Danny Lopez,Republican,39,lower,Danny,Lopez,Male,h39@iga.in.gov,,,,https://storage.googleapis.com/enview-dev-public-general/legislative-people-photos/30304.jpg,https://iga.in.gov/legislative/2026/legislators/legislator_danny_lopez_1;https://www.indianahouserepublicans.com/members/general/danny-lopez;https://www.indianahouserepublicans.com/members/general/danny-lopez/?back=members,https://ballotpedia.org/Daniel_Lopez_(Indiana);https://en.wikipedia.org/wiki/Danny_Lopez_(politician);https://iga.in.gov/legislative/2026/legislators/legislator_danny_lopez_1;https://justfacts.votesmart.org/candidate/214723/daniel-lopez;https://www.indianahouserepublicans.com/members/general/danny-lopez;https://www.indianahouserepublicans.com/members/general/danny-lopez/?back=members;https://www.linkedin.com/in/daniel-lopez-9bb9a367,,,,,,,,,,,
ocd-person/06fded2a-c138-46b5-9966-7662c0f28c41,Daryl Schmitt,Republican,48,upper,Daryl,Schmitt,Male,s48@iga.in.gov,,,,https://storage.googleapis.com/enview-public-general/legislative-people-photos/150061.jpg,https://www.indianasenaterepublicans.com/schmitt,https://ballotpedia.org/Daryl_Schmitt;https://en.wikipedia.org/wiki/Daryl_Schmitt;https://www.indianasenaterepublicans.com/schmitt,,,,,,,,,,,
ocd-person/e1599f41-bd7d-45c4-8a43-c25d8b519f53,Dave Hall,Republican,62,lower,Dave,Hall,Male,h62@iga.in.gov,,,,https://www.indianahouserepublicans.com/clientuploads/directory/members/Main_List/Hall_mainlist_2023.png,https://iga.in.gov/legislative/2024/legislators/legislator_david_hall_1;https://iga.in.gov/legislative/2026/legislators/legislator_david_hall_1;https://www.indianahouserepublicans.com/members/general/dave-hall;https://www.indianahouserepublicans.com/members/general/dave-hall/?back=members,https://ballotpedia.org/Dave_Hall_(Indiana);https://en.wikipedia.org/wiki/Dave_Hall_(Indiana_politician);https://iga.in.gov/legislative/2024/legislators/legislator_david_hall_1;https://iga.in.gov/legislative/2026/legislators/legislator_david_hall_1;https://justfacts.votesmart.org/candidate/biography/206923/dave-hall;https://www.indianahouserepublicans.com/members;https://www.indianahouserepublicans.com/members/;https://www.indianahouserepublicans.com/members/general/dave-hall;https://www.indianahouserepublicans.com/members/general/dave-hall/?back=members;https://www.linkedin.com/in/dave-hall-40577016b,,,,,,,,,,,
ocd-person/ed771fd3-4bd9-4c99-bb42-4bd9f5d1ff8d,Dave Heine,Republican,85,lower,Dave,Heine,Male,h85@iga.in.gov,,1957-01-16,,https://www.indianahouserepublicans.com/clientuploads/directory/members/Main_List/Heine_mainlist4.png,https://iga.in.gov/legislative/2019/legislators/legislator_dave_heine_1/;https://iga.in.gov/legislative/2021/legislators/legislator_dave_heine_1;https://iga.in.gov/legislative/2024/legislators/legislator_dave_heine_1/;https://iga.in.gov/legislative/2026/legislators/legislator_dave_heine_1/;https://www.indianahouserepublicans.com/members/general/dave-heine/;https://www.indianahouserepublicans.com/members/general/dave-heine/?back=members,https://api.iga.in.gov/2021/legislators/dave_heine_1;https://ballotpedia.org/Dave_Heine;https://en.wikipedia.org/wiki/Dave_Heine;https://iga.in.gov/legislative/2019/legislators/legislator_dave_heine_1;https://iga.in.gov/legislative/2019/legislators/legislator_dave_heine_1/;https://iga.in.gov/legislative/2021/legislators/legislator_dave_heine_1;https://iga.in.gov/legislative/2024/legislators/legislator_dave_heine_1;https://iga.in.gov/legislative/2026/legislators/legislator_dave_heine_1;https://justfacts.votesmart.org/candidate/biography/167568/dave-heine;https://www.indianahouserepublicans.com/members;https://www.indianahouserepublicans.com/members/;https://www.indianahouserepublicans.com/members/general/dave-heine;https://www.indianahouserepublicans.com/members/general/dave-heine/?back=members,,,,,,,,,,,
ocd-person/a080b584-c899-4694-a797-73cca22610fe,David Abbott,Republican,18,lower,David,Abbott,Male,h18@iga.in.gov,,,,https://www.indianahouserepublicans.com/clientuploads/directory/members/Main_List/Abbott_Main_List_2022.jpg,https://iga.in.gov/legislative/2021/legislators/legislator_david_abbott_1;https://iga.in.gov/legislative/2024/legislators/legislator_david_abbott_1;https://iga.in.gov/legislative/2026/legislators/legislator_david_abbott_1;https://www.indianahouserepublicans.com/members/general/david-abbott/;https://www.indianahouserepublicans.com/members/general/david-abbott/?back=members;https://www.indianahouserepublicans.com/members/leadership/david-abbott/?back=members,https://api.iga.in.gov/2021/legislators/david_abbott_1;https://ballotpedia.org/David_Abbott_(Indiana);https://en.wikipedia.org/wiki/David_Abbott_(Indiana_politician);https://iga.in.gov/legislative/2021/legislators/legislator_david_abbott_1;https://iga.in.gov/legislative/2024/legislators/legislator_david_abbott_1;https://iga.in.gov/legislative/2026/legislators/legislator_david_abbott_1;https://justfacts.votesmart.org/candidate/biography/84404/david-abbott;https://www.indianahouserepublicans.com/members;https://www.indianahouserepublicans.com/members/;https://www.indianahouserepublicans.com/members/general/david-abbott;https://www.indianahouserepublicans.com/members/general/david-abbott/;https://www.indianahouserepublicans.com/members/general/david-abbott/?back=members;https://www.indianahouserepublicans.com/members/leadership/david-abbott/?back=members;https://www.linkedin.com/in/david-abbott-11740867,,,,,,,,,,,
ocd-person/1fad6d9f-7d2c-4b2e-a74f-26a2ea44f371,David Niezgodski,Democratic,10,upper,David,Niezgodski,Male,s10@iga.in.gov,,1960-08-18,,https://indianasenatedemocrats.org/wp-content/uploads/2022/12/Senator-niezgodski-Indiana-State-Flag-Headshot.jpg,https://iga.in.gov/legislative/2021/legislators/legislator_david_niezgodski_1;https://iga.in.gov/legislative/2021/legislators/legislator_david_niezgodski_1/;https://indianasenatedemocrats.org/senators/s10/;https://indianasenatedemocrats.orghttps://www.indianasenatedemocrats.org/s10;https://www.indianasenatedemocrats.org/senators/s10/,https://api.iga.in.gov/2021/legislators/david_niezgodski_1;https://ballotpedia.org/David_Niezgodski;https://en.wikipedia.org/wiki/David_L._Niezgodski;https://iga.in.gov/legislative/2021/legislators/legislator_david_niezgodski_1;https://iga.in.gov/legislative/2021/legislators/legislator_david_niezgodski_1/;https://indianasenatedemocrats.org/senators/s10;https://justfacts.votesmart.org/candidate/biography/57875/david-niezgodski;https://www.indianasenatedemocrats.org/s10;https://www.indianasenatedemocrats.org/senators;https://www.indianasenatedemocrats.org/senators/;https://www.indianasenatedemocrats.org/senators/s10;https://www.indianasenatedemocrats.org/senators/s10/;https://www.linkedin.com/in/david-niezgodski-9277a117,,,,,,,,,,,
ocd-person/5b58dd7d-acb3-4554-9e4e-c1281155f4ab,Doug Miller,Republican,48,lower,Doug,Miller,Male,h48@iga.in.gov,,,,https://www.indianahouserepublicans.com/clientuploads/directory/members/Main_List/Miller_mainlist2.jpg,https://iga.in.gov/legislative/2019/legislators/legislator_doug_miller_1/;https://iga.in.gov/legislative/2021/legislators/legislator_doug_miller_1;https://iga.in.gov/legislative/2024/legislators/legislator_doug_miller_1/;https://iga.in.gov/legislative/2026/legislators/legislator_doug_miller_1/;https://www.indianahouserepublicans.com/members/general/doug-miller;https://www.indianahouserepublicans.com/members/general/doug-miller/?back=members,https://api.iga.in.gov/2021/legislators/doug_miller_1;https://ballotpedia.org/Doug_Miller_(Indiana);https://en.wikipedia.org/wiki/Douglas_Miller_(Indiana_politician);https://iga.in.gov/legislative/2019/legislators/legislator_doug_miller_1;https://iga.in.gov/legislative/2019/legislators/legislator_doug_miller_1/;https://iga.in.gov/legislative/2021/legislators/legislator_doug_miller_1;https://iga.in.gov/legislative/2024/legislators/legislator_doug_miller_1;https://iga.in.gov/legislative/2026/legislators/legislator_doug_miller_1;https://justfacts.votesmart.org/candidate/148561/douglas-miller;https://www.indianahouserepublicans.com/members;https://www.indianahouserepublicans.com/members/;https://www.indianahouserepublicans.com/members/general/doug-miller;https://www.indianahouserepublicans.com/members/general/doug-miller/?back=members;https://www.linkedin.com/in/douglas-miller-9417501a,,,,,,,,,,,
ocd-person/e0aaea95-033f-49d8-9be6-3875fc3b8efe,Earl Harris,Democratic,2,lower,Earl,Harris,Male,h2@iga.in.gov,,,,https://indianahousedemocrats.org/images/made/images/remote/https_assets.indianahousedemocrats.org/members/Headshots/Harris_Earl_Jr_2021_web_800_999_80.jpg,https://iga.in.gov/legislative/2021/legislators/legislator_earl_harris_1;https://iga.in.gov/legislative/2024/legislators/legislator_earl_harris_1;https://iga.in.gov/legislative/2026/legislators/legislator_earl_harris_1;https://indianahousedemocrats.org/members/earl-l-harris-jr,"https://api.iga.in.gov/2021/legislators/earl_harris_1;https://ballotpedia.org/Earl_Harris,_Jr.;https://en.wikipedia.org/wiki/Earl_Harris_Jr.;https://iga.in.gov/legislative/2021/legislators/legislator_earl_harris_1;https://iga.in.gov/legislative/2024/legislators/legislator_earl_harris_1;https://iga.in.gov/legislative/2026/legislators/legislator_earl_harris_1;https://indianahousedemocrats.org/members;https://indianahousedemocrats.org/members/earl-l-harris-jr;https://indianahousedemocrats.org/members/earl-l-harris-jr/full;https://justfacts.votesmart.org/candidate/biography/171122/earl-harris-jr;https://www.linkedin.com/in/earl-l-harris-jr-ma-239631b",,,,,,,,,,,
ocd-person/ce2c81c3-e2d6-4394-b960-8787d896bfe5,Ed Charbonneau,Republican,5,upper,Ed,Charbonneau,Male,s5@iga.in.gov,,,,https://cdn.zephyrcms.com/64a0ce17-df30-4b22-8f54-69c3062a3461/-/progressive/yes/-/format/jpeg/-/scale_crop/200x300/center/-/stretch/off/charbonneau-website.jpg,https://iga.in.gov/legislative/2021/legislators/legislator_ed_charbonneau_919;https://iga.in.gov/legislative/2022/legislators/legislator_ed_charbonneau_919/;https://www.indianasenaterepublicans.com/charbonneau,https://api.iga.in.gov/2021/legislators/ed_charbonneau_919;https://ballotpedia.org/Ed_Charbonneau;https://en.wikipedia.org/wiki/Ed_Charbonneau;https://iga.in.gov/legislative/2021/legislators/legislator_ed_charbonneau_919;https://iga.in.gov/legislative/2022/legislators/legislator_ed_charbonneau_919;https://iga.in.gov/legislative/2022/legislators/legislator_ed_charbonneau_919/;https://justfacts.votesmart.org/candidate/biography/88705/ed-charbonneau;https://www.indianasenaterepublicans.com/charbonneau;https://www.indianasenaterepublicans.com/senators;https://www.linkedin.com/in/edcharbonneau,,,,,,,,,,,
ocd-person/3fbcc2a9-c620-456c-b38f-03e0f9063c3f,Ed Soliday,Republican,4,lower,Ed,Soliday,Male,h4@iga.in.gov,,1945-04-03,,https://www.indianahouserepublicans.com/clientuploads/directory/members/Main_List/Soliday_Main_List.jpg,https://iga.in.gov/legislative/2019/legislators/legislator_edmond_soliday_864/;https://iga.in.gov/legislative/2021/legislators/legislator_edmond_soliday_864;https://iga.in.gov/legislative/2024/legislators/legislator_edmond_soliday_864/;https://iga.in.gov/legislative/2026/legislators/legislator_edmond_soliday_864/;https://www.indianahouserepublicans.com/members/general/ed-soliday/;https://www.indianahouserepublicans.com/members/general/ed-soliday/?back=members,https://api.iga.in.gov/2021/legislators/edmond_soliday_864;https://ballotpedia.org/Edmond_Soliday;https://en.wikipedia.org/wiki/Edmond_Soliday;https://iga.in.gov/legislative/2019/legislators/legislator_edmond_soliday_864;https://iga.in.gov/legislative/2019/legislators/legislator_edmond_soliday_864/;https://iga.in.gov/legislative/2021/legislators/legislator_edmond_soliday_864;https://iga.in.gov/legislative/2024/legislators/legislator_edmond_soliday_864;https://iga.in.gov/legislative/2026/legislators/legislator_edmond_soliday_864;https://justfacts.votesmart.org/candidate/biography/69279/ed-soliday;https://www.indianahouserepublicans.com/members;https://www.indianahouserepublicans.com/members/;https://www.indianahouserepublicans.com/members/general/ed-soliday;https://www.indianahouserepublicans.com/members/general/ed-soliday/?back=members,,,,,,,,,,,
ocd-person/d01b6bbc-9c5e-4479-afd6-3e7410946367,Ed Clere,Independent,72,lower,Ed,Clere,Male,h72@iga.in.gov,,1974-04-16,,https://www.indianahouserepublicans.com/clientuploads/directory/members/Main_List/Clere_Main_List.jpg,https://iga.in.gov/legislative/2021/legislators/legislator_edward_clere_984;https://iga.in.gov/legislative/2021/legislators/legislator_edward_clere_984/;https://iga.in.gov/legislative/2024/legislators/legislator_edward_clere_984/;https://iga.in.gov/legislative/2026/legislators/legislator_edward_clere_984/;https://www.indianahouserepublicans.com/members/general/ed-clere/;https://www.indianahouserepublicans.com/members/general/ed-clere/?back=members,https://api.iga.in.gov/2021/legislators/edward_clere_984;https://ballotpedia.org/Edward_Clere;https://en.wikipedia.org/wiki/Edward_Clere;https://iga.in.gov/legislative/2021/legislators/legislator_edward_clere_984;https://iga.in.gov/legislative/2021/legislators/legislator_edward_clere_984/;https://iga.in.gov/legislative/2024/legislators/legislator_edward_clere_984;https://iga.in.gov/legislative/2026/legislators/legislator_edward_clere_984;https://justfacts.votesmart.org/candidate/biography/102965/ed-clere;https://www.indianahouserepublicans.com/members;https://www.indianahouserepublicans.com/members/;https://www.indianahouserepublicans.com/members/general/ed-clere;https://www.indianahouserepublicans.com/members/general/ed-clere/?back=members,,,,,,,,,,,
ocd-person/45d8ea46-0d3f-4a80-bf4e-ca016bd458a8,Ed DeLaney,Democratic,86,lower,Ed,DeLaney,Male,h86@iga.in.gov,,,,https://indianahousedemocrats.org/images/made/images/remote/https_assets.indianahousedemocrats.org/members/Headshots/Delaney_0318_2200fix_cropped_800_1039_80.jpg,https://iga.in.gov/legislative/2021/legislators/legislator_edward_delaney_988;https://iga.in.gov/legislative/2021/legislators/legislator_edward_delaney_988/;https://iga.in.gov/legislative/2024/legislators/legislator_edward_delaney_988/;https://iga.in.gov/legislative/2026/legislators/legislator_edward_delaney_988/;https://indianahousedemocrats.org/members/ed-delaney,https://api.iga.in.gov/2021/legislators/edward_delaney_988;https://ballotpedia.org/Edward_DeLaney;https://en.wikipedia.org/wiki/Ed_DeLaney;https://iga.in.gov/legislative/2021/legislators/legislator_edward_delaney_988;https://iga.in.gov/legislative/2021/legislators/legislator_edward_delaney_988/;https://iga.in.gov/legislative/2024/legislators/legislator_edward_delaney_988;https://iga.in.gov/legislative/2026/legislators/legislator_edward_delaney_988;https://indianahousedemocrats.org/members;https://indianahousedemocrats.org/members/ed-delaney;https://indianahousedemocrats.org/members/ed-delaney/full;https://www.linkedin.com/in/ed-delaney-334b95b,,,,,,,,,,,
ocd-person/fafeb171-4592-4254-bb59-788745371b7b,Elizabeth Rowray,Republican,35,lower,Elizabeth,Rowray,Female,h35@iga.in.gov,,,,https://www.indianahouserepublicans.com/clientuploads/directory/members/Main_List/Rowray_MainList2023.png,https://iga.in.gov/legislative/2021/legislators/legislator_elizabeth_rowray_1;https://iga.in.gov/legislative/2021/legislators/legislator_elizabeth_rowray_1/;https://iga.in.gov/legislative/2024/legislators/legislator_elizabeth_rowray_1/;https://iga.in.gov/legislative/2026/legislators/legislator_elizabeth_rowray_1/;https://www.indianahouserepublicans.com/members/general/elizabeth-rowray;https://www.indianahouserepublicans.com/members/general/elizabeth-rowray/?back=members;https://www.indianahouserepublicans.com/members/leadership/elizabeth-rowray/?back=members,https://api.iga.in.gov/2021/legislators/elizabeth_rowray_1;https://ballotpedia.org/Elizabeth_Rowray;https://en.wikipedia.org/wiki/Elizabeth_Rowray;https://iga.in.gov/legislative/2021/legislators/legislator_elizabeth_rowray_1;https://iga.in.gov/legislative/2024/legislators/legislator_elizabeth_rowray_1;https://iga.in.gov/legislative/2026/legislators/legislator_elizabeth_rowray_1;https://justfacts.votesmart.org/candidate/189719/elizabeth-rowray;https://www.indianahouserepublicans.com/members;https://www.indianahouserepublicans.com/members/;https://www.indianahouserepublicans.com/members/general/elizabeth-rowray;https://www.indianahouserepublicans.com/members/general/elizabeth-rowray/?back=members;https://www.indianahouserepublicans.com/members/leadership/elizabeth-rowray/?back=members;https://www.linkedin.com/in/elizabeth-vandelene-rowray-7856127,,,,,,,,,,,
ocd-person/2d517236-2a88-435f-bc1f-ce09de86c6f9,Eric Bassler,Republican,39,upper,Eric,Bassler,Male,s39@iga.in.gov,,,,https://cdn.zephyrcms.com/0b9f559d-7c9e-4d33-b1c8-5d4f3543c195/-/progressive/yes/-/format/jpeg/-/scale_crop/200x300/center/-/stretch/off/bassler.jpg,https://iga.in.gov/legislative/2021/legislators/legislator_eric_bassler_1;https://iga.in.gov/legislative/2023/legislators/legislator_eric_bassler_1/;https://www.indianasenaterepublicans.com/bassler,https://api.iga.in.gov/2021/legislators/eric_bassler_1;https://ballotpedia.org/Eric_Bassler;https://en.wikipedia.org/wiki/Eric_Bassler;https://iga.in.gov/legislative/2021/legislators/legislator_eric_bassler_1;https://iga.in.gov/legislative/2023/legislators/legislator_eric_bassler_1;https://iga.in.gov/legislative/2023/legislators/legislator_eric_bassler_1/;https://justfacts.votesmart.org/candidate/biography/148215/eric-bassler;https://www.indianasenaterepublicans.com/bassler;https://www.indianasenaterepublicans.com/senators;https://www.linkedin.com/in/eric-bassler-9a9b624,,,,,,,,,,,
ocd-person/a7974310-0d01-4bc1-9c14-29561ec68a60,Eric Koch,Republican,44,upper,Eric,Koch,Male,s44@iga.in.gov,,,,https://cdn.zephyrcms.com/efc8ba1f-e642-4264-908c-4cd32e355ad8/-/progressive/yes/-/format/jpeg/-/scale_crop/200x300/center/-/stretch/off/koch-headshot.jpg,https://iga.in.gov/legislative/2021/legislators/legislator_eric_koch_1;https://iga.in.gov/legislative/2022/legislators/legislator_eric_koch_1/;https://www.indianasenaterepublicans.com/koch,https://api.iga.in.gov/2021/legislators/eric_koch_1;https://ballotpedia.org/Eric_Koch;https://en.wikipedia.org/wiki/Eric_Koch_(politician);https://iga.in.gov/legislative/2021/legislators/legislator_eric_koch_1;https://iga.in.gov/legislative/2022/legislators/legislator_eric_koch_1;https://justfacts.votesmart.org/candidate/biography/34369/eric-koch;https://www.indianasenaterepublicans.com/koch;https://www.indianasenaterepublicans.com/senators,,,,,,,,,,,
ocd-person/bab7e849-4075-4199-b251-34d5f35cc157,Ethan Lawson,Republican,53,lower,Ethan,Lawson,Male,h53@iga.in.gov,,,,https://storage.googleapis.com/enview-dev-public-general/legislative-people-photos/157772.jpg,https://iga.in.gov/legislative/2026/legislators/legislator_ethan_lawson_1;https://www.indianahouserepublicans.com/members/general/ethan-lawson;https://www.indianahouserepublicans.com/members/general/ethan-lawson/?back=members,https://ballotpedia.org/Ethan_Lawson;https://en.wikipedia.org/wiki/Ethan_Lawson;https://iga.in.gov/legislative/2026/legislators/legislator_ethan_lawson_1;https://www.indianahouserepublicans.com/members/general/ethan-lawson;https://www.indianahouserepublicans.com/members/general/ethan-lawson/?back=members;https://www.linkedin.com/in/ethanlawson,,,,,,,,,,,
ocd-person/bdae77c7-d89e-426d-b6f6-52e1a48bc87a,Ethan Manning,Republican,23,lower,Ethan,Manning,Male,h23@iga.in.gov,,,,https://www.indianahouserepublicans.com/clientuploads/directory/members/Main_List/Manning_MainList2023V2.png,https://iga.in.gov/legislative/2021/legislators/legislator_ethan_manning_1;https://iga.in.gov/legislative/2021/legislators/legislator_ethan_manning_1/;https://iga.in.gov/legislative/2024/legislators/legislator_ethan_manning_1/;https://iga.in.gov/legislative/2026/legislators/legislator_ethan_manning_1/;https://www.indianahouserepublicans.com/members/general/ethan-manning/;https://www.indianahouserepublicans.com/members/general/ethan-manning/?back=members,https://api.iga.in.gov/2021/legislators/ethan_manning_1;https://ballotpedia.org/Ethan_Manning;https://en.wikipedia.org/wiki/Ethan_Manning;https://iga.in.gov/legislative/2021/legislators/legislator_ethan_manning_1;https://iga.in.gov/legislative/2024/legislators/legislator_ethan_manning_1;https://iga.in.gov/legislative/2026/legislators/legislator_ethan_manning_1;https://justfacts.votesmart.org/candidate/biography/175321/ethan-manning;https://www.indianahouserepublicans.com/members;https://www.indianahouserepublicans.com/members/;https://www.indianahouserepublicans.com/members/general/ethan-manning;https://www.indianahouserepublicans.com/members/general/ethan-manning/;https://www.indianahouserepublicans.com/members/general/ethan-manning/?back=members;https://www.linkedin.com/in/ethanemanning,,,,,,,,,,,
ocd-person/ba72879f-42bd-4735-a3e0-d5edd0358f98,Fady Qaddoura,Democratic,30,upper,Fady,Qaddoura,Male,s30@iga.in.gov,,,,https://indianasenatedemocrats.org/wp-content/uploads/2020/12/Senator-Qaddoura.jpg,https://iga.in.gov/legislative/2021/legislators/legislator_fady_qaddoura_1;https://iga.in.gov/legislative/2022/legislators/legislator_fady_qaddoura_1/;https://indianasenatedemocrats.org/senators/s30/;https://indianasenatedemocrats.orghttps://www.indianasenatedemocrats.org/s30;https://www.indianasenatedemocrats.org/senators/s30/,https://api.iga.in.gov/2021/legislators/fady_qaddoura_1;https://ballotpedia.org/Fady_Qaddoura;https://en.wikipedia.org/wiki/Fady_Qaddoura;https://iga.in.gov/legislative/2021/legislators/legislator_fady_qaddoura_1;https://iga.in.gov/legislative/2022/legislators/legislator_fady_qaddoura_1;https://iga.in.gov/legislative/2022/legislators/legislator_fady_qaddoura_1/;https://indianasenatedemocrats.org/senators/s30;https://www.indianasenatedemocrats.org/s30;https://www.indianasenatedemocrats.org/senators;https://www.indianasenatedemocrats.org/senators/;https://www.indianasenatedemocrats.org/senators/s30;https://www.indianasenatedemocrats.org/senators/s30/;https://www.linkedin.com/in/fady-qaddoura-phd,,,,,,,SenFadyQaddoura,,,SenFadyQaddoura,
ocd-person/552456a4-62fc-4f94-a9f9-1c5dd8ebe57a,Garrett Bascom,Republican,68,lower,Garrett,Bascom,Male,h68@iga.in.gov,,,,"https://static.wixstatic.com/media/f28da3_b29a2e74679b49238353ddcbc6d86e18~mv2.jpg/v1/crop/x_1193,y_1470,w_2798,h_3119/fill/w_264,h_296,al_c,q_80,usm_0.66_1.00_0.01,enc_auto/ATR_8283.jpg",https://iga.in.gov/legislative/2026/legislators/legislator_garrett_bascom_1;https://www.indianahouserepublicans.com/members/general/garrett-bascom/,https://ballotpedia.org/Garrett_Bascom;https://iga.in.gov/legislative/2026/legislators/legislator_garrett_bascom_1;https://www.indianahouserepublicans.com/members/general/garrett-bascom;https://www.linkedin.com/in/garrett-bascom-73157482,,,,,,,,,,,
ocd-person/aa12c3a4-7207-4474-af92-7a1f9dcf62a3,Gary Byrne,Republican,47,upper,Gary,Byrne,Male,s47@iga.in.gov,,,,https://cdn.zephyrcms.com/2277168c-48ae-434a-8380-04e4690e5e9c/-/progressive/yes/-/format/jpeg/-/scale_crop/200x300/center/-/stretch/off/byrne-website.jpg,https://iga.in.gov/legislative/2022/legislators/legislator_gary_byrne_1/;https://www.indianasenaterepublicans.com/byrne,https://ballotpedia.org/Gary_Byrne;https://en.wikipedia.org/wiki/Gary_Byrne_(politician);https://iga.in.gov/legislative/2022/legislators/legislator_gary_byrne_1;https://www.indianasenaterepublicans.com/byrne;https://www.indianasenaterepublicans.com/senators;https://www.linkedin.com/in/gary-byrne-9ab29575,,,,,,,,,,,
ocd-person/a5c26055-cf9f-4d9c-979a-f8964c48c4da,Greg Goode,Republican,38,upper,Greg,Goode,Male,s38@iga.in.gov,,,,https://cdn.zephyrcms.com/4f942262-ed42-47cc-a158-6691b9333043/-/progressive/yes/-/format/jpeg/-/scale_crop/200x300/center/-/stretch/off/goode-website-2.jpg,https://www.indianasenaterepublicans.com/goode,https://ballotpedia.org/Greg_Goode_(Indiana);https://en.wikipedia.org/wiki/Greg_Goode;https://justfacts.votesmart.org/candidate/212880/greg-goode;https://www.indianasenaterepublicans.com/goode;https://www.indianasenaterepublicans.com/senators;https://www.linkedin.com/in/greg-goode-66320118,,,,,,,,,,,
ocd-person/39798614-3cb2-40b7-adad-4f5c53ff59e5,Greg Taylor,Democratic,33,upper,Greg,Taylor,Male,s33@iga.in.gov,,,,https://indianasenatedemocrats.org/wp-content/uploads/2020/12/Senator-Taylor.jpg,https://iga.in.gov/legislative/2021/legislators/legislator_greg_taylor_976;https://iga.in.gov/legislative/2022/legislators/legislator_greg_taylor_976/;https://indianasenatedemocrats.org/senators/s33/;https://indianasenatedemocrats.orghttps://www.indianasenatedemocrats.org/s33;https://www.indianasenatedemocrats.org/senators/s33/,https://api.iga.in.gov/2021/legislators/greg_taylor_976;https://ballotpedia.org/Greg_Taylor_(Indiana);https://en.wikipedia.org/wiki/Greg_Taylor_(politician);https://iga.in.gov/legislative/2021/legislators/legislator_greg_taylor_976;https://iga.in.gov/legislative/2022/legislators/legislator_greg_taylor_976;https://iga.in.gov/legislative/2022/legislators/legislator_greg_taylor_976/;https://indianasenatedemocrats.org/senators/s33;https://mwhlawgroup.com/attorneys/gregory-g-taylor;https://www.indianasenatedemocrats.org/s33;https://www.indianasenatedemocrats.org/senators;https://www.indianasenatedemocrats.org/senators/;https://www.indianasenatedemocrats.org/senators/s33;https://www.indianasenatedemocrats.org/senators/s33/;https://www.linkedin.com/in/greg-taylor-08955513,,,,,,,sen_gregtaylor,,,SenGregTaylor,
ocd-person/0bee6f8c-db8b-4e92-8bd4-799c71c55c2c,Greg Walker,Republican,41,upper,Greg,Walker,Male,s41@iga.in.gov,,1963-12-01,,https://cdn.zephyrcms.com/425bd5c0-bbc0-4ca8-b7e1-93e41dfd2d72/-/progressive/yes/-/format/jpeg/-/scale_crop/200x300/center/-/stretch/off/walker-g-website.jpg,https://iga.in.gov/legislative/2021/legislators/legislator_greg_walker_867;https://iga.in.gov/legislative/2022/legislators/legislator_greg_walker_867/;https://www.indianasenaterepublicans.com/greg-walker,https://api.iga.in.gov/2021/legislators/greg_walker_867;https://ballotpedia.org/Greg_Walker;https://en.wikipedia.org/wiki/Greg_Walker_(politician);https://iga.in.gov/legislative/2021/legislators/legislator_greg_walker_867;https://iga.in.gov/legislative/2022/legislators/legislator_greg_walker_867;https://iga.in.gov/legislative/2022/legislators/legislator_greg_walker_867/;https://justfacts.votesmart.org/candidate/biography/56821/greg-walker;https://www.indianasenaterepublicans.com/greg-walker;https://www.indianasenaterepublicans.com/senators;https://www.linkedin.com/in/greg-walker-4015a4a,,,,,,,,,,,
ocd-person/6bc40502-e00f-4b16-8c1d-9f5a613a4e88,Gregory Porter,Democratic,96,lower,Gregory,Porter,Male,h96@iga.in.gov,,1955-05-14,,https://indianahousedemocrats.org/images/made/images/remote/https_assets.indianahousedemocrats.org/members/Headshots/porter20180102portrait_800_1003_80.jpg,https://iga.in.gov/legislative/2021/legislators/legislator_gregory_porter_115;https://iga.in.gov/legislative/2021/legislators/legislator_gregory_porter_115/;https://iga.in.gov/legislative/2024/legislators/legislator_gregory_porter_115/;https://iga.in.gov/legislative/2026/legislators/legislator_gregory_porter_115/;https://indianahousedemocrats.org/members/gregory-w-porter;https://www.indianahousedemocrats.org/members/greg-porter,https://api.iga.in.gov/2021/legislators/gregory_porter_115;https://ballotpedia.org/Gregory_Porter;https://en.wikipedia.org/wiki/Greg_Porter;https://iga.in.gov/legislative/2021/legislators/legislator_gregory_porter_115;https://iga.in.gov/legislative/2021/legislators/legislator_gregory_porter_115/;https://iga.in.gov/legislative/2024/legislators/legislator_gregory_porter_115;https://iga.in.gov/legislative/2026/legislators/legislator_gregory_porter_115;https://indianahousedemocrats.org/members;https://indianahousedemocrats.org/members/gregory-w-porter;https://indianahousedemocrats.org/members/gregory-w-porter/full;https://justfacts.votesmart.org/candidate/biography/4704/greg-porter;https://www.indianahousedemocrats.org/members/greg-porter,,,,,,,,,,,
ocd-person/3ee97114-199a-4084-903f-5eaa231ca656,Greg Steuerwald,Republican,40,lower,Greg,Steuerwald,Male,h40@iga.in.gov,,1952-09-12,,https://www.indianahouserepublicans.com/clientuploads/directory/members/Main_List/Steurerwald_MainList2023.png,https://iga.in.gov/legislative/2019/legislators/legislator_gregory_steuerwald_927/;https://iga.in.gov/legislative/2021/legislators/legislator_gregory_steuerwald_927;https://iga.in.gov/legislative/2024/legislators/legislator_gregory_steuerwald_927/;https://iga.in.gov/legislative/2026/legislators/legislator_gregory_steuerwald_927/;https://www.indianahouserepublicans.com/members/leadership/greg-steuerwald;https://www.indianahouserepublicans.com/members/leadership/greg-steuerwald/;https://www.indianahouserepublicans.com/members/leadership/greg-steuerwald/?back=members,https://api.iga.in.gov/2021/legislators/gregory_steuerwald_927;https://ballotpedia.org/Gregory_Steuerwald;https://en.wikipedia.org/wiki/Greg_Steuerwald;https://iga.in.gov/legislative/2019/legislators/legislator_gregory_steuerwald_927;https://iga.in.gov/legislative/2019/legislators/legislator_gregory_steuerwald_927/;https://iga.in.gov/legislative/2021/legislators/legislator_gregory_steuerwald_927;https://iga.in.gov/legislative/2024/legislators/legislator_gregory_steuerwald_927;https://iga.in.gov/legislative/2026/legislators/legislator_gregory_steuerwald_927;https://justfacts.votesmart.org/candidate/biography/102370/gregory-steuerwald;https://www.indianahouserepublicans.com/members;https://www.indianahouserepublicans.com/members/;https://www.indianahouserepublicans.com/members/leadership/greg-steuerwald;https://www.indianahouserepublicans.com/members/leadership/greg-steuerwald/?back=members,,,,,,,,,,,
ocd-person/b71e9f3a-2c59-4e18-80e6-da0a7cc51648,Hal Slager,Republican,15,lower,Hal,Slager,Male,h15@iga.in.gov,,,,https://www.indianahouserepublicans.com/clientuploads/directory/members/Main_List/Slager_mainlist.png,https://iga.in.gov/legislative/2021/legislators/legislator_harold_slager_1111;https://iga.in.gov/legislative/2021/legislators/legislator_harold_slager_1111/;https://iga.in.gov/legislative/2024/legislators/legislator_harold_slager_1111/;https://iga.in.gov/legislative/2026/legislators/legislator_harold_slager_1111/;https://www.indianahouserepublicans.com/members/general/hal-slager;https://www.indianahouserepublicans.com/members/general/hal-slager/?back=members,https://api.iga.in.gov/2021/legislators/harold_slager_1111;https://ballotpedia.org/Harold_Slager;https://en.wikipedia.org/wiki/Hal_Slager;https://iga.in.gov/legislative/2021/legislators/legislator_harold_slager_1111;https://iga.in.gov/legislative/2021/legislators/legislator_harold_slager_1111/;https://iga.in.gov/legislative/2024/legislators/legislator_harold_slager_1111;https://iga.in.gov/legislative/2026/legislators/legislator_harold_slager_1111;https://justfacts.votesmart.org/candidate/biography/113823/hal-slager;https://www.indianahouserepublicans.com/members;https://www.indianahouserepublicans.com/members/;https://www.indianahouserepublicans.com/members/general/hal-slager;https://www.indianahouserepublicans.com/members/general/hal-slager/?back=members;https://www.linkedin.com/in/halslager,,,,,,,,,,,
ocd-person/113063ff-6e21-4bf7-b9d0-f06aafc349f2,Heath VanNatter,Republican,38,lower,Heath,VanNatter,Male,h38@iga.in.gov,,,,https://www.indianahouserepublicans.com/clientuploads/directory/members/Main_List/VanNatter_Main_List.jpg,https://iga.in.gov/legislative/2021/legislators/legislator_heath_vannatter_956;https://iga.in.gov/legislative/2021/legislators/legislator_heath_vannatter_956/;https://iga.in.gov/legislative/2024/legislators/legislator_heath_vannatter_956/;https://iga.in.gov/legislative/2026/legislators/legislator_heath_vannatter_956/;https://www.indianahouserepublicans.com/members/general/heath-vannatter/;https://www.indianahouserepublicans.com/members/general/heath-vannatter/?back=members,https://api.iga.in.gov/2021/legislators/heath_vannatter_956;https://ballotpedia.org/Heath_VanNatter;https://en.wikipedia.org/wiki/Heath_VanNatter;https://iga.in.gov/legislative/2021/legislators/legislator_heath_vannatter_956;https://iga.in.gov/legislative/2021/legislators/legislator_heath_vannatter_956/;https://iga.in.gov/legislative/2024/legislators/legislator_heath_vannatter_956;https://iga.in.gov/legislative/2026/legislators/legislator_heath_vannatter_956;https://justfacts.votesmart.org/candidate/109780/heath-vannatter;https://www.indianahouserepublicans.com/members;https://www.indianahouserepublicans.com/members/;https://www.indianahouserepublicans.com/members/general/heath-vannatter;https://www.indianahouserepublicans.com/members/general/heath-vannatter/?back=members,,,,,,,,,,,
ocd-person/0950736c-1a85-4534-91dd-3538759e75cf,Hunter Smith,Republican,24,lower,Hunter,Smith,Male,h24@iga.in.gov,,1977-08-09,,https://storage.googleapis.com/enview-dev-public-general/legislative-people-photos/157783.jpg,https://iga.in.gov/legislative/2026/legislators/legislator_hunter_smith_1;https://www.indianahouserepublicans.com/members/general/hunter-smith;https://www.indianahouserepublicans.com/members/general/hunter-smith/?back=members,https://ballotpedia.org/Hunter_Smith_(Indiana);https://en.wikipedia.org/wiki/Hunter_Smith;https://iga.in.gov/legislative/2026/legislators/legislator_hunter_smith_1;https://justfacts.votesmart.org/candidate/214713/hunter-smith;https://www.indianahouserepublicans.com/members/general/hunter-smith;https://www.indianahouserepublicans.com/members/general/hunter-smith/?back=members;https://www.linkedin.com/in/hunter-smith-9a1b5089,,,,,,,,,,,
ocd-person/85b8c0cf-3df4-45a1-8c38-d220b7122226,J.D. Ford,Democratic,29,upper,J.D.,Ford,Male,s29@iga.in.gov,,1982-11-06,,https://indianasenatedemocrats.org/wp-content/uploads/2022/12/Senator-Ford-Indiana-State-Flag-Headshot.jpg,https://iga.in.gov/legislative/2021/legislators/legislator_jd_ford_1;https://iga.in.gov/legislative/2021/legislators/legislator_jd_ford_1/;https://indianasenatedemocrats.org/senators/s29/;https://indianasenatedemocrats.orghttps://www.indianasenatedemocrats.org/s29;https://www.indianasenatedemocrats.org/senators/s29/,https://api.iga.in.gov/2021/legislators/jd_ford_1;https://ballotpedia.org/J.D._Ford;https://en.wikipedia.org/wiki/J._D._Ford;https://iga.in.gov/legislative/2021/legislators/legislator_jd_ford_1;https://iga.in.gov/legislative/2021/legislators/legislator_jd_ford_1/;https://indianasenatedemocrats.org/senators/s29;https://justfacts.votesmart.org/candidate/biography/178147/jd-ford;https://www.indianasenatedemocrats.org/s29;https://www.indianasenatedemocrats.org/senators;https://www.indianasenatedemocrats.org/senators/;https://www.indianasenatedemocrats.org/senators/s29;https://www.indianasenatedemocrats.org/senators/s29/,,,,,,,fordsenator,,,senatorjdford,
ocd-person/dcba8890-86e8-4a0c-a4a5-77b2fa98a267,J.D. Prescott,Republican,33,lower,J.D.,Prescott,Male,h33@iga.in.gov,,,,https://www.indianahouserepublicans.com/clientuploads/directory/members/Main_List/Prescott-mainlist2.png,https://iga.in.gov/legislative/2019/legislators/legislator_john_prescott_1/;https://iga.in.gov/legislative/2021/legislators/legislator_john_prescott_1;https://iga.in.gov/legislative/2024/legislators/legislator_john_prescott_1/;https://iga.in.gov/legislative/2026/legislators/legislator_john_prescott_1/;https://www.indianahouserepublicans.com/members/general/j.d.-prescott/?back=members;https://www.indianahouserepublicans.com/members/general/john-prescott/,https://api.iga.in.gov/2021/legislators/john_prescott_1;https://ballotpedia.org/John_Prescott;https://en.wikipedia.org/wiki/John_Prescott_(Indiana_politician);https://iga.in.gov/legislative/2019/legislators/legislator_john_prescott_1;https://iga.in.gov/legislative/2019/legislators/legislator_john_prescott_1/;https://iga.in.gov/legislative/2021/legislators/legislator_john_prescott_1;https://iga.in.gov/legislative/2024/legislators/legislator_john_prescott_1;https://iga.in.gov/legislative/2026/legislators/legislator_john_prescott_1;https://justfacts.votesmart.org/candidate/biography/178170/john-prescott;https://www.indianahouserepublicans.com/members;https://www.indianahouserepublicans.com/members/;https://www.indianahouserepublicans.com/members/general/j.d.-prescott/?back=members;https://www.indianahouserepublicans.com/members/general/john-prescott;https://www.linkedin.com/in/john-prescott-9b2489132,,,,,,,,,,,
ocd-person/12a4df88-7cf2-453c-9cb8-dc5d4a2f6b55,Jack Jordan,Republican,17,lower,Jack,Jordan,Male,h17@iga.in.gov,,,,https://www.indianahouserepublicans.com/clientuploads/directory/members/Main_List/Jordan_Main_List.jpg,https://iga.in.gov/legislative/2019/legislators/legislator_jack_jordan_1/;https://iga.in.gov/legislative/2021/legislators/legislator_jack_jordan_1;https://iga.in.gov/legislative/2024/legislators/legislator_jack_jordan_1/;https://iga.in.gov/legislative/2026/legislators/legislator_jack_jordan_1/;https://www.indianahouserepublicans.com/members/general/jack-jordan/;https://www.indianahouserepublicans.com/members/general/jack-jordan/?back=members,https://api.iga.in.gov/2021/legislators/jack_jordan_1;https://ballotpedia.org/Jack_Jordan;https://en.wikipedia.org/wiki/Jack_Jordan_(politician);https://iga.in.gov/legislative/2019/legislators/legislator_jack_jordan_1;https://iga.in.gov/legislative/2019/legislators/legislator_jack_jordan_1/;https://iga.in.gov/legislative/2021/legislators/legislator_jack_jordan_1;https://iga.in.gov/legislative/2024/legislators/legislator_jack_jordan_1;https://iga.in.gov/legislative/2026/legislators/legislator_jack_jordan_1;https://justfacts.votesmart.org/candidate/biography/120309/jack-jordan;https://www.indianahouserepublicans.com/members;https://www.indianahouserepublicans.com/members/;https://www.indianahouserepublicans.com/members/general/jack-jordan;https://www.indianahouserepublicans.com/members/general/jack-jordan/?back=members,,,,,,,,,,,
ocd-person/d0f113c5-ffad-4c18-867b-417fea0d0a52,Jake Teshka,Republican,7,lower,Jake,Teshka,Male,h7@iga.in.gov,,,,https://www.indianahouserepublicans.com/clientuploads/directory/members/Main_List/Teshka_Main_List.jpg,https://iga.in.gov/legislative/2021/legislators/legislator_jake_teshka_1;https://iga.in.gov/legislative/2021/legislators/legislator_jake_teshka_1/;https://iga.in.gov/legislative/2024/legislators/legislator_jake_teshka_1/;https://iga.in.gov/legislative/2026/legislators/legislator_jake_teshka_1/;https://www.indianahouserepublicans.com/members/general/jake-teshka;https://www.indianahouserepublicans.com/members/general/jake-teshka/?back=members,https://api.iga.in.gov/2021/legislators/jake_teshka_1;https://ballotpedia.org/Jake_Teshka;https://en.wikipedia.org/wiki/Jake_Teshka;https://iga.in.gov/legislative/2021/legislators/legislator_jake_teshka_1;https://iga.in.gov/legislative/2021/legislators/legislator_jake_teshka_1/;https://iga.in.gov/legislative/2024/legislators/legislator_jake_teshka_1;https://iga.in.gov/legislative/2026/legislators/legislator_jake_teshka_1;https://justfacts.votesmart.org/candidate/biography/189713/jake-teshka;https://www.indianahouserepublicans.com/members;https://www.indianahouserepublicans.com/members/;https://www.indianahouserepublicans.com/members/general/jake-teshka;https://www.indianahouserepublicans.com/members/general/jake-teshka/?back=members;https://www.linkedin.com/in/jacobteshka,,,,,,,,,,,
ocd-person/8c8f7869-329e-4063-ab55-30e4eca00529,Jim Buck,Republican,21,upper,Jim,Buck,Male,s21@iga.in.gov,,1945-07-30,,https://cdn.zephyrcms.com/5d45f119-5f23-4095-bfd8-cd7a96cab132/-/progressive/yes/-/format/jpeg/-/scale_crop/200x300/center/-/stretch/off/buck-flag-2011-cmyk.jpg,https://iga.in.gov/legislative/2021/legislators/legislator_james_buck_124;https://iga.in.gov/legislative/2022/legislators/legislator_james_buck_124/;https://www.indianasenaterepublicans.com/buck,https://api.iga.in.gov/2021/legislators/james_buck_124;https://ballotpedia.org/James_Buck;https://en.wikipedia.org/wiki/James_R._Buck;https://en.wikipedia.org/wiki/Jim_Buck_(Indiana_politician);https://iga.in.gov/legislative/2021/legislators/legislator_james_buck_124;https://iga.in.gov/legislative/2022/legislators/legislator_james_buck_124;https://iga.in.gov/legislative/2022/legislators/legislator_james_buck_124/;https://justfacts.votesmart.org/candidate/biography/4631/james-buck;https://www.indianasenaterepublicans.com/buck;https://www.indianasenaterepublicans.com/senators,,,,,,,,,,,
ocd-person/c2c98fe8-fef2-4d38-93f6-9eff4d591bed,Jim Tomes,Republican,49,upper,Jim,Tomes,Male,s49@iga.in.gov,,1948-07-31,,https://cdn.zephyrcms.com/a18fe9f0-b8a3-411e-bcc2-6d9fb9423a19/-/progressive/yes/-/format/jpeg/-/scale_crop/200x300/center/-/stretch/off/2021-tomes-2.jpg,https://iga.in.gov/legislative/2021/legislators/legislator_james_tomes_1041;https://iga.in.gov/legislative/2021/legislators/legislator_james_tomes_1041/;https://iga.in.gov/legislative/2022/legislators/legislator_james_tomes_1041/;https://www.indianasenaterepublicans.com/tomes,https://api.iga.in.gov/2021/legislators/james_tomes_1041;https://ballotpedia.org/Jim_Tomes;https://en.wikipedia.org/wiki/Jim_Tomes;https://iga.in.gov/legislative/2021/legislators/legislator_james_tomes_1041;https://iga.in.gov/legislative/2022/legislators/legislator_james_tomes_1041;https://iga.in.gov/legislative/2022/legislators/legislator_james_tomes_1041/;https://justfacts.votesmart.org/candidate/biography/34052/jim-tomes;https://www.indianasenaterepublicans.com/senators;https://www.indianasenaterepublicans.com/tomes;https://www.linkedin.com/in/jim-tomes-92b93927,,,,,,,,,,,
ocd-person/40ea5143-d0ab-4b9a-a0bc-2cc04f984888,Jean Leising,Republican,42,upper,Jean,Leising,Female,s42@iga.in.gov,,1949-01-10,,https://cdn.zephyrcms.com/214611f0-f359-4510-8ca0-b5d00e139454/-/progressive/yes/-/format/jpeg/-/scale_crop/200x300/center/-/stretch/off/2021-leising-2.jpg,https://iga.in.gov/legislative/2021/legislators/legislator_jean_leising_136;https://iga.in.gov/legislative/2022/legislators/legislator_jean_leising_136/;https://www.indianasenaterepublicans.com/leising,https://api.iga.in.gov/2021/legislators/jean_leising_136;https://ballotpedia.org/Jean_Leising;https://en.wikipedia.org/wiki/Jean_Leising;https://iga.in.gov/legislative/2021/legislators/legislator_jean_leising_136;https://iga.in.gov/legislative/2022/legislators/legislator_jean_leising_136;https://iga.in.gov/legislative/2022/legislators/legislator_jean_leising_136/;https://justfacts.votesmart.org/candidate/357/jean-leising;https://www.indianasenaterepublicans.com/leising;https://www.indianasenaterepublicans.com/senators,,,,,,,,,,,
ocd-person/4267823b-aec1-452a-a040-25b337f04c54,Jeff Raatz,Republican,27,upper,Jeff,Raatz,Male,s27@iga.in.gov,,1963-09-13,,https://cdn.zephyrcms.com/248dafe4-9869-419e-8b36-190d40ffd50b/-/progressive/yes/-/format/jpeg/-/scale_crop/200x300/center/-/stretch/off/raatz-2022.jpg,https://iga.in.gov/legislative/2021/legislators/legislator_jeff_raatz_1;https://iga.in.gov/legislative/2022/legislators/legislator_jeff_raatz_1/;https://www.indianasenaterepublicans.com/raatz,https://api.iga.in.gov/2021/legislators/jeff_raatz_1;https://ballotpedia.org/Jeff_Raatz;https://en.wikipedia.org/wiki/Jeff_Raatz;https://iga.in.gov/legislative/2021/legislators/legislator_jeff_raatz_1;https://iga.in.gov/legislative/2022/legislators/legislator_jeff_raatz_1;https://iga.in.gov/legislative/2022/legislators/legislator_jeff_raatz_1/;https://justfacts.votesmart.org/candidate/biography/148529/jeff-raatz;https://www.indianasenaterepublicans.com/raatz;https://www.indianasenaterepublicans.com/senators;https://www.linkedin.com/in/jeff-raatz-1b14572;https://www.linkedin.com/in/jeffrey-raatz-1b14572,,,,,,,,,,,
ocd-person/6835c75a-05e6-44d8-9d8b-7ee4559892b2,Jeff Thompson,Republican,28,lower,Jeff,Thompson,Male,h28@iga.in.gov,,,,https://www.indianahouserepublicans.com/clientuploads/directory/members/Main_List/Thompson_lister2021.png,https://iga.in.gov/legislative/2021/legislators/legislator_jeffrey_thompson_529;https://iga.in.gov/legislative/2021/legislators/legislator_jeffrey_thompson_529/;https://iga.in.gov/legislative/2024/legislators/legislator_jeffrey_thompson_529/;https://iga.in.gov/legislative/2026/legislators/legislator_jeffrey_thompson_529/;https://www.indianahouserepublicans.com/members/general/jeff-thompson/;https://www.indianahouserepublicans.com/members/general/jeff-thompson/?back=members,https://api.iga.in.gov/2021/legislators/jeffrey_thompson_529;https://ballotpedia.org/Jeffrey_Thompson_(Indiana);https://en.wikipedia.org/wiki/Jeff_Thompson_(Indiana_politician);https://iga.in.gov/legislative/2021/legislators/legislator_jeffrey_thompson_529;https://iga.in.gov/legislative/2021/legislators/legislator_jeffrey_thompson_529/;https://iga.in.gov/legislative/2024/legislators/legislator_jeffrey_thompson_529;https://iga.in.gov/legislative/2026/legislators/legislator_jeffrey_thompson_529;https://justfacts.votesmart.org/candidate/biography/18500/jeffrey-thompson;https://www.indianahouserepublicans.com/members;https://www.indianahouserepublicans.com/members/;https://www.indianahouserepublicans.com/members/general/jeff-thompson;https://www.indianahouserepublicans.com/members/general/jeff-thompson/?back=members,,,,,,,,,,,
ocd-person/98849cb4-9559-40c1-bd56-414eaef4e22a,Jenny Meltzer,Republican,73,lower,Jenny,Meltzer,Female,h73@iga.in.gov,,,,https://www.indianahouserepublicans.com/clientuploads/directory/members/Main_List/Meltzer_Main_List_2.jpg,https://iga.in.gov/legislative/2024/legislators/legislator_jennifer_meltzer_1;https://iga.in.gov/legislative/2026/legislators/legislator_jennifer_meltzer_1;https://www.indianahouserepublicans.com/members/general/jennifer-meltzer;https://www.indianahouserepublicans.com/members/general/jennifer-meltzer/?back=members,https://ballotpedia.org/Jennifer_Meltzer;https://en.wikipedia.org/wiki/Jennifer_Meltzer;https://iga.in.gov/legislative/2024/legislators/legislator_jennifer_meltzer_1;https://iga.in.gov/legislative/2026/legislators/legislator_jennifer_meltzer_1;https://justfacts.votesmart.org/candidate/202041/jennifer-meltzer;https://www.indianahouserepublicans.com/members;https://www.indianahouserepublicans.com/members/;https://www.indianahouserepublicans.com/members/general/jennifer-meltzer;https://www.indianahouserepublicans.com/members/general/jennifer-meltzer/?back=members;https://www.linkedin.com/in/jennifer-lemmon-bb923a59;https://www.paganelligroup.com/people/jenny-meltzer,,,,,,,,,,,
ocd-person/70f005b9-1417-4132-9956-ad93942ca87d,Jim Lucas,Republican,69,lower,Jim,Lucas,Male,h69@iga.in.gov,,,,https://www.indianahouserepublicans.com/clientuploads/directory/members/Main_List/Lucas_Main_List.jpg,https://iga.in.gov/legislative/2021/legislators/legislator_jim_lucas_1123;https://iga.in.gov/legislative/2024/legislators/legislator_jim_lucas_1123;https://iga.in.gov/legislative/2026/legislators/legislator_jim_lucas_1123;https://www.indianahouserepublicans.com/members/general/jim-lucas/?back=members;https://www.indianahouserepublicans.com/members/leadership/jim-lucas/,https://api.iga.in.gov/2021/legislators/jim_lucas_1123;https://ballotpedia.org/Jim_Lucas;https://en.wikipedia.org/wiki/Jim_Lucas_(politician);https://iga.in.gov/legislative/2021/legislators/legislator_jim_lucas_1123;https://iga.in.gov/legislative/2024/legislators/legislator_jim_lucas_1123;https://iga.in.gov/legislative/2026/legislators/legislator_jim_lucas_1123;https://justfacts.votesmart.org/candidate/biography/120405/jim-lucas;https://www.indianahouserepublicans.com/members;https://www.indianahouserepublicans.com/members/;https://www.indianahouserepublicans.com/members/general/jim-lucas/?back=members;https://www.indianahouserepublicans.com/members/leadership/jim-lucas;https://www.indianahouserepublicans.com/members/leadership/jim-lucas/,,,,,,,,,,,
ocd-person/3918dc6e-fbf5-4ea0-b62a-376729b463ec,Jim Pressel,Republican,20,lower,Jim,Pressel,Male,h20@iga.in.gov,,1963-07-19,,https://www.indianahouserepublicans.com/clientuploads/directory/members/Main_List/Pressel_Main_List.jpg,https://iga.in.gov/legislative/2019/legislators/legislator_jim_pressel_1/;https://iga.in.gov/legislative/2021/legislators/legislator_jim_pressel_1;https://iga.in.gov/legislative/2024/legislators/legislator_jim_pressel_1/;https://iga.in.gov/legislative/2026/legislators/legislator_jim_pressel_1/;https://www.indianahouserepublicans.com/members/general/jim-pressel/;https://www.indianahouserepublicans.com/members/general/jim-pressel/?back=members,https://api.iga.in.gov/2021/legislators/jim_pressel_1;https://ballotpedia.org/Jim_Pressel;https://en.wikipedia.org/wiki/Jim_Pressel;https://iga.in.gov/legislative/2019/legislators/legislator_jim_pressel_1;https://iga.in.gov/legislative/2019/legislators/legislator_jim_pressel_1/;https://iga.in.gov/legislative/2021/legislators/legislator_jim_pressel_1;https://iga.in.gov/legislative/2024/legislators/legislator_jim_pressel_1;https://iga.in.gov/legislative/2026/legislators/legislator_jim_pressel_1;https://justfacts.votesmart.org/candidate/biography/167548/jim-pressel;https://www.indianahouserepublicans.com/members;https://www.indianahouserepublicans.com/members/;https://www.indianahouserepublicans.com/members/general/jim-pressel;https://www.indianahouserepublicans.com/members/general/jim-pressel/?back=members;https://www.linkedin.com/in/jim-pressel-140b63a,,,,,,,,,,,
ocd-person/e2a84cfb-4ec9-4c0c-879b-27e51dbd6674,Joanna King,Republican,49,lower,Joanna,King,Female,h49@iga.in.gov,,,,https://www.indianahouserepublicans.com/clientuploads/directory/members/Main_List/King_Main_List.jpg,https://iga.in.gov/legislative/2021/legislators/legislator_joanna_king_1;https://iga.in.gov/legislative/2021/legislators/legislator_joanna_king_1/;https://iga.in.gov/legislative/2024/legislators/legislator_joanna_king_1/;https://iga.in.gov/legislative/2026/legislators/legislator_joanna_king_1/;https://www.indianahouserepublicans.com/members/general/joanna-king;https://www.indianahouserepublicans.com/members/general/joanna-king/?back=members;https://www.indianahouserepublicans.com/members/leadership/joanna-king/?back=members,https://api.iga.in.gov/2021/legislators/joanna_king_1;https://ballotpedia.org/Joanna_King;https://en.wikipedia.org/wiki/Joanna_King;https://iga.in.gov/legislative/2021/legislators/legislator_joanna_king_1;https://iga.in.gov/legislative/2024/legislators/legislator_joanna_king_1;https://iga.in.gov/legislative/2026/legislators/legislator_joanna_king_1;https://justfacts.votesmart.org/candidate/167538/joanna-king;https://www.indianahouserepublicans.com/members;https://www.indianahouserepublicans.com/members/;https://www.indianahouserepublicans.com/members/general/joanna-king;https://www.indianahouserepublicans.com/members/general/joanna-king/?back=members;https://www.indianahouserepublicans.com/members/leadership/joanna-king/?back=members;https://www.linkedin.com/in/joanna-king-711813143,,,,,,,,,,,
ocd-person/5ceabc0e-ec47-41b5-b014-5eddcdc154f3,John Bartlett,Democratic,95,lower,John,Bartlett,Male,h95@iga.in.gov,,,,https://indianahousedemocrats.org/images/made/images/remote/https_assets.indianahousedemocrats.org/members/Headshots/Bartlett_John_web_800_999_80.jpg,https://iga.in.gov/legislative/2021/legislators/legislator_john_bartlett_942;https://iga.in.gov/legislative/2021/legislators/legislator_john_bartlett_942/;https://iga.in.gov/legislative/2024/legislators/legislator_john_bartlett_942/;https://iga.in.gov/legislative/2026/legislators/legislator_john_bartlett_942/;https://indianahousedemocrats.org/members/john-bartlett;https://indianahousedemocrats.org/members/john-l-bartlett,https://api.iga.in.gov/2021/legislators/john_bartlett_942;https://ballotpedia.org/John_L._Bartlett_(Indiana_House_District_95_representative);https://en.wikipedia.org/wiki/John_Bartlett_(Indiana_politician);https://iga.in.gov/legislative/2021/legislators/legislator_john_bartlett_942;https://iga.in.gov/legislative/2021/legislators/legislator_john_bartlett_942/;https://iga.in.gov/legislative/2024/legislators/legislator_john_bartlett_942;https://iga.in.gov/legislative/2026/legislators/legislator_john_bartlett_942;https://indianahousedemocrats.org/members;https://indianahousedemocrats.org/members/john-bartlett;https://indianahousedemocrats.org/members/john-l-bartlett;https://indianahousedemocrats.org/members/john-l-bartlett/full;https://justfacts.votesmart.org/candidate/biography/102368/john-bartlett,,,,,,,,,,,
ocd-person/d88b76c4-5b6b-4f93-9347-6ae335208679,Julie McGuire,Republican,93,lower,Julie,McGuire,Female,h93@iga.in.gov,,,,https://www.indianahouserepublicans.com/clientuploads/directory/members/Main_List/McGuire_Main_List_2.jpg,https://iga.in.gov/legislative/2024/legislators/legislator_julie_mcguire_1;https://iga.in.gov/legislative/2026/legislators/legislator_julie_mcguire_1;https://www.indianahouserepublicans.com/members/general/julie-mcguire;https://www.indianahouserepublicans.com/members/general/julie-mcguire/?back=members,https://ballotpedia.org/Julie_McGuire;https://en.wikipedia.org/wiki/Julie_McGuire;https://iga.in.gov/legislative/2024/legislators/legislator_julie_mcguire_1;https://iga.in.gov/legislative/2026/legislators/legislator_julie_mcguire_1;https://justfacts.votesmart.org/candidate/202029/julie-mcguire;https://www.indianahouserepublicans.com/members;https://www.indianahouserepublicans.com/members/;https://www.indianahouserepublicans.com/members/general/julie-mcguire;https://www.indianahouserepublicans.com/members/general/julie-mcguire/?back=members;https://www.linkedin.com/in/julie-mcguire-928ab894,,,,,,,,,,,
ocd-person/df8a1659-63b2-4e11-8dce-17bce11f8162,Julie Olthoff,Republican,19,lower,Julie,Olthoff,Female,h19@iga.in.gov,,1957-08-01,,https://www.indianahouserepublicans.com/clientuploads/directory/members/Main_List/Olthoff_Main_List.jpg,https://iga.in.gov/legislative/2021/legislators/legislator_julie_olthoff_1;https://iga.in.gov/legislative/2021/legislators/legislator_julie_olthoff_1/;https://iga.in.gov/legislative/2024/legislators/legislator_julie_olthoff_1/;https://iga.in.gov/legislative/2026/legislators/legislator_julie_olthoff_1/;https://www.indianahouserepublicans.com/members/leadership/julie-olthoff/;https://www.indianahouserepublicans.com/members/leadership/julie-olthoff/?back=members,https://api.iga.in.gov/2021/legislators/julie_olthoff_1;https://ballotpedia.org/Julie_Olthoff;https://en.wikipedia.org/wiki/Julie_Olthoff;https://iga.in.gov/legislative/2021/legislators/legislator_julie_olthoff_1;https://iga.in.gov/legislative/2021/legislators/legislator_julie_olthoff_1/;https://iga.in.gov/legislative/2024/legislators/legislator_julie_olthoff_1;https://iga.in.gov/legislative/2026/legislators/legislator_julie_olthoff_1;https://justfacts.votesmart.org/candidate/biography/149618/julie-olthoff;https://www.indianahouserepublicans.com/members;https://www.indianahouserepublicans.com/members/;https://www.indianahouserepublicans.com/members/leadership/julie-olthoff;https://www.indianahouserepublicans.com/members/leadership/julie-olthoff/?back=members;https://www.linkedin.com/in/julieolthoff,,,,,,,,,,,
ocd-person/fc270bf0-2220-476a-ad9c-15db82d62192,Justin Busch,Republican,16,upper,Justin,Busch,Male,s16@iga.in.gov,,,,https://cdn.zephyrcms.com/9ac33a70-83a0-408c-91d2-3489a04d866d/-/progressive/yes/-/format/jpeg/-/scale_crop/200x300/center/-/stretch/off/busch-website.jpg,https://iga.in.gov/legislative/2021/legislators/legislator_justin_busch_1;https://iga.in.gov/legislative/2022/legislators/legislator_justin_busch_1/;https://www.indianasenaterepublicans.com/busch,https://api.iga.in.gov/2021/legislators/justin_busch_1;https://ballotpedia.org/Justin_Busch;https://en.wikipedia.org/wiki/Justin_Busch;https://iga.in.gov/legislative/2021/legislators/legislator_justin_busch_1;https://iga.in.gov/legislative/2022/legislators/legislator_justin_busch_1;https://iga.in.gov/legislative/2022/legislators/legislator_justin_busch_1/;https://justfacts.votesmart.org/candidate/185917/justin-busch;https://www.indianasenaterepublicans.com/busch;https://www.indianasenaterepublicans.com/senators;https://www.linkedin.com/in/justin-busch-37a93167,,,,,,,,,,,
ocd-person/0f97edaa-0f48-4c61-82dd-c70aeb05a5ff,Justin Moed,Democratic,97,lower,Justin,Moed,Male,h97@iga.in.gov,,1983-12-23,,https://indianahousedemocrats.org/images/made/images/remote/https_assets.indianahousedemocrats.org/members/Headshots/Moed_resized_800_1000.png,https://iga.in.gov/legislative/2021/legislators/legislator_justin_moed_908;https://iga.in.gov/legislative/2021/legislators/legislator_justin_moed_908/;https://iga.in.gov/legislative/2024/legislators/legislator_justin_moed_908/;https://iga.in.gov/legislative/2026/legislators/legislator_justin_moed_908/;https://indianahousedemocrats.org/members/justin-moed,https://api.iga.in.gov/2021/legislators/justin_moed_908;https://ballotpedia.org/Justin_Moed;https://en.wikipedia.org/wiki/Justin_Moed;https://iga.in.gov/legislative/2021/legislators/legislator_justin_moed_908;https://iga.in.gov/legislative/2021/legislators/legislator_justin_moed_908/;https://iga.in.gov/legislative/2024/legislators/legislator_justin_moed_908;https://iga.in.gov/legislative/2026/legislators/legislator_justin_moed_908;https://indianahousedemocrats.org/members;https://indianahousedemocrats.org/members/justin-moed;https://indianahousedemocrats.org/members/justin-moed/full;https://justfacts.votesmart.org/candidate/biography/135965/justin-moed;https://www.linkedin.com/in/justin-moed-4365b53,,,,,,,,,,,
ocd-person/efa78779-f35e-49fb-8b6b-5cccd00c870a,Karen Engleman,Republican,70,lower,Karen,Engleman,Female,h70@iga.in.gov,,1953-02-15,,https://www.indianahouserepublicans.com/clientuploads/directory/members/Main_List/Engleman_mainlist.jpg,https://iga.in.gov/legislative/2019/legislators/legislator_karen_engleman_1/;https://iga.in.gov/legislative/2021/legislators/legislator_karen_engleman_1;https://iga.in.gov/legislative/2024/legislators/legislator_karen_engleman_1/;https://iga.in.gov/legislative/2026/legislators/legislator_karen_engleman_1/;https://www.indianahouserepublicans.com/members/general/karen-engleman/;https://www.indianahouserepublicans.com/members/general/karen-engleman/?back=members;https://www.indianahouserepublicans.com/members/leadership/karen-engleman/?back=members,https://api.iga.in.gov/2021/legislators/karen_engleman_1;https://ballotpedia.org/Karen_Engleman;https://en.wikipedia.org/wiki/Karen_Engleman;https://iga.in.gov/legislative/2019/legislators/legislator_karen_engleman_1;https://iga.in.gov/legislative/2019/legislators/legislator_karen_engleman_1/;https://iga.in.gov/legislative/2021/legislators/legislator_karen_engleman_1;https://iga.in.gov/legislative/2024/legislators/legislator_karen_engleman_1;https://iga.in.gov/legislative/2026/legislators/legislator_karen_engleman_1;https://justfacts.votesmart.org/candidate/biography/167563/karen-engleman;https://www.indianahouserepublicans.com/members;https://www.indianahouserepublicans.com/members/;https://www.indianahouserepublicans.com/members/general/karen-engleman;https://www.indianahouserepublicans.com/members/general/karen-engleman/?back=members;https://www.indianahouserepublicans.com/members/leadership/karen-engleman/?back=members,,,,,,,,,,,
ocd-person/0b35c9d0-f21d-41a3-b7b6-15759df5bc59,Kendell Culp,Republican,16,lower,Kendell,Culp,Male,h16@iga.in.gov,,,,https://www.indianahouserepublicans.com/clientuploads/directory/members/Main_List/Culp_Main_List.jpg,https://iga.in.gov/legislative/2024/legislators/legislator_kendell_culp_1;https://iga.in.gov/legislative/2026/legislators/legislator_kendell_culp_1;https://www.indianahouserepublicans.com/members/general/kendell-culp;https://www.indianahouserepublicans.com/members/general/kendell-culp/?back=members,https://ballotpedia.org/Kendell_Culp;https://en.wikipedia.org/wiki/Kendell_Culp;https://iga.in.gov/legislative/2024/legislators/legislator_kendell_culp_1;https://iga.in.gov/legislative/2026/legislators/legislator_kendell_culp_1;https://justfacts.votesmart.org/candidate/84572/kendell-culp;https://www.indianahouserepublicans.com/members;https://www.indianahouserepublicans.com/members/;https://www.indianahouserepublicans.com/members/general/kendell-culp;https://www.indianahouserepublicans.com/members/general/kendell-culp/?back=members;https://www.infarmbureau.org/about/leadership/kendell-culp,,,,,,,,,,,
ocd-person/a67ee82c-450c-49ed-8862-f58e34a3dfbb,Kyle Miller,Democratic,82,lower,Kyle,Miller,Male,h82@iga.in.gov,,,,https://indianahousedemocrats.org/images/made/images/remote/https_assets.indianahousedemocrats.org/banners/Miller_Kyle-web_800_999_80.jpg,https://iga.in.gov/legislative/2024/legislators/legislator_kyle_miller_1;https://iga.in.gov/legislative/2026/legislators/legislator_kyle_miller_1;https://indianahousedemocrats.org/members/kyle-miller,https://ballotpedia.org/Kyle_Miller_(Indiana);https://en.wikipedia.org/wiki/Kyle_Miller_(politician);https://iga.in.gov/legislative/2024/legislators/legislator_kyle_miller_1;https://iga.in.gov/legislative/2026/legislators/legislator_kyle_miller_1;https://indianahousedemocrats.org/members;https://indianahousedemocrats.org/members/kyle-miller;https://indianahousedemocrats.org/members/kyle-miller/full;https://justfacts.votesmart.org/candidate/biography/201997/kyle-miller,,,,,,,,,,,
ocd-person/b5d0a278-d77b-49fe-88d4-2bd473055144,Kyle Pierce,Republican,36,lower,Kyle,Pierce,Male,h36@iga.in.gov,,1993-10-05,,https://www.indianahouserepublicans.com/clientuploads/directory/members/Main_List/Pierce_Main_List_3.jpg,https://iga.in.gov/legislative/2024/legislators/legislator_kyle_pierce_1;https://iga.in.gov/legislative/2026/legislators/legislator_kyle_pierce_1;https://www.indianahouserepublicans.com/members/general/kyle-pierce;https://www.indianahouserepublicans.com/members/general/kyle-pierce/?back=members,"https://ballotpedia.org/Kyle_Pierce_(Indiana);https://en.wikipedia.org/wiki/Kyle_Pierce_(politician);https://iga.in.gov/legislative/2024/legislators/legislator_kyle_pierce_1;https://iga.in.gov/legislative/2026/legislators/legislator_kyle_pierce_1;https://justfacts.votesmart.org/candidate/189720/kyle-pierce?categoryId=&type=V,S,R,E,F,P&p=3;https://www.indianahouserepublicans.com/members;https://www.indianahouserepublicans.com/members/;https://www.indianahouserepublicans.com/members/general/kyle-pierce;https://www.indianahouserepublicans.com/members/general/kyle-pierce/?back=members;https://www.linkedin.com/in/kylepierce17",,,,,,,,,,,
ocd-person/da010a7d-0344-48cb-b9ba-2eca71007cc6,Kyle Walker,Republican,31,upper,Kyle,Walker,Male,s31@iga.in.gov,,,,https://cdn.zephyrcms.com/020c0a65-17de-4aa9-a073-80954fb48637/-/progressive/yes/-/format/jpeg/-/scale_crop/200x300/center/-/stretch/off/walker-k-website.jpg,https://iga.in.gov/legislative/2021/legislators/legislator_kyle_walker_1;https://iga.in.gov/legislative/2022/legislators/legislator_kyle_walker_1/;https://www.indianasenaterepublicans.com/kyle-walker,https://api.iga.in.gov/2021/legislators/kyle_walker_1;https://ballotpedia.org/Kyle_Walker_(Indiana);https://en.wikipedia.org/wiki/Kyle_Walker_(politician);https://iga.in.gov/legislative/2021/legislators/legislator_kyle_walker_1;https://iga.in.gov/legislative/2022/legislators/legislator_kyle_walker_1;https://justfacts.votesmart.org/candidate/195788/kyle-walker;https://www.indianasenaterepublicans.com/kyle-walker;https://www.indianasenaterepublicans.com/senators;https://www.linkedin.com/in/kyle-walker-70959a3a,,,,,,,,,,,
ocd-person/6c8d86c3-4157-4673-a7d9-524c9d49f859,La Keisha Jackson,Democratic,34,upper,La Keisha,Jackson,Female,s34@iga.in.gov,,,,https://s3.amazonaws.com/ballotpedia-api4/files/thumbs/200/300/LaKeishaJackson.jpg,https://iga.in.gov/legislative/2024/legislators/legislator_la_keisha_jackson_1;https://indianasenatedemocrats.org/senators/s34/,https://ballotpedia.org/La_Keisha_Jackson;https://en.wikipedia.org/wiki/La_Keisha_Jackson;https://iga.in.gov/legislative/2024/legislators/legislator_la_keisha_jackson_1;https://indianasenatedemocrats.org/senators/s34;https://justfacts.votesmart.org/candidate/biography/158327/la-keisha-jackson;https://www.linkedin.com/in/la-keisha-jackson-mba-b95b9135,,,,,,,,,,,
ocd-person/b5f001ff-6e60-49b9-b074-bb83139410b4,Linda Rogers,Republican,11,upper,Linda,Rogers,Female,s11@iga.in.gov,,,,https://cdn.zephyrcms.com/754a99ca-bab6-488b-88e1-a9e1a9d29d7c/-/progressive/yes/-/format/jpeg/-/scale_crop/200x300/center/-/stretch/off/rogers-website.jpg,https://iga.in.gov/legislative/2021/legislators/legislator_linda_rogers_1;https://iga.in.gov/legislative/2022/legislators/legislator_linda_rogers_1/;https://www.indianasenaterepublicans.com/rogers,https://api.iga.in.gov/2021/legislators/linda_rogers_1;https://ballotpedia.org/Linda_Rogers;https://en.wikipedia.org/wiki/Linda_Rogers_(politician);https://iga.in.gov/legislative/2021/legislators/legislator_linda_rogers_1;https://iga.in.gov/legislative/2022/legislators/legislator_linda_rogers_1;https://iga.in.gov/legislative/2022/legislators/legislator_linda_rogers_1/;https://justfacts.votesmart.org/candidate/biography/178159/linda-rogers;https://www.indianasenaterepublicans.com/rogers;https://www.indianasenaterepublicans.com/senators;https://www.linkedin.com/in/linda-rogers-93085421,,,,,,,,,,,
ocd-person/62c64f60-2fb9-4edc-86ee-6c0d7cccff75,Lindsay Patterson,Republican,55,lower,Lindsay,Patterson,Female,h55@iga.in.gov,,,,https://www.indianahouserepublicans.com/clientuploads/directory/members/Main_List/Patterson_Main_List.jpg,https://iga.in.gov/legislative/2024/legislators/legislator_lindsay_patterson_1;https://iga.in.gov/legislative/2026/legislators/legislator_lindsay_patterson_1;https://www.indianahouserepublicans.com/members/general/lindsay-patterson;https://www.indianahouserepublicans.com/members/general/lindsay-patterson/?back=members,https://ballotpedia.org/Lindsay_Patterson;https://en.wikipedia.org/wiki/Lindsay_Patterson;https://iga.in.gov/legislative/2024/legislators/legislator_lindsay_patterson_1;https://iga.in.gov/legislative/2026/legislators/legislator_lindsay_patterson_1;https://justfacts.votesmart.org/candidate/biography/120382/lindsay-patterson;https://www.indianahouserepublicans.com/members;https://www.indianahouserepublicans.com/members/;https://www.indianahouserepublicans.com/members/general/lindsay-patterson;https://www.indianahouserepublicans.com/members/general/lindsay-patterson/?back=members,,,,,,,,,,,
ocd-person/d9013459-1dea-46ee-bdd5-5b2874b76e0a,Liz Brown,Republican,15,upper,Liz,Brown,Female,s15@iga.in.gov,,,,https://cdn.zephyrcms.com/e4616efb-2824-423e-ba07-30880be759a9/-/progressive/yes/-/format/jpeg/-/scale_crop/200x300/center/-/stretch/off/2021-brown-2.jpg,https://iga.in.gov/legislative/2021/legislators/legislator_liz_brown_1;https://iga.in.gov/legislative/2023/legislators/legislator_liz_brown_1/;https://www.indianasenaterepublicans.com/brown,https://api.iga.in.gov/2021/legislators/liz_brown_1;https://ballotpedia.org/Liz_Brown;https://en.wikipedia.org/wiki/Liz_Brown_(politician);https://iga.in.gov/legislative/2021/legislators/legislator_liz_brown_1;https://iga.in.gov/legislative/2023/legislators/legislator_liz_brown_1;https://iga.in.gov/legislative/2023/legislators/legislator_liz_brown_1/;https://justfacts.votesmart.org/candidate/biography/105855/liz-brown;https://www.indianasenaterepublicans.com/brown;https://www.indianasenaterepublicans.com/senators;https://www.linkedin.com/in/liz-brown-0833685,,,,,,,,,,,
ocd-person/a48f9631-3436-4445-b8fc-87c143f373cd,Lonnie Randolph,Democratic,2,upper,Lonnie,Randolph,Male,s2@iga.in.gov,,1949-08-07,,https://indianasenatedemocrats.org/wp-content/uploads/2022/12/Senator-Randolph-Indiana-State-Flag-Headshot.jpg,https://iga.in.gov/legislative/2021/legislators/legislator_lonnie_randolph_160;https://indianasenatedemocrats.org/senators/s2/;https://indianasenatedemocrats.orghttps://www.indianasenatedemocrats.org/s2;https://www.indianasenatedemocrats.org/senators/s2/,https://api.iga.in.gov/2021/legislators/lonnie_randolph_160;https://ballotpedia.org/Lonnie_Randolph;https://en.wikipedia.org/wiki/Lonnie_Randolph;https://iga.in.gov/legislative/2021/legislators/legislator_lonnie_randolph_160;https://indianasenatedemocrats.org/senators/s2;https://indianasenatedemocrats.org/senators/s2/;https://justfacts.votesmart.org/candidate/biography/4527/lonnie-randolph-jr;https://www.indianasenatedemocrats.org/s2;https://www.indianasenatedemocrats.org/senators;https://www.indianasenatedemocrats.org/senators/;https://www.indianasenatedemocrats.org/senators/s2;https://www.indianasenatedemocrats.org/senators/s2/,,,,,,,senatorrandolph,,,SenatorRandolph,
ocd-person/4647c4f2-f1d1-4151-a85a-74db23a7fb5d,Lori Goss-Reaves,Republican,31,lower,Lori,Goss-Reaves,Female,h31@iga.in.gov,,,,https://www.indianahouserepublicans.com/clientuploads/directory/members/Main_List/Goss-Reaves_mainlist.png,https://iga.in.gov/legislative/2024/legislators/legislator_lori_goss_reaves_1;https://iga.in.gov/legislative/2026/legislators/legislator_lori_goss_reaves_1;https://www.indianahouserepublicans.com/members/general/lori-goss-reaves;https://www.indianahouserepublicans.com/members/general/lori-goss-reaves/?back=members,https://ballotpedia.org/Lori_Goss-Reaves;https://en.wikipedia.org/wiki/Lori_Goss-Reaves;https://iga.in.gov/legislative/2024/legislators/legislator_lori_goss_reaves_1;https://iga.in.gov/legislative/2026/legislators/legislator_lori_goss_reaves_1;https://justfacts.votesmart.org/candidate/212206/lori-goss-reaves;https://www.indianahouserepublicans.com/members;https://www.indianahouserepublicans.com/members/;https://www.indianahouserepublicans.com/members/general/lori-goss-reaves;https://www.indianahouserepublicans.com/members/general/lori-goss-reaves/?back=members;https://www.linkedin.com/in/lori-goss-reaves-46481917;https://www.linkedin.com/in/lori-goss-reaves-98abb024b,,,,,,,,,,,
ocd-person/3568c1ff-87a5-4121-a468-ced11a824691,Lorissa Sweet,Republican,50,lower,Lorissa,Sweet,Female,h50@iga.in.gov,,1978-11-12,,https://www.indianahouserepublicans.com/clientuploads/directory/members/Main_List/Sweet_mainlist2023.png,https://www.indianahouserepublicans.com/members/general/lorissa-sweet;https://www.indianahouserepublicans.com/members/general/lorissa-sweet/?back=members,https://ballotpedia.org/Lorissa_Sweet;https://en.wikipedia.org/wiki/Lorissa_Sweet;https://justfacts.votesmart.org/candidate/biography/201974/lorissa-sweet;https://www.indianahouserepublicans.com/members;https://www.indianahouserepublicans.com/members/;https://www.indianahouserepublicans.com/members/general/lorissa-sweet;https://www.indianahouserepublicans.com/members/general/lorissa-sweet/?back=members;https://www.linkedin.com/in/lorissa-sweet-41ab501a,,,,,,,,,,,
ocd-person/38ca634d-bbf0-42f3-bf01-4d6cdcb84bbd,Mark Genda,Republican,41,lower,Mark,Genda,Male,h41@iga.in.gov,,,,https://www.indianahouserepublicans.com/clientuploads/directory/members/Main_List/Rep._Mark_Genda_Main_List.jpg,https://iga.in.gov/legislative/2024/legislators/legislator_mark_genda_1;https://iga.in.gov/legislative/2026/legislators/legislator_mark_genda_1;https://www.indianahouserepublicans.com/members/general/mark-genda;https://www.indianahouserepublicans.com/members/general/mark-genda/?back=members,https://ballotpedia.org/Mark_Genda;https://en.wikipedia.org/wiki/Mark_Genda;https://iga.in.gov/legislative/2024/legislators/legislator_mark_genda_1;https://iga.in.gov/legislative/2026/legislators/legislator_mark_genda_1;https://www.indianahouserepublicans.com/members;https://www.indianahouserepublicans.com/members/;https://www.indianahouserepublicans.com/members/general/mark-genda;https://www.indianahouserepublicans.com/members/general/mark-genda/?back=members,,,,,,,,,,,
ocd-person/c553dcc6-1c2c-49d8-be04-e89e4d123d8b,Mark Spencer,Democratic,3,upper,Mark,Spencer,Male,s3@iga.in.gov,,,,"https://img1.wsimg.com/isteam/ip/7d9db0ae-f3dc-4181-914f-4606a6f84c37/Mark-Spencer-campaign.png/:/rs=w:1240,h:620,cg:true,m/cr=w:1240,h:620",https://iga.in.gov/legislative/2025/legislators/legislator_mark_spencer_1;https://indianasenatedemocrats.org/senator/s3/,https://ballotpedia.org/Mark_Spencer_(Indiana);https://en.wikipedia.org/wiki/Mark_Spencer_(Indiana_politician);https://iga.in.gov/legislative/2025/legislators/legislator_mark_spencer_1;https://indianasenatedemocrats.org/senator/s3;https://spencerforsenator.com/biography,,,,,,,,,,,
ocd-person/1b9ddafb-fca9-4924-b565-d651c2ca133b,Martin Carbaugh,Republican,81,lower,Martin,Carbaugh,Male,h81@iga.in.gov,,1979-10-28,,https://www.indianahouserepublicans.com/clientuploads/directory/members/Main_List/Carbaugh_Main_List.jpg,https://iga.in.gov/legislative/2021/legislators/legislator_martin_carbaugh_1125;https://iga.in.gov/legislative/2021/legislators/legislator_martin_carbaugh_1125/;https://iga.in.gov/legislative/2024/legislators/legislator_martin_carbaugh_1125/;https://iga.in.gov/legislative/2026/legislators/legislator_martin_carbaugh_1125/;https://www.indianahouserepublicans.com/members/general/martin-carbaugh/;https://www.indianahouserepublicans.com/members/general/martin-carbaugh/?back=members,https://api.iga.in.gov/2021/legislators/martin_carbaugh_1125;https://ballotpedia.org/Martin_Carbaugh;https://en.wikipedia.org/wiki/Martin_Carbaugh;https://iga.in.gov/legislative/2021/legislators/legislator_martin_carbaugh_1125;https://iga.in.gov/legislative/2021/legislators/legislator_martin_carbaugh_1125/;https://iga.in.gov/legislative/2024/legislators/legislator_martin_carbaugh_1125;https://iga.in.gov/legislative/2026/legislators/legislator_martin_carbaugh_1125;https://justfacts.votesmart.org/candidate/biography/135309/martin-carbaugh;https://www.indianahouserepublicans.com/members;https://www.indianahouserepublicans.com/members/;https://www.indianahouserepublicans.com/members/general/martin-carbaugh;https://www.indianahouserepublicans.com/members/general/martin-carbaugh/?back=members;https://www.linkedin.com/in/martincarbaugh,,,,,,,,,,,
ocd-person/1f2380f8-be03-4499-a72a-8dac376d6aaa,Matt Commons,Republican,13,lower,Matt,Commons,Male,h13@iga.in.gov,,,,"https://static.wixstatic.com/media/00b233_c656903b0f40495f862980ada8809bd3~mv2.png/v1/fill/w_560,h_730,al_c,q_90,enc_auto/00b233_c656903b0f40495f862980ada8809bd3~mv2.png",https://iga.in.gov/legislative/2026/legislators/legislator_matt_commons_1;https://www.indianahouserepublicans.com/members/general/matt-commons/,https://ballotpedia.org/Matt_Commons;https://en.wikipedia.org/wiki/Matt_Commons;https://iga.in.gov/legislative/2026/legislators/legislator_matt_commons_1;https://justfacts.votesmart.org/candidate/biography/214708/matthew-commons;https://www.indianahouserepublicans.com/members/general/matt-commons,,,,,,,,,,,
ocd-person/be7ad6b3-da1b-4b8d-b41b-6b6e48a9bdfa,Matt Hostettler,Republican,64,lower,Matt,Hostettler,Male,h64@iga.in.gov,,1986-07-17,,https://www.indianahouserepublicans.com/clientuploads/directory/members/Main_List/Hostettler_Main_List.jpg,https://iga.in.gov/legislative/2019/legislators/legislator_matthew_hostettler_1/;https://iga.in.gov/legislative/2021/legislators/legislator_matthew_hostettler_1;https://iga.in.gov/legislative/2024/legislators/legislator_matthew_hostettler_1/;https://iga.in.gov/legislative/2026/legislators/legislator_matthew_hostettler_1/;https://www.indianahouserepublicans.com/members/general/matt-hostettler/;https://www.indianahouserepublicans.com/members/general/matt-hostettler/?back=members,https://api.iga.in.gov/2021/legislators/matthew_hostettler_1;https://ballotpedia.org/Matt_Hostettler;https://en.wikipedia.org/wiki/Matt_Hostettler;https://iga.in.gov/legislative/2021/legislators/legislator_matthew_hostettler_1;https://iga.in.gov/legislative/2024/legislators/legislator_matthew_hostettler_1;https://iga.in.gov/legislative/2026/legislators/legislator_matthew_hostettler_1;https://justfacts.votesmart.org/candidate/biography/178185/matt-hostettler;https://www.indianahouserepublicans.com/members;https://www.indianahouserepublicans.com/members/;https://www.indianahouserepublicans.com/members/general/matt-hostettler;https://www.indianahouserepublicans.com/members/general/matt-hostettler/;https://www.indianahouserepublicans.com/members/general/matt-hostettler/?back=members;https://www.linkedin.com/in/matt-hostettler-696508102,,,,,,,,,,,
ocd-person/423b3123-c1b6-4e2f-92f4-5610130de844,Matt Lehman,Republican,79,lower,Matt,Lehman,Male,h79@iga.in.gov,,,,https://www.indianahouserepublicans.com/clientuploads/directory/members/Main_List/Lehman_Main_List.jpg,https://iga.in.gov/legislative/2021/legislators/legislator_matthew_lehman_987;https://iga.in.gov/legislative/2021/legislators/legislator_matthew_lehman_987/;https://iga.in.gov/legislative/2024/legislators/legislator_matthew_lehman_987/;https://iga.in.gov/legislative/2026/legislators/legislator_matthew_lehman_987/;https://www.indianahouserepublicans.com/members/leadership/matt-lehman/;https://www.indianahouserepublicans.com/members/leadership/matt-lehman/?back=members,https://api.iga.in.gov/2021/legislators/matthew_lehman_987;https://ballotpedia.org/Matthew_Lehman_(Indiana);https://en.wikipedia.org/wiki/Matt_Lehman;https://iga.in.gov/legislative/2021/legislators/legislator_matthew_lehman_987;https://iga.in.gov/legislative/2021/legislators/legislator_matthew_lehman_987/;https://iga.in.gov/legislative/2024/legislators/legislator_matthew_lehman_987;https://iga.in.gov/legislative/2026/legislators/legislator_matthew_lehman_987;https://justfacts.votesmart.org/candidate/biography/83983/matt-lehman;https://www.indianahouserepublicans.com/members;https://www.indianahouserepublicans.com/members/;https://www.indianahouserepublicans.com/members/leadership/matt-lehman;https://www.indianahouserepublicans.com/members/leadership/matt-lehman/?back=members;https://www.linkedin.com/in/mattlehman1;https://www.mattlehman.com,,,,,,,,,,,
ocd-person/c66bcc9b-d5e6-478b-b11e-25be7f4e0aaa,Matt Pierce,Democratic,61,lower,Matt,Pierce,Male,h61@iga.in.gov,,,,https://indianahousedemocrats.org/images/made/images/remote/https_assets.indianahousedemocrats.org/members/Headshots/pierce2020portrait_800_999_80.jpg,https://iga.in.gov/legislative/2021/legislators/legislator_matthew_pierce_708;https://iga.in.gov/legislative/2021/legislators/legislator_matthew_pierce_708/;https://iga.in.gov/legislative/2024/legislators/legislator_matthew_pierce_708/;https://iga.in.gov/legislative/2026/legislators/legislator_matthew_pierce_708/;https://indianahousedemocrats.org/members/matt-pierce,https://api.iga.in.gov/2021/legislators/matthew_pierce_708;https://ballotpedia.org/Matt_Pierce_(Indiana);https://en.wikipedia.org/wiki/Matt_Pierce;https://iga.in.gov/legislative/2021/legislators/legislator_matthew_pierce_708;https://iga.in.gov/legislative/2021/legislators/legislator_matthew_pierce_708/;https://iga.in.gov/legislative/2024/legislators/legislator_matthew_pierce_708;https://iga.in.gov/legislative/2026/legislators/legislator_matthew_pierce_708;https://indianahousedemocrats.org/members;https://indianahousedemocrats.org/members/matt-pierce;https://indianahousedemocrats.org/members/matt-pierce/full;https://justfacts.votesmart.org/candidate/biography/34012/matt-pierce,,,,,,,,,,,
ocd-person/7e493895-2f49-4a56-a4a3-f888373769b5,Maureen Bauer,Democratic,6,lower,Maureen,Bauer,Female,h06@iga.in.gov,,,,https://indianahousedemocrats.org/images/made/images/remote/https_assets.indianahousedemocrats.org/members/Headshots/Bauer_Maureen_web_800_999_80.jpg,https://iga.in.gov/legislative/2021/legislators/legislator_maureen_bauer_1;https://iga.in.gov/legislative/2021/legislators/legislator_maureen_bauer_1/;https://iga.in.gov/legislative/2024/legislators/legislator_maureen_bauer_1/;https://iga.in.gov/legislative/2026/legislators/legislator_maureen_bauer_1/;https://indianahousedemocrats.org/members/maureen-bauer,https://api.iga.in.gov/2021/legislators/maureen_bauer_1;https://ballotpedia.org/Maureen_Bauer;https://en.wikipedia.org/wiki/Maureen_Bauer;https://iga.in.gov/legislative/2021/legislators/legislator_maureen_bauer_1;https://iga.in.gov/legislative/2021/legislators/legislator_maureen_bauer_1/;https://iga.in.gov/legislative/2024/legislators/legislator_maureen_bauer_1;https://iga.in.gov/legislative/2026/legislators/legislator_maureen_bauer_1;https://indianahousedemocrats.org/members;https://indianahousedemocrats.org/members/maureen-bauer;https://indianahousedemocrats.org/members/maureen-bauer/full;https://justfacts.votesmart.org/candidate/189659/maureen-bauer;https://www.linkedin.com/in/maureen-bauer,,,,,,,,,,,
ocd-person/6ffd10c6-9fd6-4378-8841-63ce4ca88764,Michael Crider,Republican,28,upper,Michael,Crider,Male,s28@iga.in.gov,,,,https://cdn.zephyrcms.com/9bb2551b-a7c9-428f-a184-16ef0d718d68/-/progressive/yes/-/format/jpeg/-/scale_crop/200x300/center/-/stretch/off/crider-website.jpg,https://iga.in.gov/legislative/2021/legislators/legislator_michael_crider_1130;https://iga.in.gov/legislative/2022/legislators/legislator_michael_crider_1130/;https://www.indianasenaterepublicans.com/crider,https://api.iga.in.gov/2021/legislators/michael_crider_1130;https://ballotpedia.org/Michael_Crider;https://en.wikipedia.org/wiki/Michael_Crider;https://iga.in.gov/legislative/2021/legislators/legislator_michael_crider_1130;https://iga.in.gov/legislative/2022/legislators/legislator_michael_crider_1130;https://iga.in.gov/legislative/2022/legislators/legislator_michael_crider_1130/;https://justfacts.votesmart.org/candidate/biography/135302/michael-crider;https://www.indianasenaterepublicans.com/crider;https://www.indianasenaterepublicans.com/senators;https://www.linkedin.com/in/michael-crider-3436511a,,,,,,,,,,,
ocd-person/344cb784-deed-4671-94f1-0616555296e3,Mike Karickhoff,Republican,30,lower,Mike,Karickhoff,Male,h30@iga.in.gov,,1956-07-01,,https://www.indianahouserepublicans.com/clientuploads/directory/members/Main_List/Karickhoff_Main_List_2.jpg,https://iga.in.gov/legislative/2021/legislators/legislator_michael_karickhoff_1027;https://iga.in.gov/legislative/2021/legislators/legislator_michael_karickhoff_1027/;https://iga.in.gov/legislative/2024/legislators/legislator_michael_karickhoff_1027/;https://iga.in.gov/legislative/2026/legislators/legislator_michael_karickhoff_1027/;https://www.indianahouserepublicans.com/members/leadership/mike-karickhoff/;https://www.indianahouserepublicans.com/members/leadership/mike-karickhoff/?back=members,https://api.iga.in.gov/2021/legislators/michael_karickhoff_1027;https://ballotpedia.org/Michael_Karickhoff;https://en.wikipedia.org/wiki/Michael_Karickhoff;https://iga.in.gov/legislative/2021/legislators/legislator_michael_karickhoff_1027;https://iga.in.gov/legislative/2021/legislators/legislator_michael_karickhoff_1027/;https://iga.in.gov/legislative/2024/legislators/legislator_michael_karickhoff_1027;https://iga.in.gov/legislative/2026/legislators/legislator_michael_karickhoff_1027;https://justfacts.votesmart.org/candidate/biography/73052/mike-karickhoff;https://www.indianahouserepublicans.com/members;https://www.indianahouserepublicans.com/members/;https://www.indianahouserepublicans.com/members/leadership/mike-karickhoff;https://www.indianahouserepublicans.com/members/leadership/mike-karickhoff/?back=members;https://www.linkedin.com/in/mike-karickhoff-6522481b,,,,,,,,,,,
ocd-person/01bb6149-aa0f-457f-b759-1338b6c8ae5f,Mike Young,Republican,35,upper,Mike,Young,Male,s35@iga.in.gov,,1951-05-14,,https://cdn.zephyrcms.com/3234d40a-6603-4164-b8e7-6529ae02811b/-/progressive/yes/-/format/jpeg/-/scale_crop/200x300/center/-/stretch/off/young-2012.jpg,https://iga.in.gov/legislative/2021/legislators/legislator_r_michael_young_645;https://www.indianasenaterepublicans.com/young,https://api.iga.in.gov/2021/legislators/r_michael_young_645;https://ballotpedia.org/R._Michael_Young_(Indiana);https://en.wikipedia.org/wiki/R._Michael_Young;https://iga.in.gov/legislative/2021/legislators/legislator_r_michael_young_645;https://justfacts.votesmart.org/candidate/biography/4728/michael-young;https://www.indianasenaterepublicans.com/senators;https://www.indianasenaterepublicans.com/young,,,,,,,,,,,
ocd-person/7580d002-efd7-461a-80ee-06c82ab0db71,Michelle Davis,Republican,58,lower,Michelle,Davis,Female,h58@iga.in.gov,,,,https://www.indianahouserepublicans.com/clientuploads/directory/members/Main_List/Davis_Main_List_2022.jpg,https://iga.in.gov/legislative/2021/legislators/legislator_michelle_davis_1;https://iga.in.gov/legislative/2021/legislators/legislator_michelle_davis_1/;https://iga.in.gov/legislative/2024/legislators/legislator_michelle_davis_1/;https://iga.in.gov/legislative/2026/legislators/legislator_michelle_davis_1/;https://www.indianahouserepublicans.com/members/general/michelle-davis;https://www.indianahouserepublicans.com/members/general/michelle-davis/?back=members,https://api.iga.in.gov/2021/legislators/michelle_davis_1;https://ballotpedia.org/Michelle_Davis_(Indiana);https://en.wikipedia.org/wiki/Michelle_Davis_(politician);https://iga.in.gov/legislative/2021/legislators/legislator_michelle_davis_1;https://iga.in.gov/legislative/2021/legislators/legislator_michelle_davis_1/;https://iga.in.gov/legislative/2024/legislators/legislator_michelle_davis_1;https://iga.in.gov/legislative/2026/legislators/legislator_michelle_davis_1;https://justfacts.votesmart.org/candidate/189726/michelle-davis;https://www.indianahouserepublicans.com/members;https://www.indianahouserepublicans.com/members/;https://www.indianahouserepublicans.com/members/general/michelle-davis;https://www.indianahouserepublicans.com/members/general/michelle-davis/?back=members;https://www.linkedin.com/in/michelle-davis-1ab85441,,,,,,,,,,,
ocd-person/14aac431-636f-483e-ac39-bf45be53af2f,Mike Andrade,Democratic,12,lower,Mike,Andrade,Male,h12@iga.in.gov,,,,https://indianahousedemocrats.org/images/made/images/remote/https_assets.indianahousedemocrats.org/members/Headshots/Andrade_Mike_web_800_999_80.jpg,https://iga.in.gov/legislative/2021/legislators/legislator_mike_andrade_1;https://iga.in.gov/legislative/2021/legislators/legislator_mike_andrade_1/;https://iga.in.gov/legislative/2024/legislators/legislator_mike_andrade_1/;https://iga.in.gov/legislative/2026/legislators/legislator_mike_andrade_1/;https://indianahousedemocrats.org/members/mike-andrade,https://api.iga.in.gov/2021/legislators/mike_andrade_1;https://ballotpedia.org/Mike_Andrade;https://en.wikipedia.org/wiki/Mike_Andrade;https://iga.in.gov/legislative/2021/legislators/legislator_mike_andrade_1;https://iga.in.gov/legislative/2024/legislators/legislator_mike_andrade_1;https://iga.in.gov/legislative/2026/legislators/legislator_mike_andrade_1;https://indianahousedemocrats.org/members;https://indianahousedemocrats.org/members/mike-andrade;https://indianahousedemocrats.org/members/mike-andrade/full;https://justfacts.votesmart.org/candidate/key-votes/189663/mike-andrade,,,,,,,,,,,
ocd-person/2ca76c73-5db4-499b-b718-c83294b5f68e,Mike Aylesworth,Republican,11,lower,Mike,Aylesworth,Male,h11@iga.in.gov,,1943-03-24,,https://www.indianahouserepublicans.com/clientuploads/directory/members/Main_List/Aylesworth_Main_List_2022.jpg,https://iga.in.gov/legislative/2021/legislators/legislator_mike_aylesworth_1;https://iga.in.gov/legislative/2021/legislators/legislator_mike_aylesworth_1/;https://iga.in.gov/legislative/2024/legislators/legislator_mike_aylesworth_1/;https://iga.in.gov/legislative/2026/legislators/legislator_mike_aylesworth_1/;https://www.indianahouserepublicans.com/members/general/michael-aylesworth/;https://www.indianahouserepublicans.com/members/general/michael-aylesworth/?back=members,https://api.iga.in.gov/2021/legislators/mike_aylesworth_1;https://ballotpedia.org/Michael_J._Aylesworth;https://en.wikipedia.org/wiki/Michael_Aylesworth;https://iga.in.gov/legislative/2021/legislators/legislator_mike_aylesworth_1;https://iga.in.gov/legislative/2021/legislators/legislator_mike_aylesworth_1/;https://iga.in.gov/legislative/2024/legislators/legislator_mike_aylesworth_1;https://iga.in.gov/legislative/2026/legislators/legislator_mike_aylesworth_1;https://justfacts.votesmart.org/candidate/biography/149616/michael-aylesworth;https://www.indianahouserepublicans.com/members;https://www.indianahouserepublicans.com/members/;https://www.indianahouserepublicans.com/members/general/michael-aylesworth;https://www.indianahouserepublicans.com/members/general/michael-aylesworth/?back=members,,,,,,,,,,,
ocd-person/9569c3da-b86b-4b33-a9ad-8d6174323569,Mike Bohacek,Republican,8,upper,Mike,Bohacek,Male,s8@iga.in.gov,,,,https://cdn.zephyrcms.com/1282c789-f53b-485a-b949-3148759dbbde/-/progressive/yes/-/format/jpeg/-/scale_crop/200x300/center/-/stretch/off/2021-bohacek-2.jpg,https://iga.in.gov/legislative/2021/legislators/legislator_mike_bohacek_1;https://iga.in.gov/legislative/2022/legislators/legislator_mike_bohacek_1/;https://mikebohacek.com/;https://www.indianasenaterepublicans.com/bohacek,https://api.iga.in.gov/2021/legislators/mike_bohacek_1;https://ballotpedia.org/Mike_Bohacek;https://en.wikipedia.org/wiki/Mike_Bohacek;https://iga.in.gov/legislative/2021/legislators/legislator_mike_bohacek_1;https://iga.in.gov/legislative/2022/legislators/legislator_mike_bohacek_1;https://justfacts.votesmart.org/candidate/biography/83989/mike-bohacek;https://mikebohacek.com;https://www.indianasenaterepublicans.com/bohacek;https://www.indianasenaterepublicans.com/senators;https://www.linkedin.com/in/michael-bohacek-47875915,,,,,,,,,,,
ocd-person/01cb22d6-e0f5-478e-99b2-801ffbf32d2b,Mike Gaskill,Republican,25,upper,Mike,Gaskill,Male,s25@iga.in.gov,,,,https://cdn.zephyrcms.com/3f5f30c4-b021-4232-a66c-526b4778fe5a/-/progressive/yes/-/format/jpeg/-/scale_crop/200x300/center/-/stretch/off/gaskill.jpg,https://iga.in.gov/legislative/2021/legislators/legislator_mike_gaskill_1;https://www.indianasenaterepublicans.com/gaskill,https://api.iga.in.gov/2021/legislators/mike_gaskill_1;https://ballotpedia.org/Mike_Gaskill;https://en.wikipedia.org/wiki/Mike_Gaskill;https://iga.in.gov/legislative/2021/legislators/legislator_mike_gaskill_1;https://justfacts.votesmart.org/candidate/biography/178161/mike-gaskill;https://www.indianasenaterepublicans.com/gaskill;https://www.indianasenaterepublicans.com/senators,,,,,,,,,,,
ocd-person/30a1de33-efbb-41e1-bf59-bf8171089a3a,Mitch Gore,Democratic,89,lower,Mitch,Gore,Male,h89@iga.in.gov,,,,https://indianahousedemocrats.org/images/made/images/remote/https_assets.indianahousedemocrats.org/members/Headshots/Gore_Mitch_web_800_999_80.jpg,https://iga.in.gov/legislative/2021/legislators/legislator_mitch_gore_1;https://iga.in.gov/legislative/2021/legislators/legislator_mitch_gore_1/;https://iga.in.gov/legislative/2024/legislators/legislator_mitch_gore_1/;https://iga.in.gov/legislative/2025/legislators/legislator_mitch_gore_1/;https://iga.in.gov/legislative/2026/legislators/legislator_mitch_gore_1/;https://indianahousedemocrats.org/members/mitch-gore,https://api.iga.in.gov/2021/legislators/mitch_gore_1;https://ballotpedia.org/Mitch_Gore;https://iga.in.gov/legislative/2021/legislators/legislator_mitch_gore_1;https://iga.in.gov/legislative/2024/legislators/legislator_mitch_gore_1;https://iga.in.gov/legislative/2025/legislators/legislator_mitch_gore_1;https://iga.in.gov/legislative/2026/legislators/legislator_mitch_gore_1;https://indianahousedemocrats.org/members;https://indianahousedemocrats.org/members/mitch-gore;https://indianahousedemocrats.org/members/mitch-gore/full;https://justfacts.votesmart.org/candidate/189695/mitch-gore;https://www.linkedin.com/in/mitch-gore-b771901a8,,,,,,,,,,,
ocd-person/b5f773c4-4e25-4fac-b905-5aca0023100d,Nick McKinley,Republican,17,upper,Nick,McKinley,Male,s17@iga.in.gov,,,,https://cdn.zephyrcms.com/47a598a5-02c8-412d-9df6-953a1593189d/-/progressive/yes/-/format/jpeg/-/resize/200x/-/stretch/off/mc-kinley-website.jpg,https://iga.in.gov/legislative/2026/legislators/legislator_nick_mckinley_1;https://www.indianasenaterepublicans.com/mckinley,https://ballotpedia.org/Nick_McKinley;https://en.wikipedia.org/wiki/Nick_McKinley;https://iga.in.gov/legislative/2026/legislators/legislator_nick_mckinley_1;https://www.indianasenaterepublicans.com/mckinley;https://www.linkedin.com/in/nickmckinley,,,,,,,,,,,
ocd-person/0acb3367-1e1e-404e-89c8-82e3c6754235,Peggy Mayfield,Republican,60,lower,Peggy,Mayfield,Female,h60@iga.in.gov,,1963-08-01,,https://www.indianahouserepublicans.com/clientuploads/directory/members/Main_List/Mayfield_Main_List.jpg,https://iga.in.gov/legislative/2021/legislators/legislator_peggy_mayfield_1121;https://iga.in.gov/legislative/2021/legislators/legislator_peggy_mayfield_1121/;https://iga.in.gov/legislative/2024/legislators/legislator_peggy_mayfield_1121/;https://iga.in.gov/legislative/2026/legislators/legislator_peggy_mayfield_1121/;https://www.indianahouserepublicans.com/members/general/peggy-mayfield;https://www.indianahouserepublicans.com/members/general/peggy-mayfield/?back=members,https://api.iga.in.gov/2021/legislators/peggy_mayfield_1121;https://ballotpedia.org/Peggy_Mayfield;https://en.wikipedia.org/wiki/Peggy_Mayfield;https://iga.in.gov/legislative/2021/legislators/legislator_peggy_mayfield_1121;https://iga.in.gov/legislative/2021/legislators/legislator_peggy_mayfield_1121/;https://iga.in.gov/legislative/2024/legislators/legislator_peggy_mayfield_1121;https://iga.in.gov/legislative/2026/legislators/legislator_peggy_mayfield_1121;https://justfacts.votesmart.org/candidate/biography/136026/peggy-mayfield;https://www.indianahouserepublicans.com/members;https://www.indianahouserepublicans.com/members/;https://www.indianahouserepublicans.com/members/general/peggy-mayfield;https://www.indianahouserepublicans.com/members/general/peggy-mayfield/?back=members;https://www.linkedin.com/in/peggy-mayfield-37313549,,,,,,,,,,,
ocd-person/d1e89034-ef4a-4a10-b16d-16dc617dcdf1,Phil GiaQuinta,Democratic,80,lower,Phil,GiaQuinta,Male,h80@iga.in.gov,,1955-10-08,,https://indianahousedemocrats.org/images/made/images/remote/https_assets.indianahousedemocrats.org/members/Headshots/giaquinta20180102portrait_800_999_80.jpg,https://iga.in.gov/legislative/2021/legislators/legislator_philip_giaquinta_879;https://iga.in.gov/legislative/2024/legislators/legislator_philip_giaquinta_879;https://iga.in.gov/legislative/2026/legislators/legislator_philip_giaquinta_879;https://indianahousedemocrats.org/members/phil-giaquinta,https://api.iga.in.gov/2021/legislators/philip_giaquinta_879;https://ballotpedia.org/Phil_GiaQuinta;https://en.wikipedia.org/wiki/Phil_GiaQuinta;https://iga.in.gov/legislative/2021/legislators/legislator_philip_giaquinta_879;https://iga.in.gov/legislative/2024/legislators/legislator_philip_giaquinta_879;https://iga.in.gov/legislative/2026/legislators/legislator_philip_giaquinta_879;https://indianahousedemocrats.org/members;https://indianahousedemocrats.org/members/phil-giaquinta;https://indianahousedemocrats.org/members/phil-giaquinta/full;https://www.linkedin.com/in/phil-giaquinta-32547035,,,,,,,,,,,
ocd-person/4c9685ab-f2a4-46e0-980a-699bb01d26cf,Ragen Hatcher,Democratic,3,lower,Ragen,Hatcher,Female,h3@iga.in.gov,,1978-07-05,,https://indianahousedemocrats.org/images/made/images/remote/https_assets.indianahousedemocrats.org/members/Headshots/Hatcher_Ragen_2020_web_800_999_80.jpg,https://iga.in.gov/legislative/2019/legislators/legislator_ragen_hatcher_1/;https://iga.in.gov/legislative/2021/legislators/legislator_ragen_hatcher_1;https://iga.in.gov/legislative/2024/legislators/legislator_ragen_hatcher_1/;https://iga.in.gov/legislative/2026/legislators/legislator_ragen_hatcher_1/;https://indianahousedemocrats.org/members/ragen-hatcher,https://api.iga.in.gov/2021/legislators/ragen_hatcher_1;https://ballotpedia.org/Ragen_Hatcher;https://en.wikipedia.org/wiki/Ragen_Hatcher;https://iga.in.gov/legislative/2019/legislators/legislator_ragen_hatcher_1;https://iga.in.gov/legislative/2019/legislators/legislator_ragen_hatcher_1/;https://iga.in.gov/legislative/2021/legislators/legislator_ragen_hatcher_1;https://iga.in.gov/legislative/2024/legislators/legislator_ragen_hatcher_1;https://iga.in.gov/legislative/2026/legislators/legislator_ragen_hatcher_1;https://indianahousedemocrats.org/members;https://indianahousedemocrats.org/members/ragen-hatcher;https://indianahousedemocrats.org/members/ragen-hatcher/full;https://justfacts.votesmart.org/candidate/biography/72938/ragen-hatcher;https://www.linkedin.com/in/ragen-h-hatcher,,,,,,,,,,,
ocd-person/acd45b79-7930-459f-8118-70b9574ba481,Randy Maxwell,Republican,43,upper,Randy,Maxwell,Male,s43@iga.in.gov,,,,https://cdn.zephyrcms.com/78226b9f-d4ad-4d02-8f18-d1bc45ce3c44/-/progressive/yes/-/format/jpeg/-/scale_crop/200x300/center/-/stretch/off/maxwell-website.jpg,https://www.indianasenaterepublicans.com/maxwell,https://ballotpedia.org/Randy_Maxwell;https://en.wikipedia.org/wiki/Randy_Maxwell;https://justfacts.votesmart.org/candidate/212840/randy-maxwell;https://www.indianasenaterepublicans.com/maxwell;https://www.indianasenaterepublicans.com/senators;https://www.linkedin.com/in/randy-maxwell-b3482116,,,,,,,,,,,
ocd-person/74acd892-bd86-453a-8a48-87954ad68c19,Randy Novak,Democratic,9,lower,Randy,Novak,Male,h9@iga.in.gov,,,,,https://iga.in.gov/legislative/2025/legislators/legislator_randy_novak_1;https://iga.in.gov/legislative/2026/legislators/legislator_randy_novak_1;https://www.indianahousedemocrats.org/members/randy-novak,"https://ballotpedia.org/Randy_Novak;https://ballotpedia.org/Randy_Novak_(LaPorte_County_Commissioner_Board_District_3,_Indiana,_candidate_2024);https://en.wikipedia.org/wiki/Randy_Novak;https://iga.in.gov/legislative/2025/legislators/legislator_randy_novak_1;https://iga.in.gov/legislative/2026/legislators/legislator_randy_novak_1;https://randynovak.com;https://www.indianahousedemocrats.org/members/randy-novak;https://www.linkedin.com/in/randall-novak-323a8992",,,,,,,,,,,
ocd-person/8b2a92f1-4b70-4dfc-8f4f-789aca1b5e8b,Reneé Pack,Democratic,92,lower,Reneé,Pack,Female,h92@iga.in.gov,,1962-06-14,,https://indianahousedemocrats.org/images/made/images/remote/https_assets.indianahousedemocrats.org/members/Headshots/Pack_Renee_web_800_999_80.jpg,https://iga.in.gov/legislative/2021/legislators/legislator_renee_pack_1;https://iga.in.gov/legislative/2021/legislators/legislator_renee_pack_1/;https://iga.in.gov/legislative/2024/legislators/legislator_renee_pack_1/;https://iga.in.gov/legislative/2026/legislators/legislator_renee_pack_1/;https://indianahousedemocrats.org/members/renee-pack,https://api.iga.in.gov/2021/legislators/renee_pack_1;https://ballotpedia.org/Renee_Pack;https://en.wikipedia.org/wiki/Renee_Pack;https://iga.in.gov/legislative/2021/legislators/legislator_renee_pack_1;https://iga.in.gov/legislative/2024/legislators/legislator_renee_pack_1;https://iga.in.gov/legislative/2026/legislators/legislator_renee_pack_1;https://indianahousedemocrats.org/members;https://indianahousedemocrats.org/members/renee-pack;https://indianahousedemocrats.org/members/renee-pack/full;https://justfacts.votesmart.org/candidate/189699/renee-pack;https://www.linkedin.com/in/renee-pack-062881142;https://www.linkedin.com/in/renee-pack-29a70145,,,,,,,,,,,
ocd-person/0b243d61-c607-4711-bc54-aecc21281540,Rick Niemeyer,Republican,6,upper,Rick,Niemeyer,Male,s6@iga.in.gov,,,,https://cdn.zephyrcms.com/c19965ba-e156-4348-bf41-366a289532e4/-/progressive/yes/-/format/jpeg/-/scale_crop/200x300/center/-/stretch/off/niemeyer-website.jpg,https://iga.in.gov/legislative/2021/legislators/legislator_rick_niemeyer_1109;https://iga.in.gov/legislative/2022/legislators/legislator_rick_niemeyer_1109/;https://www.indianasenaterepublicans.com/niemeyer,https://api.iga.in.gov/2021/legislators/rick_niemeyer_1109;https://ballotpedia.org/Rick_Niemeyer;https://en.wikipedia.org/wiki/Rick_Niemeyer;https://iga.in.gov/legislative/2021/legislators/legislator_rick_niemeyer_1109;https://iga.in.gov/legislative/2022/legislators/legislator_rick_niemeyer_1109;https://iga.in.gov/legislative/2022/legislators/legislator_rick_niemeyer_1109/;https://justfacts.votesmart.org/candidate/biography/131192/rick-niemeyer;https://www.indianasenaterepublicans.com/niemeyer;https://www.indianasenaterepublicans.com/senators,,,,,,,,,,,
ocd-person/cd2f0bde-b248-4ba3-81ad-042acd7d60c8,Robb Greene,Republican,47,lower,Robb,Greene,Male,h47@iga.in.gov,,,,https://www.indianahouserepublicans.com/clientuploads/directory/members/Main_List/Greene_Main_List.jpg,https://iga.in.gov/legislative/2024/legislators/legislator_robb_greene_1;https://iga.in.gov/legislative/2026/legislators/legislator_robb_greene_1;https://www.indianahouserepublicans.com/members/general/robb-greene;https://www.indianahouserepublicans.com/members/general/robb-greene/?back=members,https://ballotpedia.org/Robb_Greene;https://en.wikipedia.org/wiki/Robb_Greene;https://iga.in.gov/legislative/2024/legislators/legislator_robb_greene_1;https://iga.in.gov/legislative/2026/legislators/legislator_robb_greene_1;https://justfacts.votesmart.org/candidate/201971/robb-greene;https://www.indianahouserepublicans.com/members;https://www.indianahouserepublicans.com/members/;https://www.indianahouserepublicans.com/members/general/robb-greene;https://www.indianahouserepublicans.com/members/general/robb-greene/?back=members;https://www.linkedin.com/in/robb-greene,,,,,,,,,,,
ocd-person/3d215bfb-c08a-47f0-91d3-eb114b33c56d,Bob Behning,Republican,91,lower,Bob,Behning,Male,h91@iga.in.gov,,1954-01-18,,https://www.indianahouserepublicans.com/clientuploads/directory/members/Main_List/Behning_lister2021.png,https://iga.in.gov/legislative/2019/legislators/legislator_robert_behning_187/;https://iga.in.gov/legislative/2021/legislators/legislator_robert_behning_187;https://iga.in.gov/legislative/2024/legislators/legislator_robert_behning_187/;https://iga.in.gov/legislative/2026/legislators/legislator_robert_behning_187/;https://www.indianahouserepublicans.com/members/general/bob-behning;https://www.indianahouserepublicans.com/members/general/bob-behning/?back=members,https://api.iga.in.gov/2021/legislators/robert_behning_187;https://ballotpedia.org/Robert_Behning;https://en.wikipedia.org/wiki/Robert_Behning;https://iga.in.gov/legislative/2019/legislators/legislator_robert_behning_187;https://iga.in.gov/legislative/2019/legislators/legislator_robert_behning_187/;https://iga.in.gov/legislative/2021/legislators/legislator_robert_behning_187;https://iga.in.gov/legislative/2024/legislators/legislator_robert_behning_187;https://iga.in.gov/legislative/2026/legislators/legislator_robert_behning_187;https://justfacts.votesmart.org/candidate/biography/4626/bob-behning;https://www.indianahouserepublicans.com/members;https://www.indianahouserepublicans.com/members/;https://www.indianahouserepublicans.com/members/general/bob-behning;https://www.indianahouserepublicans.com/members/general/bob-behning/?back=members;https://www.linkedin.com/in/bob-behning-53006143,,,,,,,,,,,
ocd-person/791928fe-00bb-46bf-9b57-36b7a40e0250,Bob Heaton,Republican,46,lower,Bob,Heaton,Male,h46@iga.in.gov,,1956-09-28,,https://www.indianahouserepublicans.com/clientuploads/directory/members/Main_List/Heaton_Main_List.jpg,https://iga.in.gov/legislative/2021/legislators/legislator_robert_heaton_1030;https://iga.in.gov/legislative/2021/legislators/legislator_robert_heaton_1030/;https://iga.in.gov/legislative/2024/legislators/legislator_robert_heaton_1030/;https://iga.in.gov/legislative/2026/legislators/legislator_robert_heaton_1030/;https://www.indianahouserepublicans.com/members/leadership/bob-heaton/;https://www.indianahouserepublicans.com/members/leadership/bob-heaton/?back=members,https://api.iga.in.gov/2021/legislators/robert_heaton_1030;https://ballotpedia.org/Bob_Heaton;https://en.wikipedia.org/wiki/Bob_Heaton;https://iga.in.gov/legislative/2021/legislators/legislator_robert_heaton_1030;https://iga.in.gov/legislative/2021/legislators/legislator_robert_heaton_1030/;https://iga.in.gov/legislative/2024/legislators/legislator_robert_heaton_1030;https://iga.in.gov/legislative/2026/legislators/legislator_robert_heaton_1030;https://justfacts.votesmart.org/candidate/biography/102943/bob-heaton;https://www.indianahouserepublicans.com/members;https://www.indianahouserepublicans.com/members/;https://www.indianahouserepublicans.com/members/leadership/bob-heaton;https://www.indianahouserepublicans.com/members/leadership/bob-heaton/?back=members,,,,,,,,,,,
ocd-person/20851625-bc7c-41ed-841e-27af062bc03e,Bob Morris,Republican,84,lower,Bob,Morris,Male,h84@iga.in.gov,,,,https://www.indianahouserepublicans.com/clientuploads/directory/members/Main_List/Morris_Main_list.jpg,https://iga.in.gov/legislative/2021/legislators/legislator_robert_morris_1021;https://iga.in.gov/legislative/2021/legislators/legislator_robert_morris_1021/;https://iga.in.gov/legislative/2024/legislators/legislator_robert_morris_1021/;https://iga.in.gov/legislative/2026/legislators/legislator_robert_morris_1021/;https://www.indianahouserepublicans.com/members/general/bob-morris/;https://www.indianahouserepublicans.com/members/general/bob-morris/?back=members,https://api.iga.in.gov/2021/legislators/robert_morris_1021;https://ballotpedia.org/Bob_Morris;https://en.wikipedia.org/wiki/Robert_Morris_(Indiana_politician);https://iga.in.gov/legislative/2021/legislators/legislator_robert_morris_1021;https://iga.in.gov/legislative/2021/legislators/legislator_robert_morris_1021/;https://iga.in.gov/legislative/2024/legislators/legislator_robert_morris_1021;https://iga.in.gov/legislative/2026/legislators/legislator_robert_morris_1021;https://justfacts.votesmart.org/candidate/biography/127376/bob-morris;https://www.indianahouserepublicans.com/members;https://www.indianahouserepublicans.com/members/;https://www.indianahouserepublicans.com/members/general/bob-morris;https://www.indianahouserepublicans.com/members/general/bob-morris/?back=members,,,,,,,,,,,
ocd-person/d15f8f7e-148b-47fc-858d-84ad23347f64,Robin Shackleford,Democratic,98,lower,Robin,Shackleford,Female,h98@iga.in.gov,,1970-10-30,,https://indianahousedemocrats.org/images/made/images/remote/https_assets.indianahousedemocrats.org/members/Headshots/shackleford20200407portrait_800_999_80.jpg,https://iga.in.gov/legislative/2021/legislators/legislator_robin_shackleford_1128;https://iga.in.gov/legislative/2021/legislators/legislator_robin_shackleford_1128/;https://iga.in.gov/legislative/2024/legislators/legislator_robin_shackleford_1128/;https://iga.in.gov/legislative/2026/legislators/legislator_robin_shackleford_1128/;https://indianahousedemocrats.org/members/robin-shackleford,https://api.iga.in.gov/2021/legislators/robin_shackleford_1128;https://ballotpedia.org/Robin_Shackleford;https://en.wikipedia.org/wiki/Robin_Shackleford;https://iga.in.gov/legislative/2021/legislators/legislator_robin_shackleford_1128;https://iga.in.gov/legislative/2021/legislators/legislator_robin_shackleford_1128/;https://iga.in.gov/legislative/2024/legislators/legislator_robin_shackleford_1128;https://iga.in.gov/legislative/2026/legislators/legislator_robin_shackleford_1128;https://indianahousedemocrats.org/members;https://indianahousedemocrats.org/members/robin-shackleford;https://indianahousedemocrats.org/members/robin-shackleford/full;https://justfacts.votesmart.org/candidate/biography/120367/robin-shackleford;https://www.linkedin.com/in/robinshackleford,,,,,,,,,,,
ocd-person/4058ba4c-30a9-46a7-80a1-1f3de1e44a2f,Rodney Pol,Democratic,4,upper,Rodney,Pol,Male,s4@iga.in.gov,,,,https://indianasenatedemocrats.org/wp-content/uploads/2021/11/Senator-Pol_Hoosierjpg.jpg,https://indianasenatedemocrats.org/senators/s4/;https://indianasenatedemocrats.orghttps://www.indianasenatedemocrats.org/s4;https://www.indianasenatedemocrats.org/senators/s4/,https://ballotpedia.org/Rodney_Pol_Jr.;https://en.wikipedia.org/wiki/Rodney_Pol_Jr.;https://indianasenatedemocrats.org/senators/s4;https://indianasenatedemocrats.org/senators/s4/;https://justfacts.votesmart.org/candidate/200559/rodney-pol-jr;https://www.indianasenatedemocrats.org/s4;https://www.indianasenatedemocrats.org/senators;https://www.indianasenatedemocrats.org/senators/;https://www.indianasenatedemocrats.org/senators/s4;https://www.indianasenatedemocrats.org/senators/s4/;https://www.linkedin.com/in/rodney-pol-jr-47381883,,,,,,,SenRodneyPol,,,StateSenatorRodneyPolJr,
ocd-person/766cf9c2-a001-49a1-8fba-075a0510767d,Rod Bray,Republican,37,upper,Rod,Bray,Male,s37@iga.in.gov,,,,https://cdn.zephyrcms.com/300cdb3a-5a3e-4686-9576-da26eb5ed28f/-/progressive/yes/-/format/jpeg/-/scale_crop/200x300/center/-/stretch/off/bray-website.jpg,https://iga.in.gov/legislative/2021/legislators/legislator_rodric_bray_1106;https://iga.in.gov/legislative/2022/legislators/legislator_rodric_bray_1106/;https://www.indianasenaterepublicans.com/bray,https://api.iga.in.gov/2021/legislators/rodric_bray_1106;https://ballotpedia.org/Rodric_D._Bray;https://en.wikipedia.org/wiki/Rodric_Bray;https://iga.in.gov/legislative/2021/legislators/legislator_rodric_bray_1106;https://iga.in.gov/legislative/2022/legislators/legislator_rodric_bray_1106;https://iga.in.gov/legislative/2022/legislators/legislator_rodric_bray_1106/;https://justfacts.votesmart.org/candidate/biography/136001/rodric-bray;https://www.indianasenaterepublicans.com/bray;https://www.indianasenaterepublicans.com/senators;https://www.linkedin.com/in/rod-bray-63338316,,,,,,,,,,,
ocd-person/91572a47-dcdf-4be5-8fec-99630da33a39,Ron Alting,Republican,22,upper,Ron,Alting,Male,s22@iga.in.gov,,,,https://cdn.zephyrcms.com/f9fc698d-3a8c-4782-b57e-476b26b9bc36/-/progressive/yes/-/format/jpeg/-/scale_crop/200x300/center/-/stretch/off/2021-alting-2.jpg,https://iga.in.gov/legislative/2021/legislators/legislator_ron_alting_538;https://iga.in.gov/legislative/2022/legislators/legislator_ron_alting_538/;https://iga.in.gov/legislative/2026/legislators/legislator_ron_alting_538/;https://www.indianasenaterepublicans.com/alting,https://api.iga.in.gov/2021/legislators/ron_alting_538;https://ballotpedia.org/Ronnie_Alting;https://en.wikipedia.org/wiki/Ron_Alting;https://iga.in.gov/legislative/2021/legislators/legislator_ron_alting_538;https://iga.in.gov/legislative/2022/legislators/legislator_ron_alting_538;https://iga.in.gov/legislative/2022/legislators/legislator_ron_alting_538/;https://iga.in.gov/legislative/2026/legislators/legislator_ron_alting_538;https://justfacts.votesmart.org/candidate/biography/18533/ron-alting;https://www.indianasenaterepublicans.com/alting;https://www.indianasenaterepublicans.com/senators,,,,,,,,,,,
ocd-person/16b01fca-3a93-41a3-ad6a-f2bf9209ddf7,Ryan Dvorak,Democratic,8,lower,Ryan,Dvorak,Male,h8@iga.in.gov,,,,https://indianahousedemocrats.org/images/made/images/remote/https_assets.indianahousedemocrats.org/members/Headshots/dvorak_resized_800_1000_80.jpg,https://iga.in.gov/legislative/2021/legislators/legislator_ryan_dvorak_697;https://iga.in.gov/legislative/2021/legislators/legislator_ryan_dvorak_697/;https://iga.in.gov/legislative/2024/legislators/legislator_ryan_dvorak_697/;https://iga.in.gov/legislative/2026/legislators/legislator_ryan_dvorak_697/;https://indianahousedemocrats.org/members/ryan-dvorak,https://api.iga.in.gov/2021/legislators/ryan_dvorak_697;https://ballotpedia.org/Ryan_Dvorak;https://en.wikipedia.org/wiki/Ryan_Dvorak;https://iga.in.gov/legislative/2021/legislators/legislator_ryan_dvorak_697;https://iga.in.gov/legislative/2021/legislators/legislator_ryan_dvorak_697/;https://iga.in.gov/legislative/2024/legislators/legislator_ryan_dvorak_697;https://iga.in.gov/legislative/2026/legislators/legislator_ryan_dvorak_697;https://indianahousedemocrats.org/members;https://indianahousedemocrats.org/members/ryan-dvorak;https://indianahousedemocrats.org/members/ryan-dvorak/full,,,,,,,,,,,
ocd-person/d96c807a-9e72-4861-bca4-67d787cbf49f,Ryan Lauer,Republican,59,lower,Ryan,Lauer,Male,h59@iga.in.gov,,,,https://www.indianahouserepublicans.com/clientuploads/directory/members/Main_List/Lauer_Mainlist_Image.png,https://iga.in.gov/legislative/2019/legislators/legislator_ryan_lauer_1/;https://iga.in.gov/legislative/2021/legislators/legislator_ryan_lauer_1;https://iga.in.gov/legislative/2024/legislators/legislator_ryan_lauer_1/;https://iga.in.gov/legislative/2026/legislators/legislator_ryan_lauer_1/;https://www.indianahouserepublicans.com/members/general/ryan-lauer/;https://www.indianahouserepublicans.com/members/general/ryan-lauer/?back=members,https://api.iga.in.gov/2021/legislators/ryan_lauer_1;https://ballotpedia.org/Ryan_Lauer;https://en.wikipedia.org/wiki/Ryan_Lauer;https://iga.in.gov/legislative/2021/legislators/legislator_ryan_lauer_1;https://iga.in.gov/legislative/2024/legislators/legislator_ryan_lauer_1;https://iga.in.gov/legislative/2026/legislators/legislator_ryan_lauer_1;https://justfacts.votesmart.org/candidate/biography/130810/ryan-lauer;https://www.indianahouserepublicans.com/members;https://www.indianahouserepublicans.com/members/;https://www.indianahouserepublicans.com/members/general/ryan-lauer;https://www.indianahouserepublicans.com/members/general/ryan-lauer/;https://www.indianahouserepublicans.com/members/general/ryan-lauer/?back=members,,,,,,,,,,,
ocd-person/010e5ebe-683c-4fe2-9696-46f7f0b4bea6,Ryan Mishler,Republican,9,upper,Ryan,Mishler,Male,s9@iga.in.gov,,1968-05-23,,https://cdn.zephyrcms.com/8b844e0e-016b-4425-bb3b-2134052d1240/-/progressive/yes/-/format/jpeg/-/scale_crop/200x300/center/-/stretch/off/mishler-website.jpg,https://iga.in.gov/legislative/2021/legislators/legislator_ryan_mishler_801;https://iga.in.gov/legislative/2022/legislators/legislator_ryan_mishler_801/;https://www.indianasenaterepublicans.com/mishler,https://api.iga.in.gov/2021/legislators/ryan_mishler_801;https://ballotpedia.org/Ryan_Mishler;https://en.wikipedia.org/wiki/Ryan_Mishler;https://iga.in.gov/legislative/2021/legislators/legislator_ryan_mishler_801;https://iga.in.gov/legislative/2022/legislators/legislator_ryan_mishler_801;https://iga.in.gov/legislative/2022/legislators/legislator_ryan_mishler_801/;https://justfacts.votesmart.org/candidate/biography/33992/ryan-mishler;https://www.indianasenaterepublicans.com/mishler;https://www.indianasenaterepublicans.com/senators;https://www.linkedin.com/in/ryan-mishler-079baa8a,,,,,,,,,,,
ocd-person/75d45200-93a5-45b7-90c2-9b3014d7f827,Scott Alexander,Republican,26,upper,Scott,Alexander,Male,s26@iga.in.gov,,,,https://cdn.zephyrcms.com/db6aec75-3f20-4efc-89cb-f7272ded9267/-/progressive/yes/-/format/jpeg/-/scale_crop/200x300/center/-/stretch/off/alexander-website.jpg,https://www.indianasenaterepublicans.com/alexander,https://ballotpedia.org/Scott_Alexander_(Indiana);https://en.wikipedia.org/wiki/Scott_Alexander_(Indiana_politician);https://justfacts.votesmart.org/candidate/148256/scott-alexander;https://www.indianasenaterepublicans.com/alexander;https://www.indianasenaterepublicans.com/senators;https://www.linkedin.com/in/scott-alexander-9287a25a,,,,,,,,,,,
ocd-person/7aea558c-2623-446e-9870-9ee2b8fe5e47,Scott Baldwin,Republican,20,upper,Scott,Baldwin,Male,s20@iga.in.gov,,,,https://cdn.zephyrcms.com/2a259e46-1091-4af6-8894-cd56343d3aa1/-/progressive/yes/-/format/jpeg/-/scale_crop/200x300/center/-/stretch/off/baldwin-2.jpg,https://iga.in.gov/legislative/2021/legislators/legislator_scott_baldwin_1;https://iga.in.gov/legislative/2022/legislators/legislator_scott_baldwin_1/;https://www.indianasenaterepublicans.com/baldwin,https://api.iga.in.gov/2021/legislators/scott_baldwin_1;https://ballotpedia.org/Scott_Baldwin;https://en.wikipedia.org/wiki/Scott_Baldwin_(politician);https://iga.in.gov/legislative/2021/legislators/legislator_scott_baldwin_1;https://iga.in.gov/legislative/2022/legislators/legislator_scott_baldwin_1;https://justfacts.votesmart.org/candidate/key-votes/189709/scott-baldwin;https://www.indianasenaterepublicans.com/baldwin;https://www.indianasenaterepublicans.com/senators;https://www.linkedin.com/in/scottabaldwin,,,,,,,,,,,
ocd-person/2a0b391a-a59d-4b7f-907b-87980c2714d8,Shane Lindauer,Republican,63,lower,Shane,Lindauer,Male,h63@iga.in.gov,,,,https://www.indianahouserepublicans.com/clientuploads/directory/members/Main_List/Lindauer_Main_List.jpg,https://iga.in.gov/legislative/2019/legislators/legislator_shane_lindauer_1/;https://iga.in.gov/legislative/2021/legislators/legislator_shane_lindauer_1;https://iga.in.gov/legislative/2024/legislators/legislator_shane_lindauer_1/;https://iga.in.gov/legislative/2026/legislators/legislator_shane_lindauer_1/;https://www.indianahouserepublicans.com/members/general/rep.-shane-lindauer/;https://www.indianahouserepublicans.com/members/general/shane-lindauer/;https://www.indianahouserepublicans.com/members/general/shane-lindauer/?back=members;https://www.indianahouserepublicans.com/members/leadership/shane-lindauer/?back=members,https://api.iga.in.gov/2021/legislators/shane_lindauer_1;https://ballotpedia.org/Shane_Lindauer;https://en.wikipedia.org/wiki/Shane_Lindauer;https://iga.in.gov/legislative/2019/legislators/legislator_shane_lindauer_1;https://iga.in.gov/legislative/2019/legislators/legislator_shane_lindauer_1/;https://iga.in.gov/legislative/2021/legislators/legislator_shane_lindauer_1;https://iga.in.gov/legislative/2024/legislators/legislator_shane_lindauer_1;https://iga.in.gov/legislative/2026/legislators/legislator_shane_lindauer_1;https://justfacts.votesmart.org/candidate/130961/shane-lindauer;https://www.indianahouserepublicans.com/members;https://www.indianahouserepublicans.com/members/;https://www.indianahouserepublicans.com/members/general/rep.-shane-lindauer;https://www.indianahouserepublicans.com/members/general/shane-lindauer;https://www.indianahouserepublicans.com/members/general/shane-lindauer/?back=members;https://www.indianahouserepublicans.com/members/leadership/shane-lindauer/?back=members;https://www.linkedin.com/in/shane-lindauer-742a5317,,,,,,,,,,,
ocd-person/68f44f31-ba0b-4641-a656-f05e91c02cd8,Sheila Klinker,Democratic,27,lower,Sheila,Klinker,Female,h27@iga.in.gov,,1938-12-20,,https://indianahousedemocrats.org/images/made/images/remote/https_assets.indianahousedemocrats.org/members/Headshots/Klinker_updated_800_1036.png,https://iga.in.gov/legislative/2021/legislators/legislator_sheila_klinker_212;https://iga.in.gov/legislative/2021/legislators/legislator_sheila_klinker_212/;https://iga.in.gov/legislative/2024/legislators/legislator_sheila_klinker_212/;https://iga.in.gov/legislative/2025/legislators/legislator_sheila_klinker_212/;https://indianahousedemocrats.org/members/sheila-klinker,https://api.iga.in.gov/2021/legislators/sheila_klinker_212;https://ballotpedia.org/Sheila_Ann_Klinker;https://ballotpedia.org/Sheila_Klinker;https://en.wikipedia.org/wiki/Sheila_Klinker;https://iga.in.gov/legislative/2021/legislators/legislator_sheila_klinker_212;https://iga.in.gov/legislative/2021/legislators/legislator_sheila_klinker_212/;https://iga.in.gov/legislative/2024/legislators/legislator_sheila_klinker_212;https://iga.in.gov/legislative/2025/legislators/legislator_sheila_klinker_212;https://indianahousedemocrats.org/members;https://indianahousedemocrats.org/members/sheila-klinker;https://indianahousedemocrats.org/members/sheila-klinker/full;https://justfacts.votesmart.org/candidate/biography/4682/sheila-klinker,,,,,,,,,,,
ocd-person/872447dd-3b06-421e-af8c-25ea68aa5ae4,Shelli Yoder,Democratic,40,upper,Shelli,Yoder,Female,s40@iga.in.gov,,1968-08-30,,https://indianasenatedemocrats.org/wp-content/uploads/2020/12/Senator-Yoder.jpg,https://iga.in.gov/legislative/2021/legislators/legislator_shelli_yoder_1;https://iga.in.gov/legislative/2022/legislators/legislator_shelli_yoder_1/;https://iga.in.gov/legislative/2025/legislators/legislator_shelli_yoder_1/;https://indianasenatedemocrats.org/senators/s40/;https://indianasenatedemocrats.orghttps://www.indianasenatedemocrats.org/s40;https://www.indianasenatedemocrats.org/senators/s40/,https://api.iga.in.gov/2021/legislators/shelli_yoder_1;https://ballotpedia.org/Shelli_Yoder;https://en.wikipedia.org/wiki/Shelli_Yoder;https://iga.in.gov/legislative/2021/legislators/legislator_shelli_yoder_1;https://iga.in.gov/legislative/2022/legislators/legislator_shelli_yoder_1;https://iga.in.gov/legislative/2022/legislators/legislator_shelli_yoder_1/;https://iga.in.gov/legislative/2025/legislators/legislator_shelli_yoder_1;https://indianasenatedemocrats.org/senators/s40;https://justfacts.votesmart.org/candidate/biography/135982/shelli-yoder;https://www.indianasenatedemocrats.org/s40;https://www.indianasenatedemocrats.org/senators;https://www.indianasenatedemocrats.org/senators/;https://www.indianasenatedemocrats.org/senators/s40;https://www.indianasenatedemocrats.org/senators/s40/;https://www.linkedin.com/in/shelliyoder,,,,,,,SenatorYoder,,,SenatorShelliYoder,
ocd-person/5f8f629e-daed-4a92-ab9b-98c4127d8a0e,Spencer Deery,Republican,23,upper,Spencer,Deery,Male,s23@iga.in.gov,,,,https://cdn.zephyrcms.com/d1a172a6-548d-4c74-9d9d-ea2f1bab1443/-/progressive/yes/-/format/jpeg/-/scale_crop/200x300/center/-/stretch/off/derry-website.jpg,https://www.indianasenaterepublicans.com/deery,https://ballotpedia.org/Spencer_Deery;https://en.wikipedia.org/wiki/Spencer_Deery;https://justfacts.votesmart.org/candidate/201932/spencer-deery;https://www.indianasenaterepublicans.com/deery;https://www.indianasenaterepublicans.com/senators;https://www.linkedin.com/in/spencerdeery,,,,,,,,,,,
ocd-person/b2c735b9-54fb-4e12-9fef-36ffda822b43,Stacey Donato,Republican,18,upper,Stacey,Donato,Female,s18@iga.in.gov,,,,https://cdn.zephyrcms.com/48630e3d-f299-4f66-a5d9-052719d70bb5/-/progressive/yes/-/format/jpeg/-/scale_crop/200x300/center/-/stretch/off/donato.jpg,https://iga.in.gov/legislative/2021/legislators/legislator_stacey_donato_1;https://iga.in.gov/legislative/2022/legislators/legislator_stacey_donato_1/;https://iga.in.gov/legislative/2026/legislators/legislator_stacey_donato_1/;https://www.indianasenaterepublicans.com/donato,https://api.iga.in.gov/2021/legislators/stacey_donato_1;https://ballotpedia.org/Stacey_Donato;https://en.wikipedia.org/wiki/Stacey_Donato;https://iga.in.gov/legislative/2021/legislators/legislator_stacey_donato_1;https://iga.in.gov/legislative/2022/legislators/legislator_stacey_donato_1;https://iga.in.gov/legislative/2026/legislators/legislator_stacey_donato_1;https://justfacts.votesmart.org/candidate/148239/stacey-donato;https://www.indianasenaterepublicans.com/donato;https://www.indianasenaterepublicans.com/senators;https://www.linkedin.com/in/stacey-donato-4508a9114,,,,,,,,,,,
ocd-person/df749cfb-56e8-482f-bf4b-183a1fb52594,Steve Bartels,Republican,74,lower,Steve,Bartels,Male,h74@iga.in.gov,,,,https://www.indianahouserepublicans.com/clientuploads/directory/members/Main_List/Bartels_Main_List.jpg,https://iga.in.gov/legislative/2019/legislators/legislator_stephen_bartels_1/;https://iga.in.gov/legislative/2021/legislators/legislator_stephen_bartels_1;https://iga.in.gov/legislative/2024/legislators/legislator_stephen_bartels_1/;https://iga.in.gov/legislative/2026/legislators/legislator_stephen_bartels_1/;https://www.indianahouserepublicans.com/members/general/stephen-bartels;https://www.indianahouserepublicans.com/members/leadership/stephen-bartels/?back=members,https://api.iga.in.gov/2021/legislators/stephen_bartels_1;https://ballotpedia.org/Steve_Bartels;https://en.wikipedia.org/wiki/Stephen_Bartels;https://iga.in.gov/legislative/2019/legislators/legislator_stephen_bartels_1;https://iga.in.gov/legislative/2019/legislators/legislator_stephen_bartels_1/;https://iga.in.gov/legislative/2021/legislators/legislator_stephen_bartels_1;https://iga.in.gov/legislative/2024/legislators/legislator_stephen_bartels_1;https://iga.in.gov/legislative/2026/legislators/legislator_stephen_bartels_1;https://justfacts.votesmart.org/candidate/biography/148248/stephen-bartels;https://www.indianahouserepublicans.com/members;https://www.indianahouserepublicans.com/members/;https://www.indianahouserepublicans.com/members/general/stephen-bartels;https://www.indianahouserepublicans.com/members/leadership/stephen-bartels/?back=members;https://www.linkedin.com/in/stephen-bartels-940300153,,,,,,,,,,,
ocd-person/98feacbe-3be5-407e-a437-66d65a836a5e,Sue Errington,Democratic,34,lower,Sue,Errington,Female,h34@iga.in.gov,,,,https://indianahousedemocrats.org/images/made/images/remote/https_assets.indianahousedemocrats.org/banners/errington_UPDATED_headshot_800_999_80.jpg,https://iga.in.gov/legislative/2019/legislators/legislator_sue_errington_866/;https://iga.in.gov/legislative/2021/legislators/legislator_sue_errington_866;https://iga.in.gov/legislative/2024/legislators/legislator_sue_errington_866/;https://iga.in.gov/legislative/2026/legislators/legislator_sue_errington_866/;https://indianahousedemocrats.org/members/sue-errington,https://api.iga.in.gov/2021/legislators/sue_errington_866;https://ballotpedia.org/Sue_Errington;https://en.wikipedia.org/wiki/Sue_Errington;https://iga.in.gov/legislative/2019/legislators/legislator_sue_errington_866;https://iga.in.gov/legislative/2019/legislators/legislator_sue_errington_866/;https://iga.in.gov/legislative/2021/legislators/legislator_sue_errington_866;https://iga.in.gov/legislative/2024/legislators/legislator_sue_errington_866;https://iga.in.gov/legislative/2026/legislators/legislator_sue_errington_866;https://indianahousedemocrats.org/members;https://indianahousedemocrats.org/members/sue-errington;https://indianahousedemocrats.org/members/sue-errington/full;https://justfacts.votesmart.org/candidate/biography/10394/sue-errington;https://www.linkedin.com/in/sue-errington-81b37a8,,,,,,,,,,,
ocd-person/a0b2ce58-2c2d-4b71-a9e2-7b8ae153d53f,Sue Glick,Republican,13,upper,Sue,Glick,Female,s13@iga.in.gov,,,,https://cdn.zephyrcms.com/9104a840-3113-47f6-b8fc-112521fe5577/-/progressive/yes/-/format/jpeg/-/scale_crop/200x300/center/-/stretch/off/glick-website.jpg,https://iga.in.gov/legislative/2021/legislators/legislator_susan_glick_1048;https://iga.in.gov/legislative/2022/legislators/legislator_susan_glick_1048/;https://www.indianasenaterepublicans.com/glick,https://api.iga.in.gov/2021/legislators/susan_glick_1048;https://ballotpedia.org/Susan_Glick;https://en.wikipedia.org/wiki/Sue_Glick;https://iga.in.gov/legislative/2021/legislators/legislator_susan_glick_1048;https://iga.in.gov/legislative/2022/legislators/legislator_susan_glick_1048;https://iga.in.gov/legislative/2022/legislators/legislator_susan_glick_1048/;https://justfacts.votesmart.org/candidate/biography/128689/susan-glick;https://www.indianasenaterepublicans.com/glick;https://www.indianasenaterepublicans.com/senators;https://www.linkedin.com/in/sue-glick-08872473,,,,,,,,,,,
ocd-person/87eb34dc-70d6-4614-a871-568a836ff552,Tim O'Brien,Republican,78,lower,Tim,O'Brien,Male,h78@iga.in.gov,,,,https://www.indianahouserepublicans.com/clientuploads/directory/members/Main_List/OBrien_Mainlist2.jpg,https://iga.in.gov/legislative/2021/legislators/legislator_timothy_obrien_1/;https://iga.in.gov/legislative/2024/legislators/legislator_timothy_obrien_1/;https://iga.in.gov/legislative/2026/legislators/legislator_timothy_obrien_1/;https://www.indianahouserepublicans.com/members/general/tim-o-brien;https://www.indianahouserepublicans.com/members/general/tim-o-brien/?back=members,https://ballotpedia.org/Tim_O%27Brien_(Indiana);https://en.wikipedia.org/wiki/Tim_O%27Brien_(Indiana_politician);https://iga.in.gov/legislative/2024/legislators/legislator_timothy_obrien_1;https://iga.in.gov/legislative/2026/legislators/legislator_timothy_obrien_1;https://justfacts.votesmart.org/candidate/key-votes/195919/tim-obrien;https://www.indianahouserepublicans.com/members;https://www.indianahouserepublicans.com/members/;https://www.indianahouserepublicans.com/members/general/tim-o-brien;https://www.indianahouserepublicans.com/members/general/tim-o-brien/?back=members;https://www.linkedin.com/in/timothyaobrien,,,,,,,,,,,
ocd-person/fb16b382-4ca4-47c2-abaf-3c6e72f5a780,Tim Yocum,Republican,42,lower,Tim,Yocum,Male,h42@iga.in.gov,,,,,https://iga.in.gov/legislative/2026/legislators/legislator_tim_yocum_1;https://www.indianahouserepublicans.com/members/general/tim-yocum/,https://ballotpedia.org/Tim_Yocum;https://en.wikipedia.org/wiki/Tim_Yocum;https://iga.in.gov/legislative/2026/legislators/legislator_tim_yocum_1;https://justfacts.votesmart.org/candidate/158728/tim-yocum;https://www.indianahouserepublicans.com/members/general/tim-yocum;https://www.linkedin.com/in/tim-yocum-4b905346,,,,,,,,,,,
ocd-person/fbcd4d2c-32c6-4c97-837b-4e4ed80c43df,Tim Wesco,Republican,21,lower,Tim,Wesco,Male,h21@iga.in.gov,,,,https://www.indianahouserepublicans.com/clientuploads/directory/members/Main_List/Wesco_MainList2023.png,https://iga.in.gov/legislative/2021/legislators/legislator_timothy_wesco_1025;https://iga.in.gov/legislative/2023/legislators/legislator_timothy_wesco_1025/;https://iga.in.gov/legislative/2024/legislators/legislator_timothy_wesco_1025/;https://iga.in.gov/legislative/2026/legislators/legislator_timothy_wesco_1025/;https://www.indianahouserepublicans.com/members/general/timothy-wesco/;https://www.indianahouserepublicans.com/members/general/timothy-wesco/?back=members,https://api.iga.in.gov/2021/legislators/timothy_wesco_1025;https://ballotpedia.org/Timothy_Wesco;https://en.wikipedia.org/wiki/Timothy_Wesco;https://iga.in.gov/legislative/2021/legislators/legislator_timothy_wesco_1025;https://iga.in.gov/legislative/2023/legislators/legislator_timothy_wesco_1025;https://iga.in.gov/legislative/2023/legislators/legislator_timothy_wesco_1025/;https://iga.in.gov/legislative/2024/legislators/legislator_timothy_wesco_1025;https://iga.in.gov/legislative/2026/legislators/legislator_timothy_wesco_1025;https://justfacts.votesmart.org/candidate/biography/120359/timothy-wesco;https://www.indianahouserepublicans.com/members;https://www.indianahouserepublicans.com/members/;https://www.indianahouserepublicans.com/members/general/timothy-wesco;https://www.indianahouserepublicans.com/members/general/timothy-wesco/?back=members;https://www.linkedin.com/in/timothywesco,,,,,,,,,,,
ocd-person/d2667b82-c381-495d-b533-c70a9ae92ec0,Todd Huston,Republican,37,lower,Todd,Huston,Male,h37@iga.in.gov,,1972-04-06,,https://www.indianahouserepublicans.com/clientuploads/directory/members/Main_List/Speaker_Huston_Lister.png,https://iga.in.gov/legislative/2021/legislators/legislator_todd_huston_1114;https://iga.in.gov/legislative/2024/legislators/legislator_todd_huston_1114;https://iga.in.gov/legislative/2026/legislators/legislator_todd_huston_1114;https://www.indianahouserepublicans.com/members/leadership/todd-huston/;https://www.indianahouserepublicans.com/members/leadership/todd-huston/?back=members,https://api.iga.in.gov/2021/legislators/todd_huston_1114;https://ballotpedia.org/Todd_Huston;https://en.wikipedia.org/wiki/Todd_Huston;https://iga.in.gov/legislative/2021/legislators/legislator_todd_huston_1114;https://iga.in.gov/legislative/2024/legislators/legislator_todd_huston_1114;https://iga.in.gov/legislative/2026/legislators/legislator_todd_huston_1114;https://justfacts.votesmart.org/candidate/biography/136018/todd-huston;https://www.indianahouserepublicans.com/members;https://www.indianahouserepublicans.com/members/;https://www.indianahouserepublicans.com/members/leadership/todd-huston;https://www.indianahouserepublicans.com/members/leadership/todd-huston/;https://www.indianahouserepublicans.com/members/leadership/todd-huston/?back=members;https://www.linkedin.com/in/todd-huston-635b765,,,,,,,,,,,
ocd-person/e75ceaff-b623-4887-90a3-2b5328d184c5,Tony Isa,Republican,51,lower,Tony,Isa,Male,h51@iga.in.gov,,,,https://friendsoftonyisa.com/wp-content/uploads/2023/12/Tony_Cutout.png,https://iga.in.gov/legislative/2026/legislators/legislator_tony_isa_1;https://www.indianahouserepublicans.com/members/general/tony-isa;https://www.indianahouserepublicans.com/members/general/tony-isa/?back=members,https://ballotpedia.org/Tony_Isa;https://en.wikipedia.org/wiki/Tony_Isa;https://iga.in.gov/legislative/2026/legislators/legislator_tony_isa_1;https://justfacts.votesmart.org/candidate/214731/tony-isa;https://www.indianahouserepublicans.com/members/general/tony-isa;https://www.indianahouserepublicans.com/members/general/tony-isa/?back=members;https://www.linkedin.com/in/tony-isa-59866015b,,,,,,,,,,,
ocd-person/0f97a586-0089-4eb8-86c1-40f42bc1f594,Tonya Pfaff,Democratic,43,lower,Tonya,Pfaff,Female,h43@iga.in.gov,,,,https://indianahousedemocrats.org/images/made/images/remote/https_assets.indianahousedemocrats.org/members/Headshots/Pfaff-headshot-118_web_800_999_80.jpg,https://iga.in.gov/legislative/2019/legislators/legislator_tonya_pfaff_1/;https://iga.in.gov/legislative/2021/legislators/legislator_tonya_pfaff_1;https://iga.in.gov/legislative/2024/legislators/legislator_tonya_pfaff_1/;https://iga.in.gov/legislative/2026/legislators/legislator_tonya_pfaff_1/;https://indianahousedemocrats.org/members/tonya-pfaff,https://api.iga.in.gov/2021/legislators/tonya_pfaff_1;https://ballotpedia.org/Tonya_Pfaff;https://en.wikipedia.org/wiki/Tonya_Pfaff;https://iga.in.gov/legislative/2019/legislators/legislator_tonya_pfaff_1;https://iga.in.gov/legislative/2019/legislators/legislator_tonya_pfaff_1/;https://iga.in.gov/legislative/2021/legislators/legislator_tonya_pfaff_1;https://iga.in.gov/legislative/2024/legislators/legislator_tonya_pfaff_1;https://iga.in.gov/legislative/2026/legislators/legislator_tonya_pfaff_1;https://indianahousedemocrats.org/members;https://indianahousedemocrats.org/members/tonya-pfaff;https://indianahousedemocrats.org/members/tonya-pfaff/full;https://justfacts.votesmart.org/candidate/biography/178110/tonya-pfaff;https://www.linkedin.com/in/tonya-pfaff-8ab438167,,,,,,,,,,,
ocd-person/aa948d0d-f7d1-4a11-a58b-986b0d61ebf7,Travis Holdman,Republican,19,upper,Travis,Holdman,Male,s19@iga.in.gov,,,,https://cdn.zephyrcms.com/83c9f297-e595-4d74-a5d1-05607adcc991/-/progressive/yes/-/format/jpeg/-/scale_crop/200x300/center/-/stretch/off/holdman.jpg,https://iga.in.gov/legislative/2021/legislators/legislator_travis_holdman_955;https://iga.in.gov/legislative/2022/legislators/legislator_travis_holdman_955/;https://iga.in.gov/legislative/2026/legislators/legislator_travis_holdman_955/;https://www.indianasenaterepublicans.com/holdman,https://api.iga.in.gov/2021/legislators/travis_holdman_955;https://ballotpedia.org/Travis_Holdman;https://en.wikipedia.org/wiki/Travis_Holdman;https://iga.in.gov/legislative/2021/legislators/legislator_travis_holdman_955;https://iga.in.gov/legislative/2022/legislators/legislator_travis_holdman_955;https://iga.in.gov/legislative/2022/legislators/legislator_travis_holdman_955/;https://iga.in.gov/legislative/2026/legislators/legislator_travis_holdman_955;https://justfacts.votesmart.org/candidate/biography/100497/travis-holdman;https://www.indianasenaterepublicans.com/holdman;https://www.indianasenaterepublicans.com/senators;https://www.linkedin.com/in/travis-holdman-019b406,,,,,,,,,,,
ocd-person/5e19b0fa-7bdc-4732-826c-adf5fbad4e21,Tyler Johnson,Republican,14,upper,Tyler,Johnson,Male,s14@iga.in.gov,,,,https://cdn.zephyrcms.com/91785bff-d689-4351-a1fa-2345256bf313/-/progressive/yes/-/format/jpeg/-/scale_crop/200x300/center/-/stretch/off/johnson-website.jpg,https://www.indianasenaterepublicans.com/johnson,https://ballotpedia.org/Tyler_Johnson_(Indiana);https://en.wikipedia.org/wiki/Tyler_Johnson_(politician);https://justfacts.votesmart.org/candidate/biography/201927/tyler-johnson;https://www.indianasenaterepublicans.com/johnson;https://www.indianasenaterepublicans.com/senators;https://www.linkedin.com/in/tyler-johnson-6b26a28a,,,,,,,,,,,
ocd-person/51d00dd2-d18c-4d77-9ad1-710016d30448,Vanessa Summers,Democratic,99,lower,Vanessa,Summers,Female,h99@iga.in.gov,,1958-04-24,,https://indianahousedemocrats.org/images/made/images/remote/https_assets.indianahousedemocrats.org/banners/summers_updated_headshot_800_999_80.jpg,https://iga.in.gov/legislative/2021/legislators/legislator_vanessa_summers_231;https://iga.in.gov/legislative/2021/legislators/legislator_vanessa_summers_231/;https://iga.in.gov/legislative/2024/legislators/legislator_vanessa_summers_231/;https://iga.in.gov/legislative/2025/legislators/legislator_vanessa_summers_231/;https://iga.in.gov/legislative/2026/legislators/legislator_vanessa_summers_231/;https://indianahousedemocrats.org/members/vanessa-summers,https://api.iga.in.gov/2021/legislators/vanessa_summers_231;https://ballotpedia.org/Vanessa_Summers;https://en.wikipedia.org/wiki/Vanessa_Summers;https://iga.in.gov/legislative/2021/legislators/legislator_vanessa_summers_231;https://iga.in.gov/legislative/2021/legislators/legislator_vanessa_summers_231/;https://iga.in.gov/legislative/2024/legislators/legislator_vanessa_summers_231;https://iga.in.gov/legislative/2025/legislators/legislator_vanessa_summers_231;https://iga.in.gov/legislative/2026/legislators/legislator_vanessa_summers_231;https://indianahousedemocrats.org/members;https://indianahousedemocrats.org/members/vanessa-summers;https://indianahousedemocrats.org/members/vanessa-summers/full;https://justfacts.votesmart.org/candidate/biography/4668/vanessa-summers,,,,,,,,,,,
ocd-person/b6be97c1-d574-443d-b493-224dcb6e2a7f,Vaneta Becker,Republican,50,upper,Vaneta,Becker,Female,s50@iga.in.gov,,1949-10-09,,https://cdn.zephyrcms.com/e904380d-6101-41f4-8699-7849dfa918dc/-/progressive/yes/-/format/jpeg/-/scale_crop/200x300/center/-/stretch/off/becker-website.jpg,https://iga.in.gov/legislative/2021/legislators/legislator_vaneta_becker_228;https://iga.in.gov/legislative/2022/legislators/legislator_vaneta_becker_228/;https://www.indianasenaterepublicans.com/becker,https://api.iga.in.gov/2021/legislators/vaneta_becker_228;https://ballotpedia.org/Vaneta_Becker;https://en.wikipedia.org/wiki/Vaneta_Becker;https://iga.in.gov/legislative/2021/legislators/legislator_vaneta_becker_228;https://iga.in.gov/legislative/2022/legislators/legislator_vaneta_becker_228;https://iga.in.gov/legislative/2022/legislators/legislator_vaneta_becker_228/;https://justfacts.votesmart.org/candidate/biography/4625/vaneta-becker;https://www.fctuckeremge.com/vaneta.becker;https://www.indianasenaterepublicans.com/becker;https://www.indianasenaterepublicans.com/senators,,,,,,,,,,,
ocd-person/86b7914b-08e6-4ac7-bcd6-b4afa4dceb09,Vernon Smith,Democratic,14,lower,Vernon,Smith,Male,h14@iga.in.gov,,1944-04-11,,https://indianahousedemocrats.org/images/made/images/remote/https_assets.indianahousedemocrats.org/members/Headshots/Smith_Vernon_web_2020_800_999_80.jpg,https://iga.in.gov/legislative/2021/legislators/legislator_vernon_smith_230;https://iga.in.gov/legislative/2021/legislators/legislator_vernon_smith_230/;https://iga.in.gov/legislative/2024/legislators/legislator_vernon_smith_230/;https://iga.in.gov/legislative/2026/legislators/legislator_vernon_smith_230/;https://indianahousedemocrats.org/members/vernon-smith,https://api.iga.in.gov/2021/legislators/vernon_smith_230;https://ballotpedia.org/Vernon_Smith;https://en.wikipedia.org/wiki/Vernon_Smith_(Indiana_politician);https://iga.in.gov/legislative/2021/legislators/legislator_vernon_smith_230;https://iga.in.gov/legislative/2021/legislators/legislator_vernon_smith_230/;https://iga.in.gov/legislative/2024/legislators/legislator_vernon_smith_230;https://iga.in.gov/legislative/2026/legislators/legislator_vernon_smith_230;https://indianahousedemocrats.org/members;https://indianahousedemocrats.org/members/vernon-smith;https://indianahousedemocrats.org/members/vernon-smith/full;https://justfacts.votesmart.org/candidate/biography/4711/vernon-smith;https://northwest.iu.edu/faculty/vernon-smith;https://www.linkedin.com/in/dr-vernon-g-smith-98ba8827,,,,,,,,,,,
ocd-person/58922dd9-3295-4d8f-a1ca-60356b1b4ad8,Victoria Garcia Wilburn,Democratic,32,lower,Victoria,Garcia Wilburn,Female,h32@iga.in.gov,,,,https://indianahousedemocrats.org/images/made/images/remote/https_assets.indianahousedemocrats.org/members/Headshots/garciawilburn20221129portrait-resized_800_942_80.jpg,https://iga.in.gov/legislative/2024/legislators/legislator_victoria_garcia_wilburn_1;https://iga.in.gov/legislative/2026/legislators/legislator_victoria_garcia_wilburn_1;https://indianahousedemocrats.org/members/victoria-garcia-wilburn,https://ballotpedia.org/Victoria_Garcia_Wilburn;https://en.wikipedia.org/wiki/Victoria_Wilburn;https://iga.in.gov/legislative/2024/legislators/legislator_victoria_garcia_wilburn_1;https://iga.in.gov/legislative/2026/legislators/legislator_victoria_garcia_wilburn_1;https://indianahousedemocrats.org/members;https://indianahousedemocrats.org/members/victoria-garcia-wilburn;https://indianahousedemocrats.org/members/victoria-garcia-wilburn/full;https://justfacts.votesmart.org/candidate/201982/victoria-garcia-wilburn;https://www.linkedin.com/in/victoria-garcia-wilburn-019b2b131,,,,,,,,,,,
ocd-person/0761bcc1-6fbf-4a37-8b52-46c2bc6912fa,Wendy Dant Chesser,Democratic,71,lower,Wendy,Dant Chesser,Female,h71@iga.in.gov,,,,https://assets.indianahousedemocrats.org/banners/Dant_Chesser_Wendy_media.jpg,https://iga.in.gov/legislative/2024/legislators/legislator_wendy_dant_chesser_1/;https://iga.in.gov/legislative/2026/legislators/legislator_wendy_dant_chesser_1/;https://indianahousedemocrats.org/members/wendy-dant-chesser,https://ballotpedia.org/Wendy_Dant_Chesser;https://en.wikipedia.org/wiki/Wendy_Dant_Chesser;https://iga.in.gov/legislative/2024/legislators/legislator_wendy_dant_chesser_1;https://iga.in.gov/legislative/2026/legislators/legislator_wendy_dant_chesser_1;https://indianahousedemocrats.org/members/wendy-dant-chesser;https://indianahousedemocrats.org/members/wendy-dant-chesser/full;https://justfacts.votesmart.org/candidate/218292/wendy-dant-chesser;https://southeast.iu.edu/medallion/biographies/wendy-dant-chesser.html;https://www.linkedin.com/in/wendy-dant-chesser-1856b6b,,,,,,,,,,,
ocd-person/ac2c89af-df39-4057-bdeb-15ca57b7ef9f,Wendy McNamara,Republican,76,lower,Wendy,McNamara,Female,h76@iga.in.gov,,1970-01-26,,https://www.indianahouserepublicans.com/clientuploads/directory/members/Main_List/McNamara_mainlist2.png,https://iga.in.gov/legislative/2019/legislators/legislator_wendy_mcnamara_1046/;https://iga.in.gov/legislative/2021/legislators/legislator_wendy_mcnamara_1046;https://iga.in.gov/legislative/2024/legislators/legislator_wendy_mcnamara_1046/;https://iga.in.gov/legislative/2026/legislators/legislator_wendy_mcnamara_1046/;https://www.indianahouserepublicans.com/members/general/wendy-mcnamara/?back=members;https://www.indianahouserepublicans.com/members/leadership/wendy-mcnamara/,https://api.iga.in.gov/2021/legislators/wendy_mcnamara_1046;https://ballotpedia.org/Wendy_McNamara;https://en.wikipedia.org/wiki/Wendy_McNamara;https://iga.in.gov/legislative/2019/legislators/legislator_wendy_mcnamara_1046;https://iga.in.gov/legislative/2019/legislators/legislator_wendy_mcnamara_1046/;https://iga.in.gov/legislative/2021/legislators/legislator_wendy_mcnamara_1046;https://iga.in.gov/legislative/2024/legislators/legislator_wendy_mcnamara_1046;https://iga.in.gov/legislative/2026/legislators/legislator_wendy_mcnamara_1046;https://justfacts.votesmart.org/candidate/biography/120421/wendy-mcnamara;https://www.indianahouserepublicans.com/members;https://www.indianahouserepublicans.com/members/;https://www.indianahouserepublicans.com/members/general/wendy-mcnamara/?back=members;https://www.indianahouserepublicans.com/members/leadership/wendy-mcnamara;https://www.linkedin.com/in/wendy-mcnamara-542b5512,,,,,,,,,,,
ocd-person/a74de022-873d-4a31-986c-66e81356a6f2,Zach Payne,Republican,66,lower,Zach,Payne,Male,h66@iga.in.gov,,1989-02-24,,https://www.indianahouserepublicans.com/clientuploads/directory/members/Main_List/Payne_Main_List.jpg,https://iga.in.gov/legislative/2021/legislators/legislator_zach_payne_1;https://iga.in.gov/legislative/2021/legislators/legislator_zach_payne_1/;https://iga.in.gov/legislative/2024/legislators/legislator_zach_payne_1/;https://iga.in.gov/legislative/2026/legislators/legislator_zach_payne_1/;https://www.indianahouserepublicans.com/members/general/zach-payne;https://www.indianahouserepublicans.com/members/general/zach-payne/?back=members,https://api.iga.in.gov/2021/legislators/zach_payne_1;https://ballotpedia.org/Zach_Payne;https://en.wikipedia.org/wiki/Zach_Payne;https://iga.in.gov/legislative/2021/legislators/legislator_zach_payne_1;https://iga.in.gov/legislative/2021/legislators/legislator_zach_payne_1/;https://iga.in.gov/legislative/2024/legislators/legislator_zach_payne_1;https://iga.in.gov/legislative/2026/legislators/legislator_zach_payne_1;https://justfacts.votesmart.org/candidate/148158/zach-payne;https://www.indianahouserepublicans.com/members;https://www.indianahouserepublicans.com/members/;https://www.indianahouserepublicans.com/members/general/zach-payne;https://www.indianahouserepublicans.com/members/general/zach-payne/?back=members;https://www.linkedin.com/in/representativepayne,,,,,,,,,,,
