id,name,current_party,current_district,current_chamber,given_name,family_name,gender,email,biography,birth_date,death_date,image,links,sources,capitol_address,capitol_voice,capitol_fax,district_address,district_voice,district_fax,twitter,youtube,instagram,facebook,wikidata
ocd-person/052c229e-ad06-4b61-abec-4e64858b3a3b,Abi Boatman,Democratic,86,lower,Abi,Boatman,Female,abi.boatman@house.ks.gov,,,,https://www.kslegislature.gov/static/li_pics/rep_boatman_abi_1.jpg,https://www.kslegislature.gov/legislators/rep_boatman_abi_1/;https://www.kslegislature.gov/li/b2025_26/members/rep_boatman_abi_1/,https://ballotpedia.org/Elle_Abigail_Boatman;https://en.wikipedia.org/wiki/Abi_Boatman;https://justfacts.votesmart.org/candidate/biography/233185/abi-boatman;https://www.kslegislature.gov/legislators/rep_boatman_abi_1;https://www.kslegislature.gov/li/b2025_26/members/rep_boatman_abi_1;https://www.linkedin.com/in/elle-boatman-a8737589,,,,,,,,,,,
ocd-person/c1802270-0126-4be5-b7e7-1a9a472f5fd7,Adam Smith,Republican,120,lower,Adam,Smith,Male,adam.smith@house.ks.gov,,,,https://www.kslegislature.gov/static/li_pics/rep_smith_adam_1.jpg,https://www.kslegislature.gov/legislators/rep_smith_adam_1/;https://www.kslegislature.gov/li/b2025_26/members/rep_smith_adam_1/;https://www.kslegislature.org/li/b2019_20/members/rep_smith_adam_1/;https://www.kslegislature.org/li/b2021_22/members/rep_smith_adam_1/;https://www.kslegislature.org/li/b2023_24/members/rep_smith_adam_1/,https://ballotpedia.org/Adam_Smith_(Kansas);https://en.wikipedia.org/wiki/Adam_Smith_(Kansas_politician);https://justfacts.votesmart.org/candidate/biography/116224/adam-smith;https://www.kslegislature.gov/legislators/rep_smith_adam_1;https://www.kslegislature.gov/li/b2025_26/members/rep_smith_adam_1;https://www.kslegislature.org/li/api/v11/rev-1/members/rep_smith_adam_1;https://www.kslegislature.org/li/api/v11/rev-1/members/rep_smith_adam_1/;https://www.kslegislature.org/li/b2023_24/members/rep_smith_adam_1;https://www.kslegislature.org/li/b2023_24/members/rep_smith_adam_1/;https://www.linkedin.com/in/adam-smith-1b487ab9,,,,,,,,,,,
ocd-person/2c46aedb-f7a4-4f9a-bade-5ae192acc2a3,Adam Thomas,Republican,23,upper,Adam,Thomas,Male,adam.thomas@senate.ks.gov,,,,https://www.kslegislature.gov/static/li_pics/sen_thomas_adam_1.jpg,https://www.kslegislature.gov/li/b2025_26/members/sen_thomas_adam_1/;https://www.kslegislature.gov/senators/sen_thomas_adam_1/;https://www.kslegislature.org/li/b2019_20/members/rep_thomas_adam_1/;https://www.kslegislature.org/li/b2021_22/members/rep_thomas_adam_1/;https://www.kslegislature.org/li/b2023_24/members/rep_thomas_adam_1/,https://ballotpedia.org/Adam_Thomas;https://en.wikipedia.org/wiki/Adam_Thomas_(politician);https://justfacts.votesmart.org/candidate/biography/183536/adam-thomas;https://www.kslegislature.gov/li/b2025_26/members/sen_thomas_adam_1;https://www.kslegislature.gov/senators/sen_thomas_adam_1;https://www.kslegislature.org/li/api/v11/rev-1/members/rep_thomas_adam_1;https://www.kslegislature.org/li/api/v11/rev-1/members/rep_thomas_adam_1/;https://www.kslegislature.org/li/b2023_24/members/rep_thomas_adam_1;https://www.kslegislature.org/li/b2023_24/members/rep_thomas_adam_1/,,,,,,,,,,,
ocd-person/d7dd1de1-73e2-438a-bf25-c70e12ede30d,Adam Turk,Republican,117,lower,Adam,Turk,Male,adam.turk@house.ks.gov,,,,https://www.kslegislature.gov/static/li_pics/rep_turk_adam_1.jpg,https://www.kslegislature.gov/legislators/rep_turk_adam_1/;https://www.kslegislature.gov/li/b2025_26/members/rep_turk_adam_1/;https://www.kslegislature.org/li/b2023_24/members/rep_turk_adam_1/,https://ballotpedia.org/Adam_Turk;https://en.wikipedia.org/wiki/Adam_Turk;https://www.kslegislature.gov/legislators/rep_turk_adam_1;https://www.kslegislature.gov/li/b2025_26/members/rep_turk_adam_1;https://www.kslegislature.org/li/api/v11/rev-1/members/rep_turk_adam_1;https://www.kslegislature.org/li/api/v11/rev-1/members/rep_turk_adam_1/;https://www.kslegislature.org/li/b2023_24/members/rep_turk_adam_1;https://www.kslegislature.org/li/b2023_24/members/rep_turk_adam_1/;https://www.linkedin.com/in/adam-turk-1432007,,,,,,,,,,,
ocd-person/f3a06f5c-fe9a-42c9-ad04-82e1532b6979,Alexis Simmons,Democratic,58,lower,Alexis,Simmons,Female,alexis.simmons@house.ks.gov,,,,https://www.kslegislature.gov/static/li_pics/rep_simmons_alexis_1.jpg,https://www.kslegislature.gov/legislators/rep_simmons_alexis_1/;https://www.kslegislature.gov/li/b2025_26/members/rep_simmons_alexis_1/,https://ballotpedia.org/Alexis_Simmons;https://en.wikipedia.org/wiki/Alexis_Simmons;https://justfacts.votesmart.org/candidate/218242/alexis-simmons;https://www.kslegislature.gov/legislators/rep_simmons_alexis_1;https://www.kslegislature.gov/li/b2025_26/members/rep_simmons_alexis_1;https://www.linkedin.com/in/alexis-marguerite-simmons;https://www.simmonsforkansas.org/about,,,,,,,,,,,
ocd-person/47445ee6-4c28-496c-b5a2-2f666fc62d46,Allen Reavis,Republican,63,lower,Allen,Reavis,Male,allen.reavis@house.ks.gov,,,,https://www.atchisoncountyks.org/ImageRepository/Document?documentID=2708,https://www.kslegislature.gov/legislators/rep_reavis_allen_1/;https://www.kslegislature.gov/li/b2025_26/members/rep_reavis_allen_1/,https://allenreavis.com/meet-allen;https://ballotpedia.org/Allen_Reavis;https://en.wikipedia.org/wiki/Allen_Reavis;https://justfacts.votesmart.org/candidate/biography/219378/allen-reavis;https://www.kslegislature.gov/legislators/rep_reavis_allen_1;https://www.kslegislature.gov/li/b2025_26/members/rep_reavis_allen_1;https://www.linkedin.com/in/allen-reavis-4a261b227,,,,,,,,,,,
ocd-person/372f4e97-d36e-41c3-aae3-fd69da828ee5,Angel Roeser,Republican,67,lower,Angel,Roeser,Female,angel.roeser@house.ks.gov,,,,https://www.kslegislature.gov/static/li_pics/rep_roeser_angelina_1.jpg,https://www.kslegislature.gov/legislators/rep_roeser_angelina_1/;https://www.kslegislature.gov/li/b2025_26/members/rep_roeser_angelina_1/,https://ballotpedia.org/Angel_Roeser;https://en.wikipedia.org/wiki/Angelina_Roeser;https://www.kslegislature.gov/legislators/rep_roeser_angelina_1;https://www.kslegislature.gov/li/b2025_26/members/rep_roeser_angelina_1;https://www.linkedin.com/in/angel-roeser-manhattanks,,,,,,,,,,,
ocd-person/a587476a-1201-4d9f-b8b7-ac6f74b3f6ce,Angela Martinez,Democratic,103,lower,Angela,Martinez,Female,angela.martinez@house.ks.gov,,,,https://www.kslegislature.gov/static/li_pics/rep_martinez_angela_1.jpg,https://www.kslegislature.gov/legislators/rep_martinez_angela_1/;https://www.kslegislature.gov/li/b2025_26/members/rep_martinez_angela_1/;https://www.kslegislature.org/li/b2023_24/members/rep_martinez_angela_1/,https://ballotpedia.org/Angela_Martinez;https://en.wikipedia.org/wiki/Angela_Martinez;https://www.kslegislature.gov/legislators/rep_martinez_angela_1;https://www.kslegislature.gov/li/b2025_26/members/rep_martinez_angela_1;https://www.kslegislature.org/li/api/v11/rev-1/members/rep_martinez_angela_1;https://www.kslegislature.org/li/api/v11/rev-1/members/rep_martinez_angela_1/;https://www.kslegislature.org/li/b2023_24/members/rep_martinez_angela_1;https://www.kslegislature.org/li/b2023_24/members/rep_martinez_angela_1/;https://www.linkedin.com/in/angela-martinez-5b06832a,,,,,,,,,,,
ocd-person/e0cddd71-639c-4b74-8dea-bc189418034d,Angela Stiens,Republican,39,lower,Angela,Stiens,Female,angela.stiens@house.ks.gov,,,,https://www.kslegislature.gov/static/li_pics/rep_stiens_angela_1.jpg,https://www.kslegislature.gov/legislators/rep_stiens_angela_1/;https://www.kslegislature.gov/li/b2025_26/members/rep_stiens_angela_1/;https://www.kslegislature.org/li/b2023_24/members/rep_stiens_angela_1/,https://ballotpedia.org/Angela_Stiens;https://en.wikipedia.org/wiki/Angela_Stiens;https://justfacts.votesmart.org/candidate/biography/216236/angela-stiens;https://www.kslegislature.gov/legislators/rep_stiens_angela_1;https://www.kslegislature.gov/li/b2025_26/members/rep_stiens_angela_1;https://www.kslegislature.org/li/b2023_24/members/rep_stiens_angela_1;https://www.linkedin.com/in/angela-stiens-34022649,,,,,,,,,,,
ocd-person/4544fc4e-fff8-4bbe-bc29-4e28c6be3179,Avery Anderson,Republican,72,lower,Avery,Anderson,Male,avery.anderson@house.ks.gov,,,,https://www.kslegislature.gov/static/li_pics/rep_anderson_avery_1.jpg,https://www.kslegislature.gov/legislators/rep_anderson_avery_1/;https://www.kslegislature.gov/li/b2025_26/members/rep_anderson_avery_1/;https://www.kslegislature.org/li/b2021_22/members/rep_anderson_avery_1/;https://www.kslegislature.org/li/b2023_24/members/rep_anderson_avery_1/,https://ballotpedia.org/Avery_Anderson_(Kansas);https://en.wikipedia.org/wiki/Avery_Anderson;https://www.kslegislature.gov/legislators/rep_anderson_avery_1;https://www.kslegislature.gov/li/b2025_26/members/rep_anderson_avery_1;https://www.kslegislature.org/li/api/v11/rev-1/members/rep_anderson_avery_1;https://www.kslegislature.org/li/api/v11/rev-1/members/rep_anderson_avery_1/;https://www.kslegislature.org/li/b2023_24/members/rep_anderson_avery_1;https://www.kslegislature.org/li/b2023_24/members/rep_anderson_avery_1/;https://www.linkedin.com/in/avery-anderson-689766199,,,,,,,,,,,
ocd-person/3bf41768-e1b5-4017-8ab5-8d1fb1d6521c,Barbara Ballard,Democratic,44,lower,Barbara,Ballard,Female,barbara.ballard@house.ks.gov,,1944-11-14,,https://ogden_images.s3.amazonaws.com/www.ljworld.com/images/2016/07/20043350/candidate_Barbara_Ballard003-714x1024.jpg,https://www.kslegislature.gov/legislators/rep_ballard_barbara_1/;https://www.kslegislature.gov/li/b2025_26/members/rep_ballard_barbara_1/;https://www.kslegislature.org/li/b2019_20/members/rep_ballard_barbara_1/;https://www.kslegislature.org/li/b2021_22/members/rep_ballard_barbara_1/;https://www.kslegislature.org/li/b2023_24/members/rep_ballard_barbara_1/,https://ballotpedia.org/Barbara_Ballard;https://en.wikipedia.org/wiki/Barbara_Ballard;https://justfacts.votesmart.org/candidate/biography/6927/barbara-ballard;https://www.kslegislature.gov/legislators/rep_ballard_barbara_1;https://www.kslegislature.gov/li/b2025_26/members/rep_ballard_barbara_1;https://www.kslegislature.org/li/api/v11/rev-1/members/rep_ballard_barbara_1;https://www.kslegislature.org/li/api/v11/rev-1/members/rep_ballard_barbara_1/;https://www.kslegislature.org/li/b2023_24/members/rep_ballard_barbara_1;https://www.kslegislature.org/li/b2023_24/members/rep_ballard_barbara_1/;https://www.linkedin.com/in/barbara-ballard-0467166a,,,,,,,,,,,
ocd-person/7aac5ab6-1590-4cfe-8c02-d61f292497c8,Barb Wasinger,Republican,111,lower,Barb,Wasinger,Female,barb.wasinger@house.ks.gov,,1958-07-07,,https://www.kslegislature.gov/static/li_pics/rep_wasinger_barbara_1.jpg,https://www.kslegislature.gov/legislators/rep_wasinger_barbara_1/;https://www.kslegislature.gov/li/b2025_26/members/rep_wasinger_barbara_1/;https://www.kslegislature.org/li/b2019_20/members/rep_wasinger_barbara_1/;https://www.kslegislature.org/li/b2021_22/members/rep_wasinger_barbara_1/;https://www.kslegislature.org/li/b2023_24/members/rep_wasinger_barbara_1/,https://ballotpedia.org/Barbara_Wasinger;https://en.wikipedia.org/wiki/Barbara_Wasinger;https://justfacts.votesmart.org/candidate/biography/145676/barb-wasinger;https://www.kslegislature.gov/legislators/rep_wasinger_barbara_1;https://www.kslegislature.gov/li/b2025_26/members/rep_wasinger_barbara_1;https://www.kslegislature.org/li/api/v11/rev-1/members/rep_wasinger_barbara_1;https://www.kslegislature.org/li/api/v11/rev-1/members/rep_wasinger_barbara_1/;https://www.kslegislature.org/li/b2023_24/members/rep_wasinger_barbara_1;https://www.kslegislature.org/li/b2023_24/members/rep_wasinger_barbara_1/;https://www.linkedin.com/in/barbara-king-wasinger-a837392,,,,,,,,,,,
ocd-person/35630402-1f6a-4a3e-b6cf-48c1b93bd6ae,Beverly Gossage,Republican,9,upper,Beverly,Gossage,Female,beverly.gossage@senate.ks.gov,,1950-05-22,,https://www.kslegislature.gov/static/li_pics/sen_gossage_beverly_1.jpg,https://www.kslegislature.gov/li/b2025_26/members/sen_gossage_beverly_1/;https://www.kslegislature.gov/senators/sen_gossage_beverly_1/;https://www.kslegislature.org/li/b2021_22/members/sen_gossage_beverly_1/;https://www.kslegislature.org/li/b2023_24/members/sen_gossage_beverly_1/,https://ballotpedia.org/Beverly_Gossage;https://en.wikipedia.org/wiki/Beverly_Gossage;https://justfacts.votesmart.org/candidate/biography/152454/beverly-gossage;https://www.kslegislature.gov/li/b2025_26/members/sen_gossage_beverly_1;https://www.kslegislature.gov/senators/sen_gossage_beverly_1;https://www.kslegislature.org/li/api/v11/rev-1/members/sen_gossage_beverly_1;https://www.kslegislature.org/li/api/v11/rev-1/members/sen_gossage_beverly_1/;https://www.kslegislature.org/li/b2023_24/members/sen_gossage_beverly_1;https://www.kslegislature.org/li/b2023_24/members/sen_gossage_beverly_1/;https://www.linkedin.com/in/hsaconsulting,,,,,,,,,,,
ocd-person/463dcd61-1bf6-4182-ae6f-a840e43ea7fe,Bill Clifford,Republican,39,upper,Bill,Clifford,Male,william.clifford@senate.ks.gov,,,,https://www.kslegislature.gov/static/li_pics/sen_clifford_william_1.jpg,https://www.kslegislature.gov/li/b2025_26/members/sen_clifford_william_1/;https://www.kslegislature.gov/senators/sen_clifford_william_1/;https://www.kslegislature.org/li/b2021_22/members/rep_clifford_bill_1/;https://www.kslegislature.org/li/b2023_24/members/rep_clifford_bill_1/,https://ballotpedia.org/Bill_Clifford;https://en.wikipedia.org/wiki/Bill_Clifford_(politician);https://justfacts.votesmart.org/candidate/biography/192418/bill-clifford;https://www.kslegislature.gov/li/b2025_26/members/sen_clifford_william_1;https://www.kslegislature.gov/senators/sen_clifford_william_1;https://www.kslegislature.org/li/api/v11/rev-1/members/rep_clifford_bill_1;https://www.kslegislature.org/li/api/v11/rev-1/members/rep_clifford_bill_1/;https://www.kslegislature.org/li/b2023_24/members/rep_clifford_bill_1;https://www.kslegislature.org/li/b2023_24/members/rep_clifford_bill_1/;https://www.linkedin.com/in/bill-clifford-902627110,,,,,,,,,,,
ocd-person/d01abc3e-cce3-450e-8d2c-41491b5bbde6,Bill Rhiley,Republican,80,lower,Bill,Rhiley,Male,bill.rhiley@house.ks.gov,,,,https://www.kslegislature.gov/static/li_pics/rep_rhiley_bill_1.jpg,https://www.kslegislature.gov/legislators/rep_rhiley_bill_1/;https://www.kslegislature.gov/li/b2025_26/members/rep_rhiley_bill_1/;https://www.kslegislature.org/li/b2019_20/members/rep_rhiley_bill_1/;https://www.kslegislature.org/li/b2021_22/members/rep_rhiley_bill_1/;https://www.kslegislature.org/li/b2023_24/members/rep_rhiley_bill_1/,https://ballotpedia.org/Bill_Rhiley;https://en.wikipedia.org/wiki/Bill_Rhiley;https://justfacts.votesmart.org/candidate/biography/183575/bill-rhiley;https://www.kslegislature.gov/legislators/rep_rhiley_bill_1;https://www.kslegislature.gov/li/b2025_26/members/rep_rhiley_bill_1;https://www.kslegislature.org/li/api/v11/rev-1/members/rep_rhiley_bill_1;https://www.kslegislature.org/li/api/v11/rev-1/members/rep_rhiley_bill_1/;https://www.kslegislature.org/li/b2023_24/members/rep_rhiley_bill_1;https://www.kslegislature.org/li/b2023_24/members/rep_rhiley_bill_1/;https://www.linkedin.com/in/bill-rhiley-15054012,,,,,,,,,,,
ocd-person/dc23fc2c-0f64-4fab-96ec-951f0efbe7bb,Bill Sutton,Republican,43,lower,Bill,Sutton,Male,bill.sutton@house.ks.gov,,1967-08-31,,https://www.kslegislature.gov/static/li_pics/rep_sutton_william_1.jpg,https://www.kslegislature.gov/legislators/rep_sutton_william_1/;https://www.kslegislature.gov/li/b2025_26/members/rep_sutton_william_1/;https://www.kslegislature.org/li/b2019_20/members/rep_sutton_william_1/;https://www.kslegislature.org/li/b2021_22/members/rep_sutton_william_1/;https://www.kslegislature.org/li/b2023_24/members/rep_sutton_william_1/,https://ballotpedia.org/Bill_Sutton;https://en.wikipedia.org/wiki/Bill_Sutton_(Kansas_politician);https://justfacts.votesmart.org/candidate/biography/138061/bill-sutton;https://www.kslegislature.gov/legislators/rep_sutton_william_1;https://www.kslegislature.gov/li/b2025_26/members/rep_sutton_william_1;https://www.kslegislature.org/li/api/v11/rev-1/members/rep_sutton_william_1;https://www.kslegislature.org/li/api/v11/rev-1/members/rep_sutton_william_1/;https://www.kslegislature.org/li/b2023_24/members/rep_sutton_william_1;https://www.kslegislature.org/li/b2023_24/members/rep_sutton_william_1/;https://www.linkedin.com/in/bill-sutton-a39540112,,,,,,,,,,,
ocd-person/38998536-e18f-44bb-8e80-01bfee04e991,Blake Carpenter,Republican,81,lower,Blake,Carpenter,Male,blake.carpenter@house.ks.gov,,1991-01-14,,https://www.carpenterforkansas.com/wp-content/uploads/2022/07/Carpenter-Blues-Photo.png,https://www.kslegislature.gov/legislators/rep_carpenter_blake_1/;https://www.kslegislature.gov/li/b2025_26/members/rep_carpenter_blake_1/;https://www.kslegislature.org/li/b2019_20/members/rep_carpenter_blake_1/;https://www.kslegislature.org/li/b2021_22/members/rep_carpenter_blake_1/;https://www.kslegislature.org/li/b2023_24/members/rep_carpenter_blake_1/,https://ballotpedia.org/Blake_Carpenter;https://en.wikipedia.org/wiki/Blake_Carpenter;https://justfacts.votesmart.org/candidate/biography/152996/blake-carpenter;https://www.carpenterforkansas.com/about-blake;https://www.kslegislature.gov/legislators/rep_carpenter_blake_1;https://www.kslegislature.gov/li/b2025_26/members/rep_carpenter_blake_1;https://www.kslegislature.org/li/api/v11/rev-1/members/rep_carpenter_blake_1;https://www.kslegislature.org/li/api/v11/rev-1/members/rep_carpenter_blake_1/;https://www.kslegislature.org/li/b2023_24/members/rep_carpenter_blake_1;https://www.kslegislature.org/li/b2023_24/members/rep_carpenter_blake_1/;https://www.linkedin.com/in/blake-carpenter-46178665,,,,,,,,,,,
ocd-person/05ca3b77-c9d8-4d8e-92bf-603b2f71eda6,Bob Lewis,Republican,123,lower,Bob,Lewis,Male,bob.lewis@house.ks.gov,,,,https://www.kslegislature.gov/static/li_pics/rep_lewis_bob_1.jpg,https://www.kslegislature.gov/legislators/rep_lewis_bob_1/;https://www.kslegislature.gov/li/b2025_26/members/rep_lewis_bob_1/;https://www.kslegislature.org/li/b2023_24/members/rep_lewis_bob_1/,https://ballotpedia.org/Bob_Lewis_(Kansas);https://en.wikipedia.org/wiki/Bob_Lewis_(Kansas_politician);https://www.jamesmarshlaw.com/our-team/robert-y-lewis;https://www.kslegislature.gov/legislators/rep_lewis_bob_1;https://www.kslegislature.gov/li/b2025_26/members/rep_lewis_bob_1;https://www.kslegislature.org/li/api/v11/rev-1/members/rep_lewis_bob_1;https://www.kslegislature.org/li/api/v11/rev-1/members/rep_lewis_bob_1/;https://www.kslegislature.org/li/b2023_24/members/rep_lewis_bob_1;https://www.kslegislature.org/li/b2023_24/members/rep_lewis_bob_1/;https://www.linkedin.com/in/robert-lewis-07ab70,,,,,,,,,,,
ocd-person/cb7f246f-5619-4086-8e6a-79614bcbaca6,Brad Barrett,Republican,76,lower,Brad,Barrett,Male,brad.barrett@house.ks.gov,,,,https://www.kslegislature.gov/static/li_pics/rep_barrett_bradley_1.jpg,https://www.kslegislature.gov/legislators/rep_barrett_bradley_1/;https://www.kslegislature.gov/li/b2025_26/members/rep_barrett_bradley_1/,https://ballotpedia.org/Brad_Barrett;https://en.wikipedia.org/wiki/Bradley_Barrett;https://justfacts.votesmart.org/candidate/biography/218257/brad-barrett;https://www.kslegislature.gov/legislators/rep_barrett_bradley_1;https://www.kslegislature.gov/li/b2025_26/members/rep_barrett_bradley_1;https://www.linkedin.com/in/bradley-barrett-78bba410a,,,,,,,,,,,
ocd-person/2b66826b-7af3-4053-8d3b-90dbcf4f0740,Brad Starnes,Republican,22,upper,Brad,Starnes,Male,brad.starnes@senate.ks.gov,,,,https://www.kslegislature.gov/static/li_pics/sen_starnes_brad_1.jpg,https://starnes4senate.com/;https://www.kslegislature.gov/li/b2025_26/members/sen_starnes_brad_1/;https://www.kslegislature.gov/senators/sen_starnes_brad_1/,https://ballotpedia.org/Brad_Starnes;https://en.wikipedia.org/wiki/Brad_Starnes;https://justfacts.votesmart.org/candidate/biography/208101/brad-starnes;https://starnes4senate.com;https://www.kslegislature.gov/li/b2025_26/members/sen_starnes_brad_1;https://www.kslegislature.gov/senators/sen_starnes_brad_1;https://www.linkedin.com/in/brad-starnes-43493418,,,,,,,,,,,
ocd-person/c56cf970-39c2-4821-8723-a85dfe09cd6b,Brandon Woodard,Democratic,108,lower,Brandon,Woodard,Male,brandon.woodard@house.ks.gov,,1990-09-01,,https://www.kslegislature.gov/static/li_pics/rep_woodard_brandon_1.jpg,https://www.kslegislature.gov/legislators/rep_woodard_brandon_1/;https://www.kslegislature.gov/li/b2025_26/members/rep_woodard_brandon_1/;https://www.kslegislature.org/li/b2023_24/members/rep_woodard_brandon_1/,https://ballotpedia.org/Brandon_Woodard;https://en.wikipedia.org/wiki/Brandon_Woodard;https://justfacts.votesmart.org/candidate/biography/183545/brandon-woodard;https://www.kslegislature.gov/legislators/rep_woodard_brandon_1;https://www.kslegislature.gov/li/b2025_26/members/rep_woodard_brandon_1;https://www.kslegislature.org/li/api/v11/rev-1/members/rep_woodard_brandon_1;https://www.kslegislature.org/li/api/v11/rev-1/members/rep_woodard_brandon_1/;https://www.kslegislature.org/li/b2023_24/members/rep_woodard_brandon_1;https://www.kslegislature.org/li/b2023_24/members/rep_woodard_brandon_1/;https://www.linkedin.com/in/brandonwoodard;https://www.obama.org/democracy-forum-2024/speakers/rep-brandon-woodard,,,,,,,,,,,
ocd-person/57c530cc-4575-431e-9118-11f64fa3a573,Brenda Dietrich,Republican,20,upper,Brenda,Dietrich,Female,brenda.dietrich@senate.ks.gov,,1953-05-16,,https://s3.amazonaws.com/ballotpedia-api4/files/thumbs/200/300/rep_dietrich_brenda_1.jpg,https://www.kslegislature.gov/li/b2025_26/members/sen_dietrich_brenda_1/;https://www.kslegislature.gov/senators/sen_dietrich_brenda_1/;https://www.kslegislature.org/li/b2019_20/members/rep_dietrich_brenda_1/;https://www.kslegislature.org/li/b2021_22/members/sen_dietrich_brenda_1/;https://www.kslegislature.org/li/b2023_24/members/sen_dietrich_brenda_1/,https://ballotpedia.org/Brenda_Dietrich;https://en.wikipedia.org/wiki/Brenda_Dietrich;https://justfacts.votesmart.org/candidate/biography/171910/brenda-dietrich;https://www.kslegislature.gov/li/b2025_26/members/sen_dietrich_brenda_1;https://www.kslegislature.gov/senators/sen_dietrich_brenda_1;https://www.kslegislature.org/li/api/v11/rev-1/members/rep_dietrich_brenda_1;https://www.kslegislature.org/li/api/v11/rev-1/members/sen_dietrich_brenda_1;https://www.kslegislature.org/li/api/v11/rev-1/members/sen_dietrich_brenda_1/;https://www.kslegislature.org/li/b2023_24/members/sen_dietrich_brenda_1;https://www.kslegislature.org/li/b2023_24/members/sen_dietrich_brenda_1/;https://www.linkedin.com/in/brenda-dietrich-8b4367b,,,,,,,,,,,
ocd-person/ca3f1bf6-44e0-4d67-b242-3cd29905723c,Brett Fairchild,Republican,113,lower,Brett,Fairchild,Male,brett.fairchild@house.ks.gov,,,,https://www.kslegislature.gov/static/li_pics/rep_fairchild_brett_1.jpg,https://www.kslegislature.gov/legislators/rep_fairchild_brett_1/;https://www.kslegislature.gov/li/b2025_26/members/rep_fairchild_brett_1/;https://www.kslegislature.org/li/b2021_22/members/rep_fairchild_brett_1/;https://www.kslegislature.org/li/b2023_24/members/rep_fairchild_brett_1/,https://ballotpedia.org/Brett_Fairchild;https://en.wikipedia.org/wiki/Brett_Fairchild;https://justfacts.votesmart.org/candidate/biography/183591/brett-fairchild;https://www.kslegislature.gov/legislators/rep_fairchild_brett_1;https://www.kslegislature.gov/li/b2025_26/members/rep_fairchild_brett_1;https://www.kslegislature.org/li/api/v11/rev-1/members/rep_fairchild_brett_1;https://www.kslegislature.org/li/api/v11/rev-1/members/rep_fairchild_brett_1/;https://www.kslegislature.org/li/b2023_24/members/rep_fairchild_brett_1;https://www.kslegislature.org/li/b2023_24/members/rep_fairchild_brett_1/,,,,,,,,,,,
ocd-person/ee28d684-dc5b-4923-a56f-7fef74c9ef67,Brian Bergkamp,Republican,93,lower,Brian,Bergkamp,Male,brian.bergkamp@house.ks.gov,,,,https://s3.amazonaws.com/ballotpedia-api4/files/thumbs/200/300/Brian-Bergkamp.jpg,https://kslegislature.gov/li/b2025_26/members/rep_bergkamp_brian_1/;https://www.kslegislature.gov/legislators/rep_bergkamp_brian_1/;https://www.kslegislature.org/li/b2021_22/members/rep_bergkamp_brian_1/;https://www.kslegislature.org/li/b2023_24/members/rep_bergkamp_brian_1/,https://ballotpedia.org/Brian_Bergkamp;https://en.wikipedia.org/wiki/Brian_Bergkamp;https://justfacts.votesmart.org/candidate/biography/192964/brian-bergkamp;https://kslegislature.gov/li/b2025_26/members/rep_bergkamp_brian_1;https://www.bergkampforkansas.com/meet-brian;https://www.kslegislature.gov/legislators/rep_bergkamp_brian_1;https://www.kslegislature.org/li/api/v11/rev-1/members/rep_bergkamp_brian_1;https://www.kslegislature.org/li/api/v11/rev-1/members/rep_bergkamp_brian_1/;https://www.kslegislature.org/li/b2023_24/members/rep_bergkamp_brian_1;https://www.kslegislature.org/li/b2023_24/members/rep_bergkamp_brian_1/;https://www.linkedin.com/in/brian-bergkamp-30ab93ab,,,,,,,,,,,
ocd-person/7191d22a-a111-4e14-b3d2-87c4084bea1b,Brooklynne Mosley,Democratic,46,lower,Brooklynne,Mosley,Female,brooklynne.mosley@house.ks.gov,,,,https://www.kslegislature.gov/static/li_pics/rep_mosley_brooklynne_1.jpg,https://www.kslegislature.gov/legislators/rep_mosley_brooklynne_1/;https://www.kslegislature.gov/li/b2025_26/members/rep_mosley_brooklynne_1/,https://ballotpedia.org/Brooklynne_Mosley;https://brooklynnemosley.com/meet-brooklynne-1;https://en.wikipedia.org/wiki/Brooklynne_Mosley;https://justfacts.votesmart.org/candidate/biography/218228/brooklynne-mosley;https://www.kslegislature.gov/legislators/rep_mosley_brooklynne_1;https://www.kslegislature.gov/li/b2025_26/members/rep_mosley_brooklynne_1;https://www.linkedin.com/in/brooklynne-mosley-68805865,,,,,,,,,,,
ocd-person/71b474cb-1732-41fc-b525-4d53911cbbbe,Carl Turner,Republican,28,lower,Carl,Turner,Male,carl.turner@house.ks.gov,,,,https://www.kslegislature.gov/static/li_pics/rep_turner_carl_1.jpg,https://www.kslegislature.gov/legislators/rep_turner_carl_1/;https://www.kslegislature.gov/li/b2025_26/members/rep_turner_carl_1/;https://www.kslegislature.org/li/b2021_22/members/rep_turner_carl_1/;https://www.kslegislature.org/li/b2023_24/members/rep_turner_carl_1/,https://ballotpedia.org/Carl_Turner;https://carlturnerforkansas.com/meet-carl;https://en.wikipedia.org/wiki/Carl_Turner_(politician);https://justfacts.votesmart.org/candidate/193036/carl-turner;https://www.kslegislature.gov/legislators/rep_turner_carl_1;https://www.kslegislature.gov/li/b2025_26/members/rep_turner_carl_1;https://www.kslegislature.org/li/api/v11/rev-1/members/rep_turner_carl_1;https://www.kslegislature.org/li/api/v11/rev-1/members/rep_turner_carl_1/;https://www.kslegislature.org/li/b2023_24/members/rep_turner_carl_1;https://www.kslegislature.org/li/b2023_24/members/rep_turner_carl_1/;https://www.linkedin.com/in/carlturnerkc,,,,,,,,,,,
ocd-person/f1e5ad82-52f7-4a6a-b028-40df8a3f929b,Carolyn Caiharr,Republican,33,lower,Carolyn,Caiharr,Female,carolyn.caiharr@house.ks.gov,,,,https://www.kslegislature.gov/static/li_pics/rep_caiharr_carolyn_1.jpg,https://www.kslegislature.gov/legislators/rep_caiharr_carolyn_1/;https://www.kslegislature.gov/li/b2025_26/members/rep_caiharr_carolyn_1/,https://ballotpedia.org/Carolyn_Caiharr;https://en.wikipedia.org/wiki/Carolyn_Caiharr;https://justfacts.votesmart.org/candidate/biography/228671/carolyn-caiharr;https://www.kslegislature.gov/legislators/rep_caiharr_carolyn_1;https://www.kslegislature.gov/li/b2025_26/members/rep_caiharr_carolyn_1,,,,,,,,,,,
ocd-person/cc84252c-b7c6-484d-a036-dd38a90b1b04,Caryn Tyson,Republican,12,upper,Caryn,Tyson,Female,caryn.tyson@senate.ks.gov,,1963-02-15,,https://www.kslegislature.gov/static/li_pics/sen_tyson_caryn_1.jpg,https://www.kslegislature.gov/li/b2025_26/members/sen_tyson_caryn_1/;https://www.kslegislature.gov/senators/sen_tyson_caryn_1/;https://www.kslegislature.org/li/b2019_20/members/sen_tyson_caryn_1/;https://www.kslegislature.org/li/b2021_22/members/sen_tyson_caryn_1/;https://www.kslegislature.org/li/b2023_24/members/sen_tyson_caryn_1/,https://ballotpedia.org/Caryn_Tyson;https://en.wikipedia.org/wiki/Caryn_Tyson;https://www.kslegislature.gov/li/b2025_26/members/sen_tyson_caryn_1;https://www.kslegislature.gov/senators/sen_tyson_caryn_1;https://www.kslegislature.org/li/api/v11/rev-1/members/sen_tyson_caryn_1;https://www.kslegislature.org/li/api/v11/rev-1/members/sen_tyson_caryn_1/;https://www.kslegislature.org/li/b2023_24/members/sen_tyson_caryn_1;https://www.kslegislature.org/li/b2023_24/members/sen_tyson_caryn_1/,,,,,,,,,,,
ocd-person/8b617466-af12-4848-8cca-ed088fb196da,Chuck Smith,Republican,3,lower,Chuck,Smith,Male,chuck.smith@house.ks.gov,,1951-12-20,,https://www.kslegislature.gov/static/li_pics/rep_smith_charles_1.jpg,https://www.kslegislature.gov/legislators/rep_smith_charles_1/;https://www.kslegislature.gov/li/b2025_26/members/rep_smith_charles_1/;https://www.kslegislature.org/li/b2021_22/members/rep_smith_charles_1/;https://www.kslegislature.org/li/b2023_24/members/rep_smith_charles_1/,https://ballotpedia.org/Chuck_Smith_(Kansas);https://en.wikipedia.org/wiki/Chuck_Smith_(Kansas_politician);https://justfacts.votesmart.org/candidate/biography/171752/charles-smith;https://www.kslegislature.gov/legislators/rep_smith_charles_1;https://www.kslegislature.gov/li/b2025_26/members/rep_smith_charles_1;https://www.kslegislature.org/li/api/v11/rev-1/members/rep_smith_charles_1;https://www.kslegislature.org/li/api/v11/rev-1/members/rep_smith_charles_1/;https://www.kslegislature.org/li/b2023_24/members/rep_smith_charles_1;https://www.kslegislature.org/li/b2023_24/members/rep_smith_charles_1/,,,,,,,,,,,
ocd-person/e9245d69-ed9f-456c-9c78-01fc5a1f4244,Charlotte Esau,Republican,14,lower,Charlotte,Esau,Female,charlotte.esau@house.ks.gov,,1961-07-29,,https://jcrpks.org/wp-content/uploads/2024/07/MbZyrxoRqtLO-EsauMediaHeadshot-3-668x900.jpg,https://www.kslegislature.gov/b2025_26/legislators/rep_esau_charlotte_1/;https://www.kslegislature.gov/legislators/rep_esau_charlotte_1/;https://www.kslegislature.gov/li/b2025_26/members/rep_esau_charlotte_1/;https://www.kslegislature.org/li/b2019_20/members/rep_esau_charlotte_1/;https://www.kslegislature.org/li/b2021_22/members/rep_esau_charlotte_1/,https://ballotpedia.org/Charlotte_Esau;https://justfacts.votesmart.org/candidate/biography/183517/charlotte-esau;https://www.kslegislature.gov/b2025_26/legislators/rep_esau_charlotte_1;https://www.kslegislature.gov/legislators/rep_esau_charlotte_1;https://www.kslegislature.gov/li/b2025_26/members/rep_esau_charlotte_1;https://www.kslegislature.org/li/api/v11/rev-1/members/rep_esau_charlotte_1;https://www.kslegislature.org/li/api/v11/rev-1/members/rep_esau_charlotte_1/;https://www.linkedin.com/in/charlotte-esau,,,,,,,,,,,
ocd-person/c0c78c6c-d725-4f3b-8ae5-11446753d9a7,Chase Blasi,Republican,26,upper,Chase,Blasi,Male,chase.blasi@senate.ks.gov,,,,https://www.kslegislature.gov/static/li_pics/sen_blasi_chase_1.jpg,https://www.kslegislature.gov/li/b2025_26/members/sen_blasi_chase_1/;https://www.kslegislature.gov/senators/sen_blasi_chase_1/;https://www.kslegislature.org/li/b2023_24/members/sen_blasi_chase_1/,https://ballotpedia.org/Chase_Blasi;https://en.wikipedia.org/wiki/Chase_Blasi;https://justfacts.votesmart.org/candidate/biography/211292/chase-blasi;https://www.kslegislature.gov/li/b2025_26/members/sen_blasi_chase_1;https://www.kslegislature.gov/senators/sen_blasi_chase_1;https://www.kslegislature.org/li/api/v11/rev-1/members/sen_blasi_chase_1;https://www.kslegislature.org/li/api/v11/rev-1/members/sen_blasi_chase_1/;https://www.kslegislature.org/li/b2023_24/members/sen_blasi_chase_1;https://www.kslegislature.org/li/b2023_24/members/sen_blasi_chase_1/,,,,,,,,,,,
ocd-person/bb92c4f1-d89e-4147-9b09-5fc1f56fca1c,Chip VanHouden,Republican,26,lower,Chip,VanHouden,Male,chip.vanhouden@house.ks.gov,,,,https://www.kslegislature.gov/static/li_pics/rep_vanhouden_charles_1.jpg,https://www.kslegislature.gov/legislators/rep_vanhouden_charles_1/;https://www.kslegislature.gov/li/b2025_26/members/rep_vanhouden_charles_1/,https://ballotpedia.org/Chip_VanHouden;https://en.wikipedia.org/wiki/Chip_VanHouden;https://justfacts.votesmart.org/candidate/biography/152952/chad-vanhouden;https://www.kslegislature.gov/legislators/rep_vanhouden_charles_1;https://www.kslegislature.gov/li/b2025_26/members/rep_vanhouden_charles_1;https://www.linkedin.com/in/chip-vanhouden-216559340,,,,,,,,,,,
ocd-person/e0cd5e74-7229-4c04-be9e-aa688868e703,Chris Croft,Republican,8,lower,Chris,Croft,Male,chris.croft@house.ks.gov,,,,https://www.kslegislature.gov/static/li_pics/rep_croft_chris_1.jpg,https://www.kslegislature.gov/legislators/rep_croft_chris_1/;https://www.kslegislature.gov/li/b2025_26/members/rep_croft_chris_1/;https://www.kslegislature.org/li/b2019_20/members/rep_croft_chris_1/;https://www.kslegislature.org/li/b2021_22/members/rep_croft_chris_1/;https://www.kslegislature.org/li/b2023_24/members/rep_croft_chris_1/,https://alec.org/person/rep-christopher-croft;https://ballotpedia.org/Chris_Croft;https://en.wikipedia.org/wiki/Chris_Croft;https://justfacts.votesmart.org/candidate/biography/183515/chris-croft;https://www.congressweb.com/aacrao/legislators/info/mbr_id/2996;https://www.kslegislature.gov/legislators/rep_croft_chris_1;https://www.kslegislature.gov/li/b2025_26/members/rep_croft_chris_1;https://www.kslegislature.org/li/api/v11/rev-1/members/rep_croft_chris_1;https://www.kslegislature.org/li/api/v11/rev-1/members/rep_croft_chris_1/;https://www.kslegislature.org/li/b2023_24/members/rep_croft_chris_1;https://www.kslegislature.org/li/b2023_24/members/rep_croft_chris_1/;https://www.linkedin.com/in/chris-croft,,,,,,,,,,,
ocd-person/9c36b31f-b9e7-43cd-8aab-6148c8f6cac8,Cindy Holscher,Democratic,8,upper,Cindy,Holscher,Female,cindy.holscher@senate.ks.gov,,1969-04-26,,https://s3.amazonaws.com/ballotpedia-api4/files/thumbs/200/300/Cindy-Holscher.jpg,https://www.kslegislature.gov/li/b2025_26/members/sen_holscher_cindy_1/;https://www.kslegislature.gov/senators/sen_holscher_cindy_1/;https://www.kslegislature.org/li/b2019_20/members/rep_holscher_cindy_1/;https://www.kslegislature.org/li/b2021_22/members/sen_holscher_cindy_1/;https://www.kslegislature.org/li/b2023_24/members/sen_holscher_cindy_1/,https://ballotpedia.org/Cindy_Holscher;https://en.wikipedia.org/wiki/Cindy_Holscher;https://www.kslegislature.gov/li/b2025_26/members/sen_holscher_cindy_1;https://www.kslegislature.gov/senators/sen_holscher_cindy_1;https://www.kslegislature.org/li/api/v11/rev-1/members/rep_holscher_cindy_1;https://www.kslegislature.org/li/api/v11/rev-1/members/sen_holscher_cindy_1;https://www.kslegislature.org/li/api/v11/rev-1/members/sen_holscher_cindy_1/;https://www.kslegislature.org/li/b2023_24/members/sen_holscher_cindy_1;https://www.kslegislature.org/li/b2023_24/members/sen_holscher_cindy_1/,,,,,,,,,,,
ocd-person/eafd24b5-d096-4fa0-92c4-3b4ced58c40f,Cindy Neighbor,Democratic,18,lower,Cindy,Neighbor,Female,cindy.neighbor@house.ks.gov,,1941-03-31,,https://www.kslegislature.gov/static/li_pics/rep_neighbor_cindy_1.jpg,https://www.kslegislature.gov/legislators/rep_neighbor_cindy_1/;https://www.kslegislature.gov/li/b2025_26/members/rep_neighbor_cindy_1/;https://www.kslegislature.org/li/b2019_20/members/rep_neighbor_cindy_1/;https://www.kslegislature.org/li/b2021_22/members/rep_neighbor_cindy_1/;https://www.kslegislature.org/li/b2023_24/members/rep_neighbor_cindy_1/,https://ballotpedia.org/Cindy_Neighbor;https://en.wikipedia.org/wiki/Cindy_Neighbor;https://justfacts.votesmart.org/candidate/biography/34808/cindy-neighbor;https://www.cindyneighbor.com/meet-cindy;https://www.kslegislature.gov/legislators/rep_neighbor_cindy_1;https://www.kslegislature.gov/li/b2025_26/members/rep_neighbor_cindy_1;https://www.kslegislature.org/li/api/v11/rev-1/members/rep_neighbor_cindy_1;https://www.kslegislature.org/li/api/v11/rev-1/members/rep_neighbor_cindy_1/;https://www.kslegislature.org/li/b2023_24/members/rep_neighbor_cindy_1;https://www.kslegislature.org/li/b2023_24/members/rep_neighbor_cindy_1/;https://www.linkedin.com/in/cindy-neighbor-54117496,,,,,,,,,,,
ocd-person/3df522a5-5542-4ad4-b1bf-54736e60c601,Clarke Sanders,Republican,69,lower,Clarke,Sanders,Male,clarke.sanders@house.ks.gov,,,,https://www.kslegislature.gov/static/li_pics/rep_sanders_clarke_1.jpg,https://www.kslegislature.gov/legislators/rep_sanders_clarke_1/;https://www.kslegislature.gov/li/b2025_26/members/rep_sanders_clarke_1/;https://www.kslegislature.org/li/b2021_22/members/rep_sanders_clarke_1/;https://www.kslegislature.org/li/b2023_24/members/rep_sanders_clarke_1/,https://ballotpedia.org/Clarke_Sanders;https://en.wikipedia.org/wiki/Clarke_Sanders;https://www.kslegislature.gov/legislators/rep_sanders_clarke_1;https://www.kslegislature.gov/li/b2025_26/members/rep_sanders_clarke_1;https://www.kslegislature.org/li/api/v11/rev-1/members/rep_sanders_clarke_1;https://www.kslegislature.org/li/api/v11/rev-1/members/rep_sanders_clarke_1/;https://www.kslegislature.org/li/b2023_24/members/rep_sanders_clarke_1;https://www.kslegislature.org/li/b2023_24/members/rep_sanders_clarke_1/,,,,,,,,,,,
ocd-person/3618106c-5f38-4df6-bf12-d58576bd7c93,Courtney Sappington,Republican,5,lower,Courtney,Sappington,Female,courtney.sappington@house.ks.gov,,,,https://www.kslegislature.gov/static/li_pics/rep_sappington_courtney_1.jpg,https://www.kslegislature.gov/legislators/rep_sappington_courtney_1/;https://www.kslegislature.gov/li/b2025_26/members/rep_sappington_courtney_1/,https://ballotpedia.org/Courtney_Sappington;https://www.kslegislature.gov/legislators/rep_sappington_courtney_1;https://www.kslegislature.gov/li/b2025_26/members/rep_sappington_courtney_1;https://www.linkedin.com/in/cpsappington,,,,,,,,,,,
ocd-person/b4963502-06af-4855-bc95-8db7972d2e04,Craig Bowser,Republican,1,upper,Craig,Bowser,Male,craig.bowser@senate.ks.gov,,1965-10-16,,https://s3.amazonaws.com/ballotpedia-api4/files/thumbs/200/300/Craig_Bowser.jpg,https://www.kslegislature.gov/li/b2025_26/members/sen_bowser_craig_1/;https://www.kslegislature.gov/senators/sen_bowser_craig_1/,https://ballotpedia.org/Craig_Bowser;https://en.wikipedia.org/wiki/Craig_Bowser;https://justfacts.votesmart.org/candidate/192916/craig-bowser;https://www.kslegislature.gov/li/b2025_26/members/sen_bowser_craig_1;https://www.kslegislature.gov/senators/sen_bowser_craig_1,,,,,,,,,,,
ocd-person/c333ddca-e5a2-4638-910c-a816bcddd666,Cyndi Howerton,Republican,98,lower,Cyndi,Howerton,Female,cyndi.howerton@house.ks.gov,,,,https://www.kslegislature.gov/static/li_pics/rep_howerton_cyndi_1.jpg,https://www.kslegislature.gov/legislators/rep_howerton_cyndi_1/;https://www.kslegislature.gov/li/b2025_26/members/rep_howerton_cyndi_1/;https://www.kslegislature.org/li/b2021_22/members/rep_howerton_cyndi_1/;https://www.kslegislature.org/li/b2023_24/members/rep_howerton_cyndi_1/,https://ballotpedia.org/Cyndi_Howerton;https://cyndihowerton.com/about-cyndi;https://en.wikipedia.org/wiki/Cyndi_Howerton;https://www.kslegislature.gov/legislators/rep_howerton_cyndi_1;https://www.kslegislature.gov/li/b2025_26/members/rep_howerton_cyndi_1;https://www.kslegislature.org/li/api/v11/rev-1/members/rep_howerton_cyndi_1;https://www.kslegislature.org/li/api/v11/rev-1/members/rep_howerton_cyndi_1/;https://www.kslegislature.org/li/b2023_24/members/rep_howerton_cyndi_1;https://www.kslegislature.org/li/b2023_24/members/rep_howerton_cyndi_1/,,,,,,,,,,,
ocd-person/9972db5e-e19b-48ab-9d3a-10983c96fc5c,Dale Helwig,Republican,1,lower,Dale,Helwig,Male,dale.helwig@house.ks.gov,,,,https://s3.amazonaws.com/ballotpedia-api4/files/thumbs/200/300/Dale_Helwig_20241007_022311.jpg,https://kslegislature.gov/legislators/rep_helwig_dale_1/;https://www.kslegislature.gov/li/b2025_26/members/rep_helwig_dale_1/,https://ballotpedia.org/Dale_Helwig;https://ballotpedia.org/Dale_Helwig#Campaign_themes;https://en.wikipedia.org/wiki/Dale_Helwig;https://justfacts.votesmart.org/candidate/biography/218103/dale-helwig;https://kslegislature.gov/legislators/rep_helwig_dale_1;https://www.dalehelwigforkansas.com/about;https://www.kslegislature.gov/li/b2025_26/members/rep_helwig_dale_1;https://www.linkedin.com/in/dale-helwig-3a6489130,,,,,,,,,,,
ocd-person/2d7cf122-fd6c-406c-a158-de6c61ff0afa,Dan Goddard,Republican,7,lower,Dan,Goddard,Male,dan.goddard@house.ks.gov,,1947-11-03,,https://www.kslegislature.gov/static/li_pics/rep_goddard_dan_1.jpg,https://www.kslegislature.gov/legislators/rep_goddard_dan_1/;https://www.kslegislature.gov/li/b2025_26/members/rep_goddard_dan_1/;https://www.kslegislature.org/li/b2023_24/members/rep_goddard_dan_1/,https://ballotpedia.org/Dan_Goddard;https://en.wikipedia.org/wiki/Dan_Goddard;https://justfacts.votesmart.org/candidate/biography/171668/dan-goddard;https://www.kslegislature.gov/legislators/rep_goddard_dan_1;https://www.kslegislature.gov/li/b2025_26/members/rep_goddard_dan_1;https://www.kslegislature.org/li/api/v11/rev-1/members/rep_goddard_dan_1;https://www.kslegislature.org/li/api/v11/rev-1/members/rep_goddard_dan_1/;https://www.kslegislature.org/li/b2023_24/members/rep_goddard_dan_1;https://www.kslegislature.org/li/b2023_24/members/rep_goddard_dan_1/,,,,,,,,,,,
ocd-person/d9b94e4b-d2b0-4139-8135-cba9ff03e8b7,Dan Osman,Democratic,48,lower,Dan,Osman,Male,dan.osman@house.ks.gov,,,,https://www.kslegislature.gov/static/li_pics/rep_osman_dan_1.jpg,https://www.kslegislature.gov/legislators/rep_osman_dan_1/;https://www.kslegislature.gov/li/b2025_26/members/rep_osman_dan_1/;https://www.kslegislature.org/li/b2021_22/members/rep_osman_dan_1/;https://www.kslegislature.org/li/b2023_24/members/rep_osman_dan_1/,https://ballotpedia.org/Dan_Osman;https://danosman.wixsite.com/osmanconsulting;https://en.wikipedia.org/wiki/Dan_Osman_(Kansas_politician);https://justfacts.votesmart.org/candidate/197558/dan-osman;https://www.kslegislature.gov/legislators/rep_osman_dan_1;https://www.kslegislature.gov/li/b2025_26/members/rep_osman_dan_1;https://www.kslegislature.org/li/api/v11/rev-1/members/rep_osman_dan_1;https://www.kslegislature.org/li/api/v11/rev-1/members/rep_osman_dan_1/;https://www.kslegislature.org/li/b2023_24/members/rep_osman_dan_1;https://www.kslegislature.org/li/b2023_24/members/rep_osman_dan_1/;https://www.linkedin.com/in/osmandan,,,,,,,,,,,
ocd-person/26eb8f32-d499-4b8b-82c6-8fef014633a3,Dan Hawkins,Republican,100,lower,Dan,Hawkins,Male,dan.hawkins@house.ks.gov,,1960-11-01,,https://www.kslegislature.gov/static/li_pics/rep_hawkins_daniel_1.jpg,https://www.kslegislature.gov/legislators/rep_hawkins_daniel_1/;https://www.kslegislature.gov/li/b2025_26/members/rep_hawkins_daniel_1/;https://www.kslegislature.org/li/b2019_20/members/rep_hawkins_daniel_1/;https://www.kslegislature.org/li/b2021_22/members/rep_hawkins_daniel_1/;https://www.kslegislature.org/li/b2023_24/members/rep_hawkins_daniel_1/,https://ballotpedia.org/Daniel_Hawkins_(Kansas);https://en.wikipedia.org/wiki/Daniel_Hawkins_(politician);https://justfacts.votesmart.org/candidate/biography/140839/daniel-hawkins;https://www.kslegislature.gov/legislators/rep_hawkins_daniel_1;https://www.kslegislature.gov/li/b2025_26/members/rep_hawkins_daniel_1;https://www.kslegislature.org/li/api/v11/rev-1/members/rep_hawkins_daniel_1;https://www.kslegislature.org/li/api/v11/rev-1/members/rep_hawkins_daniel_1/;https://www.kslegislature.org/li/b2023_24/members/rep_hawkins_daniel_1;https://www.kslegislature.org/li/b2023_24/members/rep_hawkins_daniel_1/;https://www.linkedin.com/in/danhawkinskansas,,,,,,,,,,,
ocd-person/0a2abc46-725c-4637-bf38-dc83cb7f90fd,Dave Buehler,Republican,40,lower,Dave,Buehler,Male,david.buehler@house.ks.gov,,,,https://www.kslegislature.gov/static/li_pics/rep_buehler_david_1.jpg,https://www.kslegislature.gov/legislators/rep_buehler_david_1/;https://www.kslegislature.gov/li/b2025_26/members/rep_buehler_david_1/;https://www.kslegislature.org/li/b2023_24/members/rep_buehler_david_1/,https://ballotpedia.org/David_Buehler;https://en.wikipedia.org/wiki/David_Buehler_(politician);https://justfacts.votesmart.org/candidate/208006/david-buehler;https://www.kslegislature.gov/legislators/rep_buehler_david_1;https://www.kslegislature.gov/li/b2025_26/members/rep_buehler_david_1;https://www.kslegislature.org/li/api/v11/rev-1/members/rep_buehler_david_1;https://www.kslegislature.org/li/api/v11/rev-1/members/rep_buehler_david_1/;https://www.kslegislature.org/li/b2023_24/members/rep_buehler_david_1;https://www.kslegislature.org/li/b2023_24/members/rep_buehler_david_1/;https://www.linkedin.com/in/david-buehler-6199888,,,,,,,,,,,
ocd-person/0a700e33-0ae7-4627-936c-982317c26b9d,David Haley,Democratic,4,upper,David,Haley,Male,david.haley@senate.ks.gov,,1958-10-29,,https://images.squarespace-cdn.com/content/v1/606b1f70a46bfa6ea792c03e/1618942086989-LIN2C4WCFMR47RKYDJ5V/Haley.jpg?format=1000w,https://www.kslegislature.gov/li/b2025_26/members/sen_haley_david_1/;https://www.kslegislature.gov/senators/sen_haley_david_1/;https://www.kslegislature.org/li/b2019_20/members/sen_haley_david_1/;https://www.kslegislature.org/li/b2021_22/members/sen_haley_david_1/;https://www.kslegislature.org/li/b2023_24/members/sen_haley_david_1/,https://ballotpedia.org/David_Haley;https://en.wikipedia.org/wiki/David_Haley;https://justfacts.votesmart.org/candidate/biography/6965/david-haley;https://www.kslegislature.gov/li/b2025_26/members/sen_haley_david_1;https://www.kslegislature.gov/senators/sen_haley_david_1;https://www.kslegislature.org/li/api/v11/rev-1/members/sen_haley_david_1;https://www.kslegislature.org/li/api/v11/rev-1/members/sen_haley_david_1/;https://www.kslegislature.org/li/b2023_24/members/sen_haley_david_1;https://www.kslegislature.org/li/b2023_24/members/sen_haley_david_1/;https://www.linkedin.com/in/david-haley-ba6a567,,,,,,,,,,,
ocd-person/39cab563-99a8-4412-8112-7b88b0911714,Dawn Wolf,Republican,107,lower,Dawn,Wolf,Female,dawn.wolf@house.ks.gov,,,,https://www.kslegislature.gov/static/li_pics/rep_wolf_dawn_1.jpg,https://www.kslegislature.gov/legislators/rep_wolf_dawn_1/;https://www.kslegislature.gov/li/b2025_26/members/rep_wolf_dawn_1/,https://ballotpedia.org/Dawn_Wolf;https://en.wikipedia.org/wiki/Dawn_Wolf;https://justfacts.votesmart.org/candidate/biography/218279/dawn-wolf;https://www.kslegislature.gov/legislators/rep_wolf_dawn_1;https://www.kslegislature.gov/li/b2025_26/members/rep_wolf_dawn_1;https://www.linkedin.com/in/dawn-wolf-64a61480,,,,,,,,,,,
ocd-person/549c712e-1cc1-4ca7-9ef7-b09bb36d7229,Dinah Sykes,Democratic,21,upper,Dinah,Sykes,Female,dinah.sykes@senate.ks.gov,,1977-04-10,,https://www.kslegislature.gov/static/li_pics/sen_sykes_dinah_1.jpg,https://www.kslegislature.gov/li/b2025_26/members/sen_sykes_dinah_1/;https://www.kslegislature.gov/senators/sen_sykes_dinah_1/;https://www.kslegislature.org/li/b2019_20/members/sen_sykes_dinah_1/;https://www.kslegislature.org/li/b2021_22/members/sen_sykes_dinah_1/;https://www.kslegislature.org/li/b2023_24/members/sen_sykes_dinah_1/,https://ballotpedia.org/Dinah_Sykes;https://en.wikipedia.org/wiki/Dinah_Sykes;https://justfacts.votesmart.org/candidate/biography/171684/dinah-sykes;https://www.kslegislature.gov/li/b2025_26/members/sen_sykes_dinah_1;https://www.kslegislature.gov/senators/sen_sykes_dinah_1;https://www.kslegislature.org/li/api/v11/rev-1/members/sen_sykes_dinah_1;https://www.kslegislature.org/li/api/v11/rev-1/members/sen_sykes_dinah_1/;https://www.kslegislature.org/li/b2023_24/members/sen_sykes_dinah_1;https://www.kslegislature.org/li/b2023_24/members/sen_sykes_dinah_1/,,,,,,,,,,,
ocd-person/050b34c6-14a3-4998-a67a-13c02217a666,Doug Blex,Republican,12,lower,Doug,Blex,Male,doug.blex@house.ks.gov,,1946-12-19,,https://www.kslegislature.gov/static/li_pics/rep_blex_doug_1.jpg,https://www.kslegislature.gov/legislators/rep_blex_doug_1/;https://www.kslegislature.gov/li/b2025_26/members/rep_blex_doug_1/;https://www.kslegislature.org/li/b2019_20/members/rep_blex_doug_1/;https://www.kslegislature.org/li/b2021_22/members/rep_blex_doug_1/;https://www.kslegislature.org/li/b2023_24/members/rep_blex_doug_1/,https://ballotpedia.org/Doug_Blex;https://en.wikipedia.org/wiki/Doug_Blex;https://justfacts.votesmart.org/candidate/biography/171775/doug-blex;https://www.kslegislature.gov/legislators/rep_blex_doug_1;https://www.kslegislature.gov/li/b2025_26/members/rep_blex_doug_1;https://www.kslegislature.org/li/api/v11/rev-1/members/rep_blex_doug_1;https://www.kslegislature.org/li/api/v11/rev-1/members/rep_blex_doug_1/;https://www.kslegislature.org/li/b2023_24/members/rep_blex_doug_1;https://www.kslegislature.org/li/b2023_24/members/rep_blex_doug_1/;https://www.linkedin.com/in/douglas-blex-98295b29,,,,,,,,,,,
ocd-person/d0ae10e6-5c26-4be4-af00-036b23664127,Doug Shane,Republican,37,upper,Doug,Shane,Male,doug.shane@senate.ks.gov,,1988-11-07,,https://www.kslegislature.gov/static/li_pics/sen_shane_doug_1.jpg,https://www.kslegislature.gov/li/b2025_26/members/sen_shane_doug_1/;https://www.kslegislature.gov/senators/sen_shane_doug_1/,https://aaivet.org/doug-shane;https://ballotpedia.org/Douglas_Shane;https://en.wikipedia.org/wiki/Doug_Shane_(politician);https://justfacts.votesmart.org/candidate/219526/douglas-shane;https://www.kslegislature.gov/li/b2025_26/members/sen_shane_doug_1;https://www.kslegislature.gov/senators/sen_shane_doug_1;https://www.linkedin.com/in/douglas-shane-a380a3116,,,,,,,,,,,
ocd-person/75db09fb-b9dd-4c6f-ae73-bfde55d7dd62,Duane Droge,Republican,13,lower,Duane,Droge,Male,duane.droge@house.ks.gov,,,,https://www.kslegislature.gov/static/li_pics/rep_droge_duane_1.jpg,https://www.kslegislature.gov/legislators/rep_droge_duane_1/;https://www.kslegislature.gov/li/b2025_26/members/rep_droge_duane_1/;https://www.kslegislature.org/li/b2023_24/members/rep_droge_duane_1/,https://ballotpedia.org/Duane_Droge;https://en.wikipedia.org/wiki/Duane_Droge;https://justfacts.votesmart.org/candidate/biography/211346/duane-droge;https://www.kslegislature.gov/legislators/rep_droge_duane_1;https://www.kslegislature.gov/li/b2025_26/members/rep_droge_duane_1;https://www.kslegislature.org/li/api/v11/rev-1/members/rep_droge_duane_1;https://www.kslegislature.org/li/api/v11/rev-1/members/rep_droge_duane_1/;https://www.kslegislature.org/li/b2023_24/members/rep_droge_duane_1;https://www.kslegislature.org/li/b2023_24/members/rep_droge_duane_1/;https://www.linkedin.com/in/doc-droge-16857131,,,,,,,,,,,
ocd-person/416dbc91-431f-4dc6-8c8a-ca2db2cd3300,Elaine Bowers,Republican,36,upper,Elaine,Bowers,Female,elaine.bowers@senate.ks.gov,,1963-02-12,,"https://img1.wsimg.com/isteam/ip/80c40439-022d-4960-b9db-9edee1fb7239/116288352_1853414708116161_8330522447916288057.jpg/:/cr=t:0%25,l:0%25,w:100%25,h:100%25/rs=h:500,cg:true",https://www.kslegislature.gov/li/b2025_26/members/sen_bowers_elaine_1/;https://www.kslegislature.gov/senators/sen_bowers_elaine_1/;https://www.kslegislature.org/li/b2019_20/members/sen_bowers_elaine_1/;https://www.kslegislature.org/li/b2021_22/members/sen_bowers_elaine_1/;https://www.kslegislature.org/li/b2023_24/members/sen_bowers_elaine_1/,https://ballotpedia.org/Elaine_Bowers;https://en.wikipedia.org/wiki/Elaine_Bowers;https://justfacts.votesmart.org/candidate/biography/68331/elaine-bowers;https://www.kslegislature.gov/li/b2025_26/members/sen_bowers_elaine_1;https://www.kslegislature.gov/senators/sen_bowers_elaine_1;https://www.kslegislature.org/li/api/v11/rev-1/members/sen_bowers_elaine_1;https://www.kslegislature.org/li/api/v11/rev-1/members/sen_bowers_elaine_1/;https://www.kslegislature.org/li/b2023_24/members/sen_bowers_elaine_1;https://www.kslegislature.org/li/b2023_24/members/sen_bowers_elaine_1/;https://www.linkedin.com/in/elaine-bowers-82a17913,,,,,,,,,,,
ocd-person/06e5710d-2c6a-4baa-829f-803417539415,Emil Bergquist,Republican,91,lower,Emil,Bergquist,Male,emil.bergquist@house.ks.gov,,,,https://www.kslegislature.gov/static/li_pics/rep_bergquist_emil_1.jpg,https://www.kslegislature.gov/legislators/rep_bergquist_emil_1/;https://www.kslegislature.gov/li/b2025_26/members/rep_bergquist_emil_1/;https://www.kslegislature.org/li/b2019_20/members/rep_bergquist_emil_1/;https://www.kslegislature.org/li/b2021_22/members/rep_bergquist_emil_1/;https://www.kslegislature.org/li/b2023_24/members/rep_bergquist_emil_1/,https://ballotpedia.org/Emil_Bergquist;https://bergquistforkansas.com/meet-emil;https://en.wikipedia.org/wiki/Emil_Bergquist;https://justfacts.votesmart.org/candidate/biography/177880/emil-bergquist;https://www.kslegislature.gov/legislators/rep_bergquist_emil_1;https://www.kslegislature.gov/li/b2025_26/members/rep_bergquist_emil_1;https://www.kslegislature.org/li/api/v11/rev-1/members/rep_bergquist_emil_1;https://www.kslegislature.org/li/api/v11/rev-1/members/rep_bergquist_emil_1/;https://www.kslegislature.org/li/b2023_24/members/rep_bergquist_emil_1;https://www.kslegislature.org/li/b2023_24/members/rep_bergquist_emil_1/,,,,,,,,,,,
ocd-person/76d729c5-1b4d-4966-8c99-5ac8b74d8719,Ethan Corson,Democratic,7,upper,Ethan,Corson,Male,ethan.corson@senate.ks.gov,,1982-05-28,,https://www.kslegislature.gov/static/li_pics/sen_corson_ethan_1.jpg,https://www.kslegislature.gov/li/b2025_26/members/sen_corson_ethan_1/;https://www.kslegislature.gov/senators/sen_corson_ethan_1/;https://www.kslegislature.org/li/b2021_22/members/sen_corson_ethan_1/;https://www.kslegislature.org/li/b2023_24/members/sen_corson_ethan_1/,https://ballotpedia.org/Ethan_Corson;https://en.wikipedia.org/wiki/Ethan_Corson;https://justfacts.votesmart.org/candidate/biography/192899/ethan-corson;https://www.kslegislature.gov/li/b2025_26/members/sen_corson_ethan_1;https://www.kslegislature.gov/senators/sen_corson_ethan_1;https://www.kslegislature.org/li/api/v11/rev-1/members/sen_corson_ethan_1;https://www.kslegislature.org/li/api/v11/rev-1/members/sen_corson_ethan_1/;https://www.kslegislature.org/li/b2023_24/members/sen_corson_ethan_1;https://www.kslegislature.org/li/b2023_24/members/sen_corson_ethan_1/;https://www.linkedin.com/in/ethancorson,,,,,,,,,,,
ocd-person/96643a66-5a00-41ba-9aa6-fc126a92849c,Ford Carr,Democratic,84,lower,Ford,Carr,Male,ford.carr@house.ks.gov,,,,https://www.kslegislature.gov/static/li_pics/rep_carr_ford_1.jpg,https://www.kslegislature.gov/legislators/rep_carr_ford_1/;https://www.kslegislature.gov/li/b2025_26/members/rep_carr_ford_1/;https://www.kslegislature.org/li/b2023_24/members/rep_carr_ford_1/,https://ballotpedia.org/Ford_Carr;https://en.wikipedia.org/wiki/Ford_Carr;https://justfacts.votesmart.org/candidate/210963/ford-carr;https://www.kslegislature.gov/legislators/rep_carr_ford_1;https://www.kslegislature.gov/li/b2025_26/members/rep_carr_ford_1;https://www.kslegislature.org/li/api/v11/rev-1/members/rep_carr_ford_1;https://www.kslegislature.org/li/api/v11/rev-1/members/rep_carr_ford_1/;https://www.kslegislature.org/li/b2023_24/members/rep_carr_ford_1;https://www.kslegislature.org/li/b2023_24/members/rep_carr_ford_1/,,,,,,,,,,,
ocd-person/aa7fa5a0-596b-4f52-9af5-732b76f875e9,Francis Awerkamp,Republican,61,lower,Francis,Awerkamp,Male,francis.awerkamp@house.ks.gov,,1980-09-20,,https://www.kslegislature.gov/static/li_pics/rep_awerkamp_francis_1.jpg,https://www.kslegislature.gov/legislators/rep_awerkamp_francis_1/;https://www.kslegislature.gov/li/b2025_26/members/rep_awerkamp_francis_1/;https://www.kslegislature.org/li/b2019_20/members/rep_awerkamp_francis_1/;https://www.kslegislature.org/li/b2021_22/members/rep_awerkamp_francis_1/;https://www.kslegislature.org/li/b2023_24/members/rep_awerkamp_francis_1/,https://ballotpedia.org/Francis_Awerkamp;https://en.wikipedia.org/wiki/Francis_Awerkamp;https://justfacts.votesmart.org/candidate/biography/171927/francis-awerkamp;https://www.kslegislature.gov/legislators/rep_awerkamp_francis_1;https://www.kslegislature.gov/li/b2025_26/members/rep_awerkamp_francis_1;https://www.kslegislature.org/li/api/v11/rev-1/members/rep_awerkamp_francis_1;https://www.kslegislature.org/li/api/v11/rev-1/members/rep_awerkamp_francis_1/;https://www.kslegislature.org/li/b2023_24/members/rep_awerkamp_francis_1;https://www.kslegislature.org/li/b2023_24/members/rep_awerkamp_francis_1/,,,,,,,,,,,
ocd-person/3ebdf5bf-c602-4181-914d-fd63b564ea2b,Fred Gardner,Republican,9,lower,Fred,Gardner,Male,fred.gardner@house.ks.gov,,,,https://www.kslegislature.gov/static/li_pics/rep_gardner_fred_1.jpg,https://www.kslegislature.gov/legislators/rep_gardner_fred_1/;https://www.kslegislature.gov/li/b2025_26/members/rep_gardner_fred_1/;https://www.kslegislature.org/li/b2023_24/members/rep_gardner_fred_1/,https://ballotpedia.org/Fred_Gardner;https://en.wikipedia.org/wiki/Fred_Gardner_(politician);https://www.kslegislature.gov/legislators/rep_gardner_fred_1;https://www.kslegislature.gov/li/b2025_26/members/rep_gardner_fred_1;https://www.kslegislature.org/li/api/v11/rev-1/members/rep_gardner_fred_1;https://www.kslegislature.org/li/api/v11/rev-1/members/rep_gardner_fred_1/;https://www.kslegislature.org/li/b2023_24/members/rep_gardner_fred_1;https://www.kslegislature.org/li/b2023_24/members/rep_gardner_fred_1/,,,,,,,,,,,
ocd-person/b5ed1fef-035c-4454-90ae-6434d0540f43,Gary White,Republican,115,lower,Gary,White,Male,gary.white@house.ks.gov,,,,https://s3.amazonaws.com/ballotpedia-api4/files/thumbs/200/300/Gary_White.jpeg,https://www.kslegislature.gov/legislators/rep_white_gary_1/;https://www.kslegislature.gov/li/b2025_26/members/rep_white_gary_1/;https://www.kslegislature.org/li/b2023_24/members/rep_white_gary_1/,https://ballotpedia.org/Gary_White;https://en.wikipedia.org/wiki/Gary_White_(politician);https://justfacts.votesmart.org/candidate/biography/208151/gary-white;https://www.kslegislature.gov/legislators/rep_white_gary_1;https://www.kslegislature.gov/li/b2025_26/members/rep_white_gary_1;https://www.kslegislature.org/li/api/v11/rev-1/members/rep_white_gary_1;https://www.kslegislature.org/li/api/v11/rev-1/members/rep_white_gary_1/;https://www.kslegislature.org/li/b2023_24/members/rep_white_gary_1;https://www.kslegislature.org/li/b2023_24/members/rep_white_gary_1/,,,,,,,,,,,
ocd-person/68b27ef7-a338-4295-b31b-2c984bdbdbf1,Greg Wilson,Republican,70,lower,Greg,Wilson,Male,greg.wilson@house.ks.gov,,,,https://bloximages.newyork1.vip.townnews.com/abilene-rc.com/content/tncms/assets/v3/editorial/9/19/919822b8-7b58-4d49-bf1d-499f9f717319/6882afbe93db1.image.jpg?resize=300%2C504,https://www.kslegislature.gov/legislators/rep_wilson_greg_1/;https://www.kslegislature.gov/li/b2025_26/members/rep_wilson_greg_1/,https://ballotpedia.org/Greg_Wilson;https://en.wikipedia.org/wiki/Greg_Wilson_(politician);https://justfacts.votesmart.org/candidate/biography/227566/greg-wilson;https://www.kslegislature.gov/legislators/rep_wilson_greg_1;https://www.kslegislature.gov/li/b2025_26/members/rep_wilson_greg_1;https://www.linkedin.com/in/greg-wilson-37b53057,,,,,,,,,,,
ocd-person/eaf4ca2d-ba48-4c99-88cc-2845e7237143,Heather Meyer,Democratic,29,lower,Heather,Meyer,Female,heather.meyer@house.ks.gov,,1980-08-14,,https://www.kslegislature.gov/static/li_pics/rep_meyer_heather_1.jpg,https://www.kslegislature.gov/legislators/rep_meyer_heather_1/;https://www.kslegislature.gov/li/b2025_26/members/rep_meyer_heather_1/;https://www.kslegislature.org/li/b2021_22/members/rep_meyer_heather_1/;https://www.kslegislature.org/li/b2023_24/members/rep_meyer_heather_1/,https://ballotpedia.org/Heather_Meyer;https://en.wikipedia.org/wiki/Heather_Meyer;https://www.kslegislature.gov/legislators/rep_meyer_heather_1;https://www.kslegislature.gov/li/b2025_26/members/rep_meyer_heather_1;https://www.kslegislature.org/li/api/v11/rev-1/members/rep_meyer_heather_1;https://www.kslegislature.org/li/api/v11/rev-1/members/rep_meyer_heather_1/;https://www.kslegislature.org/li/b2023_24/members/rep_meyer_heather_1;https://www.kslegislature.org/li/b2023_24/members/rep_meyer_heather_1/;https://www.linkedin.com/in/heather-meyer-9489bbb;https://www.linkedin.com/in/heathermeyer29,,,,,,,,,,,
ocd-person/d951217c-00c1-4957-842b-02ecf79ee70d,Henry Helgerson,Democratic,83,lower,Henry,Helgerson,Male,henry.helgerson@house.ks.gov,,1952-01-12,,https://s3.amazonaws.com/ballotpedia-api4/files/thumbs/200/300/rep_helgerson_henry_1.jpg,https://www.kslegislature.gov/legislators/rep_helgerson_henry_1/;https://www.kslegislature.gov/li/b2025_26/members/rep_helgerson_henry_1/;https://www.kslegislature.org/li/b2019_20/members/rep_helgerson_henry_1/;https://www.kslegislature.org/li/b2021_22/members/rep_helgerson_henry_1/;https://www.kslegislature.org/li/b2023_24/members/rep_helgerson_henry_1/,https://ballotpedia.org/Henry_Helgerson;https://en.wikipedia.org/wiki/Henry_Helgerson;https://www.kslegislature.gov/legislators/rep_helgerson_henry_1;https://www.kslegislature.gov/li/b2025_26/members/rep_helgerson_henry_1;https://www.kslegislature.org/li/api/v11/rev-1/members/rep_helgerson_henry_1;https://www.kslegislature.org/li/api/v11/rev-1/members/rep_helgerson_henry_1/;https://www.kslegislature.org/li/b2023_24/members/rep_helgerson_henry_1;https://www.kslegislature.org/li/b2023_24/members/rep_helgerson_henry_1/,,,,,,,,,,,
ocd-person/65fa3818-4803-4821-8533-51a7802694ec,Jarrod Ousley,Democratic,24,lower,Jarrod,Ousley,Male,jarrod.ousley@house.ks.gov,,1977-10-29,,https://www.kslegislature.gov/static/li_pics/rep_ousley_jarrod_1.jpg,https://www.kslegislature.gov/legislators/rep_ousley_jarrod_1/;https://www.kslegislature.gov/li/b2025_26/members/rep_ousley_jarrod_1/;https://www.kslegislature.org/li/b2019_20/members/rep_ousley_jarrod_1/;https://www.kslegislature.org/li/b2021_22/members/rep_ousley_jarrod_1/;https://www.kslegislature.org/li/b2023_24/members/rep_ousley_jarrod_1/,https://ballotpedia.org/Jarrod_Ousley;https://en.wikipedia.org/wiki/Jarrod_Ousley;https://www.kslegislature.gov/legislators/rep_ousley_jarrod_1;https://www.kslegislature.gov/li/b2025_26/members/rep_ousley_jarrod_1;https://www.kslegislature.org/li/api/v11/rev-1/members/rep_ousley_jarrod_1;https://www.kslegislature.org/li/api/v11/rev-1/members/rep_ousley_jarrod_1/;https://www.kslegislature.org/li/b2023_24/members/rep_ousley_jarrod_1;https://www.kslegislature.org/li/b2023_24/members/rep_ousley_jarrod_1/,,,,,,,,,,,
ocd-person/55f1cbff-5420-44f1-8d6e-1970317cd150,Jason Goetz,Republican,119,lower,Jason,Goetz,Male,jason.goetz@house.ks.gov,,,,https://www.kslegislature.gov/static/li_pics/rep_goetz_jason_1.jpg,https://www.kslegislature.gov/legislators/rep_goetz_jason_1/;https://www.kslegislature.gov/li/b2025_26/members/rep_goetz_jason_1/;https://www.kslegislature.org/li/b2023_24/members/rep_goetz_jason_1/,https://ballotpedia.org/Jason_Goetz;https://en.wikipedia.org/wiki/Jason_Goetz;https://justfacts.votesmart.org/candidate/biography/210246/jason-goetz;https://www.kslegislature.gov/legislators/rep_goetz_jason_1;https://www.kslegislature.gov/li/b2025_26/members/rep_goetz_jason_1;https://www.kslegislature.org/li/api/v11/rev-1/members/rep_goetz_jason_1;https://www.kslegislature.org/li/api/v11/rev-1/members/rep_goetz_jason_1/;https://www.kslegislature.org/li/b2023_24/members/rep_goetz_jason_1;https://www.kslegislature.org/li/b2023_24/members/rep_goetz_jason_1/;https://www.linkedin.com/in/jason-goetz-a7550875,,,,,,,,,,,
ocd-person/49a02bbc-55ad-456e-9175-d51041b583de,Jeff Klemp,Republican,5,upper,Jeff,Klemp,Male,jeff.klemp@senate.ks.gov,,,,https://s3.amazonaws.com/ballotpedia-api4/files/thumbs/200/300/JeffKlemp2024.jpg,https://www.kslegislature.gov/li/b2025_26/members/sen_klemp_jeff_1/;https://www.kslegislature.gov/senators/sen_klemp_jeff_1/,https://ballotpedia.org/Jeff_Klemp;https://en.wikipedia.org/wiki/Jeff_Klemp;https://justfacts.votesmart.org/candidate/biography/218066/jeff-klemp;https://www.kslegislature.gov/li/b2025_26/members/sen_klemp_jeff_1;https://www.kslegislature.gov/senators/sen_klemp_jeff_1;https://www.linkedin.com/in/jeffrey-klemp-045894,,,,,,,,,,,
ocd-person/4a358caf-0fad-4d45-8fa7-3c5ef062a544,Jerry Stogsdill,Democratic,21,lower,Jerry,Stogsdill,Male,jerry.stogsdill@house.ks.gov,,1947-06-15,,https://www.kslegislature.gov/static/li_pics/rep_stogsdill_jerry_1.jpg,https://www.kslegislature.gov/legislators/rep_stogsdill_jerry_1/;https://www.kslegislature.gov/li/b2025_26/members/rep_stogsdill_jerry_1/;https://www.kslegislature.org/li/b2019_20/members/rep_stogsdill_jerry_1/;https://www.kslegislature.org/li/b2021_22/members/rep_stogsdill_jerry_1/;https://www.kslegislature.org/li/b2023_24/members/rep_stogsdill_jerry_1/,https://ballotpedia.org/Jerry_Stogsdill;https://en.wikipedia.org/wiki/Jerry_Stogsdill;https://justfacts.votesmart.org/candidate/biography/171811/jerry-stogsdill;https://www.kslegislature.gov/legislators/rep_stogsdill_jerry_1;https://www.kslegislature.gov/li/b2025_26/members/rep_stogsdill_jerry_1;https://www.kslegislature.org/li/api/v11/rev-1/members/rep_stogsdill_jerry_1;https://www.kslegislature.org/li/api/v11/rev-1/members/rep_stogsdill_jerry_1/;https://www.kslegislature.org/li/b2023_24/members/rep_stogsdill_jerry_1;https://www.kslegislature.org/li/b2023_24/members/rep_stogsdill_jerry_1/;https://www.linkedin.com/in/jerry-stogsdill-00847830,,,,,,,,,,,
ocd-person/0c2ba27f-4208-475d-a625-a12c5f0581b5,Jesse Borjon,Republican,52,lower,Jesse,Borjon,Male,jesse.borjon@house.ks.gov,,1975-02-18,,https://www.kslegislature.gov/static/li_pics/rep_borjon_jesse_1.jpg,https://www.kslegislature.gov/legislators/rep_borjon_jesse_1/;https://www.kslegislature.gov/li/b2025_26/members/rep_borjon_jesse_1/;https://www.kslegislature.org/li/b2021_22/members/rep_borjon_jesse_1/;https://www.kslegislature.org/li/b2023_24/members/rep_borjon_jesse_1/,https://ballotpedia.org/Jesse_Borjon;https://en.wikipedia.org/wiki/Jesse_Borjon;https://justfacts.votesmart.org/candidate/193001/jesse-borjon;https://www.borjonforkansas.com/about;https://www.kslegislature.gov/legislators/rep_borjon_jesse_1;https://www.kslegislature.gov/li/b2025_26/members/rep_borjon_jesse_1;https://www.kslegislature.org/li/api/v11/rev-1/members/rep_borjon_jesse_1;https://www.kslegislature.org/li/api/v11/rev-1/members/rep_borjon_jesse_1/;https://www.kslegislature.org/li/b2023_24/members/rep_borjon_jesse_1;https://www.kslegislature.org/li/b2023_24/members/rep_borjon_jesse_1/;https://www.linkedin.com/in/jesse-borjon-591b71b0,,,,,,,,,,,
ocd-person/6d763b0e-63b6-4b79-9d38-bad4095c9d28,Jill Ward,Republican,105,lower,Jill,Ward,Female,jill.ward@house.ks.gov,,,,https://s3.amazonaws.com/ballotpedia-api4/files/thumbs/200/300/JillWard24.jpeg,https://www.kslegislature.gov/legislators/rep_ward_jill_1/;https://www.kslegislature.gov/li/b2025_26/members/rep_ward_jill_1/,https://ballotpedia.org/Jill_Ward;https://en.wikipedia.org/wiki/Jill_Ward;https://justfacts.votesmart.org/candidate/biography/218278/jill-ward;https://www.kslegislature.gov/legislators/rep_ward_jill_1;https://www.kslegislature.gov/li/b2025_26/members/rep_ward_jill_1;https://www.linkedin.com/in/jill-ward-06697510,,,,,,,,,,,
ocd-person/ca29b8ff-9845-40ba-a196-458cef943041,Jim Minnix,Republican,118,lower,Jim,Minnix,Male,jim.minnix@house.ks.gov,,,,https://www.kslegislature.gov/static/li_pics/rep_minnix_jim_1.jpg,https://www.kslegislature.gov/legislators/rep_minnix_jim_1/;https://www.kslegislature.gov/li/b2025_26/members/rep_minnix_jim_1/;https://www.kslegislature.org/li/b2021_22/members/rep_minnix_jim_1/;https://www.kslegislature.org/li/b2023_24/members/rep_minnix_jim_1/,https://ballotpedia.org/Jim_Minnix;https://en.wikipedia.org/wiki/Jim_Minnix;https://justfacts.votesmart.org/candidate/biography/131680/james-minnix;https://www.kslegislature.gov/legislators/rep_minnix_jim_1;https://www.kslegislature.gov/li/b2025_26/members/rep_minnix_jim_1;https://www.kslegislature.org/li/api/v11/rev-1/members/rep_minnix_jim_1;https://www.kslegislature.org/li/api/v11/rev-1/members/rep_minnix_jim_1/;https://www.kslegislature.org/li/b2023_24/members/rep_minnix_jim_1;https://www.kslegislature.org/li/b2023_24/members/rep_minnix_jim_1/;https://www.linkedin.com/in/james-minnix-55558411,,,,,,,,,,,
ocd-person/f66696d0-6a3c-4b91-9f41-ed016e74d4ef,Jo Ella Hoye,Democratic,17,lower,Jo Ella,Hoye,Female,joella.hoye@house.ks.gov,,,,https://s3.amazonaws.com/ballotpedia-api4/files/thumbs/200/300/Jo-Ella-Hoye.PNG,https://www.kslegislature.gov/legislators/rep_hoye_jo_ella_1/;https://www.kslegislature.gov/li/b2025_26/members/rep_hoye_jo_ella_1/;https://www.kslegislature.org/li/b2021_22/members/rep_hoye_jo_ella_1/;https://www.kslegislature.org/li/b2023_24/members/rep_hoye_jo_ella_1/,https://ballotpedia.org/Jo_Ella_Hoye;https://en.wikipedia.org/wiki/Jo_Ella_Hoye;https://j.futurefacts.votesmart.io/candidate/biography/193017/jo-hoye;https://joellaforkansas.com/about;https://www.kslegislature.gov/legislators/rep_hoye_jo_ella_1;https://www.kslegislature.gov/li/b2025_26/members/rep_hoye_jo_ella_1;https://www.kslegislature.org/li/api/v11/rev-1/members/rep_hoye_jo_ella_1;https://www.kslegislature.org/li/api/v11/rev-1/members/rep_hoye_jo_ella_1/;https://www.kslegislature.org/li/b2023_24/members/rep_hoye_jo_ella_1;https://www.kslegislature.org/li/b2023_24/members/rep_hoye_jo_ella_1/,,,,,,,,,,,
ocd-person/918f677f-eac8-4e2d-acc9-eb2c3e4de80f,Joe Claeys,Republican,27,upper,Joe,Claeys,Male,joseph.claeys@senate.ks.gov,,,,https://www.kslegislature.gov/static/li_pics/sen_claeys_joseph_1.jpg,https://www.kslegislature.gov/li/b2025_26/members/sen_claeys_joseph_1/;https://www.kslegislature.gov/senators/sen_claeys_joseph_1/,https://ballotpedia.org/Joe_Claeys;https://en.wikipedia.org/wiki/Joe_Claeys;https://www.kslegislature.gov/li/b2025_26/members/sen_claeys_joseph_1;https://www.kslegislature.gov/senators/sen_claeys_joseph_1;https://www.linkedin.com/in/claeysjoseph,,,,,,,,,,,
ocd-person/29dad718-27f5-4cbb-9a2c-56fad33e4569,Joe Seiwert,Republican,101,lower,Joe,Seiwert,Male,joe.seiwert@house.ks.gov,,1951-08-21,,https://www.kslegislature.gov/static/li_pics/rep_seiwert_joe_1.jpg,https://www.kslegislature.gov/legislators/rep_seiwert_joe_1/;https://www.kslegislature.gov/li/b2025_26/members/rep_seiwert_joe_1/;https://www.kslegislature.org/li/b2019_20/members/rep_seiwert_joe_1/;https://www.kslegislature.org/li/b2021_22/members/rep_seiwert_joe_1/;https://www.kslegislature.org/li/b2023_24/members/rep_seiwert_joe_1/,https://ballotpedia.org/Joe_Seiwert;https://en.wikipedia.org/wiki/Joe_Seiwert;https://justfacts.votesmart.org/candidate/biography/107323/joe-seiwert;https://www.kslegislature.gov/legislators/rep_seiwert_joe_1;https://www.kslegislature.gov/li/b2025_26/members/rep_seiwert_joe_1;https://www.kslegislature.org/li/api/v11/rev-1/members/rep_seiwert_joe_1;https://www.kslegislature.org/li/api/v11/rev-1/members/rep_seiwert_joe_1/;https://www.kslegislature.org/li/b2023_24/members/rep_seiwert_joe_1;https://www.kslegislature.org/li/b2023_24/members/rep_seiwert_joe_1/;https://www.linkedin.com/in/joe-seiwert-90562a44,,,,,,,,,,,
ocd-person/f29363f0-8ac1-4c25-a8a7-74db5cefd9a4,John Alcala,Democratic,57,lower,John,Alcala,Male,john.alcala@house.ks.gov,,1959-05-23,,https://www.kslegislature.gov/static/li_pics/rep_alcala_john_1.jpg,https://www.kslegislature.gov/legislators/rep_alcala_john_1/;https://www.kslegislature.gov/li/b2025_26/members/rep_alcala_john_1/;https://www.kslegislature.org/li/b2019_20/members/rep_alcala_john_1/;https://www.kslegislature.org/li/b2021_22/members/rep_alcala_john_1/;https://www.kslegislature.org/li/b2023_24/members/rep_alcala_john_1/,https://ballotpedia.org/John_Alcala;https://en.wikipedia.org/wiki/John_Alcala;https://justfacts.votesmart.org/candidate/biography/73317/john-alcala;https://www.kslegislature.gov/legislators/rep_alcala_john_1;https://www.kslegislature.gov/li/b2025_26/members/rep_alcala_john_1;https://www.kslegislature.org/li/api/v11/rev-1/members/rep_alcala_john_1;https://www.kslegislature.org/li/api/v11/rev-1/members/rep_alcala_john_1/;https://www.kslegislature.org/li/b2023_24/members/rep_alcala_john_1;https://www.kslegislature.org/li/b2023_24/members/rep_alcala_john_1/,,,,,,,,,,,
ocd-person/0ce6641b-4793-4194-8a6b-de220fcb20d5,John Carmichael,Democratic,92,lower,John,Carmichael,Male,john.carmichael@house.ks.gov,,1957-07-02,,https://s3.amazonaws.com/ballotpedia-api4/files/thumbs/200/300/John_Carmichael.jpg,https://www.kslegislature.gov/legislators/rep_carmichael_john_1/;https://www.kslegislature.gov/li/b2025_26/members/rep_carmichael_john_1/;https://www.kslegislature.org/li/b2019_20/members/rep_carmichael_john_1/;https://www.kslegislature.org/li/b2021_22/members/rep_carmichael_john_1/;https://www.kslegislature.org/li/b2023_24/members/rep_carmichael_john_1/,https://ballotpedia.org/John_Carmichael_(Kansas);https://carmichaelforkansas.com/index.php/about;https://en.wikipedia.org/wiki/John_Carmichael_(Kansas_politician);https://justfacts.votesmart.org/candidate/biography/151210/john-carmichael;https://www.kslegislature.gov/legislators/rep_carmichael_john_1;https://www.kslegislature.gov/li/b2025_26/members/rep_carmichael_john_1;https://www.kslegislature.org/li/api/v11/rev-1/members/rep_carmichael_john_1;https://www.kslegislature.org/li/api/v11/rev-1/members/rep_carmichael_john_1/;https://www.kslegislature.org/li/b2023_24/members/rep_carmichael_john_1;https://www.kslegislature.org/li/b2023_24/members/rep_carmichael_john_1/,,,,,,,,,,,
ocd-person/16ed9e2b-5a1b-48b1-99c9-651a55061060,K.C. Ohaebosim,Democratic,89,lower,K.C.,Ohaebosim,Male,kc.ohaebosim@house.ks.gov,,1978-12-27,,https://www.kslegislature.gov/static/li_pics/rep_ohaebosim_kc_1.jpg,https://www.kslegislature.gov/legislators/rep_ohaebosim_kc_1/;https://www.kslegislature.gov/li/b2025_26/members/rep_ohaebosim_kc_1/;https://www.kslegislature.org/li/b2019_20/members/rep_ohaebosim_kc_1/;https://www.kslegislature.org/li/b2021_22/members/rep_ohaebosim_kc_1/;https://www.kslegislature.org/li/b2023_24/members/rep_ohaebosim_kc_1/,https://ballotpedia.org/KC_Ohaebosim;https://en.wikipedia.org/wiki/KC_Ohaebosim;https://justfacts.votesmart.org/candidate/biography/107061/kc-ohaebosim;https://www.kslegislature.gov/legislators/rep_ohaebosim_kc_1;https://www.kslegislature.gov/li/b2025_26/members/rep_ohaebosim_kc_1;https://www.kslegislature.org/li/api/v11/rev-1/members/rep_ohaebosim_kc_1;https://www.kslegislature.org/li/api/v11/rev-1/members/rep_ohaebosim_kc_1/;https://www.kslegislature.org/li/b2023_24/members/rep_ohaebosim_kc_1;https://www.kslegislature.org/li/b2023_24/members/rep_ohaebosim_kc_1/;https://www.linkedin.com/in/kc-ohaebosim-a3ba143,,,,,,,,,,,
ocd-person/85a66c0d-6f9e-4a55-947e-4d3dc28af0d8,Kellie Warren,Republican,11,upper,Kellie,Warren,Female,kellie.warren@senate.ks.gov,,1969-02-18,,https://www.kslegislature.gov/static/li_pics/sen_warren_kellie_1.jpg,https://www.kslegislature.gov/li/b2025_26/members/sen_warren_kellie_1/;https://www.kslegislature.gov/senators/sen_warren_kellie_1/;https://www.kslegislature.org/li/b2019_20/members/rep_warren_kellie_1/;https://www.kslegislature.org/li/b2021_22/members/sen_warren_kellie_1/;https://www.kslegislature.org/li/b2023_24/members/sen_warren_kellie_1/,https://ballotpedia.org/Kellie_Warren;https://en.wikipedia.org/wiki/Kellie_Warren;https://www.kslegislature.gov/li/b2025_26/members/sen_warren_kellie_1;https://www.kslegislature.gov/senators/sen_warren_kellie_1;https://www.kslegislature.org/li/api/v11/rev-1/members/rep_warren_kellie_1;https://www.kslegislature.org/li/api/v11/rev-1/members/sen_warren_kellie_1;https://www.kslegislature.org/li/api/v11/rev-1/members/sen_warren_kellie_1/;https://www.kslegislature.org/li/b2023_24/members/sen_warren_kellie_1;https://www.kslegislature.org/li/b2023_24/members/sen_warren_kellie_1/;https://www.linkedin.com/in/kellie-warren-5b510014a,,,,,,,,,,,
ocd-person/afee9b4c-c30b-4cba-b5a2-e20a186c75b1,Ken Corbet,Republican,54,lower,Ken,Corbet,Male,ken.corbet@house.ks.gov,,1948-08-19,,https://www.kslegislature.gov/static/li_pics/rep_corbet_ken_1.jpg,https://www.kslegislature.gov/legislators/rep_corbet_ken_1/;https://www.kslegislature.gov/li/b2025_26/members/rep_corbet_ken_1/;https://www.kslegislature.org/li/b2019_20/members/rep_corbet_ken_1/;https://www.kslegislature.org/li/b2021_22/members/rep_corbet_ken_1/;https://www.kslegislature.org/li/b2023_24/members/rep_corbet_ken_1/,https://ballotpedia.org/Ken_Corbet;https://en.wikipedia.org/wiki/Ken_Corbet;https://justfacts.votesmart.org/candidate/biography/138058/ken-corbet;https://www.kslegislature.gov/legislators/rep_corbet_ken_1;https://www.kslegislature.gov/li/b2025_26/members/rep_corbet_ken_1;https://www.kslegislature.org/li/api/v11/rev-1/members/rep_corbet_ken_1;https://www.kslegislature.org/li/api/v11/rev-1/members/rep_corbet_ken_1/;https://www.kslegislature.org/li/b2023_24/members/rep_corbet_ken_1;https://www.kslegislature.org/li/b2023_24/members/rep_corbet_ken_1/,,,,,,,,,,,
ocd-person/782cdea1-59a1-4930-8126-ffd1264420f9,Ken Rahjes,Republican,110,lower,Ken,Rahjes,Male,ken.rahjes@house.ks.gov,,1966-05-16,,https://www.kslegislature.gov/static/li_pics/rep_rahjes_ken_1.jpg,https://www.kslegislature.gov/legislators/rep_rahjes_ken_1/;https://www.kslegislature.gov/li/b2025_26/members/rep_rahjes_ken_1/;https://www.kslegislature.org/li/b2019_20/members/rep_rahjes_ken_1/;https://www.kslegislature.org/li/b2021_22/members/rep_rahjes_ken_1/;https://www.kslegislature.org/li/b2023_24/members/rep_rahjes_ken_1/,https://ballotpedia.org/Ken_Rahjes;https://en.wikipedia.org/wiki/Ken_Rahjes;https://justfacts.votesmart.org/candidate/167130/ken-rahjes;https://www.kslegislature.gov/legislators/rep_rahjes_ken_1;https://www.kslegislature.gov/li/b2025_26/members/rep_rahjes_ken_1;https://www.kslegislature.org/li/api/v11/rev-1/members/rep_rahjes_ken_1;https://www.kslegislature.org/li/api/v11/rev-1/members/rep_rahjes_ken_1/;https://www.kslegislature.org/li/b2023_24/members/rep_rahjes_ken_1;https://www.kslegislature.org/li/b2023_24/members/rep_rahjes_ken_1/;https://www.linkedin.com/in/ken-rahjes-0491229,,,,,,,,,,,
ocd-person/9d1f2540-8f56-49c1-be08-2ee7b7faed8e,Ken Collins,Republican,2,lower,Ken,Collins,Male,ken.collins@house.ks.gov,,1963-01-27,,https://www.kslegislature.gov/static/li_pics/rep_collins_kenneth_1.jpg,https://www.kslegislature.gov/legislators/rep_collins_kenneth_1/;https://www.kslegislature.gov/li/b2025_26/members/rep_collins_kenneth_1/;https://www.kslegislature.org/li/b2019_20/members/rep_collins_kenneth_1/;https://www.kslegislature.org/li/b2021_22/members/rep_collins_kenneth_1/;https://www.kslegislature.org/li/b2023_24/members/rep_collins_kenneth_1/,https://ballotpedia.org/Kenneth_Collins_(Kansas);https://en.wikipedia.org/wiki/Ken_Collins_(Kansas_politician);https://justfacts.votesmart.org/candidate/biography/183509/kenneth-collins;https://www.kenforkansas.net/about;https://www.kslegislature.gov/legislators/rep_collins_kenneth_1;https://www.kslegislature.gov/li/b2025_26/members/rep_collins_kenneth_1;https://www.kslegislature.org/li/api/v11/rev-1/members/rep_collins_kenneth_1;https://www.kslegislature.org/li/api/v11/rev-1/members/rep_collins_kenneth_1/;https://www.kslegislature.org/li/b2023_24/members/rep_collins_kenneth_1;https://www.kslegislature.org/li/b2023_24/members/rep_collins_kenneth_1/;https://www.linkedin.com/in/ken-collins-71a0a8109,,,,,,,,,,,
ocd-person/8a353296-bd2d-4fd6-b1b9-d8b3c8b3f771,Kenny Titus,Republican,18,upper,Kenny,Titus,Male,kenny.titus@senate.ks.gov,,,,https://www.kslegislature.gov/static/li_pics/sen_titus_kenny_1.jpg,https://www.kslegislature.gov/li/b2025_26/members/sen_titus_kenny_1/;https://www.kslegislature.gov/senators/sen_titus_kenny_1/;https://www.kslegislature.org/li/b2023_24/members/rep_titus_kenny_1/,https://ballotpedia.org/Kenny_Titus;https://en.wikipedia.org/wiki/Kenny_Titus;https://justfacts.votesmart.org/candidate/biography/208090/kenny-titus;https://www.kslegislature.gov/li/b2025_26/members/sen_titus_kenny_1;https://www.kslegislature.gov/senators/sen_titus_kenny_1;https://www.kslegislature.org/li/api/v11/rev-1/members/rep_titus_kenny_1;https://www.kslegislature.org/li/api/v11/rev-1/members/rep_titus_kenny_1/;https://www.kslegislature.org/li/b2023_24/members/rep_titus_kenny_1;https://www.kslegislature.org/li/b2023_24/members/rep_titus_kenny_1/;https://www.linkedin.com/in/kenneth-titus-7ba97989,,,,,,,,,,,
ocd-person/d0ddb22e-8135-4ca0-856a-4c00c29f1d47,Kevin Schwertfeger,Republican,114,lower,Kevin,Schwertfeger,Male,kevin.schwertfeger@house.ks.gov,,,,https://www.kslegislature.gov/static/li_pics/rep_schwertfeger_kevin_1.jpg,https://www.kslegislature.gov/legislators/rep_schwertfeger_kevin_1/;https://www.kslegislature.gov/li/b2025_26/members/rep_schwertfeger_kevin_1/,https://ballotpedia.org/Kevin_Schwertfeger;https://en.wikipedia.org/wiki/Kevin_Schwertfeger;https://justfacts.votesmart.org/candidate/biography/218286/kevin-schwertfeger;https://www.kslegislature.gov/legislators/rep_schwertfeger_kevin_1;https://www.kslegislature.gov/li/b2025_26/members/rep_schwertfeger_kevin_1,,,,,,,,,,,
ocd-person/a81f29c0-88a5-4984-a36e-214eddb912fb,Kirk Haskins,Democratic,53,lower,Kirk,Haskins,Male,kirk.haskins@house.ks.gov,,,,https://www.kslegislature.gov/static/li_pics/rep_haskins_kirk_1.jpg,https://www.kslegislature.gov/legislators/rep_haskins_kirk_1/;https://www.kslegislature.gov/li/b2025_26/members/rep_haskins_kirk_1/;https://www.kslegislature.org/li/b2023_24/members/rep_haskins_kirk_1/,https://ballotpedia.org/Kirk_Haskins;https://en.wikipedia.org/wiki/Kirk_Haskins;https://justfacts.votesmart.org/candidate/210234/kirk-haskins;https://www.haskinsforkansas.com/about;https://www.kslegislature.gov/legislators/rep_haskins_kirk_1;https://www.kslegislature.gov/li/b2025_26/members/rep_haskins_kirk_1;https://www.kslegislature.org/li/api/v11/rev-1/members/rep_haskins_kirk_1;https://www.kslegislature.org/li/api/v11/rev-1/members/rep_haskins_kirk_1/;https://www.kslegislature.org/li/b2023_24/members/rep_haskins_kirk_1;https://www.kslegislature.org/li/b2023_24/members/rep_haskins_kirk_1/;https://www.linkedin.com/in/kirkhaskins,,,,,,,,,,,
ocd-person/81803637-3bf0-4bbe-9ae4-7724488955b7,Kristey Williams,Republican,77,lower,Kristey,Williams,Female,kristey.williams@house.ks.gov,,1970-10-16,,https://www.kslegislature.gov/static/li_pics/rep_williams_kristey_1.jpg,https://www.kslegislature.gov/legislators/rep_williams_kristey_1/;https://www.kslegislature.gov/li/b2025_26/members/rep_williams_kristey_1/;https://www.kslegislature.org/li/b2019_20/members/rep_williams_kristey_1/;https://www.kslegislature.org/li/b2021_22/members/rep_williams_kristey_1/;https://www.kslegislature.org/li/b2023_24/members/rep_williams_kristey_1/,https://ballotpedia.org/Kristey_Williams;https://en.wikipedia.org/wiki/Kristey_Williams;https://justfacts.votesmart.org/candidate/biography/152437/kristey-williams;https://www.kristeywilliamshouse.com;https://www.kristeywilliamshouse.com/about-kristey-williams;https://www.kslegislature.gov/legislators/rep_williams_kristey_1;https://www.kslegislature.gov/li/b2025_26/members/rep_williams_kristey_1;https://www.kslegislature.org/li/api/v11/rev-1/members/rep_williams_kristey_1;https://www.kslegislature.org/li/api/v11/rev-1/members/rep_williams_kristey_1/;https://www.kslegislature.org/li/b2023_24/members/rep_williams_kristey_1;https://www.kslegislature.org/li/b2023_24/members/rep_williams_kristey_1/;https://www.linkedin.com/in/kristey-williams-2368b06,,,,,,,,,,,
ocd-person/c51517ec-db1e-433d-a1d0-683547ae34a2,Kyle Hoffman,Republican,116,lower,Kyle,Hoffman,Male,kyle.hoffman@house.ks.gov,,1971-06-11,,https://www.kslegislature.gov/static/li_pics/rep_hoffman_kyle_1.jpg,https://www.kslegislature.gov/legislators/rep_hoffman_kyle_1/;https://www.kslegislature.gov/li/b2025_26/members/rep_hoffman_kyle_1/;https://www.kslegislature.org/li/b2019_20/members/rep_hoffman_kyle_1/;https://www.kslegislature.org/li/b2021_22/members/rep_hoffman_kyle_1/;https://www.kslegislature.org/li/b2023_24/members/rep_hoffman_kyle_1/,https://ballotpedia.org/Kyle_Hoffman;https://en.wikipedia.org/wiki/Kyle_Hoffman;https://justfacts.votesmart.org/candidate/biography/125232/kyle-hoffman;https://www.kslegislature.gov/legislators/rep_hoffman_kyle_1;https://www.kslegislature.gov/li/b2025_26/members/rep_hoffman_kyle_1;https://www.kslegislature.org/li/api/v11/rev-1/members/rep_hoffman_kyle_1;https://www.kslegislature.org/li/api/v11/rev-1/members/rep_hoffman_kyle_1/;https://www.kslegislature.org/li/b2023_24/members/rep_hoffman_kyle_1;https://www.kslegislature.org/li/b2023_24/members/rep_hoffman_kyle_1/,,,,,,,,,,,
ocd-person/2abcd1bf-54b0-4abe-a716-065895d88d6b,Kyle McNorton,Republican,50,lower,Kyle,McNorton,Male,kyle.mcnorton@house.ks.gov,,,,https://www.kslegislature.gov/static/li_pics/rep_mcnorton_kyle_1.jpg,https://www.kslegislature.gov/legislators/rep_mcnorton_kyle_1/;https://www.kslegislature.gov/li/b2025_26/members/rep_mcnorton_kyle_1/;https://www.kslegislature.org/li/b2023_24/members/rep_mcnorton_kyle_1/,https://ballotpedia.org/Kyle_McNorton;https://en.wikipedia.org/wiki/Kyle_McNorton;https://justfacts.votesmart.org/candidate/214419/kyle-mcnorton;https://justfacts.votesmart.org/candidate/biography/214419/kyle-mcnorton;https://www.kslegislature.gov/legislators/rep_mcnorton_kyle_1;https://www.kslegislature.gov/li/b2025_26/members/rep_mcnorton_kyle_1;https://www.kslegislature.org/li/api/v11/rev-1/members/rep_mcnorton_kyle_1;https://www.kslegislature.org/li/api/v11/rev-1/members/rep_mcnorton_kyle_1/;https://www.kslegislature.org/li/b2023_24/members/rep_mcnorton_kyle_1;https://www.kslegislature.org/li/b2023_24/members/rep_mcnorton_kyle_1/;https://www.linkedin.com/in/kyle-mcnorton-b1219136,,,,,,,,,,,
ocd-person/630804aa-ee95-4839-9b15-7522ef06d5dd,Kyler Sweely,Republican,102,lower,Kyler,Sweely,Male,kyler.sweely@house.ks.gov,,,,https://www.kslegislature.gov/static/li_pics/rep_sweely_kyler_1.jpg,https://www.kslegislature.gov/legislators/rep_sweely_kyler_1/;https://www.kslegislature.gov/li/b2025_26/members/rep_sweely_kyler_1/,https://ballotpedia.org/Kyler_Sweely;https://en.wikipedia.org/wiki/Kyler_Sweely;https://justfacts.votesmart.org/candidate/218273/kyler-sweely;https://www.kslegislature.gov/legislators/rep_sweely_kyler_1;https://www.kslegislature.gov/li/b2025_26/members/rep_sweely_kyler_1;https://www.linkedin.com/in/kyler-sweely-62853a178,,,,,,,,,,,
ocd-person/a1546322-9d4b-467c-a65a-57dddcc9c4cf,Lance Neelly,Republican,42,lower,Lance,Neelly,Male,lance.neelly@house.ks.gov,,,,https://www.kslegislature.gov/static/li_pics/rep_neelly_lance_1.jpg,https://www.kslegislature.gov/legislators/rep_neelly_lance_1/;https://www.kslegislature.gov/li/b2025_26/members/rep_neelly_lance_1/;https://www.kslegislature.org/li/b2021_22/members/rep_neelly_lance_1/;https://www.kslegislature.org/li/b2023_24/members/rep_neelly_lance_1/,https://ballotpedia.org/Lance_Neelly;https://en.wikipedia.org/wiki/Lance_Neelly;https://www.kslegislature.gov/legislators/rep_neelly_lance_1;https://www.kslegislature.gov/li/b2025_26/members/rep_neelly_lance_1;https://www.kslegislature.org/li/api/v11/rev-1/members/rep_neelly_lance_1;https://www.kslegislature.org/li/api/v11/rev-1/members/rep_neelly_lance_1/;https://www.kslegislature.org/li/b2023_24/members/rep_neelly_lance_1;https://www.kslegislature.org/li/b2023_24/members/rep_neelly_lance_1/,,,,,,,,,,,
ocd-person/4c340817-c498-4df6-afe4-d3251ce6594b,Larry Alley,Republican,32,upper,Larry,Alley,Male,larry.alley@senate.ks.gov,,1948-09-23,,https://s3.amazonaws.com/ballotpedia-api4/files/thumbs/200/300/Larry_Alley.jpg,https://www.kslegislature.gov/li/b2025_26/members/sen_alley_larry_1/;https://www.kslegislature.gov/senators/sen_alley_larry_1/;https://www.kslegislature.org/li/b2019_20/members/sen_alley_larry_1/;https://www.kslegislature.org/li/b2021_22/members/sen_alley_larry_1/;https://www.kslegislature.org/li/b2023_24/members/sen_alley_larry_1/,https://ballotpedia.org/Larry_Alley;https://en.wikipedia.org/wiki/Larry_Alley;https://justfacts.votesmart.org/candidate/biography/128209/larry-alley;https://www.kslegislature.gov/li/b2025_26/members/sen_alley_larry_1;https://www.kslegislature.gov/senators/sen_alley_larry_1;https://www.kslegislature.org/li/api/v11/rev-1/members/sen_alley_larry_1;https://www.kslegislature.org/li/api/v11/rev-1/members/sen_alley_larry_1/;https://www.kslegislature.org/li/b2023_24/members/sen_alley_larry_1;https://www.kslegislature.org/li/b2023_24/members/sen_alley_larry_1/;https://www.linkedin.com/in/larry-alley-201a4a148;https://www.linkedin.com/in/larry-alley-32831430,,,,,,,,,,,
ocd-person/0ebc0742-f24c-4ab3-9155-7a4c37e2fa87,Laura Williams,Republican,30,lower,Laura,Williams,Female,laura.williams@house.ks.gov,,1991-12-08,,https://www.kslegislature.gov/static/li_pics/rep_williams_laura_1.jpg,https://www.kslegislature.gov/legislators/rep_williams_laura_1/;https://www.kslegislature.gov/li/b2025_26/members/rep_williams_laura_1/;https://www.kslegislature.org/li/b2023_24/members/rep_williams_laura_1/;https://www.laurawilliamsforkansas.com/,https://ballotpedia.org/Laura_Williams;https://en.wikipedia.org/wiki/Laura_Williams_(politician);https://justfacts.votesmart.org/candidate/biography/193034/laura-williams;https://www.kslegislature.gov/legislators/rep_williams_laura_1;https://www.kslegislature.gov/li/b2025_26/members/rep_williams_laura_1;https://www.kslegislature.org/li/api/v11/rev-1/members/rep_williams_laura_1;https://www.kslegislature.org/li/api/v11/rev-1/members/rep_williams_laura_1/;https://www.kslegislature.org/li/b2023_24/members/rep_williams_laura_1;https://www.kslegislature.org/li/b2023_24/members/rep_williams_laura_1/;https://www.laurawilliamsforkansas.com,,,,,,,,,,,
ocd-person/20c5c197-1683-45a4-a6f6-32b9cab0ba93,Lauren Bohi,Republican,15,lower,Lauren,Bohi,Female,lauren.bohi@house.ks.gov,,,,https://www.kslegislature.gov/static/li_pics/rep_bohi_lauren_1.jpg,https://www.kslegislature.gov/legislators/rep_bohi_lauren_1/;https://www.kslegislature.gov/li/b2025_26/members/rep_bohi_lauren_1/,https://ballotpedia.org/Lauren_Bohi;https://en.wikipedia.org/wiki/Lauren_Bohi;https://justfacts.votesmart.org/candidate/biography/218114/lauren-bohi;https://www.kslegislature.gov/legislators/rep_bohi_lauren_1;https://www.kslegislature.gov/li/b2025_26/members/rep_bohi_lauren_1;https://www.linkedin.com/in/lauren-bohi-2b531177,,,,,,,,,,,
ocd-person/567cbef1-19d5-4e90-9b32-d7f2d45428d6,Leah Howell,Republican,82,lower,Leah,Howell,Female,leah.howell@house.ks.gov,,,,"https://img1.wsimg.com/isteam/ip/534758f8-3fcd-4777-8cd5-06b294ad98e6/Snapseed.JPG/:/cr=t:0%25,l:0%25,w:100%25,h:100%25",https://www.kslegislature.gov/legislators/rep_howell_leah_1/;https://www.kslegislature.gov/li/b2025_26/members/rep_howell_leah_1/;https://www.kslegislature.org/li/b2023_24/members/rep_howell_leah_1/,https://ballotpedia.org/Leah_Howell;https://en.wikipedia.org/wiki/Leah_Howell;https://justfacts.votesmart.org/candidate/biography/201923/leah-howell;https://www.kslegislature.gov/legislators/rep_howell_leah_1;https://www.kslegislature.gov/li/b2025_26/members/rep_howell_leah_1;https://www.kslegislature.org/li/api/v11/rev-1/members/rep_howell_leah_1;https://www.kslegislature.org/li/api/v11/rev-1/members/rep_howell_leah_1/;https://www.kslegislature.org/li/b2023_24/members/rep_howell_leah_1;https://www.kslegislature.org/li/b2023_24/members/rep_howell_leah_1/,,,,,,,,,,,
ocd-person/0f185c85-3f64-4f47-9a64-048b1e009181,Leo Delperdang,Republican,94,lower,Leo,Delperdang,Male,leo.delperdang@house.ks.gov,,1962-02-18,,https://s3.amazonaws.com/ballotpedia-api4/files/thumbs/200/300/rep_delperdang_leo_1.jpg,https://kslegislature.gov/li/b2025_26/members/rep_delperdang_leo_1/;https://www.kslegislature.gov/legislators/rep_delperdang_leo_1/;https://www.kslegislature.gov/li/b2025_26/members/rep_delperdang_leo_1/;https://www.kslegislature.org/li/b2019_20/members/rep_delperdang_leo_1/;https://www.kslegislature.org/li/b2021_22/members/rep_delperdang_leo_1/;https://www.kslegislature.org/li/b2023_24/members/rep_delperdang_leo_1/,https://ballotpedia.org/Leo_Delperdang;https://en.wikipedia.org/wiki/Leo_Delperdang;https://justfacts.votesmart.org/candidate/biography/171988/leo-delperdang;https://kslegislature.gov/li/b2025_26/members/rep_delperdang_leo_1;https://www.kslegislature.gov/legislators/rep_delperdang_leo_1;https://www.kslegislature.gov/li/b2025_26/members/rep_delperdang_leo_1;https://www.kslegislature.org/li/api/v11/rev-1/members/rep_delperdang_leo_1;https://www.kslegislature.org/li/api/v11/rev-1/members/rep_delperdang_leo_1/;https://www.kslegislature.org/li/b2023_24/members/rep_delperdang_leo_1;https://www.kslegislature.org/li/b2023_24/members/rep_delperdang_leo_1/;https://www.linkedin.com/in/leo-delperdang-48b89646,,,,,,,,,,,
ocd-person/e6316819-6e7e-4560-9acf-a7c28e5cfbe7,Bill Bloom,Republican,64,lower,Bill,Bloom,Male,lewis.bloom@house.ks.gov,,,,https://www.kslegislature.gov/static/li_pics/rep_bloom_lewis_1.jpg,https://www.kslegislature.gov/legislators/rep_bloom_lewis_1/;https://www.kslegislature.gov/li/b2025_26/members/rep_bloom_lewis_1/;https://www.kslegislature.org/li/b2023_24/members/rep_bloom_lewis_1/,https://ballotpedia.org/Lewis_Bloom;https://en.wikipedia.org/wiki/Lewis_Bloom;https://justfacts.votesmart.org/candidate/208099/lewis-bloom;https://www.kslegislature.gov/legislators/rep_bloom_lewis_1;https://www.kslegislature.gov/li/b2025_26/members/rep_bloom_lewis_1;https://www.kslegislature.org/li/api/v11/rev-1/members/rep_bloom_lewis_1;https://www.kslegislature.org/li/api/v11/rev-1/members/rep_bloom_lewis_1/;https://www.kslegislature.org/li/b2023_24/members/rep_bloom_lewis_1;https://www.kslegislature.org/li/b2023_24/members/rep_bloom_lewis_1/,,,,,,,,,,,
ocd-person/dd5d95d7-16a3-4094-8c3f-d1319fb5b61a,Linda Featherston,Democratic,16,lower,Linda,Featherston,Female,linda.featherston@house.ks.gov,,,,https://s3.amazonaws.com/ballotpedia-api4/files/thumbs/200/300/Linda-Featherston.jpg,https://www.kslegislature.gov/legislators/rep_featherston_linda_1/;https://www.kslegislature.gov/li/b2025_26/members/rep_featherston_linda_1/;https://www.kslegislature.org/li/b2021_22/members/rep_featherston_linda_1/;https://www.kslegislature.org/li/b2023_24/members/rep_featherston_linda_1/,https://ballotpedia.org/Linda_Featherston;https://en.wikipedia.org/wiki/Linda_Featherston;https://justfacts.votesmart.org/candidate/biography/193015/linda-featherston;https://www.kslegislature.gov/legislators/rep_featherston_linda_1;https://www.kslegislature.gov/li/b2025_26/members/rep_featherston_linda_1;https://www.kslegislature.org/li/api/v11/rev-1/members/rep_featherston_linda_1;https://www.kslegislature.org/li/api/v11/rev-1/members/rep_featherston_linda_1/;https://www.kslegislature.org/li/b2023_24/members/rep_featherston_linda_1;https://www.kslegislature.org/li/b2023_24/members/rep_featherston_linda_1/;https://www.linda4kansas.com/meet-linda,,,,,,,,,,,
ocd-person/4a16a87e-2567-4361-9874-aaee47278840,Lindsay Vaughn,Democratic,22,lower,Lindsay,Vaughn,Female,lindsay.vaughn@house.ks.gov,,,,https://www.kslegislature.gov/static/li_pics/rep_vaughn_lindsay_1.jpg,https://www.kslegislature.gov/legislators/rep_vaughn_lindsay_1/;https://www.kslegislature.gov/li/b2025_26/members/rep_vaughn_lindsay_1/;https://www.kslegislature.org/li/b2021_22/members/rep_vaughn_lindsay_1/;https://www.kslegislature.org/li/b2023_24/members/rep_vaughn_lindsay_1/,https://ballotpedia.org/Lindsay_Vaughn;https://en.wikipedia.org/wiki/Lindsay_Vaughn;https://justfacts.votesmart.org/candidate/193046/lindsay-vaughn;https://www.kslegislature.gov/legislators/rep_vaughn_lindsay_1;https://www.kslegislature.gov/li/b2025_26/members/rep_vaughn_lindsay_1;https://www.kslegislature.org/li/api/v11/rev-1/members/rep_vaughn_lindsay_1;https://www.kslegislature.org/li/api/v11/rev-1/members/rep_vaughn_lindsay_1/;https://www.kslegislature.org/li/b2023_24/members/rep_vaughn_lindsay_1;https://www.kslegislature.org/li/b2023_24/members/rep_vaughn_lindsay_1/,,,,,,,,,,,
ocd-person/019607dd-e8e2-4c2e-b4cc-e95ccddb54a2,Lisa Moser,Republican,106,lower,Lisa,Moser,Female,lisa.moser@house.ks.gov,,,,https://www.kslegislature.gov/static/li_pics/rep_moser_lisa_1.jpg,https://www.kslegislature.gov/legislators/rep_moser_lisa_1/;https://www.kslegislature.gov/li/b2025_26/members/rep_moser_lisa_1/;https://www.kslegislature.org/li/b2021_22/members/rep_moser_lisa_1/;https://www.kslegislature.org/li/b2023_24/members/rep_moser_lisa_1/,https://ballotpedia.org/Lisa_Moser_(Kansas);https://en.wikipedia.org/wiki/Lisa_Moser_(politician);https://www.kslegislature.gov/legislators/rep_moser_lisa_1;https://www.kslegislature.gov/li/b2025_26/members/rep_moser_lisa_1;https://www.kslegislature.org/li/api/v11/rev-1/members/rep_moser_lisa_1;https://www.kslegislature.org/li/api/v11/rev-1/members/rep_moser_lisa_1/;https://www.kslegislature.org/li/b2023_24/members/rep_moser_lisa_1;https://www.kslegislature.org/li/b2023_24/members/rep_moser_lisa_1/,,,,,,,,,,,
ocd-person/783cb220-757e-47e3-9d95-5d6be22c8ee2,Lon Pishny,Republican,122,lower,Lon,Pishny,Male,lon.pishny@house.ks.gov,,,,https://chambermaster.blob.core.windows.net/images/customers/1593/representatives/11391/400x400/Lon+Pishny_2640500.jpg,https://www.kslegislature.gov/legislators/rep_pishny_lon_1/;https://www.kslegislature.gov/li/b2025_26/members/rep_pishny_lon_1/,https://ballotpedia.org/Lon_Pishny;https://en.wikipedia.org/wiki/Lon_Pishny;https://justfacts.votesmart.org/candidate/biography/159232/lon-pishny;https://lonpishny.com/about;https://www.kslegislature.gov/legislators/rep_pishny_lon_1;https://www.kslegislature.gov/li/b2025_26/members/rep_pishny_lon_1,,,,,,,,,,,
ocd-person/6a7f0eed-6a34-4bd2-842c-2978ca9c6008,Louis Ruiz,Democratic,31,lower,Louis,Ruiz,Male,louis.ruiz@house.ks.gov,,1953-08-07,,https://www.kslegislature.gov/static/li_pics/rep_ruiz_louis_1.jpg,https://www.kslegislature.gov/legislators/rep_ruiz_louis_1/;https://www.kslegislature.gov/li/b2025_26/members/rep_ruiz_louis_1/;https://www.kslegislature.org/li/b2019_20/members/rep_ruiz_louis_1/;https://www.kslegislature.org/li/b2021_22/members/rep_ruiz_louis_1/;https://www.kslegislature.org/li/b2023_24/members/rep_ruiz_louis_1/,https://ballotpedia.org/Louis_Ruiz;https://en.wikipedia.org/wiki/Louis_Ruiz;https://justfacts.votesmart.org/candidate/biography/34820/louis-ruiz;https://www.kslegislature.gov/legislators/rep_ruiz_louis_1;https://www.kslegislature.gov/li/b2025_26/members/rep_ruiz_louis_1;https://www.kslegislature.org/li/api/v11/rev-1/members/rep_ruiz_louis_1;https://www.kslegislature.org/li/api/v11/rev-1/members/rep_ruiz_louis_1/;https://www.kslegislature.org/li/b2023_24/members/rep_ruiz_louis_1;https://www.kslegislature.org/li/b2023_24/members/rep_ruiz_louis_1/;https://www.linkedin.com/in/louis-ruiz-76a8494,,,,,,,,,,,
ocd-person/c1529b6d-c377-4491-9397-d61c1301243a,Lynn Melton,Democratic,36,lower,Lynn,Melton,Female,lynn.melton@house.ks.gov,,,,https://www.kslegislature.gov/static/li_pics/rep_melton_lynn_1.jpg,https://www.kslegislature.gov/legislators/rep_melton_lynn_1/;https://www.kslegislature.gov/li/b2025_26/members/rep_melton_lynn_1/;https://www.kslegislature.org/li/b2023_24/members/rep_melton_lynn_1/,https://ballotpedia.org/Lynn_Melton;https://en.wikipedia.org/wiki/Lynn_Melton;https://justfacts.votesmart.org/candidate/biography/208002/lynn-melton;https://www.kslegislature.gov/legislators/rep_melton_lynn_1;https://www.kslegislature.gov/li/b2025_26/members/rep_melton_lynn_1;https://www.kslegislature.org/li/api/v11/rev-1/members/rep_melton_lynn_1;https://www.kslegislature.org/li/api/v11/rev-1/members/rep_melton_lynn_1/;https://www.kslegislature.org/li/b2023_24/members/rep_melton_lynn_1;https://www.kslegislature.org/li/b2023_24/members/rep_melton_lynn_1/;https://www.linkedin.com/in/lynn-melton-34288413,,,,,,,,,,,
ocd-person/4fca7c3e-1f7c-455e-b555-a293ff578e60,Marci Francisco,Democratic,2,upper,Marci,Francisco,Female,marci.francisco@senate.ks.gov,,1950-04-22,,https://www.kslegislature.gov/static/li_pics/sen_francisco_marci_1.jpg,https://www.kslegislature.gov/li/b2025_26/members/sen_francisco_marci_1/;https://www.kslegislature.gov/senators/sen_francisco_marci_1/;https://www.kslegislature.org/li/b2019_20/members/sen_francisco_marci_1/;https://www.kslegislature.org/li/b2021_22/members/sen_francisco_marci_1/;https://www.kslegislature.org/li/b2023_24/members/sen_francisco_marci_1/,https://ballotpedia.org/Marci_Francisco;https://en.wikipedia.org/wiki/Marci_Francisco;https://www.kslegislature.gov/li/b2025_26/members/sen_francisco_marci_1;https://www.kslegislature.gov/senators/sen_francisco_marci_1;https://www.kslegislature.org/li/api/v11/rev-1/members/sen_francisco_marci_1;https://www.kslegislature.org/li/api/v11/rev-1/members/sen_francisco_marci_1/;https://www.kslegislature.org/li/b2023_24/members/sen_francisco_marci_1;https://www.kslegislature.org/li/b2023_24/members/sen_francisco_marci_1/;https://www.linkedin.com/in/marci-francisco-81b2b4b,,,,,,,,,,,
ocd-person/46d9caea-ab2c-4a6e-a08c-ebc927403dc8,Mari-Lynn Poskin,Democratic,20,lower,Mari-Lynn,Poskin,Female,mari-lynn.poskin@house.ks.gov,,,,https://www.kslegislature.gov/static/li_pics/rep_poskin_mari_lynn_1.jpg,https://www.kslegislature.gov/legislators/rep_poskin_mari_lynn_1/;https://www.kslegislature.gov/li/b2025_26/members/rep_poskin_mari_lynn_1/;https://www.kslegislature.org/li/b2021_22/members/rep_poskin_mari_lynn_1/;https://www.kslegislature.org/li/b2023_24/members/rep_poskin_mari_lynn_1/,https://ballotpedia.org/Mari-Lynn_Poskin;https://en.wikipedia.org/wiki/Mari-Lynn_Poskin;https://justfacts.votesmart.org/candidate/biography/193042/mari-lynn-poskin;https://www.kslegislature.gov/legislators/rep_poskin_mari_lynn_1;https://www.kslegislature.gov/li/b2025_26/members/rep_poskin_mari_lynn_1;https://www.kslegislature.org/li/api/v11/rev-1/members/rep_poskin_mari_lynn_1;https://www.kslegislature.org/li/api/v11/rev-1/members/rep_poskin_mari_lynn_1/;https://www.kslegislature.org/li/b2023_24/members/rep_poskin_mari_lynn_1;https://www.kslegislature.org/li/b2023_24/members/rep_poskin_mari_lynn_1/;https://www.linkedin.com/in/kccollegeconnect,,,,,,,,,,,
ocd-person/1748d756-be07-4eaf-be90-82992092e990,Mark Schreiber,Republican,60,lower,Mark,Schreiber,Male,mark.schreiber@house.ks.gov,,,,https://www.kslegislature.gov/static/li_pics/rep_schreiber_mark_1.jpg,https://www.kslegislature.gov/legislators/rep_schreiber_mark_1/;https://www.kslegislature.gov/li/b2025_26/members/rep_schreiber_mark_1/;https://www.kslegislature.org/li/b2019_20/members/rep_schreiber_mark_1/;https://www.kslegislature.org/li/b2021_22/members/rep_schreiber_mark_1/;https://www.kslegislature.org/li/b2023_24/members/rep_schreiber_mark_1/,https://ballotpedia.org/Mark_Schreiber_(Kansas);https://en.wikipedia.org/wiki/Mark_Schreiber_(Kansas_politician);https://justfacts.votesmart.org/candidate/171923/mark-schreiber/38/health-and-health-care;https://schreiberforkansas.com/meet-mark-schreiber;https://www.kslegislature.gov/legislators/rep_schreiber_mark_1;https://www.kslegislature.gov/li/b2025_26/members/rep_schreiber_mark_1;https://www.kslegislature.org/li/api/v11/rev-1/members/rep_schreiber_mark_1;https://www.kslegislature.org/li/api/v11/rev-1/members/rep_schreiber_mark_1/;https://www.kslegislature.org/li/b2023_24/members/rep_schreiber_mark_1;https://www.kslegislature.org/li/b2023_24/members/rep_schreiber_mark_1/;https://www.linkedin.com/in/mark-schreiber-72713014;https://www.schreiberforkansas.com/meet-mark-schreiber,,,,,,,,,,,
ocd-person/ef29753b-3048-4126-bc08-353befde18ab,Marty Long,Republican,124,lower,Marty,Long,Male,marty.long@house.ks.gov,,,,https://www.kslegislature.gov/static/li_pics/rep_long_martin_1.jpg,https://www.kslegislature.gov/legislators/rep_long_martin_1/;https://www.kslegislature.gov/li/b2025_26/members/rep_long_martin_1/;https://www.kslegislature.org/li/b2019_20/members/rep_long_martin_1/;https://www.kslegislature.org/li/b2021_22/members/rep_long_martin_1/;https://www.kslegislature.org/li_2022/b2021_22/members/rep_long_martin_1/,https://ballotpedia.org/Martin_Long_(Kansas);https://en.wikipedia.org/wiki/Marty_Long;https://justfacts.votesmart.org/candidate/biography/87095/martin-long;https://www.kslegislature.gov/legislators/rep_long_martin_1;https://www.kslegislature.gov/li/b2025_26/members/rep_long_martin_1;https://www.kslegislature.org/li/api/v11/rev-1/members/rep_long_martin_1;https://www.kslegislature.org/li/api/v11/rev-1/members/rep_long_martin_1/;https://www.kslegislature.org/li_2022/b2021_22/members/rep_long_martin_1,,,,,,,,,,,
ocd-person/2b9bf649-25fe-4910-8ee9-fe1de5e978da,Megan Steele,Republican,51,lower,Megan,Steele,Female,megan.steele@house.ks.gov,,1985-01-14,,https://www.kslegislature.gov/static/li_pics/rep_steele_megan_1.jpg,https://www.kslegislature.gov/legislators/rep_steele_megan_1/;https://www.kslegislature.gov/li/b2025_26/members/rep_steele_megan_1/,https://ballotpedia.org/Megan_Steele;https://en.wikipedia.org/wiki/Megan_Steele;https://justfacts.votesmart.org/candidate/218235/megan-steele;https://www.congressweb.com/aacrao/legislators/info/mbr_id/3039;https://www.kslegislature.gov/legislators/rep_steele_megan_1;https://www.kslegislature.gov/li/b2025_26/members/rep_steele_megan_1;https://www.linkedin.com/in/dr-megan-d-steele-5a8ab71ab,,,,,,,,,,,
ocd-person/faf6de90-d016-4f46-8b12-0be42d361030,Melissa Oropeza,Democratic,37,lower,Melissa,Oropeza,Female,melissa.oropeza@house.ks.gov,,,,https://static.wixstatic.com/media/b85886_bf3234c73f3d4fc9860eabd10f95d123~mv2.jpg,https://www.kslegislature.gov/legislators/rep_oropeza_melissa_1/;https://www.kslegislature.gov/li/b2025_26/members/rep_oropeza_melissa_1/;https://www.kslegislature.org/li/b2023_24/members/rep_oropeza_melissa_1/,https://ballotpedia.org/Melissa_Oropeza;https://en.wikipedia.org/wiki/Melissa_Oropeza;https://www.kslegislature.gov/legislators/rep_oropeza_melissa_1;https://www.kslegislature.gov/li/b2025_26/members/rep_oropeza_melissa_1;https://www.kslegislature.org/li/api/v11/rev-1/members/rep_oropeza_melissa_1;https://www.kslegislature.org/li/api/v11/rev-1/members/rep_oropeza_melissa_1/;https://www.kslegislature.org/li/b2023_24/members/rep_oropeza_melissa_1;https://www.kslegislature.org/li/b2023_24/members/rep_oropeza_melissa_1/,,,,,,,,,,,
ocd-person/a0787678-986f-459f-bba3-38d46ef55d8b,Mike Fagg,Republican,14,upper,Mike,Fagg,Male,michael.fagg@senate.ks.gov,,1954-11-12,,https://www.kslegislature.gov/static/li_pics/sen_fagg_michael_1.jpg,https://www.kslegislature.gov/li/b2025_26/members/sen_fagg_michael_1/;https://www.kslegislature.gov/senators/sen_fagg_michael_1/;https://www.kslegislature.org/li/b2021_22/members/sen_fagg_michael_1/;https://www.kslegislature.org/li/b2023_24/members/sen_fagg_michael_1/,https://ballotpedia.org/Michael_Fagg;https://en.wikipedia.org/wiki/Michael_Fagg;https://justfacts.votesmart.org/candidate/biography/192911/michael-fagg;https://www.kslegislature.gov/li/b2025_26/members/sen_fagg_michael_1;https://www.kslegislature.gov/senators/sen_fagg_michael_1;https://www.kslegislature.org/li/api/v11/rev-1/members/sen_fagg_michael_1;https://www.kslegislature.org/li/api/v11/rev-1/members/sen_fagg_michael_1/;https://www.kslegislature.org/li/b2023_24/members/sen_fagg_michael_1;https://www.kslegislature.org/li/b2023_24/members/sen_fagg_michael_1/;https://www.linkedin.com/in/mike-fagg-50910628,,,,,,,,,,,
ocd-person/8b446a75-944d-4292-8af0-f5114be39021,Mike Murphy,Republican,34,upper,Mike,Murphy,Male,michael.murphy@senate.ks.gov,,,,https://encrypted-tbn0.gstatic.com/images?q=tbn:ANd9GcTvKwXLW2-GGx639WKAs10NgKJgmOprF8JoSnBrc3tSNe41yMEh6bGuVEiIvAulBU795Tk&usqp=CAU,https://www.kslegislature.gov/li/b2025_26/members/sen_murphy_michael_1/;https://www.kslegislature.gov/senators/sen_murphy_michael_1/;https://www.kslegislature.org/li/b2021_22/members/rep_murphy_michael_1/;https://www.kslegislature.org/li/b2023_24/members/rep_murphy_michael_1/,https://ballotpedia.org/Michael_Murphy_(Kansas);https://en.wikipedia.org/wiki/Michael_Murphy_(Kansas_politician);https://justfacts.votesmart.org/candidate/biography/192945/michael-murphy;https://www.kslegislature.gov/li/b2025_26/members/sen_murphy_michael_1;https://www.kslegislature.gov/senators/sen_murphy_michael_1;https://www.kslegislature.org/li/api/v11/rev-1/members/rep_murphy_michael_1;https://www.kslegislature.org/li/api/v11/rev-1/members/rep_murphy_michael_1/;https://www.kslegislature.org/li/b2023_24/members/rep_murphy_michael_1;https://www.kslegislature.org/li/b2023_24/members/rep_murphy_michael_1/,,,,,,,,,,,
ocd-person/05204bb3-1917-4f12-848e-b83f68f5fddf,Mike Amyx,Democratic,45,lower,Mike,Amyx,Male,mike.amyx@house.ks.gov,,,,https://www.kslegislature.gov/static/li_pics/rep_amyx_mike_1.jpg,https://www.kslegislature.gov/legislators/rep_amyx_mike_1/;https://www.kslegislature.gov/li/b2025_26/members/rep_amyx_mike_1/;https://www.kslegislature.org/li/b2019_20/members/rep_amyx_mike_1/;https://www.kslegislature.org/li/b2021_22/members/rep_amyx_mike_1/;https://www.kslegislature.org/li/b2023_24/members/rep_amyx_mike_1/,https://ballotpedia.org/Mike_Amyx;https://en.wikipedia.org/wiki/Mike_Amyx;https://justfacts.votesmart.org/candidate/biography/73996/mike-amyx;https://www.kslegislature.gov/legislators/rep_amyx_mike_1;https://www.kslegislature.gov/li/b2025_26/members/rep_amyx_mike_1;https://www.kslegislature.org/li/api/v11/rev-1/members/rep_amyx_mike_1;https://www.kslegislature.org/li/api/v11/rev-1/members/rep_amyx_mike_1/;https://www.kslegislature.org/li/b2023_24/members/rep_amyx_mike_1;https://www.kslegislature.org/li/b2023_24/members/rep_amyx_mike_1/,,,,,,,,,,,
ocd-person/8810cb09-9e5a-49a9-a37c-00ab2924a16b,Mike Argabright,Republican,17,upper,Mike,Argabright,Male,mike.argabright@senate.ks.gov,,,,https://firststudentinc.com/wp-content/uploads/Michael-Argabright-KS-SOY-2023.png,https://www.kslegislature.gov/li/b2025_26/members/sen_argabright_mike_1/;https://www.kslegislature.gov/senators/sen_argabright_mike_1/,https://ballotpedia.org/Mike_Argabright;https://en.wikipedia.org/wiki/Mike_Argabright;https://justfacts.votesmart.org/candidate/biography/218080/mike-argabright;https://www.kslegislature.gov/li/b2025_26/members/sen_argabright_mike_1;https://www.kslegislature.gov/senators/sen_argabright_mike_1;https://www.linkedin.com/in/dr-michael-argabright-15192311,,,,,,,,,,,
ocd-person/59368846-3703-44a5-a898-d7ab00c32c8b,Mike King,Republican,74,lower,Mike,King,Male,mike.king@house.ks.gov,,,,https://www.kslegislature.gov/static/li_pics/rep_king_mike_1.jpg,https://www.kslegislature.gov/legislators/rep_king_mike_1/;https://www.kslegislature.gov/li/b2025_26/members/rep_king_mike_1/,https://ballotpedia.org/Mike_King_(Kansas);https://en.wikipedia.org/wiki/Mike_King_(transportation_executive);https://justfacts.votesmart.org/candidate/biography/218255/mike-king;https://www.kslegislature.gov/legislators/rep_king_mike_1;https://www.kslegislature.gov/li/b2025_26/members/rep_king_mike_1,,,,,,,,,,,
ocd-person/4d244ceb-6d50-4670-93db-22ad153b3961,Mike Petersen,Republican,28,upper,Mike,Petersen,Male,mike.petersen@senate.ks.gov,,1960-10-05,,https://www.kslegislature.gov/static/li_pics/sen_petersen_mike_1.jpg,https://www.kslegislature.gov/li/b2025_26/members/sen_petersen_mike_1/;https://www.kslegislature.gov/senators/sen_petersen_mike_1/;https://www.kslegislature.org/li/b2019_20/members/sen_petersen_mike_1/;https://www.kslegislature.org/li/b2021_22/members/sen_petersen_mike_1/;https://www.kslegislature.org/li/b2023_24/members/sen_petersen_mike_1/,https://ballotpedia.org/Mike_Petersen_(Kansas);https://en.wikipedia.org/wiki/Mike_Petersen_(Kansas_politician);https://www.kslegislature.gov/li/b2025_26/members/sen_petersen_mike_1;https://www.kslegislature.gov/senators/sen_petersen_mike_1;https://www.kslegislature.org/li/api/v11/rev-1/members/sen_petersen_mike_1;https://www.kslegislature.org/li/api/v11/rev-1/members/sen_petersen_mike_1/;https://www.kslegislature.org/li/b2023_24/members/sen_petersen_mike_1;https://www.kslegislature.org/li/b2023_24/members/sen_petersen_mike_1/;https://www.linkedin.com/in/mikepetersenkansas,,,,,,,,,,,
ocd-person/daab06b2-f8a1-4ef4-96b4-3826ab4a3905,Mike Storm,Republican,121,lower,Mike,Storm,Male,mike.storm@house.ks.gov,,,,https://www.kslegislature.gov/static/li_pics/rep_storm_mike_1.jpg,https://www.kslegislature.gov/legislators/rep_storm_mike_1/;https://www.kslegislature.gov/li/b2025_26/members/rep_storm_mike_1/,https://ballotpedia.org/Mike_Storm;https://en.wikipedia.org/wiki/Mike_Storm;https://www.kslegislature.gov/legislators/rep_storm_mike_1;https://www.kslegislature.gov/li/b2025_26/members/rep_storm_mike_1,,,,,,,,,,,
ocd-person/97943c08-7d1f-400e-b71d-7a20e939b1d9,Mike Thompson,Republican,10,upper,Mike,Thompson,Male,mike.thompson@senate.ks.gov,,1957-08-12,,https://www.kslegislature.gov/static/li_pics/sen_thompson_mike_1.jpg,https://www.kslegislature.gov/li/b2025_26/members/sen_thompson_mike_1/;https://www.kslegislature.gov/senators/sen_thompson_mike_1/;https://www.kslegislature.org/li/b2019_20/members/sen_thompson_mike_1/;https://www.kslegislature.org/li/b2021_22/members/sen_thompson_mike_1/;https://www.kslegislature.org/li/b2023_24/members/sen_thompson_mike_1/,https://ballotpedia.org/Mike_Thompson_(Kansas_state_senator);https://en.wikipedia.org/wiki/Mike_Thompson_(Kansas_senator);https://www.kslegislature.gov/li/b2025_26/members/sen_thompson_mike_1;https://www.kslegislature.gov/senators/sen_thompson_mike_1;https://www.kslegislature.org/li/api/v11/rev-1/members/sen_thompson_mike_1;https://www.kslegislature.org/li/api/v11/rev-1/members/sen_thompson_mike_1/;https://www.kslegislature.org/li/b2023_24/members/sen_thompson_mike_1;https://www.kslegislature.org/li/b2023_24/members/sen_thompson_mike_1/;https://www.linkedin.com/in/mike-thompson-01b3693a,,,,,,,,,,,
ocd-person/529d7e5b-3acd-467b-b6b2-bf4314fcf633,Nate Butler,Republican,68,lower,Nate,Butler,Male,nate.butler@house.ks.gov,,,,https://www.kslegislature.gov/static/li_pics/rep_butler_nathan_1.jpg,https://www.kslegislature.gov/legislators/rep_butler_nathan_1/;https://www.kslegislature.gov/li/b2025_26/members/rep_butler_nathan_1/;https://www.kslegislature.org/li/b2023_24/members/rep_butler_nathan_1/,https://ballotpedia.org/Nathan_Butler;https://en.wikipedia.org/wiki/Nathan_Butler;https://justfacts.votesmart.org/candidate/208107/nathan-butler;https://www.kslegislature.gov/legislators/rep_butler_nathan_1;https://www.kslegislature.gov/li/b2025_26/members/rep_butler_nathan_1;https://www.kslegislature.org/li/api/v11/rev-1/members/rep_butler_nathan_1;https://www.kslegislature.org/li/api/v11/rev-1/members/rep_butler_nathan_1/;https://www.kslegislature.org/li/b2023_24/members/rep_butler_nathan_1;https://www.kslegislature.org/li/b2023_24/members/rep_butler_nathan_1/,,,,,,,,,,,
ocd-person/df19b642-2877-4b6d-ab29-bbdd26deaa26,Nick Hoheisel,Republican,97,lower,Nick,Hoheisel,Male,nick.hoheisel@house.ks.gov,,,,https://www.kslegislature.gov/static/li_pics/rep_hoheisel_nick_1.jpg,https://www.kslegislature.gov/legislators/rep_hoheisel_nick_1/;https://www.kslegislature.gov/li/b2025_26/members/rep_hoheisel_nick_1/;https://www.kslegislature.org/li/b2019_20/members/rep_hoheisel_nick_1/;https://www.kslegislature.org/li/b2021_22/members/rep_hoheisel_nick_1/;https://www.kslegislature.org/li/b2023_24/members/rep_hoheisel_nick_1/,https://ballotpedia.org/Nick_Hoheisel;https://en.wikipedia.org/wiki/Nick_Hoheisel;https://justfacts.votesmart.org/candidate/biography/171996/nick-hoheisel;https://www.kslegislature.gov/legislators/rep_hoheisel_nick_1;https://www.kslegislature.gov/li/b2025_26/members/rep_hoheisel_nick_1;https://www.kslegislature.org/li/api/v11/rev-1/members/rep_hoheisel_nick_1;https://www.kslegislature.org/li/api/v11/rev-1/members/rep_hoheisel_nick_1/;https://www.kslegislature.org/li/b2023_24/members/rep_hoheisel_nick_1;https://www.kslegislature.org/li/b2023_24/members/rep_hoheisel_nick_1/;https://www.linkedin.com/in/nick-hoheisel-55a43978,,,,,,,,,,,
ocd-person/7bb01d00-be23-4fb4-ab33-074c2826b69e,Nikki McDonald,Democratic,49,lower,Nikki,McDonald,Female,nikki.mcdonald@house.ks.gov,,,,https://www.kslegislature.gov/static/li_pics/rep_mcdonald_nikki_1.jpg,https://www.kslegislature.gov/legislators/rep_mcdonald_nikki_1/;https://www.kslegislature.gov/li/b2025_26/members/rep_mcdonald_nikki_1/;https://www.kslegislature.org/li/b2023_24/members/rep_mcdonald_nikki_1/,https://ballotpedia.org/Nikki_McDonald;https://en.wikipedia.org/wiki/Nikki_McDonald;https://www.kslegislature.gov/legislators/rep_mcdonald_nikki_1;https://www.kslegislature.gov/li/b2025_26/members/rep_mcdonald_nikki_1;https://www.kslegislature.org/li/api/v11/rev-1/members/rep_mcdonald_nikki_1;https://www.kslegislature.org/li/api/v11/rev-1/members/rep_mcdonald_nikki_1/;https://www.kslegislature.org/li/b2023_24/members/rep_mcdonald_nikki_1;https://www.kslegislature.org/li/b2023_24/members/rep_mcdonald_nikki_1/;https://www.linkedin.com/in/nikkilmcdonald,,,,,,,,,,,
ocd-person/9f48288b-b1a9-43a1-884b-5cc2abfa4e4f,Oletha Faust-Goudeau,Democratic,29,upper,Oletha,Faust-Goudeau,Female,oletha.faust-goudeau@senate.ks.gov,,1959-08-05,,https://s3.amazonaws.com/ballotpedia-api4/files/thumbs/200/300/Oletha_Faust-Goudeau.jpg,https://www.kslegislature.gov/li/b2025_26/members/sen_faust_goudeau_oletha_1/;https://www.kslegislature.gov/senators/sen_faust_goudeau_oletha_1/;https://www.kslegislature.org/li/b2019_20/members/sen_faust_goudeau_oletha_1/;https://www.kslegislature.org/li/b2021_22/members/sen_faust_goudeau_oletha_1/;https://www.kslegislature.org/li/b2023_24/members/sen_faust_goudeau_oletha_1/,https://ballotpedia.org/Oletha_Faust-Goudeau;https://en.wikipedia.org/wiki/Oletha_Faust-Goudeau;https://justfacts.votesmart.org/candidate/biography/34890/oletha-faust-goudeau;https://www.kslegislature.gov/li/b2025_26/members/sen_faust_goudeau_oletha_1;https://www.kslegislature.gov/senators/sen_faust_goudeau_oletha_1;https://www.kslegislature.org/li/api/v11/rev-1/members/sen_faust_goudeau_oletha_1;https://www.kslegislature.org/li/api/v11/rev-1/members/sen_faust_goudeau_oletha_1/;https://www.kslegislature.org/li/b2023_24/members/sen_faust_goudeau_oletha_1;https://www.kslegislature.org/li/b2023_24/members/sen_faust_goudeau_oletha_1/;https://www.linkedin.com/in/oletha-faust-goudeau-a8172938,,,,,,,,,,,
ocd-person/57e6524f-40c5-4708-89ad-c80570bf31b1,Pam Curtis,Democratic,32,lower,Pam,Curtis,Female,pam.curtis@house.ks.gov,,1955-05-04,,https://www.kslegislature.gov/static/li_pics/rep_curtis_pam_1.jpg,https://www.kslegislature.gov/legislators/rep_curtis_pam_1/;https://www.kslegislature.gov/li/b2025_26/members/rep_curtis_pam_1/;https://www.kslegislature.org/li/b2019_20/members/rep_curtis_pam_1/;https://www.kslegislature.org/li/b2021_22/members/rep_curtis_pam_1/;https://www.kslegislature.org/li/b2023_24/members/rep_curtis_pam_1/,https://ballotpedia.org/Pam_Curtis;https://en.wikipedia.org/wiki/Pam_Curtis;https://justfacts.votesmart.org/candidate/biography/151914/pam-curtis;https://www.kslegislature.gov/legislators/rep_curtis_pam_1;https://www.kslegislature.gov/li/b2025_26/members/rep_curtis_pam_1;https://www.kslegislature.org/li/api/v11/rev-1/members/rep_curtis_pam_1;https://www.kslegislature.org/li/api/v11/rev-1/members/rep_curtis_pam_1/;https://www.kslegislature.org/li/b2023_24/members/rep_curtis_pam_1;https://www.kslegislature.org/li/b2023_24/members/rep_curtis_pam_1/;https://www.linkedin.com/in/pam-curtis-002b85a,,,,,,,,,,,
ocd-person/148ed29a-4c96-4e69-9791-29b2bd3f09b6,Pat Pettey,Democratic,6,upper,Pat,Pettey,Female,pat.pettey@senate.ks.gov,,1946-11-28,,https://www.kslegislature.gov/static/li_pics/sen_pettey_pat_1.jpg,https://www.kslegislature.gov/li/b2025_26/members/sen_pettey_pat_1/;https://www.kslegislature.gov/senators/sen_pettey_pat_1/;https://www.kslegislature.org/li/b2019_20/members/sen_pettey_pat_1/;https://www.kslegislature.org/li/b2021_22/members/sen_pettey_pat_1/;https://www.kslegislature.org/li/b2023_24/members/sen_pettey_pat_1/,https://ballotpedia.org/Pat_Pettey;https://en.wikipedia.org/wiki/Pat_Pettey;https://justfacts.votesmart.org/candidate/biography/7013/pat-pettey;https://www.kslegislature.gov/li/b2025_26/members/sen_pettey_pat_1;https://www.kslegislature.gov/senators/sen_pettey_pat_1;https://www.kslegislature.org/li/api/v11/rev-1/members/sen_pettey_pat_1;https://www.kslegislature.org/li/api/v11/rev-1/members/sen_pettey_pat_1/;https://www.kslegislature.org/li/b2023_24/members/sen_pettey_pat_1;https://www.kslegislature.org/li/b2023_24/members/sen_pettey_pat_1/,,,,,,,,,,,
ocd-person/fcd23935-0e7e-4896-9381-45ca745e8903,Pat Proctor,Republican,41,lower,Pat,Proctor,Male,pat.proctor@house.ks.gov,,,,https://www.kslegislature.gov/static/li_pics/rep_proctor_pat_1.jpg,https://www.kslegislature.gov/legislators/rep_proctor_pat_1/;https://www.kslegislature.gov/li/b2025_26/members/rep_proctor_pat_1/;https://www.kslegislature.org/li/b2021_22/members/rep_proctor_pat_1/;https://www.kslegislature.org/li/b2023_24/members/rep_proctor_pat_1/,https://ballotpedia.org/Pat_Proctor;https://en.wikipedia.org/wiki/Pat_Proctor;https://justfacts.votesmart.org/candidate/193010/pat-proctor;https://www.kslegislature.gov/legislators/rep_proctor_pat_1;https://www.kslegislature.gov/li/b2025_26/members/rep_proctor_pat_1;https://www.kslegislature.org/li/api/v11/rev-1/members/rep_proctor_pat_1;https://www.kslegislature.org/li/api/v11/rev-1/members/rep_proctor_pat_1/;https://www.kslegislature.org/li/b2023_24/members/rep_proctor_pat_1;https://www.kslegislature.org/li/b2023_24/members/rep_proctor_pat_1/;https://www.linkedin.com/in/pat-proctor-phd-b477575,,,,,,,,,,,
ocd-person/8a08b0a9-eeff-495c-8fc8-7bbfe3e4dc26,Patrick Schmidt,Democratic,19,upper,Patrick,Schmidt,Male,patrick.schmidt@senate.ks.gov,,,,https://www.kslegislature.gov/static/li_pics/sen_schmidt_patrick_1.jpg,https://www.kslegislature.gov/li/b2025_26/members/sen_schmidt_patrick_1/;https://www.kslegislature.gov/senators/sen_schmidt_patrick_1/,https://ballotpedia.org/Patrick_Schmidt;https://en.wikipedia.org/wiki/Patrick_Schmidt_(politician);https://justfacts.votesmart.org/candidate/207974/patrick-schmidt;https://www.kslegislature.gov/li/b2025_26/members/sen_schmidt_patrick_1;https://www.kslegislature.gov/senators/sen_schmidt_patrick_1;https://www.linkedin.com/in/patrick-schmidt-79a24411,,,,,,,,,,,
ocd-person/8dc23ca9-1ad8-466d-83d4-453f1bf324b0,Paul Waggoner,Republican,104,lower,Paul,Waggoner,Male,paul.waggoner@house.ks.gov,,,,https://www.kslegislature.gov/static/li_pics/rep_waggoner_paul_1.jpg,https://www.kslegislature.gov/legislators/rep_waggoner_paul_1/;https://www.kslegislature.gov/li/b2025_26/members/rep_waggoner_paul_1/;https://www.kslegislature.org/li/b2019_20/members/rep_waggoner_paul_1/;https://www.kslegislature.org/li/b2021_22/members/rep_waggoner_paul_1/;https://www.kslegislature.org/li/b2023_24/members/rep_waggoner_paul_1/,https://ballotpedia.org/Paul_Waggoner;https://en.wikipedia.org/wiki/Paul_Waggoner_(politician);https://justfacts.votesmart.org/candidate/biography/183585/paul-waggoner;https://www.kslegislature.gov/legislators/rep_waggoner_paul_1;https://www.kslegislature.gov/li/b2025_26/members/rep_waggoner_paul_1;https://www.kslegislature.org/li/api/v11/rev-1/members/rep_waggoner_paul_1;https://www.kslegislature.org/li/api/v11/rev-1/members/rep_waggoner_paul_1/;https://www.kslegislature.org/li/b2023_24/members/rep_waggoner_paul_1;https://www.kslegislature.org/li/b2023_24/members/rep_waggoner_paul_1/,,,,,,,,,,,
ocd-person/23c34f8e-b06b-4de9-91c3-44892dbb2b7d,Rebecca Schmoe,Republican,59,lower,Rebecca,Schmoe,Female,rebecca.schmoe@house.ks.gov,,,,https://www.kslegislature.gov/static/li_pics/rep_schmoe_rebecca_1.jpg,https://www.kslegislature.gov/legislators/rep_schmoe_rebecca_1/;https://www.kslegislature.gov/li/b2025_26/members/rep_schmoe_rebecca_1/;https://www.kslegislature.org/li/b2023_24/members/rep_schmoe_rebecca_1/,https://ballotpedia.org/Rebecca_Schmoe;https://en.wikipedia.org/wiki/Rebecca_Schmoe;https://www.kslegislature.gov/legislators/rep_schmoe_rebecca_1;https://www.kslegislature.gov/li/b2025_26/members/rep_schmoe_rebecca_1;https://www.kslegislature.org/li/api/v11/rev-1/members/rep_schmoe_rebecca_1;https://www.kslegislature.org/li/api/v11/rev-1/members/rep_schmoe_rebecca_1/;https://www.kslegislature.org/li/b2023_24/members/rep_schmoe_rebecca_1;https://www.kslegislature.org/li/b2023_24/members/rep_schmoe_rebecca_1/,,,,,,,,,,,
ocd-person/3093633a-62dc-4e93-a305-258a20bfd0f2,Renee Erickson,Republican,30,upper,Renee,Erickson,Female,renee.erickson@senate.ks.gov,,1964-05-23,,https://www.kslegislature.gov/static/li_pics/sen_erickson_renee_1.jpg,https://www.kslegislature.gov/li/b2025_26/members/sen_erickson_renee_1/;https://www.kslegislature.gov/senators/sen_erickson_renee_1/;https://www.kslegislature.org/li/b2019_20/members/rep_erickson_renee_1/;https://www.kslegislature.org/li/b2021_22/members/sen_erickson_renee_1/;https://www.kslegislature.org/li/b2023_24/members/sen_erickson_renee_1/,https://ballotpedia.org/Renee_Erickson;https://en.wikipedia.org/wiki/Renee_Erickson_(politician);https://www.kslegislature.gov/li/b2025_26/members/sen_erickson_renee_1;https://www.kslegislature.gov/senators/sen_erickson_renee_1;https://www.kslegislature.org/li/api/v11/rev-1/members/rep_erickson_renee_1;https://www.kslegislature.org/li/api/v11/rev-1/members/sen_erickson_renee_1;https://www.kslegislature.org/li/api/v11/rev-1/members/sen_erickson_renee_1/;https://www.kslegislature.org/li/b2023_24/members/sen_erickson_renee_1;https://www.kslegislature.org/li/b2023_24/members/sen_erickson_renee_1/;https://www.linkedin.com/in/renee-erickson-0aaa644a,,,,,,,,,,,
ocd-person/e5d951f2-88c7-47d4-ac28-08c175ba440d,Rick Billinger,Republican,40,upper,Rick,Billinger,Male,rick.billinger@senate.ks.gov,,1951-12-16,,https://www.kslegislature.gov/static/li_pics/sen_billinger_rick_1.jpg,https://www.kslegislature.gov/li/b2025_26/members/sen_billinger_rick_1/;https://www.kslegislature.gov/senators/sen_billinger_rick_1/;https://www.kslegislature.org/li/b2019_20/members/sen_billinger_rick_1/;https://www.kslegislature.org/li/b2021_22/members/sen_billinger_rick_1/;https://www.kslegislature.org/li/b2023_24/members/sen_billinger_rick_1/,https://ballotpedia.org/Rick_Billinger;https://en.wikipedia.org/wiki/Rick_Billinger;https://justfacts.votesmart.org/candidate/biography/128532/rick-billinger;https://www.kslegislature.gov/li/b2025_26/members/sen_billinger_rick_1;https://www.kslegislature.gov/senators/sen_billinger_rick_1;https://www.kslegislature.org/li/api/v11/rev-1/members/sen_billinger_rick_1;https://www.kslegislature.org/li/api/v11/rev-1/members/sen_billinger_rick_1/;https://www.kslegislature.org/li/b2023_24/members/sen_billinger_rick_1;https://www.kslegislature.org/li/b2023_24/members/sen_billinger_rick_1/;https://www.linkedin.com/in/richard-billinger-55092437,,,,,,,,,,,
ocd-person/241d0891-9169-443e-be77-d3d00a57f401,Rick James,Republican,4,lower,Rick,James,Male,rick.james@house.ks.gov,,,,https://www.kslegislature.gov/static/li_pics/rep_james_ricky_1.jpg,https://www.kslegislature.gov/legislators/rep_james_ricky_1/;https://www.kslegislature.gov/li/b2025_26/members/rep_james_ricky_1/,https://ballotpedia.org/Rick_James_(Kansas);https://en.wikipedia.org/wiki/Rick_James_(politician);https://justfacts.votesmart.org/candidate/biography/159354/rick-james;https://www.kslegislature.gov/legislators/rep_james_ricky_1;https://www.kslegislature.gov/li/b2025_26/members/rep_james_ricky_1;https://www.linkedin.com/in/rick-james-0082a359,,,,,,,,,,,
ocd-person/5281ab3e-91a8-43be-bcc7-5d9d4c2a2545,Rick Kloos,Republican,3,upper,Rick,Kloos,Male,rick.kloos@senate.ks.gov,,1966-07-26,,https://www.ksn.com/wp-content/uploads/sites/13/2018/10/20180607_Rick20Kloos20-20Govenor20Candidate_3420-20Alexandra20Martinez_1539633409099.jpg_59052445_ver1.0.jpg?w=2560&h=1440&crop=1,https://www.kslegislature.gov/li/b2025_26/members/sen_kloos_rick_1/;https://www.kslegislature.gov/senators/sen_kloos_rick_1/;https://www.kslegislature.org/li/b2021_22/members/sen_kloos_rick_1/;https://www.kslegislature.org/li/b2023_24/members/sen_kloos_rick_1/,https://ballotpedia.org/Rick_Kloos;https://en.wikipedia.org/wiki/Rick_Kloos;https://justfacts.votesmart.org/candidate/biography/184118/rick-kloos;https://www.kslegislature.gov/li/b2025_26/members/sen_kloos_rick_1;https://www.kslegislature.gov/senators/sen_kloos_rick_1;https://www.kslegislature.org/li/api/v11/rev-1/members/sen_kloos_rick_1;https://www.kslegislature.org/li/api/v11/rev-1/members/sen_kloos_rick_1/;https://www.kslegislature.org/li/b2023_24/members/sen_kloos_rick_1;https://www.kslegislature.org/li/b2023_24/members/sen_kloos_rick_1/;https://www.linkedin.com/in/rick-kloos-0631a473,,,,,,,,,,,
ocd-person/d9e298ca-0584-41ff-bb18-082072dfe73f,Rick Wilborn,Republican,73,lower,Rick,Wilborn,Male,richard.wilborn@house.ks.gov,,1945-02-10,,https://www.kslegislature.gov/static/li_pics/rep_wilborn_rick_1.jpg,https://www.kslegislature.gov/legislators/rep_wilborn_rick_1/;https://www.kslegislature.gov/li/b2025_26/members/rep_wilborn_rick_1/;https://www.kslegislature.org/li/b2019_20/members/sen_wilborn_rick_1/;https://www.kslegislature.org/li/b2021_22/members/sen_wilborn_rick_1/;https://www.kslegislature.org/li/b2023_24/members/sen_wilborn_rick_1/,https://ballotpedia.org/Rick_Wilborn;https://en.wikipedia.org/wiki/Richard_Wilborn;https://justfacts.votesmart.org/candidate/biography/152461/rick-wilborn;https://www.kslegislature.gov/legislators/rep_wilborn_rick_1;https://www.kslegislature.gov/li/b2025_26/members/rep_wilborn_rick_1;https://www.kslegislature.org/li/api/v11/rev-1/members/sen_wilborn_rick_1;https://www.kslegislature.org/li/api/v11/rev-1/members/sen_wilborn_rick_1/;https://www.kslegislature.org/li/b2023_24/members/sen_wilborn_rick_1;https://www.kslegislature.org/li/b2023_24/members/sen_wilborn_rick_1/;https://www.linkedin.com/in/richard-wilborn-78a2aa109,,,,,,,,,,,
ocd-person/d034154f-ba03-4c97-ac96-c4023968f9b3,Robyn Essex,Republican,78,lower,Robyn,Essex,Female,robyn.essex@house.ks.gov,,,,https://www.kslegislature.gov/static/li_pics/rep_essex_robyn_1.jpg,https://www.kslegislature.gov/legislators/rep_essex_robyn_1/;https://www.kslegislature.gov/li/b2025_26/members/rep_essex_robyn_1/;https://www.kslegislature.org/li/b2023_24/members/rep_essex_robyn_1/,https://ballotpedia.org/Robyn_Essex;https://en.wikipedia.org/wiki/Robyn_Essex;https://www.kslegislature.gov/legislators/rep_essex_robyn_1;https://www.kslegislature.gov/li/b2025_26/members/rep_essex_robyn_1;https://www.kslegislature.org/li/api/v11/rev-1/members/rep_essex_robyn_1;https://www.kslegislature.org/li/api/v11/rev-1/members/rep_essex_robyn_1/;https://www.kslegislature.org/li/b2023_24/members/rep_essex_robyn_1;https://www.kslegislature.org/li/b2023_24/members/rep_essex_robyn_1/;https://www.linkedin.com/in/robyn-essex-a1290361,,,,,,,,,,,
ocd-person/61d402db-ed53-4310-9c6b-c392755834a6,Ron Bryce,Republican,11,lower,Ron,Bryce,Male,ron.bryce@house.ks.gov,,,,https://www.kslegislature.gov/static/li_pics/rep_bryce_ron_1.jpg,https://www.kslegislature.gov/legislators/rep_bryce_ron_1/;https://www.kslegislature.gov/li/b2025_26/members/rep_bryce_ron_1/;https://www.kslegislature.org/li/b2023_24/members/rep_bryce_ron_1/,https://ballotpedia.org/Ron_Bryce;https://en.wikipedia.org/wiki/Ron_Bryce;https://justfacts.votesmart.org/candidate/207989/ron-bryce;https://www.kslegislature.gov/legislators/rep_bryce_ron_1;https://www.kslegislature.gov/li/b2025_26/members/rep_bryce_ron_1;https://www.kslegislature.org/li/api/v11/rev-1/members/rep_bryce_ron_1;https://www.kslegislature.org/li/api/v11/rev-1/members/rep_bryce_ron_1/;https://www.kslegislature.org/li/b2023_24/members/rep_bryce_ron_1;https://www.kslegislature.org/li/b2023_24/members/rep_bryce_ron_1/,,,,,,,,,,,
ocd-person/6daed22d-40c3-492c-948a-d3de94499e53,Ronald Ellis,Republican,47,lower,Ronald,Ellis,Male,ronald.ellis@house.ks.gov,,1952-07-24,,https://www.kslegislature.gov/static/li_pics/rep_ellis_ronald_1.jpg,https://www.kslegislature.gov/legislators/rep_ellis_ronald_1/;https://www.kslegislature.gov/li/b2025_26/members/rep_ellis_ronald_1/;https://www.kslegislature.org/li/b2019_20/members/rep_ellis_ronald_1/;https://www.kslegislature.org/li/b2021_22/members/rep_ellis_ronald_1/;https://www.kslegislature.org/li/b2023_24/members/rep_ellis_ronald_1/,https://ballotpedia.org/Ronald_B._Ellis;https://en.wikipedia.org/wiki/Ronald_Ellis_(politician);https://justfacts.votesmart.org/candidate/biography/140713/ron-ellis;https://www.kslegislature.gov/legislators/rep_ellis_ronald_1;https://www.kslegislature.gov/li/b2025_26/members/rep_ellis_ronald_1;https://www.kslegislature.org/li/api/v11/rev-1/members/rep_ellis_ronald_1;https://www.kslegislature.org/li/api/v11/rev-1/members/rep_ellis_ronald_1/;https://www.kslegislature.org/li/b2023_24/members/rep_ellis_ronald_1;https://www.kslegislature.org/li/b2023_24/members/rep_ellis_ronald_1/,,,,,,,,,,,
ocd-person/43caafd7-9177-40f4-b515-0681ef5930f3,Ron Ryckman,Republican,38,upper,Ron,Ryckman,Male,ron.ryckman@senate.ks.gov,,1948-12-16,,https://www.kslegislature.gov/static/li_pics/sen_ryckman_ronald_1.jpg,https://www.kslegislature.gov/li/b2025_26/members/sen_ryckman_ronald_1/;https://www.kslegislature.gov/senators/sen_ryckman_ronald_1/;https://www.kslegislature.org/li/b2021_22/members/sen_ryckman_ronald_1/;https://www.kslegislature.org/li/b2023_24/members/sen_ryckman_ronald_1/,https://ballotpedia.org/Ronald_Ryckman;https://en.wikipedia.org/wiki/Ron_Ryckman_Sr.;https://www.kslegislature.gov/li/b2025_26/members/sen_ryckman_ronald_1;https://www.kslegislature.gov/senators/sen_ryckman_ronald_1;https://www.kslegislature.org/li/api/v11/rev-1/members/sen_ryckman_ronald_1;https://www.kslegislature.org/li/api/v11/rev-1/members/sen_ryckman_ronald_1/;https://www.kslegislature.org/li/b2023_24/members/sen_ryckman_ronald_1;https://www.kslegislature.org/li/b2023_24/members/sen_ryckman_ronald_1/;https://www.linkedin.com/in/ron-ryckman-sr-33489129,,,,,,,,,,,
ocd-person/c4495c7d-3d3a-4651-9c8b-e3c975c0b84c,Rui Xu,Democratic,25,lower,Rui,Xu,Male,rui.xu@house.ks.gov,,,,https://s3.amazonaws.com/ballotpedia-api4/files/thumbs/200/300/rui_xu.jpg,https://www.kslegislature.gov/legislators/rep_xu_rui_1/;https://www.kslegislature.gov/li/b2025_26/members/rep_xu_rui_1/;https://www.kslegislature.org/li/b2019_20/members/rep_xu_rui_1/;https://www.kslegislature.org/li/b2021_22/members/rep_xu_rui_1/;https://www.kslegislature.org/li/b2023_24/members/rep_xu_rui_1/,https://ballotpedia.org/Rui_Xu;https://en.wikipedia.org/wiki/Rui_Xu;https://justfacts.votesmart.org/candidate/biography/183534/rui-xu;https://www.kslegislature.gov/legislators/rep_xu_rui_1;https://www.kslegislature.gov/li/b2025_26/members/rep_xu_rui_1;https://www.kslegislature.org/li/api/v11/rev-1/members/rep_xu_rui_1;https://www.kslegislature.org/li/api/v11/rev-1/members/rep_xu_rui_1/;https://www.kslegislature.org/li/b2023_24/members/rep_xu_rui_1;https://www.kslegislature.org/li/b2023_24/members/rep_xu_rui_1/;https://www.linkedin.com/in/rui-xu-209a1328,,,,,,,,,,,
ocd-person/31351496-5fc5-44fc-911f-0e7547a50a72,Samantha Poetter Parshall,Republican,6,lower,Samantha,Poetter Parshall,Female,samantha.poetter@house.ks.gov,,,,https://www.kslegislature.gov/static/li_pics/rep_poetter_samantha_1.jpg,https://www.kslegislature.gov/legislators/rep_poetter_samantha_1/;https://www.kslegislature.gov/li/b2025_26/members/rep_poetter_samantha_1/;https://www.kslegislature.org/li/b2021_22/members/rep_poetter_samantha_1/;https://www.kslegislature.org/li/b2023_24/members/rep_poetter_samantha_1/,https://ballotpedia.org/Samantha_Poetter;https://ballotpedia.org/Samantha_Poetter_Parshall;https://en.wikipedia.org/wiki/Samantha_Poetter;https://en.wikipedia.org/wiki/Samantha_Poetter_Parshall;https://justfacts.votesmart.org/candidate/biography/192934/samantha-poetter-parshall;https://www.kslegislature.gov/legislators/rep_poetter_samantha_1;https://www.kslegislature.gov/li/b2025_26/members/rep_poetter_samantha_1;https://www.kslegislature.org/li/api/v11/rev-1/members/rep_poetter_samantha_1;https://www.kslegislature.org/li/api/v11/rev-1/members/rep_poetter_samantha_1/;https://www.kslegislature.org/li/b2023_24/members/rep_poetter_samantha_1;https://www.kslegislature.org/li/b2023_24/members/rep_poetter_samantha_1/,,,,,,,,,,,
ocd-person/8e21a303-1c30-4c02-a8f8-8eacccb6873c,Sandy Pickert,Republican,88,lower,Sandy,Pickert,Female,sandy.pickert@house.ks.gov,,,,https://www.kslegislature.gov/static/li_pics/rep_pickert_sandy_1.jpg,https://www.kslegislature.gov/legislators/rep_pickert_sandy_1/;https://www.kslegislature.gov/li/b2025_26/members/rep_pickert_sandy_1/;https://www.kslegislature.org/li/b2023_24/members/rep_pickert_sandy_1/,https://ballotpedia.org/Sandy_Pickert;https://en.wikipedia.org/wiki/Sandy_Pickert;https://justfacts.votesmart.org/candidate/208131/sandy-pickert;https://www.kslegislature.gov/legislators/rep_pickert_sandy_1;https://www.kslegislature.gov/li/b2025_26/members/rep_pickert_sandy_1;https://www.kslegislature.org/li/api/v11/rev-1/members/rep_pickert_sandy_1;https://www.kslegislature.org/li/api/v11/rev-1/members/rep_pickert_sandy_1/;https://www.kslegislature.org/li/b2023_24/members/rep_pickert_sandy_1;https://www.kslegislature.org/li/b2023_24/members/rep_pickert_sandy_1/;https://www.linkedin.com/in/sandy-pickert-3b591b10,,,,,,,,,,,
ocd-person/64c3ae14-1ec8-46ed-b317-bcd9722319f5,Scott Hill,Republican,24,upper,Scott,Hill,Male,scott.hill@senate.ks.gov,,,,https://www.kslegislature.gov/static/li_pics/sen_hill_scott_1.jpg,https://www.kslegislature.gov/li/b2025_26/members/sen_hill_scott_1/;https://www.kslegislature.gov/senators/sen_hill_scott_1/;https://www.kslegislature.org/li/b2023_24/members/rep_hill_scott_1/,https://ballotpedia.org/Scott_Hill;https://en.wikipedia.org/wiki/Scott_Hill_(politician);https://www.kslegislature.gov/li/b2025_26/members/sen_hill_scott_1;https://www.kslegislature.gov/senators/sen_hill_scott_1;https://www.kslegislature.org/li/api/v11/rev-1/members/rep_hill_scott_1;https://www.kslegislature.org/li/api/v11/rev-1/members/rep_hill_scott_1/;https://www.kslegislature.org/li/b2023_24/members/rep_hill_scott_1;https://www.kslegislature.org/li/b2023_24/members/rep_hill_scott_1/;https://www.linkedin.com/in/scott-hill-9baa128a,,,,,,,,,,,
ocd-person/a65df523-1cb7-4ee3-ac85-1eec82b3fe2c,Sean Tarwater,Republican,27,lower,Sean,Tarwater,Male,sean.tarwater@house.ks.gov,,1969-02-25,,https://www.kslegislature.gov/static/li_pics/rep_tarwater_sean_1.jpg,https://www.kslegislature.gov/legislators/rep_tarwater_sean_1/;https://www.kslegislature.gov/li/b2025_26/members/rep_tarwater_sean_1/;https://www.kslegislature.org/li/b2019_20/members/rep_tarwater_sean_1/;https://www.kslegislature.org/li/b2021_22/members/rep_tarwater_sean_1/;https://www.kslegislature.org/li/b2023_24/members/rep_tarwater_sean_1/,https://ballotpedia.org/Sean_Tarwater_Sr.;https://en.wikipedia.org/wiki/Sean_Tarwater;https://teamtarwater.com/meet-sean-tarwater;https://www.kslegislature.gov/legislators/rep_tarwater_sean_1;https://www.kslegislature.gov/li/b2025_26/members/rep_tarwater_sean_1;https://www.kslegislature.org/li/api/v11/rev-1/members/rep_tarwater_sean_1;https://www.kslegislature.org/li/api/v11/rev-1/members/rep_tarwater_sean_1/;https://www.kslegislature.org/li/b2023_24/members/rep_tarwater_sean_1;https://www.kslegislature.org/li/b2023_24/members/rep_tarwater_sean_1/;https://www.linkedin.com/in/sean-e-tarwater-mba-afip-69ba6825,,,,,,,,,,,
ocd-person/c4b83a00-d449-498a-915f-7a7943110545,Sean Willcott,Republican,62,lower,Sean,Willcott,Male,sean.willcott@house.ks.gov,,,,https://www.kslegislature.gov/static/li_pics/rep_willcott_sean_1.jpg,https://www.kslegislature.gov/legislators/rep_willcott_sean_1/;https://www.kslegislature.gov/li/b2025_26/members/rep_willcott_sean_1/,https://ballotpedia.org/Sean_Willcott;https://en.wikipedia.org/wiki/Sean_Willcott;https://justfacts.votesmart.org/candidate/biography/218247/sean-willcott;https://www.kslegislature.gov/legislators/rep_willcott_sean_1;https://www.kslegislature.gov/li/b2025_26/members/rep_willcott_sean_1;https://www.linkedin.com/in/sean-willcott-77b49422b,,,,,,,,,,,
ocd-person/cc0df3af-9c8b-4834-a629-c16e4c8debcb,Shannon Francis,Republican,125,lower,Shannon,Francis,Male,shannon.francis@house.ks.gov,,1959-04-19,,https://www.kslegislature.gov/static/li_pics/rep_francis_shannon_1.jpg,https://www.kslegislature.gov/legislators/rep_francis_shannon_1/;https://www.kslegislature.gov/li/b2025_26/members/rep_francis_shannon_1/;https://www.kslegislature.org/li/b2019_20/members/rep_francis_shannon_1/;https://www.kslegislature.org/li/b2021_22/members/rep_francis_shannon_1/;https://www.kslegislature.org/li/b2023_24/members/rep_francis_shannon_1/,https://ballotpedia.org/Shannon_Francis;https://en.wikipedia.org/wiki/Shannon_Francis;https://justfacts.votesmart.org/candidate/biography/85931/shannon-francis;https://www.kslegislature.gov/legislators/rep_francis_shannon_1;https://www.kslegislature.gov/li/b2025_26/members/rep_francis_shannon_1;https://www.kslegislature.org/li/api/v11/rev-1/members/rep_francis_shannon_1;https://www.kslegislature.org/li/api/v11/rev-1/members/rep_francis_shannon_1/;https://www.kslegislature.org/li/b2023_24/members/rep_francis_shannon_1;https://www.kslegislature.org/li/b2023_24/members/rep_francis_shannon_1/;https://www.linkedin.com/in/shannon-francis-1689316a,,,,,,,,,,,
ocd-person/97a9a84c-4616-44eb-845c-1e7064c41066,Shawn Chauncey,Republican,65,lower,Shawn,Chauncey,Male,shawn.chauncey@house.ks.gov,,,,https://www.kslegislature.gov/static/li_pics/rep_chauncey_shawn_1.jpg,https://www.kslegislature.gov/legislators/rep_chauncey_shawn_1/;https://www.kslegislature.gov/li/b2025_26/members/rep_chauncey_shawn_1/,https://ballotpedia.org/Shawn_Chauncey;https://justfacts.votesmart.org/candidate/biography/218249/shawn-chauncey;https://www.kslegislature.gov/legislators/rep_chauncey_shawn_1;https://www.kslegislature.gov/li/b2025_26/members/rep_chauncey_shawn_1,,,,,,,,,,,
ocd-person/cf31199e-7382-4bbe-9359-92c92b428861,Sherri Brantley,Republican,112,lower,Sherri,Brantley,Female,sherri.brantley@house.ks.gov,,,,https://www.kslegislature.gov/static/li_pics/rep_brantley_sherri_1.jpg,https://www.kslegislature.gov/legislators/rep_brantley_sherri_1/;https://www.kslegislature.gov/li/b2025_26/members/rep_brantley_sherri_1/,https://ballotpedia.org/Sherri_Brantley;https://en.wikipedia.org/wiki/Sherri_Brantley;https://justfacts.votesmart.org/candidate/biography/218284/sherri-brantley;https://www.congressweb.com/abc/legislators/info/mbr_id/3100;https://www.kslegislature.gov/legislators/rep_brantley_sherri_1;https://www.kslegislature.gov/li/b2025_26/members/rep_brantley_sherri_1;https://www.linkedin.com/in/sherri-brantley-637668217,,,,,,,,,,,
ocd-person/38e5e1b5-72d2-4968-be98-032e8320d475,Silas Miller,Democratic,25,upper,Silas,Miller,Male,silas.miller@senate.ks.gov,,,,https://media.sharethetrail.net/prod_d_1/images/silas-miller_5_sq.height-800.jpg,https://www.kslegislature.gov/li/b2025_26/members/rep_miller_silas_1/;https://www.kslegislature.gov/li/b2025_26/members/sen_miller_silas_1/;https://www.kslegislature.gov/senators/sen_miller_silas_1/;https://www.kslegislature.org/li/b2023_24/members/rep_miller_silas_1/,https://ballotpedia.org/Silas_Miller;https://en.wikipedia.org/wiki/Silas_Miller;https://www.kslegislature.gov/li/b2025_26/members/rep_miller_silas_1;https://www.kslegislature.gov/li/b2025_26/members/sen_miller_silas_1;https://www.kslegislature.gov/senators/sen_miller_silas_1;https://www.kslegislature.org/li/api/v11/rev-1/members/rep_miller_silas_1;https://www.kslegislature.org/li/api/v11/rev-1/members/rep_miller_silas_1/;https://www.kslegislature.org/li/b2023_24/members/rep_miller_silas_1;https://www.kslegislature.org/li/b2023_24/members/rep_miller_silas_1/;https://www.linkedin.com/in/silas-miller-a79593219,,,,,,,,,,,
ocd-person/6c410bc7-76fd-4488-aca4-5158a5a55d70,Stephanie Sawyer-Clayton,Democratic,19,lower,Stephanie,Sawyer-Clayton,Female,stephanie.clayton@house.ks.gov,,1977-07-09,,https://www.kslegislature.gov/static/li_pics/rep_clayton_stephanie_1.jpg,https://www.kslegislature.gov/legislators/rep_clayton_stephanie_1/;https://www.kslegislature.gov/li/b2025_26/members/rep_clayton_stephanie_1/;https://www.kslegislature.org/li/b2019_20/members/rep_clayton_stephanie_1/;https://www.kslegislature.org/li/b2021_22/members/rep_clayton_stephanie_1/;https://www.kslegislature.org/li/b2023_24/members/rep_clayton_stephanie_1/,https://ballotpedia.org/Stephanie_Clayton;https://en.wikipedia.org/wiki/Stephanie_Clayton;https://justfacts.votesmart.org/candidate/biography/125047/stephanie-sawyer-clayton;https://www.clayton4ks.com/meet-stephanie.html;https://www.kslegislature.gov/legislators/rep_clayton_stephanie_1;https://www.kslegislature.gov/li/b2025_26/members/rep_clayton_stephanie_1;https://www.kslegislature.org/li/api/v11/rev-1/members/rep_clayton_stephanie_1;https://www.kslegislature.org/li/api/v11/rev-1/members/rep_clayton_stephanie_1/;https://www.kslegislature.org/li/b2023_24/members/rep_clayton_stephanie_1;https://www.kslegislature.org/li/b2023_24/members/rep_clayton_stephanie_1/;https://www.linkedin.com/in/stephanie-clayton-37b26724;https://www.linkedin.com/in/stephanie-sawyer-clayton-37b26724,,,,,,,,,,,
ocd-person/413cc3ff-a3b9-465b-827d-4aeb4b0b42c1,Stephen Owens,Republican,31,upper,Stephen,Owens,Male,stephen.owens@senate.ks.gov,,,,https://www.kslegislature.gov/static/li_pics/sen_owens_stephen_1.jpg,https://www.kslegislature.gov/li/b2025_26/members/sen_owens_stephen_1/;https://www.kslegislature.gov/senators/sen_owens_stephen_1/;https://www.kslegislature.org/li/b2019_20/members/rep_owens_stephen_1/;https://www.kslegislature.org/li/b2021_22/members/rep_owens_stephen_1/;https://www.kslegislature.org/li/b2023_24/members/rep_owens_stephen_1/,https://ballotpedia.org/Stephen_Owens;https://en.wikipedia.org/wiki/Stephen_Owens_(Kansas_politician);https://justfacts.votesmart.org/candidate/biography/183573/stephen-owens;https://rethinkkansas.com/about_stephen;https://www.kslegislature.gov/li/b2025_26/members/sen_owens_stephen_1;https://www.kslegislature.gov/senators/sen_owens_stephen_1;https://www.kslegislature.org/li/api/v11/rev-1/members/rep_owens_stephen_1;https://www.kslegislature.org/li/api/v11/rev-1/members/rep_owens_stephen_1/;https://www.kslegislature.org/li/b2023_24/members/rep_owens_stephen_1;https://www.kslegislature.org/li/b2023_24/members/rep_owens_stephen_1/;https://www.linkedin.com/in/stephen-owens-70a4a919;https://www.rethinkkansas.com/about_stephen,,,,,,,,,,,
ocd-person/434a4028-6a95-4e5c-8f5e-98c8762f6570,Steve Brunk,Republican,85,lower,Steve,Brunk,Male,steve.brunk@house.ks.gov,,1951-11-20,,https://www.kslegislature.gov/static/li_pics/rep_brunk_steve_1.jpg,https://www.kslegislature.gov/legislators/rep_brunk_steve_1/;https://www.kslegislature.gov/li/b2025_26/members/rep_brunk_steve_1/;https://www.kslegislature.org/li/b2015_16/members/rep_brunk_steve_1/,https://ballotpedia.org/Steven_Brunk;https://en.wikipedia.org/wiki/Steven_Brunk;https://justfacts.votesmart.org/candidate/biography/34567/steve-brunk;https://www.kslegislature.gov/legislators/rep_brunk_steve_1;https://www.kslegislature.gov/li/b2025_26/members/rep_brunk_steve_1;https://www.kslegislature.org/li/api/v7/rev-1/members/rep_brunk_steve_1;https://www.linkedin.com/in/steve-brunk-66464312b,,,,,,,,,,,
ocd-person/528160f1-93ab-49f0-89d5-c00cf6e87b81,Steve Huebert,Republican,90,lower,Steve,Huebert,Male,steve.huebert@house.ks.gov,,1959-04-05,,https://www.kslegislature.gov/static/li_pics/rep_huebert_steve_1.jpg,https://www.kslegislature.gov/legislators/rep_huebert_steve_1/;https://www.kslegislature.gov/li/b2025_26/members/rep_huebert_steve_1/;https://www.kslegislature.org/li/b2019_20/members/rep_huebert_steve_1/;https://www.kslegislature.org/li/b2021_22/members/rep_huebert_steve_1/;https://www.kslegislature.org/li_2022/b2021_22/members/rep_huebert_steve_1/,https://ballotpedia.org/Steve_Huebert;https://en.wikipedia.org/wiki/Steve_Huebert;https://justfacts.votesmart.org/candidate/biography/18585/steve-huebert;https://www.kslegislature.gov/legislators/rep_huebert_steve_1;https://www.kslegislature.gov/li/b2025_26/members/rep_huebert_steve_1;https://www.kslegislature.org/li/api/v11/rev-1/members/rep_huebert_steve_1;https://www.kslegislature.org/li/api/v11/rev-1/members/rep_huebert_steve_1/;https://www.kslegislature.org/li_2022/b2021_22/members/rep_huebert_steve_1;https://www.linkedin.com/in/steve-huebert-a9a58614,,,,,,,,,,,
ocd-person/e5b4d1e8-40a3-4f75-af3a-36fc7e84a228,Steve Howe,Republican,71,lower,Steve,Howe,Male,steven.howe@house.ks.gov,,,,https://www.kslegislature.gov/static/li_pics/rep_howe_steven_1.jpg,https://www.kslegislature.gov/legislators/rep_howe_steven_1/;https://www.kslegislature.gov/li/b2025_26/members/rep_howe_steven_1/;https://www.kslegislature.org/li/b2021_22/members/rep_howe_steven_1/;https://www.kslegislature.org/li/b2023_24/members/rep_howe_steven_1/,https://ballotpedia.org/Steven_Howe;https://en.wikipedia.org/wiki/Steven_Howe_(politician);https://www.kslegislature.gov/legislators/rep_howe_steven_1;https://www.kslegislature.gov/li/b2025_26/members/rep_howe_steven_1;https://www.kslegislature.org/li/api/v11/rev-1/members/rep_howe_steven_1;https://www.kslegislature.org/li/api/v11/rev-1/members/rep_howe_steven_1/;https://www.kslegislature.org/li/b2023_24/members/rep_howe_steven_1;https://www.kslegislature.org/li/b2023_24/members/rep_howe_steven_1/,,,,,,,,,,,
ocd-person/075f264c-efcf-408f-baf8-b3f9306bae36,Susan Estes,Republican,87,lower,Susan,Estes,Female,susan.estes@house.ks.gov,,,,https://www.kslegislature.gov/static/li_pics/rep_estes_susan_2.jpg,https://www.kslegislature.gov/legislators/rep_estes_susan_2/;https://www.kslegislature.gov/li/b2025_26/members/rep_estes_susan_2/;https://www.kslegislature.org/li/b2021_22/members/rep_estes_susan_2/;https://www.kslegislature.org/li/b2023_24/members/rep_estes_susan_2/,https://ballotpedia.org/Susan_Estes;https://en.wikipedia.org/wiki/Susan_Estes_(politician);https://www.kslegislature.gov/legislators/rep_estes_susan_2;https://www.kslegislature.gov/li/b2025_26/members/rep_estes_susan_2;https://www.kslegislature.org/li/api/v11/rev-1/members/rep_estes_susan_2;https://www.kslegislature.org/li/api/v11/rev-1/members/rep_estes_susan_2/;https://www.kslegislature.org/li/b2023_24/members/rep_estes_susan_2;https://www.kslegislature.org/li/b2023_24/members/rep_estes_susan_2/,,,,,,,,,,,
ocd-person/4ab616b7-79d2-4d89-ae25-cd4ea4e8c4c8,Susan Humphries,Republican,99,lower,Susan,Humphries,Female,susan.humphries@house.ks.gov,,1957-10-31,,https://www.kslegislature.gov/static/li_pics/rep_humphries_susan_1.jpg,https://www.kslegislature.gov/legislators/rep_humphries_susan_1/;https://www.kslegislature.gov/li/b2025_26/members/rep_humphries_susan_1/;https://www.kslegislature.org/li/b2019_20/members/rep_humphries_susan_1/;https://www.kslegislature.org/li/b2021_22/members/rep_humphries_susan_1/;https://www.kslegislature.org/li/b2023_24/members/rep_humphries_susan_1/,https://ballotpedia.org/Susan_Humphries;https://en.wikipedia.org/wiki/Susan_Humphries;https://justfacts.votesmart.org/candidate/biography/172004/susan-humphries;https://susanhumphries.net/meet-susan;https://www.kslegislature.gov/legislators/rep_humphries_susan_1;https://www.kslegislature.gov/li/b2025_26/members/rep_humphries_susan_1;https://www.kslegislature.org/li/api/v11/rev-1/members/rep_humphries_susan_1;https://www.kslegislature.org/li/api/v11/rev-1/members/rep_humphries_susan_1/;https://www.kslegislature.org/li/b2023_24/members/rep_humphries_susan_1;https://www.kslegislature.org/li/b2023_24/members/rep_humphries_susan_1/;https://www.linkedin.com/in/susan-humphries-83208276,,,,,,,,,,,
ocd-person/c06bc779-d072-495b-95f8-e5f4e67bdd4c,Susan Ruiz,Democratic,23,lower,Susan,Ruiz,Female,susan.ruiz@house.ks.gov,,,,https://www.kslegislature.gov/static/li_pics/rep_ruiz_susan_1.jpg,https://www.kslegislature.gov/legislators/rep_ruiz_susan_1/;https://www.kslegislature.gov/li/b2025_26/members/rep_ruiz_susan_1/;https://www.kslegislature.org/li/b2019_20/members/rep_ruiz_susan_1/;https://www.kslegislature.org/li/b2021_22/members/rep_ruiz_susan_1/;https://www.kslegislature.org/li/b2023_24/members/rep_ruiz_susan_1/,https://ballotpedia.org/Susan_Ruiz_(Kansas);https://en.wikipedia.org/wiki/Susan_Ruiz;https://justfacts.votesmart.org/candidate/biography/183533/susan-ruiz;https://www.kslegislature.gov/legislators/rep_ruiz_susan_1;https://www.kslegislature.gov/li/b2025_26/members/rep_ruiz_susan_1;https://www.kslegislature.org/li/api/v11/rev-1/members/rep_ruiz_susan_1;https://www.kslegislature.org/li/api/v11/rev-1/members/rep_ruiz_susan_1/;https://www.kslegislature.org/li/b2023_24/members/rep_ruiz_susan_1;https://www.kslegislature.org/li/b2023_24/members/rep_ruiz_susan_1/;https://www.linkedin.com/in/susan-ruiz-32572416,,,,,,,,,,,
ocd-person/e8b970b6-7dee-4073-bc8a-2e6d00193742,Suzanne Wikle,Democratic,10,lower,Suzanne,Wikle,Female,suzanne.wikle@house.ks.gov,,1981-02-08,,https://s3.amazonaws.com/ballotpedia-api4/files/thumbs/200/300/SuzanneWikle2024.jpg,https://www.kslegislature.gov/legislators/rep_wikle_suzanne_1/;https://www.kslegislature.gov/li/b2025_26/members/rep_wikle_suzanne_1/,https://ballotpedia.org/Suzanne_Wikle;https://en.wikipedia.org/wiki/Suzanne_Wikle;https://justfacts.votesmart.org/candidate/biography/218112/suzanne-wikle;https://www.kslegislature.gov/legislators/rep_wikle_suzanne_1;https://www.kslegislature.gov/li/b2025_26/members/rep_wikle_suzanne_1;https://www.linkedin.com/in/suzanne-wikle-52179822;https://www.suzannewikle.com/about,,,,,,,,,,,
ocd-person/61dc8b8f-5016-4114-b08a-b2dd0cb16993,Sydney Carlin,Democratic,66,lower,Sydney,Carlin,Female,sydney.carlin@house.ks.gov,,1944-11-20,,https://assets.nationbuilder.com/carlinforkansas/pages/22/attachments/original/1473126263/IMG_0437.JPG?1473126263,https://www.kslegislature.gov/legislators/rep_carlin_sydney_1/;https://www.kslegislature.gov/li/b2025_26/members/rep_carlin_sydney_1/;https://www.kslegislature.org/li/b2019_20/members/rep_carlin_sydney_1/;https://www.kslegislature.org/li/b2021_22/members/rep_carlin_sydney_1/;https://www.kslegislature.org/li/b2023_24/members/rep_carlin_sydney_1/,https://ballotpedia.org/Sydney_Carlin;https://en.wikipedia.org/wiki/Sydney_Carlin;https://en.wikipedia.org/wiki/Sydney_Carlin_(politician);https://justfacts.votesmart.org/candidate/biography/18618/sydney-carlin;https://www.kslegislature.gov/legislators/rep_carlin_sydney_1;https://www.kslegislature.gov/li/b2025_26/members/rep_carlin_sydney_1;https://www.kslegislature.org/li/api/v11/rev-1/members/rep_carlin_sydney_1;https://www.kslegislature.org/li/api/v11/rev-1/members/rep_carlin_sydney_1/;https://www.kslegislature.org/li/b2023_24/members/rep_carlin_sydney_1;https://www.kslegislature.org/li/b2023_24/members/rep_carlin_sydney_1/;https://www.linkedin.com/in/sydney-carlin-2020767,,,,,,,,,,,
ocd-person/5327f35f-aecc-4ecb-a23a-9136c8e503e1,T.J. Rose,Republican,35,upper,T.J.,Rose,Male,tj.rose@senate.ks.gov,,,,https://s3.amazonaws.com/ballotpedia-api4/files/thumbs/200/300/TJ_Rose_20240808_093657.jpeg,https://www.kslegislature.gov/li/b2025_26/members/sen_rose_tj_1/;https://www.kslegislature.gov/senators/sen_rose_tj_1/,https://ballotpedia.org/TJ_Rose;https://en.wikipedia.org/wiki/T._J._Rose;https://justfacts.votesmart.org/candidate/biography/218098/tj-rose;https://www.kslegislature.gov/li/b2025_26/members/sen_rose_tj_1;https://www.kslegislature.gov/senators/sen_rose_tj_1;https://www.linkedin.com/in/tj-rose-02b31a6,,,,,,,,,,,
ocd-person/c091ed05-ad26-42f2-b7e8-a830404cb152,Tim Shallenburger,Republican,13,upper,Tim,Shallenburger,Male,tim.shallenburger@senate.ks.gov,,1954-03-14,,https://www.kslegislature.gov/static/li_pics/sen_shallenburger_tim_1.jpg,https://www.kslegislature.gov/li/b2025_26/members/sen_shallenburger_tim_1/;https://www.kslegislature.gov/senators/sen_shallenburger_tim_1/;https://www.kslegislature.org/li/b2023_24/members/sen_shallenburger_tim_1/,https://ballotpedia.org/Tim_Shallenburger;https://en.wikipedia.org/wiki/Tim_Shallenburger;https://www.kslegislature.gov/li/b2025_26/members/sen_shallenburger_tim_1;https://www.kslegislature.gov/senators/sen_shallenburger_tim_1;https://www.kslegislature.org/li/api/v11/rev-1/members/sen_shallenburger_tim_1;https://www.kslegislature.org/li/api/v11/rev-1/members/sen_shallenburger_tim_1/;https://www.kslegislature.org/li/b2023_24/members/sen_shallenburger_tim_1;https://www.kslegislature.org/li/b2023_24/members/sen_shallenburger_tim_1/,,,,,,,,,,,
ocd-person/ecff64bf-dfd7-4df4-a1c2-681348e68fa8,Tim Johnson,Republican,38,lower,Tim,Johnson,Male,timothy.johnson@house.ks.gov,,,,https://www.kslegislature.gov/static/li_pics/rep_johnson_timothy_1.jpg,https://www.kslegislature.gov/legislators/rep_johnson_timothy_1/;https://www.kslegislature.gov/li/b2025_26/members/rep_johnson_timothy_1/;https://www.kslegislature.org/li/b2021_22/members/rep_johnson_timothy_1/;https://www.kslegislature.org/li/b2023_24/members/rep_johnson_timothy_1/,https://ballotpedia.org/Timothy_Johnson_(Kansas);https://en.wikipedia.org/wiki/Timothy_H._Johnson;https://justfacts.votesmart.org/candidate/biography/193023/timothy-johnson;https://www.kslegislature.gov/legislators/rep_johnson_timothy_1;https://www.kslegislature.gov/li/b2025_26/members/rep_johnson_timothy_1;https://www.kslegislature.org/li/api/v11/rev-1/members/rep_johnson_timothy_1;https://www.kslegislature.org/li/api/v11/rev-1/members/rep_johnson_timothy_1/;https://www.kslegislature.org/li/b2023_24/members/rep_johnson_timothy_1;https://www.kslegislature.org/li/b2023_24/members/rep_johnson_timothy_1/;https://www.linkedin.com/in/tim-johnson-1424191a9,,,,,,,,,,,
ocd-person/9e2cc4ba-4ac7-4554-ac51-b41f2c3667d1,Tobias Schlingensiepen,Democratic,55,lower,Tobias,Schlingensiepen,Male,tobias.schlingensiepen@house.ks.gov,,1963-11-24,,https://images.squarespace-cdn.com/content/v1/62a93b88228a337fdf4f80e2/1655346125169-V2O5XAAA56EL7GFUJ9L6/Tobias+4KH+0422.jpg?format=500w,https://www.kslegislature.gov/legislators/rep_schlingensiepen_tobias_1/;https://www.kslegislature.gov/li/b2025_26/members/rep_schlingensiepen_tobias_1/;https://www.kslegislature.org/li/b2023_24/members/rep_schlingensiepen_tobias_1/,https://ballotpedia.org/Tobias_Schlingensiepen;https://en.wikipedia.org/wiki/Tobias_Schlingensiepen;https://justfacts.votesmart.org/candidate/biography/140710/tobias-schlingensiepen;https://www.kslegislature.gov/legislators/rep_schlingensiepen_tobias_1;https://www.kslegislature.gov/li/b2025_26/members/rep_schlingensiepen_tobias_1;https://www.kslegislature.org/li/api/v11/rev-1/members/rep_schlingensiepen_tobias_1;https://www.kslegislature.org/li/api/v11/rev-1/members/rep_schlingensiepen_tobias_1/;https://www.kslegislature.org/li/b2023_24/members/rep_schlingensiepen_tobias_1;https://www.kslegislature.org/li/b2023_24/members/rep_schlingensiepen_tobias_1/;https://www.linkedin.com/in/tobias-schlingensiepen-03b1807;https://www.tobiasforkansashouse.com/about,,,,,,,,,,,
ocd-person/9cef565d-6e73-4090-80bc-a752310efc4c,Tom Kessler,Republican,96,lower,Tom,Kessler,Male,tom.kessler@house.ks.gov,,,,https://www.kslegislature.gov/static/li_pics/rep_kessler_tom_1.jpg,https://www.kslegislature.gov/legislators/rep_kessler_tom_1/;https://www.kslegislature.gov/li/b2025_26/members/rep_kessler_tom_1/;https://www.kslegislature.org/li/b2021_22/members/rep_kessler_tom_1/;https://www.kslegislature.org/li/b2023_24/members/rep_kessler_tom_1/,https://ballotpedia.org/Tom_Kessler;https://en.wikipedia.org/wiki/Tom_Kessler;https://www.kslegislature.gov/legislators/rep_kessler_tom_1;https://www.kslegislature.gov/li/b2025_26/members/rep_kessler_tom_1;https://www.kslegislature.org/li/api/v11/rev-1/members/rep_kessler_tom_1;https://www.kslegislature.org/li/api/v11/rev-1/members/rep_kessler_tom_1/;https://www.kslegislature.org/li/b2023_24/members/rep_kessler_tom_1;https://www.kslegislature.org/li/b2023_24/members/rep_kessler_tom_1/;https://www.linkedin.com/in/tom-kessler-1b0bb057,,,,,,,,,,,
ocd-person/e6ca4faa-17ec-4256-9265-fbba8afcbb0e,Tom Sawyer,Democratic,95,lower,Tom,Sawyer,Male,tom.sawyer@house.ks.gov,,1958-04-15,,https://www.kslegislature.gov/static/li_pics/rep_sawyer_tom_1.jpg,https://www.kslegislature.gov/legislators/rep_sawyer_tom_1/;https://www.kslegislature.gov/li/b2025_26/members/rep_sawyer_tom_1/;https://www.kslegislature.org/li/b2019_20/members/rep_sawyer_tom_1/;https://www.kslegislature.org/li/b2021_22/members/rep_sawyer_tom_1/;https://www.kslegislature.org/li/b2023_24/members/rep_sawyer_tom_1/,https://ballotpedia.org/Tom_Sawyer_(Kansas);https://en.wikipedia.org/wiki/Tom_Sawyer_(Kansas_politician);https://justfacts.votesmart.org/candidate/biography/7023/tom-sawyer;https://www.kslegislature.gov/legislators/rep_sawyer_tom_1;https://www.kslegislature.gov/li/b2025_26/members/rep_sawyer_tom_1;https://www.kslegislature.org/li/api/v11/rev-1/members/rep_sawyer_tom_1;https://www.kslegislature.org/li/api/v11/rev-1/members/rep_sawyer_tom_1/;https://www.kslegislature.org/li/b2023_24/members/rep_sawyer_tom_1;https://www.kslegislature.org/li/b2023_24/members/rep_sawyer_tom_1/;https://www.linkedin.com/in/tom-sawyer-b99b9617,,,,,,,,,,,
ocd-person/80f9f23c-fa36-43ef-b97e-a9563bd4237b,Tory Marie Blew,Republican,33,upper,Tory Marie,Blew,Female,torymarie.blew@senate.ks.gov,,1993-05-03,,https://www.kslegislature.gov/static/li_pics/sen_blew_marie_1.jpg,https://www.kslegislature.gov/li/b2025_26/members/sen_blew_marie_1/;https://www.kslegislature.gov/senators/sen_blew_marie_1/;https://www.kslegislature.org/li/b2019_20/members/rep_arnberger_tory_1/;https://www.kslegislature.org/li/b2021_22/members/rep_arnberger_tory_1/;https://www.kslegislature.org/li/b2023_24/members/rep_arnberger_tory_1/,https://ballotpedia.org/Tory_Arnberger;https://en.wikipedia.org/wiki/Tory_Marie_Arnberger;https://justfacts.votesmart.org/candidate/biography/172040/tory-arnberger-blew;https://www.kslegislature.gov/li/b2025_26/members/sen_blew_marie_1;https://www.kslegislature.gov/senators/sen_blew_marie_1;https://www.kslegislature.org/li/api/v11/rev-1/members/rep_arnberger_tory_1;https://www.kslegislature.org/li/api/v11/rev-1/members/rep_arnberger_tory_1/;https://www.kslegislature.org/li/b2023_24/members/rep_arnberger_tory_1;https://www.kslegislature.org/li/b2023_24/members/rep_arnberger_tory_1/;https://www.linkedin.com/in/tory-marie-arnberger-blew-69499790,,,,,,,,,,,
ocd-person/655437d6-f80f-4e14-b061-c28a8977cf0f,Troy Waymaster,Republican,109,lower,Troy,Waymaster,Male,troy.waymaster@house.ks.gov,,,,https://www.kslegislature.gov/static/li_pics/rep_waymaster_troy_1.jpg,https://www.kslegislature.gov/legislators/rep_waymaster_troy_1/;https://www.kslegislature.gov/li/b2025_26/members/rep_waymaster_troy_1/;https://www.kslegislature.org/li/b2019_20/members/rep_waymaster_troy_1/;https://www.kslegislature.org/li/b2021_22/members/rep_waymaster_troy_1/;https://www.kslegislature.org/li/b2023_24/members/rep_waymaster_troy_1/,https://ballotpedia.org/Troy_L._Waymaster;https://en.wikipedia.org/wiki/Troy_Waymaster;https://justfacts.votesmart.org/candidate/biography/140852/troy-waymaster;https://www.kslegislature.gov/legislators/rep_waymaster_troy_1;https://www.kslegislature.gov/li/b2025_26/members/rep_waymaster_troy_1;https://www.kslegislature.org/li/api/v11/rev-1/members/rep_waymaster_troy_1;https://www.kslegislature.org/li/api/v11/rev-1/members/rep_waymaster_troy_1/;https://www.kslegislature.org/li/b2023_24/members/rep_waymaster_troy_1;https://www.kslegislature.org/li/b2023_24/members/rep_waymaster_troy_1/;https://www.linkedin.com/in/troy-waymaster-437392a5,,,,,,,,,,,
ocd-person/b4774ff4-de16-4716-8956-65ecc740eb8c,Ty Masterson,Republican,16,upper,Ty,Masterson,Male,ty.masterson@senate.ks.gov,,1969-09-23,,https://www.kslegislature.gov/static/li_pics/sen_masterson_ty_1.jpg,https://www.kslegislature.gov/li/b2025_26/members/sen_masterson_ty_1/;https://www.kslegislature.gov/senators/sen_masterson_ty_1/;https://www.kslegislature.org/li/b2019_20/members/sen_masterson_ty_1/;https://www.kslegislature.org/li/b2021_22/members/sen_masterson_ty_1/;https://www.kslegislature.org/li/b2023_24/members/sen_masterson_ty_1/,https://ballotpedia.org/Ty_Masterson;https://en.wikipedia.org/wiki/Ty_Masterson;https://www.kslegislature.gov/li/b2025_26/members/sen_masterson_ty_1;https://www.kslegislature.gov/senators/sen_masterson_ty_1;https://www.kslegislature.org/li/api/v11/rev-1/members/sen_masterson_ty_1;https://www.kslegislature.org/li/api/v11/rev-1/members/sen_masterson_ty_1/;https://www.kslegislature.org/li/b2023_24/members/sen_masterson_ty_1;https://www.kslegislature.org/li/b2023_24/members/sen_masterson_ty_1/;https://www.linkedin.com/in/tymastersonkansas,,,,,,,,,,,
ocd-person/8d608ede-12f3-4ec4-8206-2c3dde0db6b7,Val Winn,Democratic,34,lower,Val,Winn,Female,valdenia.winn@house.ks.gov,,1950-12-07,,https://www.kslegislature.gov/static/li_pics/rep_winn_valdenia_1.jpg,https://www.kslegislature.gov/legislators/rep_winn_valdenia_1/;https://www.kslegislature.gov/li/b2025_26/members/rep_winn_valdenia_1/;https://www.kslegislature.org/li/b2019_20/members/rep_winn_valdenia_1/;https://www.kslegislature.org/li/b2021_22/members/rep_winn_valdenia_1/;https://www.kslegislature.org/li/b2023_24/members/rep_winn_valdenia_1/,https://ballotpedia.org/Valdenia_Winn;https://en.wikipedia.org/wiki/Valdenia_Winn;https://justfacts.votesmart.org/candidate/biography/34866/valdenia-winn;https://www.kslegislature.gov/legislators/rep_winn_valdenia_1;https://www.kslegislature.gov/li/b2025_26/members/rep_winn_valdenia_1;https://www.kslegislature.org/li/api/v11/rev-1/members/rep_winn_valdenia_1;https://www.kslegislature.org/li/api/v11/rev-1/members/rep_winn_valdenia_1/;https://www.kslegislature.org/li/b2023_24/members/rep_winn_valdenia_1;https://www.kslegislature.org/li/b2023_24/members/rep_winn_valdenia_1/;https://www.linkedin.com/in/valdenia-winn-a3136b59,,,,,,,,,,,
ocd-person/90f4cf61-cce8-4f87-8495-c0dc298c8d27,Virgil Peck,Republican,15,upper,Virgil,Peck,Male,virgil.peck@senate.ks.gov,,1959-08-21,,https://www.kslegislature.gov/static/li_pics/sen_peck_virgil_1.jpg,https://www.kslegislature.gov/li/b2025_26/members/sen_peck_virgil_1/;https://www.kslegislature.gov/senators/sen_peck_virgil_1/;https://www.kslegislature.org/li/b2015_16/members/rep_peck_virgil_1/;https://www.kslegislature.org/li/b2021_22/members/sen_peck_virgil_1/;https://www.kslegislature.org/li/b2023_24/members/sen_peck_virgil_1/,"https://ballotpedia.org/Virgil_Peck,_Jr.;https://en.wikipedia.org/wiki/Virgil_Peck_Jr.;https://www.kslegislature.gov/li/b2025_26/members/sen_peck_virgil_1;https://www.kslegislature.gov/senators/sen_peck_virgil_1;https://www.kslegislature.org/li/api/v11/rev-1/members/sen_peck_virgil_1;https://www.kslegislature.org/li/api/v11/rev-1/members/sen_peck_virgil_1/;https://www.kslegislature.org/li/api/v7/rev-1/members/rep_peck_virgil_1;https://www.kslegislature.org/li/b2023_24/members/sen_peck_virgil_1;https://www.kslegislature.org/li/b2023_24/members/sen_peck_virgil_1/;https://www.linkedin.com/in/virgil-peck-91b8241a7",,,,,,,,,,,
ocd-person/acb8f24a-aecd-43a5-887c-be8bbf963e3d,Virgil Weigel,Democratic,56,lower,Virgil,Weigel,Male,virgil.weigel@house.ks.gov,,1953-02-25,,https://www.kslegislature.gov/static/li_pics/rep_weigel_virgil_1.jpg,https://www.kslegislature.gov/legislators/rep_weigel_virgil_1/;https://www.kslegislature.gov/li/b2025_26/members/rep_weigel_virgil_1/;https://www.kslegislature.org/li/b2019_20/members/rep_weigel_virgil_1/;https://www.kslegislature.org/li/b2021_22/members/rep_weigel_virgil_1/;https://www.kslegislature.org/li/b2023_24/members/rep_weigel_virgil_1/,https://ballotpedia.org/Virgil_Weigel;https://en.wikipedia.org/wiki/Virgil_Weigel;https://justfacts.votesmart.org/candidate/biography/140799/virgil-weigel;https://www.kslegislature.gov/legislators/rep_weigel_virgil_1;https://www.kslegislature.gov/li/b2025_26/members/rep_weigel_virgil_1;https://www.kslegislature.org/li/api/v11/rev-1/members/rep_weigel_virgil_1;https://www.kslegislature.org/li/api/v11/rev-1/members/rep_weigel_virgil_1/;https://www.kslegislature.org/li/b2023_24/members/rep_weigel_virgil_1;https://www.kslegislature.org/li/b2023_24/members/rep_weigel_virgil_1/,,,,,,,,,,,
ocd-person/eb221993-26e9-4046-a626-ca753e4e7f6d,Wanda Paige,Democratic,35,lower,Wanda,Paige,Female,wanda.paige@house.ks.gov,,1956-09-30,,"https://resources.finalsite.net/images/f_auto,q_auto,t_image_size_1/v1706627854/kckpsorg/nslthss5ye6gddnitdew/W_Paige.png",https://kslegislature.gov/li/b2023_24/members/rep_paige_wanda_1/;https://www.kslegislature.gov/legislators/rep_paige_wanda_1/;https://www.kslegislature.gov/li/b2025_26/members/rep_paige_wanda_1/,https://ballotpedia.org/Wanda_Brownlee_Paige;https://en.wikipedia.org/wiki/Wanda_Brownlee_Paige;https://justfacts.votesmart.org/candidate/biography/218177/wanda-paige;https://kslegislature.gov/li/b2023_24/members/rep_paige_wanda_1;https://www.kslegislature.gov/legislators/rep_paige_wanda_1;https://www.kslegislature.gov/li/b2025_26/members/rep_paige_wanda_1;https://www.linkedin.com/in/wanda-paige-3173a714,,,,,,,,,,,
ocd-person/41909a90-1eff-473a-8cb7-3c8770f667f4,Web Roth,Republican,79,lower,Web,Roth,Male,webster.roth@house.ks.gov,,,,https://www.kslegislature.gov/static/li_pics/rep_roth_webster_1.jpg,https://www.kslegislature.gov/legislators/rep_roth_webster_1/;https://www.kslegislature.gov/li/b2025_26/members/rep_roth_webster_1/;https://www.kslegislature.org/li/b2023_24/members/rep_roth_webster_1/,https://ballotpedia.org/Webster_Roth;https://en.wikipedia.org/wiki/Webster_Roth;https://justfacts.votesmart.org/candidate/biography/208116/webster-roth;https://www.kslegislature.gov/legislators/rep_roth_webster_1;https://www.kslegislature.gov/li/b2025_26/members/rep_roth_webster_1;https://www.kslegislature.org/li/api/v11/rev-1/members/rep_roth_webster_1;https://www.kslegislature.org/li/api/v11/rev-1/members/rep_roth_webster_1/;https://www.kslegislature.org/li/b2023_24/members/rep_roth_webster_1;https://www.kslegislature.org/li/b2023_24/members/rep_roth_webster_1/;https://www.linkedin.com/in/webster-roth-79a61013,,,,,,,,,,,
ocd-person/695c8e66-9ee6-4431-8bd4-b7435b04e2c7,Will Carpenter,Republican,75,lower,Will,Carpenter,Male,will.carpenter@house.ks.gov,,1956-07-04,,https://s3.amazonaws.com/ballotpedia-api4/files/thumbs/200/300/Will_Carpenter.jpg,https://www.kslegislature.gov/legislators/rep_carpenter_will_1/;https://www.kslegislature.gov/li/b2025_26/members/rep_carpenter_will_1/;https://www.kslegislature.org/li/b2019_20/members/rep_carpenter_will_1/;https://www.kslegislature.org/li/b2021_22/members/rep_carpenter_will_1/;https://www.kslegislature.org/li/b2023_24/members/rep_carpenter_will_1/,https://ballotpedia.org/Will_Carpenter;https://en.wikipedia.org/wiki/Will_Carpenter;https://justfacts.votesmart.org/candidate/biography/86398/will-carpenter;https://www.kslegislature.gov/legislators/rep_carpenter_will_1;https://www.kslegislature.gov/li/b2025_26/members/rep_carpenter_will_1;https://www.kslegislature.org/li/api/v11/rev-1/members/rep_carpenter_will_1;https://www.kslegislature.org/li/api/v11/rev-1/members/rep_carpenter_will_1/;https://www.kslegislature.org/li/b2023_24/members/rep_carpenter_will_1;https://www.kslegislature.org/li/b2023_24/members/rep_carpenter_will_1/,,,,,,,,,,,
