id,name,current_party,current_district,current_chamber,given_name,family_name,gender,email,biography,birth_date,death_date,image,links,sources,capitol_address,capitol_voice,capitol_fax,district_address,district_voice,district_fax,twitter,youtube,instagram,facebook,wikidata
ocd-person/c3d23eba-caa6-4d2a-bbd2-5b8b2ca184ae,Aaron Saunders,Democratic,7th Hampden,lower,Aaron,Saunders,Male,aaron.saunders@mahouse.gov,,,,https://malegislature.gov/Legislators/Profile/170/ALS1.jpg,https://malegislature.gov/Legislators/Profile/ALS1,https://ballotpedia.org/Aaron_Saunders;https://en.wikipedia.org/wiki/Aaron_Saunders;https://justfacts.votesmart.org/candidate/biography/154132/aaron-saunders;https://malegislature.gov/api/GeneralCourts/193/LegislativeMembers;https://malegislature.gov/api/GeneralCourts/193/LegislativeMembers/;https://malegislature.gov/api/GeneralCourts/193/LegislativeMembers/ALS1;https://malegislature.gov/Legislators/Profile/ALS1;https://www.linkedin.com/in/a-saunders-,,,,,,,,,,,
ocd-person/4183f327-e2a6-4b1a-9d23-161da1b5e261,Aaron Michlewitz,Democratic,3rd Suffolk,lower,Aaron,Michlewitz,Male,aaron.m.michlewitz@mahouse.gov,,1978-06-07,,https://malegislature.gov/Legislators/Profile/170/AMM1.jpg,https://malegislature.gov/Legislators/Profile/AMM1,https://ballotpedia.org/Aaron_Michlewitz;https://en.wikipedia.org/wiki/Aaron_Michlewitz;https://justfacts.votesmart.org/candidate/biography/115768/aaron-michlewitz;https://malegislature.gov/api/GeneralCourts/192/LegislativeMembers;https://malegislature.gov/api/GeneralCourts/192/LegislativeMembers/;https://malegislature.gov/api/GeneralCourts/192/LegislativeMembers/AMM1;https://malegislature.gov/api/GeneralCourts/193/LegislativeMembers;https://malegislature.gov/api/GeneralCourts/193/LegislativeMembers/;https://malegislature.gov/api/GeneralCourts/193/LegislativeMembers/AMM1;https://malegislature.gov/Legislators/Profile/AMM1;https://www.linkedin.com/in/aaron-michlewitz-4a74177,,,,,,,,,,,
ocd-person/d2a82a0d-fbd1-4448-be2d-b786a7e11168,Adam Gómez,Democratic,Hampden,upper,Adam,Gómez,Male,adam.gomez@masenate.gov,,,,https://malegislature.gov/Legislators/Profile/170/A_G0.jpg,https://malegislature.gov/Legislators/Profile/A_G0,https://adamgomezma.com;https://ballotpedia.org/Adam_Gomez;https://en.wikipedia.org/wiki/Adam_Gomez;https://justfacts.votesmart.org/candidate/194698/adam-gomez;https://justfacts.votesmart.org/candidate/biography/194698/adam-gomez;https://malegislature.gov/api/GeneralCourts/192/LegislativeMembers;https://malegislature.gov/api/GeneralCourts/192/LegislativeMembers/;https://malegislature.gov/api/GeneralCourts/192/LegislativeMembers/A_G0;https://malegislature.gov/api/GeneralCourts/193/LegislativeMembers;https://malegislature.gov/api/GeneralCourts/193/LegislativeMembers/;https://malegislature.gov/api/GeneralCourts/193/LegislativeMembers/A_G0;https://malegislature.gov/Legislators/Profile/A_G0;https://www.linkedin.com/in/adam-gomez-sr-2a5770b4;https://www.linkedin.com/in/adamgomezsr,,,,,,,,,,,
ocd-person/804c5518-7fdf-43c9-ba24-f2c24eb3b0ab,Adam Scanlon,Democratic,14th Bristol,lower,Adam,Scanlon,Male,adam.scanlon@mahouse.gov,,,,https://malegislature.gov/Legislators/Profile/170/AJS1.jpg,https://malegislature.gov/Legislators/Profile/AJS1,https://ballotpedia.org/Adam_Scanlon;https://en.wikipedia.org/wiki/Adam_Scanlon;https://malegislature.gov/api/GeneralCourts/192/LegislativeMembers;https://malegislature.gov/api/GeneralCourts/192/LegislativeMembers/;https://malegislature.gov/api/GeneralCourts/192/LegislativeMembers/AJS1;https://malegislature.gov/api/GeneralCourts/193/LegislativeMembers;https://malegislature.gov/api/GeneralCourts/193/LegislativeMembers/;https://malegislature.gov/api/GeneralCourts/193/LegislativeMembers/AJS1;https://malegislature.gov/Legislators/Profile/AJS1,,,,,,,,,,,
ocd-person/f8772f1e-29f7-42e2-8a8c-ab4005153b05,Adrian Madaro,Democratic,1st Suffolk,lower,Adrian,Madaro,Male,adrian.madaro@mahouse.gov,,1988-11-02,,https://malegislature.gov/Legislators/Profile/170/ACM1.jpg,https://malegislature.gov/Legislators/Profile/ACM1,https://ballotpedia.org/Adrian_Madaro;https://en.wikipedia.org/wiki/Adrian_Madaro;https://justfacts.votesmart.org/candidate/biography/156167/adrian-madaro;https://malegislature.gov/api/GeneralCourts/192/LegislativeMembers;https://malegislature.gov/api/GeneralCourts/192/LegislativeMembers/;https://malegislature.gov/api/GeneralCourts/192/LegislativeMembers/ACM1;https://malegislature.gov/api/GeneralCourts/193/LegislativeMembers;https://malegislature.gov/api/GeneralCourts/193/LegislativeMembers/;https://malegislature.gov/api/GeneralCourts/193/LegislativeMembers/ACM1;https://malegislature.gov/Legislators/Profile/ACM1;https://www.linkedin.com/in/adrian-madaro-92421684,,,,,,,,,,,
ocd-person/300d40b3-9479-43c0-99d3-18f94e1110cc,Adrianne Ramos,Democratic,14th Essex,lower,Adrianne,Ramos,Female,adrianne.ramos@mahouse.gov,,,,https://malegislature.gov/Legislators/Profile/170/APR1.jpg,https://malegislature.gov/Legislators/Profile/APR1,https://ballotpedia.org/Adrianne_Ramos;https://en.wikipedia.org/wiki/Adrianne_Ramos;https://justfacts.votesmart.org/candidate/biography/209566/adrianne-ramos;https://malegislature.gov/api/GeneralCourts/193/LegislativeMembers;https://malegislature.gov/api/GeneralCourts/193/LegislativeMembers/;https://malegislature.gov/api/GeneralCourts/193/LegislativeMembers/APR1;https://malegislature.gov/Legislators/Profile/APR1;https://princelobel.com/professional/adrianne-ramos;https://www.linkedin.com/in/adrianne-ramos,,,,,,,,,,,
ocd-person/6e81dcb7-4a04-4a88-b5f2-728a3336cf9d,Alan Silvia,Democratic,7th Bristol,lower,Alan,Silvia,Male,alan.silvia@mahouse.gov,,1951-10-11,,https://malegislature.gov/Legislators/Profile/170/A_S1.jpg,https://malegislature.gov/Legislators/Profile/A_S1,https://ballotpedia.org/Alan_Silvia;https://en.wikipedia.org/wiki/Alan_Silvia;https://justfacts.votesmart.org/candidate/biography/124984/alan-silvia;https://malegislature.gov/api/GeneralCourts/192/LegislativeMembers;https://malegislature.gov/api/GeneralCourts/192/LegislativeMembers/;https://malegislature.gov/api/GeneralCourts/192/LegislativeMembers/A_S1;https://malegislature.gov/api/GeneralCourts/193/LegislativeMembers;https://malegislature.gov/api/GeneralCourts/193/LegislativeMembers/;https://malegislature.gov/api/GeneralCourts/193/LegislativeMembers/A_S1;https://malegislature.gov/Legislators/Profile/A_S1;https://www.linkedin.com/in/alan-silvia-97b5ba18,,,,"Room 237, 1 Government Center, Fall River, MA 02723",774-526-1122,,,,,,
ocd-person/2a9569a0-feaf-431d-8a8d-012d8ebccbf8,Alice Peisch,Democratic,14th Norfolk,lower,Alice,Peisch,Female,alice.peisch@mahouse.gov,,1954-10-04,,https://malegislature.gov/Legislators/Profile/170/AHP1.jpg,https://malegislature.gov/Legislators/Profile/AHP1;https://www.alicepeisch.org,https://ballotpedia.org/Alice_Peisch;https://en.wikipedia.org/wiki/Alice_Peisch;https://justfacts.votesmart.org/candidate/biography/35864/alice-peisch;https://malegislature.gov/api/GeneralCourts/192/LegislativeMembers;https://malegislature.gov/api/GeneralCourts/192/LegislativeMembers/;https://malegislature.gov/api/GeneralCourts/192/LegislativeMembers/AHP1;https://malegislature.gov/api/GeneralCourts/193/LegislativeMembers;https://malegislature.gov/api/GeneralCourts/193/LegislativeMembers/;https://malegislature.gov/api/GeneralCourts/193/LegislativeMembers/AHP1;https://malegislature.gov/Legislators/Profile/AHP1;https://www.alicepeisch.org;https://www.linkedin.com/in/alice-peisch-0311038,,,,,,,,,,,
ocd-person/bed31f9a-e759-41a5-80b6-8b6bb9a64762,Alyson Sullivan-Almeida,Republican,7th Plymouth,lower,Alyson,Sullivan-Almeida,Female,alyson.sullivan@mahouse.gov,,1988-02-07,,https://malegislature.gov/Legislators/Profile/170/AMS2.jpg,https://malegislature.gov/Legislators/Profile/AMS2,https://ballotpedia.org/Alyson_Sullivan;https://en.wikipedia.org/wiki/Alyson_Sullivan;https://justfacts.votesmart.org/candidate/biography/184824/alyson-sullivan;https://malegislature.gov/api/GeneralCourts/192/LegislativeMembers;https://malegislature.gov/api/GeneralCourts/192/LegislativeMembers/;https://malegislature.gov/api/GeneralCourts/192/LegislativeMembers/AMS2;https://malegislature.gov/api/GeneralCourts/193/LegislativeMembers;https://malegislature.gov/api/GeneralCourts/193/LegislativeMembers/;https://malegislature.gov/api/GeneralCourts/193/LegislativeMembers/AMS2;https://malegislature.gov/Legislators/Profile/AMS2;https://www.linkedin.com/in/alyson-sullivan-441480112;https://www.linkedin.com/in/alyson-sullivan-almeida-441480112,,,,,,,,,,,
ocd-person/adb7ebb2-480f-4215-859e-3a1194e9a598,Amy Sangiolo,Democratic,11th Middlesex,lower,Amy,Sangiolo,Female,amy.sangiolo@mahouse.gov,,,,https://malegislature.gov/Legislators/Profile/170/AMS3.jpg,https://malegislature.gov/Legislators/Profile/AMS3,https://ballotpedia.org/Amy_Sangiolo;https://en.wikipedia.org/wiki/Amy_Mah_Sangiolo;https://justfacts.votesmart.org/candidate/biography/78003/amy-mah-sangiolo;https://malegislature.gov/Legislators/Profile/AMS3;https://www.linkedin.com/in/amymahsangiolo,,,,,,,,,,,
ocd-person/c1f81bec-d032-4f41-940c-ca32f2b5af12,Andy Vargas,Democratic,3rd Essex,lower,Andy,Vargas,Male,andy.vargas@mahouse.gov,,,,https://malegislature.gov/Legislators/Profile/170/AXV1.jpg,https://malegislature.gov/Legislators/Profile/AXV1,https://ballotpedia.org/Andy_Vargas;https://en.wikipedia.org/wiki/Andy_Vargas;https://justfacts.votesmart.org/candidate/biography/173806/andres-vargas;https://malegislature.gov/api/GeneralCourts/192/LegislativeMembers;https://malegislature.gov/api/GeneralCourts/192/LegislativeMembers/;https://malegislature.gov/api/GeneralCourts/192/LegislativeMembers/AXV1;https://malegislature.gov/api/GeneralCourts/193/LegislativeMembers;https://malegislature.gov/api/GeneralCourts/193/LegislativeMembers/;https://malegislature.gov/api/GeneralCourts/193/LegislativeMembers/AXV1;https://malegislature.gov/Legislators/Profile/AXV1;https://www.linkedin.com/in/andyxvargas,,,,MA,978-228-1233,,,,,,
ocd-person/8302648f-4ed2-454e-ad1e-d7389e25b8dc,Angelo Puppolo,Democratic,12th Hampden,lower,Angelo,Puppolo,Male,angelo.puppolo@mahouse.gov,,,,https://malegislature.gov/Legislators/Profile/170/AJP1.jpg,https://malegislature.gov/Legislators/Profile/AJP1,"https://ballotpedia.org/Angelo_Puppolo,_Jr.;https://en.wikipedia.org/wiki/Angelo_Puppolo;https://malegislature.gov/api/GeneralCourts/192/LegislativeMembers;https://malegislature.gov/api/GeneralCourts/192/LegislativeMembers/;https://malegislature.gov/api/GeneralCourts/192/LegislativeMembers/AJP1;https://malegislature.gov/api/GeneralCourts/193/LegislativeMembers;https://malegislature.gov/api/GeneralCourts/193/LegislativeMembers/;https://malegislature.gov/api/GeneralCourts/193/LegislativeMembers/AJP1;https://malegislature.gov/Legislators/Profile/AJP1",,,,"2341 Boston Road Suite 204, Wilbraham, MA 01095",413-596-4333,,,,,,
ocd-person/59aed143-c5c1-4760-ac55-eab18600c451,Tony Cabral,Democratic,13th Bristol,lower,Tony,Cabral,Male,antonio.cabral@mahouse.gov,,1955-01-26,,https://malegislature.gov/Legislators/Profile/170/AFC1.jpg,https://malegislature.gov/Legislators/Profile/AFC1,https://ballotpedia.org/Antonio_Cabral;https://en.wikipedia.org/wiki/Antonio_Cabral;https://justfacts.votesmart.org/candidate/biography/4772/antonio-cabral;https://malegislature.gov/api/GeneralCourts/192/LegislativeMembers;https://malegislature.gov/api/GeneralCourts/192/LegislativeMembers/;https://malegislature.gov/api/GeneralCourts/192/LegislativeMembers/AFC1;https://malegislature.gov/api/GeneralCourts/193/LegislativeMembers;https://malegislature.gov/api/GeneralCourts/193/LegislativeMembers/;https://malegislature.gov/api/GeneralCourts/193/LegislativeMembers/AFC1;https://malegislature.gov/Legislators/Profile/AFC1,,,,,,,,,,,
ocd-person/49397268-3fc9-4c83-a385-f55be18597f4,Barry Finegold,Democratic,Second Essex and Middlesex,upper,Barry,Finegold,Male,barry.finegold@masenate.gov,,1971-03-03,,https://malegislature.gov/Legislators/Profile/170/BRF0.jpg,https://malegislature.gov/Legislators/Profile/BRF0,https://ballotpedia.org/Barry_Finegold;https://en.wikipedia.org/wiki/Barry_Finegold;https://malegislature.gov/api/GeneralCourts/192/LegislativeMembers;https://malegislature.gov/api/GeneralCourts/192/LegislativeMembers/;https://malegislature.gov/api/GeneralCourts/192/LegislativeMembers/BRF0;https://malegislature.gov/api/GeneralCourts/193/LegislativeMembers;https://malegislature.gov/api/GeneralCourts/193/LegislativeMembers/;https://malegislature.gov/api/GeneralCourts/193/LegislativeMembers/BRF0;https://malegislature.gov/Legislators/Profile/BRF0;https://www.dfllp.com/team/abarry-finegold-2;https://www.linkedin.com/in/barry-finegold-93b2211,,,,,,,,,,,
ocd-person/368c3f95-1124-4f0a-9ab5-7361cb2805d3,Brad Jones,Republican,20th Middlesex,lower,Brad,Jones,Male,bradley.jones@mahouse.gov,,1965-01-09,,https://malegislature.gov/Legislators/Profile/170/BHJ1.jpg,https://malegislature.gov/Legislators/Profile/BHJ1,"https://ballotpedia.org/Bradley_Jones,_Jr.;https://en.wikipedia.org/wiki/Bradley_Jones_Jr.;https://justfacts.votesmart.org/candidate/4821/brad-jones-jr;https://malegislature.gov/api/GeneralCourts/192/LegislativeMembers;https://malegislature.gov/api/GeneralCourts/192/LegislativeMembers/;https://malegislature.gov/api/GeneralCourts/192/LegislativeMembers/BHJ1;https://malegislature.gov/api/GeneralCourts/193/LegislativeMembers;https://malegislature.gov/api/GeneralCourts/193/LegislativeMembers/;https://malegislature.gov/api/GeneralCourts/193/LegislativeMembers/BHJ1;https://malegislature.gov/Legislators/Profile/BHJ1;https://www.linkedin.com/in/bradley-jones-67976a57",,,,MA,978-664-5936,978-664-5936,,,,,
ocd-person/99c9c9e7-f0e3-480b-ad38-de297e6c635a,Brandy Fluker-Reid,Democratic,12th Suffolk,lower,Brandy,Fluker-Reid,Female,brandy.flukerreid@mahouse.gov,,1983-08-13,,https://malegislature.gov/Legislators/Profile/170/BFO1.jpg,https://malegislature.gov/Legislators/Profile/BFO1;https://malegislature.gov/Legislators/Profile/BFR1,https://ballotpedia.org/Brandy_Fluker_Oakley;https://en.wikipedia.org/wiki/Brandy_Fluker_Oakley;https://malegislature.gov/api/GeneralCourts/192/LegislativeMembers;https://malegislature.gov/api/GeneralCourts/192/LegislativeMembers/;https://malegislature.gov/api/GeneralCourts/192/LegislativeMembers/BFO1;https://malegislature.gov/api/GeneralCourts/193/LegislativeMembers;https://malegislature.gov/api/GeneralCourts/193/LegislativeMembers/;https://malegislature.gov/api/GeneralCourts/193/LegislativeMembers/BFO1;https://malegislature.gov/Legislators/Profile/BFO1;https://malegislature.gov/Legislators/Profile/BFR1;https://www.linkedin.com/in/brandy-fluker-oakley,,,,,,,,,,,
ocd-person/77994b2c-f88c-4a5f-bf9d-7abd1875d8dc,Brendan Crighton,Democratic,Third Essex,upper,Brendan,Crighton,Male,brendan.crighton@masenate.gov,,1983-04-05,,https://malegislature.gov/Legislators/Profile/170/BPC0.jpg,https://malegislature.gov/Legislators/Profile/BPC0,https://ballotpedia.org/Brendan_Crighton;https://en.wikipedia.org/wiki/Brendan_Crighton;https://justfacts.votesmart.org/candidate/biography/123763/brendan-crighton;https://malegislature.gov/api/GeneralCourts/192/LegislativeMembers;https://malegislature.gov/api/GeneralCourts/192/LegislativeMembers/;https://malegislature.gov/api/GeneralCourts/192/LegislativeMembers/BPC0;https://malegislature.gov/api/GeneralCourts/193/LegislativeMembers;https://malegislature.gov/api/GeneralCourts/193/LegislativeMembers/;https://malegislature.gov/api/GeneralCourts/193/LegislativeMembers/BPC0;https://malegislature.gov/Legislators/Profile/BPC0;https://www.linkedin.com/in/brendan-crighton-618b168b,,,,,,,,,,,
ocd-person/503a0888-f086-4b52-b03c-c5293378bc51,Brian Ashe,Democratic,2nd Hampden,lower,Brian,Ashe,Male,brian.ashe@mahouse.gov,,1963-04-23,,https://malegislature.gov/Legislators/Profile/170/BMA1.jpg,https://malegislature.gov/Legislators/Profile/BMA1,https://ballotpedia.org/Brian_Ashe;https://en.wikipedia.org/wiki/Brian_Ashe;https://malegislature.gov/api/GeneralCourts/192/LegislativeMembers;https://malegislature.gov/api/GeneralCourts/192/LegislativeMembers/;https://malegislature.gov/api/GeneralCourts/192/LegislativeMembers/BMA1;https://malegislature.gov/api/GeneralCourts/193/LegislativeMembers;https://malegislature.gov/api/GeneralCourts/193/LegislativeMembers/;https://malegislature.gov/api/GeneralCourts/193/LegislativeMembers/BMA1;https://malegislature.gov/Legislators/Profile/BMA1;https://www.linkedin.com/in/brian-ashe-32a05413,,,,MA,413-272-3922,,,,,,
ocd-person/66e7c819-cd52-4034-bace-bfec476c106d,Brian Murray,Democratic,10th Worcester,lower,Brian,Murray,Male,brian.murray@mahouse.gov,,,,https://malegislature.gov/Legislators/Profile/170/BWM1.jpg,https://malegislature.gov/Legislators/Profile/BWM1,https://ballotpedia.org/Brian_W._Murray;https://en.wikipedia.org/wiki/Brian_Murray_(politician);https://malegislature.gov/api/GeneralCourts/192/LegislativeMembers;https://malegislature.gov/api/GeneralCourts/192/LegislativeMembers/;https://malegislature.gov/api/GeneralCourts/192/LegislativeMembers/BWM1;https://malegislature.gov/api/GeneralCourts/193/LegislativeMembers;https://malegislature.gov/api/GeneralCourts/193/LegislativeMembers/;https://malegislature.gov/api/GeneralCourts/193/LegislativeMembers/BWM1;https://malegislature.gov/Legislators/Profile/BWM1,,,,MA,508-473-1740,,,,,,
ocd-person/2b6d0884-6638-410e-87b7-243c7ca18a16,Bridget Plouffe,Democratic,9th Plymouth,lower,Bridget,Plouffe,Female,bridget.plouffe@mahouse.gov,,,,https://malegislature.gov/Legislators/Profile/170/BMP1.jpg,https://malegislature.gov/Legislators/Profile/BMP1,https://en.wikipedia.org/wiki/Bridget_Plouffe;https://malegislature.gov/Legislators/Profile/BMP1;https://www.linkedin.com/in/bridget-plouffe-8587b863,,,,,,,,,,,
ocd-person/429f87cf-f7a1-4201-ade4-9efeb9149d03,Bruce Tarr,Republican,First Essex and Middlesex,upper,Bruce,Tarr,Male,bruce.tarr@masenate.gov,,1964-01-02,,https://malegislature.gov/Legislators/Profile/170/BET0.jpg,https://malegislature.gov/Legislators/Profile/BET0;https://www.tarrtalk.com/,https://ballotpedia.org/Bruce_Tarr;https://en.wikipedia.org/wiki/Bruce_Tarr;https://justfacts.votesmart.org/candidate/biography/4759/bruce-tarr;https://malegislature.gov/api/GeneralCourts/192/LegislativeMembers;https://malegislature.gov/api/GeneralCourts/192/LegislativeMembers/;https://malegislature.gov/api/GeneralCourts/192/LegislativeMembers/BET0;https://malegislature.gov/api/GeneralCourts/193/LegislativeMembers;https://malegislature.gov/api/GeneralCourts/193/LegislativeMembers/;https://malegislature.gov/api/GeneralCourts/193/LegislativeMembers/BET0;https://malegislature.gov/Legislators/Profile/BET0;https://www.tarrtalk.com,,,,,,,,,,,
ocd-person/f81b07bd-cc43-47be-95ea-dca26f19a647,Bruce Ayers,Democratic,1st Norfolk,lower,Bruce,Ayers,Male,bruce.ayers@mahouse.gov,,1962-04-17,,https://malegislature.gov/Legislators/Profile/170/BJA1.jpg,https://malegislature.gov/Legislators/Profile/BJA1,https://ballotpedia.org/Bruce_Ayers;https://en.wikipedia.org/wiki/Bruce_Ayers;https://malegislature.gov/api/GeneralCourts/192/LegislativeMembers;https://malegislature.gov/api/GeneralCourts/192/LegislativeMembers/;https://malegislature.gov/api/GeneralCourts/192/LegislativeMembers/BJA1;https://malegislature.gov/api/GeneralCourts/193/LegislativeMembers;https://malegislature.gov/api/GeneralCourts/193/LegislativeMembers/;https://malegislature.gov/api/GeneralCourts/193/LegislativeMembers/BJA1;https://malegislature.gov/Legislators/Profile/BJA1;https://www.linkedin.com/in/bruce-ayers-8aab5066,,,,,,,,,,,
ocd-person/b23dd64e-a05c-4fe1-8562-c29436ca79bb,Bud Williams,Democratic,11th Hampden,lower,Bud,Williams,Male,bud.williams@mahouse.gov,,,,https://malegislature.gov/Legislators/Profile/170/BLW1.jpg,https://malegislature.gov/Legislators/Profile/BLW1,https://ballotpedia.org/Bud_L._Williams;https://en.wikipedia.org/wiki/Bud_Williams;https://malegislature.gov/api/GeneralCourts/192/LegislativeMembers;https://malegislature.gov/api/GeneralCourts/192/LegislativeMembers/;https://malegislature.gov/api/GeneralCourts/192/LegislativeMembers/BLW1;https://malegislature.gov/api/GeneralCourts/193/LegislativeMembers;https://malegislature.gov/api/GeneralCourts/193/LegislativeMembers/;https://malegislature.gov/api/GeneralCourts/193/LegislativeMembers/BLW1;https://malegislature.gov/Legislators/Profile/BLW1,,,,MA,413-316-4743,,,,,,
ocd-person/c4d03c0e-713d-4195-ba23-1394f225494b,Carlos González,Democratic,10th Hampden,lower,Carlos,González,Male,carlos.gonzalez@mahouse.gov,,,,https://malegislature.gov/Legislators/Profile/170/C_G1.jpg,https://malegislature.gov/Legislators/Profile/C_G1,https://ballotpedia.org/Carlos_Gonzalez_(Massachusetts);https://en.wikipedia.org/wiki/Carlos_Gonzalez_%28legislator%29;https://malegislature.gov/api/GeneralCourts/192/LegislativeMembers;https://malegislature.gov/api/GeneralCourts/192/LegislativeMembers/;https://malegislature.gov/api/GeneralCourts/192/LegislativeMembers/C_G1;https://malegislature.gov/api/GeneralCourts/193/LegislativeMembers;https://malegislature.gov/api/GeneralCourts/193/LegislativeMembers/;https://malegislature.gov/api/GeneralCourts/193/LegislativeMembers/C_G1;https://malegislature.gov/Legislators/Profile/C_G1;https://www.linkedin.com/in/carlos-gonzalez-08500b11,,,,,,,,,,,
ocd-person/b9a91cec-bad7-43a7-8fd2-60cd704bd7ab,Carmine Gentile,Democratic,13th Middlesex,lower,Carmine,Gentile,Male,carmine.gentile@mahouse.gov,,,,https://malegislature.gov/Legislators/Profile/170/CLG1.jpg,https://malegislature.gov/Legislators/Profile/CLG1,https://ballotpedia.org/Carmine_Gentile;https://carminegentilelawoffices.com;https://en.wikipedia.org/wiki/Carmine_Gentile;https://justfacts.votesmart.org/candidate/biography/154176/carmine-gentile;https://malegislature.gov/api/GeneralCourts/192/LegislativeMembers;https://malegislature.gov/api/GeneralCourts/192/LegislativeMembers/;https://malegislature.gov/api/GeneralCourts/192/LegislativeMembers/CLG1;https://malegislature.gov/api/GeneralCourts/193/LegislativeMembers;https://malegislature.gov/api/GeneralCourts/193/LegislativeMembers/;https://malegislature.gov/api/GeneralCourts/193/LegislativeMembers/CLG1;https://malegislature.gov/Legislators/Profile/CLG1;https://www.linkedin.com/in/carmine-gentile-8159b5a,,,,,,,,,,,
ocd-person/af41924a-7c46-4b6b-b71b-bba683c62c5f,Carole Fiola,Democratic,6th Bristol,lower,Carole,Fiola,Female,carole.fiola@mahouse.gov,,1960-03-03,,https://malegislature.gov/Legislators/Profile/170/CAF1.jpg,https://malegislature.gov/Legislators/Profile/CAF1,https://ballotpedia.org/Carole_Fiola;https://en.wikipedia.org/wiki/Carole_Fiola;https://malegislature.gov/api/GeneralCourts/192/LegislativeMembers;https://malegislature.gov/api/GeneralCourts/192/LegislativeMembers/;https://malegislature.gov/api/GeneralCourts/192/LegislativeMembers/CAF1;https://malegislature.gov/api/GeneralCourts/193/LegislativeMembers;https://malegislature.gov/api/GeneralCourts/193/LegislativeMembers/;https://malegislature.gov/api/GeneralCourts/193/LegislativeMembers/CAF1;https://malegislature.gov/Legislators/Profile/CAF1;https://www.linkedin.com/in/carole-fiola-553bb16,,,,MA,774-322-1313,,,,,,
ocd-person/35396516-6096-4336-ab74-80d6d8e53bcd,Christine Barber,Democratic,34th Middlesex,lower,Christine,Barber,Female,christine.barber@mahouse.gov,,,,https://malegislature.gov/Legislators/Profile/170/CPB2.jpg,https://malegislature.gov/Legislators/Profile/CPB2,https://ballotpedia.org/Christine_Barber;https://en.wikipedia.org/wiki/Christine_Barber;https://malegislature.gov/api/GeneralCourts/192/LegislativeMembers;https://malegislature.gov/api/GeneralCourts/192/LegislativeMembers/;https://malegislature.gov/api/GeneralCourts/192/LegislativeMembers/CPB2;https://malegislature.gov/api/GeneralCourts/193/LegislativeMembers;https://malegislature.gov/api/GeneralCourts/193/LegislativeMembers/;https://malegislature.gov/api/GeneralCourts/193/LegislativeMembers/CPB2;https://malegislature.gov/Legislators/Profile/CPB2;https://www.linkedin.com/in/christine-barber-3a0a524,,,,,,,,,,,
ocd-person/9750bdb4-4dce-4003-85ec-672185a3a5a4,Chris Hendricks,Democratic,11th Bristol,lower,Chris,Hendricks,Male,chris.hendricks@mahouse.gov,,,,https://malegislature.gov/Legislators/Profile/170/C_H1.jpg,https://malegislature.gov/Legislators/Profile/C_H1;https://www.rephendricks.com/,https://ballotpedia.org/Christopher_Hendricks;https://en.wikipedia.org/wiki/Christopher_Hendricks;https://kecheslaw.com/injury-attorneys/christopher-m-hendricks;https://malegislature.gov/api/GeneralCourts/192/LegislativeMembers;https://malegislature.gov/api/GeneralCourts/192/LegislativeMembers/;https://malegislature.gov/api/GeneralCourts/192/LegislativeMembers/C_H1;https://malegislature.gov/api/GeneralCourts/193/LegislativeMembers;https://malegislature.gov/api/GeneralCourts/193/LegislativeMembers/;https://malegislature.gov/api/GeneralCourts/193/LegislativeMembers/C_H1;https://malegislature.gov/Legislators/Profile/C_H1;https://www.rephendricks.com,,,,,,,,,,,
ocd-person/59539448-5c3b-4d4d-8e96-48fabb01b10f,Chris Worrell,Democratic,5th Suffolk,lower,Chris,Worrell,Male,christopher.worrell@mahouse.gov,,,,https://malegislature.gov/Legislators/Profile/170/CJW1.jpg,https://malegislature.gov/Legislators/Profile/CJW1,https://ballotpedia.org/Christopher_Worrell;https://en.wikipedia.org/wiki/Christopher_Worrell_(politician);https://malegislature.gov/api/GeneralCourts/193/LegislativeMembers;https://malegislature.gov/api/GeneralCourts/193/LegislativeMembers/;https://malegislature.gov/api/GeneralCourts/193/LegislativeMembers/CJW1;https://malegislature.gov/Legislators/Profile/CJW1;https://www.linkedin.com/in/christopher-worrell-954496a2,,,,,,,,,,,
ocd-person/560c5ca3-d9b4-4c47-998c-a9baa16a8309,Christopher Markey,Democratic,9th Bristol,lower,Christopher,Markey,Male,christopher.markey@mahouse.gov,,,,https://malegislature.gov/Legislators/Profile/170/CMM1.jpg,https://malegislature.gov/Legislators/Profile/CMM1,https://ballotpedia.org/Christopher_Markey;https://en.wikipedia.org/wiki/Christopher_Markey;https://justfacts.votesmart.org/candidate/biography/124990/christopher-markey;https://malegislature.gov/api/GeneralCourts/192/LegislativeMembers;https://malegislature.gov/api/GeneralCourts/192/LegislativeMembers/;https://malegislature.gov/api/GeneralCourts/192/LegislativeMembers/CMM1;https://malegislature.gov/api/GeneralCourts/193/LegislativeMembers;https://malegislature.gov/api/GeneralCourts/193/LegislativeMembers/;https://malegislature.gov/api/GeneralCourts/193/LegislativeMembers/CMM1;https://malegislature.gov/Legislators/Profile/CMM1;https://www.linkedin.com/in/christopher-markey-10b5811a,,,,,,,,,,,
ocd-person/c30f76b4-73d6-4795-be75-c46973d17f59,Chris Flanagan,Democratic,1st Barnstable,lower,Chris,Flanagan,Male,christopher.flanagan@mahouse.gov,,,,https://malegislature.gov/Legislators/Profile/170/CRF1.jpg,https://malegislature.gov/Legislators/Profile/CRF1,https://ballotpedia.org/Chris_Flanagan;https://en.wikipedia.org/wiki/Chris_Flanagan_(politician);https://malegislature.gov/api/GeneralCourts/193/LegislativeMembers;https://malegislature.gov/api/GeneralCourts/193/LegislativeMembers/;https://malegislature.gov/api/GeneralCourts/193/LegislativeMembers/CRF1;https://malegislature.gov/Legislators/Profile/CRF1;https://www.linkedin.com/in/flanaganchristopher,,,,,,,,,,,
ocd-person/3b92fb1f-d268-40d8-8a4e-851f11fe81ff,Chynah Tyler,Democratic,7th Suffolk,lower,Chynah,Tyler,Female,chynah.tyler@mahouse.gov,,,,https://malegislature.gov/Legislators/Profile/170/C_T1.jpg,https://malegislature.gov/Legislators/Profile/C_T1,https://ballotpedia.org/Chynah_Tyler;https://en.wikipedia.org/wiki/Chynah_Tyler;https://justfacts.votesmart.org/candidate/biography/172224/chynah-tyler;https://malegislature.gov/api/GeneralCourts/192/LegislativeMembers;https://malegislature.gov/api/GeneralCourts/192/LegislativeMembers/;https://malegislature.gov/api/GeneralCourts/192/LegislativeMembers/C_T1;https://malegislature.gov/api/GeneralCourts/193/LegislativeMembers;https://malegislature.gov/api/GeneralCourts/193/LegislativeMembers/;https://malegislature.gov/api/GeneralCourts/193/LegislativeMembers/C_T1;https://malegislature.gov/Legislators/Profile/C_T1;https://www.linkedin.com/in/chynah-tyler-6104ab4b,,,,,,,,,,,
ocd-person/456b0061-febd-4ff7-8547-42be0685526f,Cindy Friedman,Democratic,Fourth Middlesex,upper,Cindy,Friedman,Female,cindy.friedman@masenate.gov,,,,https://malegislature.gov/Legislators/Profile/170/CFF0.jpg,https://cindyfriedman.org/;https://malegislature.gov/Legislators/Profile/CFF0,https://ballotpedia.org/Cindy_Friedman;https://cindyfriedman.org;https://en.wikipedia.org/wiki/Cindy_Friedman;https://justfacts.votesmart.org/candidate/biography/176469/cindy-friedman;https://malegislature.gov/api/GeneralCourts/192/LegislativeMembers;https://malegislature.gov/api/GeneralCourts/192/LegislativeMembers/;https://malegislature.gov/api/GeneralCourts/192/LegislativeMembers/CFF0;https://malegislature.gov/api/GeneralCourts/193/LegislativeMembers;https://malegislature.gov/api/GeneralCourts/193/LegislativeMembers/;https://malegislature.gov/api/GeneralCourts/193/LegislativeMembers/CFF0;https://malegislature.gov/Legislators/Profile/CFF0,,,,,,,,,,,
ocd-person/0e38852a-52b0-4aac-8a65-fa3fc964c88e,Colleen Garry,Democratic,36th Middlesex,lower,Colleen,Garry,Female,colleen.garry@mahouse.gov,,1962-07-21,,https://malegislature.gov/Legislators/Profile/170/CMG1.jpg,https://malegislature.gov/Legislators/Profile/CMG1,https://ballotpedia.org/Colleen_Garry;https://en.wikipedia.org/wiki/Colleen_Garry;https://justfacts.votesmart.org/candidate/biography/4761/colleen-garry;https://malegislature.gov/api/GeneralCourts/192/LegislativeMembers;https://malegislature.gov/api/GeneralCourts/192/LegislativeMembers/;https://malegislature.gov/api/GeneralCourts/192/LegislativeMembers/CMG1;https://malegislature.gov/api/GeneralCourts/193/LegislativeMembers;https://malegislature.gov/api/GeneralCourts/193/LegislativeMembers/;https://malegislature.gov/api/GeneralCourts/193/LegislativeMembers/CMG1;https://malegislature.gov/Legislators/Profile/CMG1;https://www.lawofficesofcolleengarry.com;https://www.linkedin.com/in/colleen-garry-1b96ba1;https://www.linkedin.com/in/colleen-garry-a902b218,,,,,,,,,,,
ocd-person/ece82669-b6f6-4f0f-ae5d-7b238b1cd1dd,Cynthia Creem,Democratic,Norfolk and Middlesex,upper,Cynthia,Creem,Female,cynthia.creem@masenate.gov,,1942-09-17,,https://malegislature.gov/Legislators/Profile/170/CSC0.jpg,https://malegislature.gov/Legislators/Profile/CSC0;https://www.senatorcindycreem.com/,https://ballotpedia.org/Cynthia_Stone_Creem;https://en.wikipedia.org/wiki/Cynthia_Stone_Creem;https://justfacts.votesmart.org/candidate/biography/18877/cindy-creem;https://malegislature.gov/api/GeneralCourts/192/LegislativeMembers;https://malegislature.gov/api/GeneralCourts/192/LegislativeMembers/;https://malegislature.gov/api/GeneralCourts/192/LegislativeMembers/CSC0;https://malegislature.gov/api/GeneralCourts/193/LegislativeMembers;https://malegislature.gov/api/GeneralCourts/193/LegislativeMembers/;https://malegislature.gov/api/GeneralCourts/193/LegislativeMembers/CSC0;https://malegislature.gov/Legislators/Profile/CSC0;https://www.linkedin.com/in/judithmckinnon;https://www.senatorcindycreem.com,,,,,,,,,,,
ocd-person/5f227f77-f58b-4ac6-b193-9f406bde4055,Dan Cahill,Democratic,10th Essex,lower,Dan,Cahill,Male,daniel.cahill@mahouse.gov,,,,https://malegislature.gov/Legislators/Profile/170/DFC1.jpg,https://malegislature.gov/Legislators/Profile/DFC1,https://ballotpedia.org/Dan_Cahill_(Massachusetts);https://en.wikipedia.org/wiki/Daniel_Cahill;https://malegislature.gov/api/GeneralCourts/192/LegislativeMembers;https://malegislature.gov/api/GeneralCourts/192/LegislativeMembers/;https://malegislature.gov/api/GeneralCourts/192/LegislativeMembers/DFC1;https://malegislature.gov/api/GeneralCourts/193/LegislativeMembers;https://malegislature.gov/api/GeneralCourts/193/LegislativeMembers/;https://malegislature.gov/api/GeneralCourts/193/LegislativeMembers/DFC1;https://malegislature.gov/Legislators/Profile/DFC1,,,,,,,,,,,
ocd-person/2990f236-cb76-4d93-af19-7792fa77290b,Dan Hunt,Democratic,13th Suffolk,lower,Dan,Hunt,Male,daniel.hunt@mahouse.gov,,,,https://malegislature.gov/Legislators/Profile/170/djh1.jpg,https://malegislature.gov/Legislators/Profile/djh1;https://malegislature.gov/Legislators/Profile/DJH1,https://ballotpedia.org/Daniel_J._Hunt;https://en.wikipedia.org/wiki/Daniel_J._Hunt;https://malegislature.gov/api/GeneralCourts/192/LegislativeMembers;https://malegislature.gov/api/GeneralCourts/192/LegislativeMembers/;https://malegislature.gov/api/GeneralCourts/192/LegislativeMembers/djh1;https://malegislature.gov/api/GeneralCourts/193/LegislativeMembers;https://malegislature.gov/api/GeneralCourts/193/LegislativeMembers/;https://malegislature.gov/api/GeneralCourts/193/LegislativeMembers/djh1;https://malegislature.gov/Legislators/Profile/DJH1;https://malegislature.gov/Legislators/Profile/djh1;https://www.linkedin.com/in/dan-hunt-9636286,,,,,,,,,,,
ocd-person/c0519476-08fc-44af-9114-c77d197f883d,Danny Ryan,Democratic,2nd Suffolk,lower,Danny,Ryan,Male,dan.ryan@mahouse.gov,,,,https://malegislature.gov/Legislators/Profile/170/djr1.jpg,https://malegislature.gov/Legislators/Profile/djr1;https://malegislature.gov/Legislators/Profile/DJR1,https://ballotpedia.org/Daniel_Joseph_Ryan;https://en.wikipedia.org/wiki/Daniel_Joseph_Ryan;https://malegislature.gov/api/GeneralCourts/192/LegislativeMembers;https://malegislature.gov/api/GeneralCourts/192/LegislativeMembers/;https://malegislature.gov/api/GeneralCourts/192/LegislativeMembers/djr1;https://malegislature.gov/api/GeneralCourts/193/LegislativeMembers;https://malegislature.gov/api/GeneralCourts/193/LegislativeMembers/;https://malegislature.gov/api/GeneralCourts/193/LegislativeMembers/djr1;https://malegislature.gov/Legislators/Profile/DJR1;https://malegislature.gov/Legislators/Profile/djr1;https://www.linkedin.com/in/dan-ryan-a206303,,,,,,,,,,,
ocd-person/d70e97f1-b8ec-489d-ab5a-2b7f3775ae8a,Dan Donahue,Democratic,16th Worcester,lower,Dan,Donahue,Male,daniel.donahue@mahouse.gov,,1987-05-01,,https://malegislature.gov/Legislators/Profile/170/DMD1.jpg,https://malegislature.gov/Legislators/Profile/DMD1,https://ballotpedia.org/Daniel_Donahue_(Massachusetts);https://en.wikipedia.org/wiki/Dan_Donahue;https://justfacts.votesmart.org/candidate/biography/144807/daniel-donahue;https://malegislature.gov/api/GeneralCourts/192/LegislativeMembers;https://malegislature.gov/api/GeneralCourts/192/LegislativeMembers/;https://malegislature.gov/api/GeneralCourts/192/LegislativeMembers/DMD1;https://malegislature.gov/api/GeneralCourts/193/LegislativeMembers;https://malegislature.gov/api/GeneralCourts/193/LegislativeMembers/;https://malegislature.gov/api/GeneralCourts/193/LegislativeMembers/DMD1;https://malegislature.gov/Legislators/Profile/DMD1,,,,,,,,,,,
ocd-person/5696763c-5fd6-44dd-9dce-7be56632cedd,Danielle Gregoire,Democratic,4th Middlesex,lower,Danielle,Gregoire,Female,danielle.gregoire@mahouse.gov,,1979-04-17,,https://malegislature.gov/Legislators/Profile/170/DWG1.jpg,https://malegislature.gov/Legislators/Profile/DWG1,https://ballotpedia.org/Danielle_Gregoire;https://en.wikipedia.org/wiki/Danielle_Gregoire;https://malegislature.gov/api/GeneralCourts/192/LegislativeMembers;https://malegislature.gov/api/GeneralCourts/192/LegislativeMembers/;https://malegislature.gov/api/GeneralCourts/192/LegislativeMembers/DWG1;https://malegislature.gov/api/GeneralCourts/193/LegislativeMembers;https://malegislature.gov/api/GeneralCourts/193/LegislativeMembers/;https://malegislature.gov/api/GeneralCourts/193/LegislativeMembers/DWG1;https://malegislature.gov/Legislators/Profile/DWG1,,,,,,,,,,,
ocd-person/8f480d9c-0741-43bb-83a4-179745e1f3b2,Dan Sena,Democratic,37th Middlesex,lower,Dan,Sena,Male,danillo.sena@mahouse.gov,,1986-09-07,,http://malegislature.gov/Legislators/Profile/170/DAS1.jpg,https://malegislature.gov/Legislators/Profile/DAS1,https://ballotpedia.org/Danillo_Sena;https://en.wikipedia.org/wiki/Danillo_Sena;https://malegislature.gov/api/GeneralCourts/192/LegislativeMembers;https://malegislature.gov/api/GeneralCourts/192/LegislativeMembers/;https://malegislature.gov/api/GeneralCourts/192/LegislativeMembers/DAS1;https://malegislature.gov/api/GeneralCourts/193/LegislativeMembers;https://malegislature.gov/api/GeneralCourts/193/LegislativeMembers/;https://malegislature.gov/api/GeneralCourts/193/LegislativeMembers/DAS1;https://malegislature.gov/Legislators/Profile/DAS1,,,,,,,,,,,
ocd-person/f3dd7fd8-5d7f-4fa3-b2fe-910e375f2edd,Dave Robertson,Democratic,19th Middlesex,lower,Dave,Robertson,Male,david.robertson@mahouse.gov,,,,https://malegislature.gov/Legislators/Profile/170/D_R1.jpg,https://malegislature.gov/Legislators/Profile/D_R1,https://ballotpedia.org/David_Allen_Robertson;https://en.wikipedia.org/wiki/Dave_Robertson_(Massachusetts_politician);https://justfacts.votesmart.org/candidate/biography/184707/dave-robertson;https://malegislature.gov/api/GeneralCourts/192/LegislativeMembers;https://malegislature.gov/api/GeneralCourts/192/LegislativeMembers/;https://malegislature.gov/api/GeneralCourts/192/LegislativeMembers/D_R1;https://malegislature.gov/api/GeneralCourts/193/LegislativeMembers;https://malegislature.gov/api/GeneralCourts/193/LegislativeMembers/;https://malegislature.gov/api/GeneralCourts/193/LegislativeMembers/D_R1;https://malegislature.gov/Legislators/Profile/D_R1;https://www.linkedin.com/in/david-robertson-b5148442,,,,,,,,,,,
ocd-person/5fde161f-7456-4006-bffd-eaf6fedc5aa3,David Biele,Democratic,4th Suffolk,lower,David,Biele,Male,david.biele@mahouse.gov,,,,https://malegislature.gov/Legislators/Profile/170/D_B1.jpg,https://malegislature.gov/Legislators/Profile/D_B1,https://ballotpedia.org/David_Biele;https://en.wikipedia.org/wiki/David_Biele;https://justfacts.votesmart.org/candidate/biography/184729/david-biele;https://malegislature.gov/api/GeneralCourts/192/LegislativeMembers;https://malegislature.gov/api/GeneralCourts/192/LegislativeMembers/;https://malegislature.gov/api/GeneralCourts/192/LegislativeMembers/D_B1;https://malegislature.gov/api/GeneralCourts/193/LegislativeMembers;https://malegislature.gov/api/GeneralCourts/193/LegislativeMembers/;https://malegislature.gov/api/GeneralCourts/193/LegislativeMembers/D_B1;https://malegislature.gov/Legislators/Profile/D_B1;https://www.linkedin.com/in/david-biele-40405916,,,,,,,,,,,
ocd-person/cf295962-4f8d-427a-84e9-c7615ff94c8c,David DeCoste,Republican,5th Plymouth,lower,David,DeCoste,Male,david.decoste@mahouse.gov,,,,https://malegislature.gov/Legislators/Profile/170/DFD1.jpg,https://malegislature.gov/Legislators/Profile/DFD1,https://ballotpedia.org/David_DeCoste;https://en.wikipedia.org/wiki/David_DeCoste;https://justfacts.votesmart.org/candidate/biography/154081/david-decoste;https://malegislature.gov/api/GeneralCourts/192/LegislativeMembers;https://malegislature.gov/api/GeneralCourts/192/LegislativeMembers/;https://malegislature.gov/api/GeneralCourts/192/LegislativeMembers/DFD1;https://malegislature.gov/api/GeneralCourts/193/LegislativeMembers;https://malegislature.gov/api/GeneralCourts/193/LegislativeMembers/;https://malegislature.gov/api/GeneralCourts/193/LegislativeMembers/DFD1;https://malegislature.gov/Legislators/Profile/DFD1,,,,,,,,,,,
ocd-person/ca659c30-e49e-420b-8213-797cfeb3c378,David LeBoeuf,Democratic,17th Worcester,lower,David,LeBoeuf,Male,david.leboeuf@mahouse.gov,,1989-05-26,,https://malegislature.gov/Legislators/Profile/170/DAL1.jpg,https://malegislature.gov/Legislators/Profile/DAL1,https://ballotpedia.org/David_Henry_Argosky_LeBoeuf;https://en.wikipedia.org/wiki/David_LeBoeuf;https://justfacts.votesmart.org/candidate/biography/184765/david-leboeuf;https://malegislature.gov/api/GeneralCourts/192/LegislativeMembers;https://malegislature.gov/api/GeneralCourts/192/LegislativeMembers/;https://malegislature.gov/api/GeneralCourts/192/LegislativeMembers/DAL1;https://malegislature.gov/api/GeneralCourts/193/LegislativeMembers;https://malegislature.gov/api/GeneralCourts/193/LegislativeMembers/;https://malegislature.gov/api/GeneralCourts/193/LegislativeMembers/DAL1;https://malegislature.gov/Legislators/Profile/DAL1;https://www.linkedin.com/in/davidleboeuf,,,,,,,,,,,
ocd-person/b601dee7-1ad1-4f36-b585-b0fb5077fd89,Dave Muradian,Republican,9th Worcester,lower,Dave,Muradian,Male,david.muradian@mahouse.gov,,1982-11-21,,https://malegislature.gov/Legislators/Profile/170/DKM1.jpg,https://malegislature.gov/Legislators/Profile/DKM1,"https://ballotpedia.org/David_Muradian,_Jr.;https://en.wikipedia.org/wiki/David_Muradian;https://justfacts.votesmart.org/candidate/biography/154095/david-muradian-jr;https://malegislature.gov/api/GeneralCourts/192/LegislativeMembers;https://malegislature.gov/api/GeneralCourts/192/LegislativeMembers/;https://malegislature.gov/api/GeneralCourts/192/LegislativeMembers/DKM1;https://malegislature.gov/api/GeneralCourts/193/LegislativeMembers;https://malegislature.gov/api/GeneralCourts/193/LegislativeMembers/;https://malegislature.gov/api/GeneralCourts/193/LegislativeMembers/DKM1;https://malegislature.gov/Legislators/Profile/DKM1;https://www.linkedin.com/in/david-muradian-07225040",,,,,,,,,,,
ocd-person/51adc4d9-23d8-442f-b692-c4e4204f552e,Dave Rogers,Democratic,24th Middlesex,lower,Dave,Rogers,Male,dave.rogers@mahouse.gov,,,,https://malegislature.gov/Legislators/Profile/170/DMR1.jpg,https://malegislature.gov/Legislators/Profile/DMR1;https://www.repdaverogers.com/,https://ballotpedia.org/David_Rogers_(Massachusetts);https://en.wikipedia.org/wiki/Dave_Rogers_(Massachusetts_politician);https://justfacts.votesmart.org/candidate/141601/dave-rogers;https://malegislature.gov/api/GeneralCourts/192/LegislativeMembers;https://malegislature.gov/api/GeneralCourts/192/LegislativeMembers/;https://malegislature.gov/api/GeneralCourts/192/LegislativeMembers/DMR1;https://malegislature.gov/api/GeneralCourts/193/LegislativeMembers;https://malegislature.gov/api/GeneralCourts/193/LegislativeMembers/;https://malegislature.gov/api/GeneralCourts/193/LegislativeMembers/DMR1;https://malegislature.gov/Legislators/Profile/DMR1;https://www.davismalm.com/people/david-m-rogers;https://www.linkedin.com/in/david-rogers-b167bb8;https://www.repdaverogers.com,,,,,,,,,,,
ocd-person/06867e5f-9de5-4cb2-a3ae-a039e890718c,David Linsky,Democratic,5th Middlesex,lower,David,Linsky,Male,david.linsky@mahouse.gov,,1957-10-16,,https://malegislature.gov/Legislators/Profile/170/DPL1.jpg,https://malegislature.gov/Legislators/Profile/DPL1,https://ballotpedia.org/David_Linsky;https://en.wikipedia.org/wiki/David_Linsky;https://malegislature.gov/api/GeneralCourts/192/LegislativeMembers;https://malegislature.gov/api/GeneralCourts/192/LegislativeMembers/;https://malegislature.gov/api/GeneralCourts/192/LegislativeMembers/DPL1;https://malegislature.gov/api/GeneralCourts/193/LegislativeMembers;https://malegislature.gov/api/GeneralCourts/193/LegislativeMembers/;https://malegislature.gov/api/GeneralCourts/193/LegislativeMembers/DPL1;https://malegislature.gov/Legislators/Profile/DPL1;https://www.linkedin.com/in/repdavidlinsky,,,,,,,,,,,
ocd-person/5c798735-2f95-40a6-9ef7-4cd25eb638f6,Dave Vieira,Republican,3rd Barnstable,lower,Dave,Vieira,Male,david.vieira@mahouse.gov,,,,https://malegislature.gov/Legislators/Profile/170/DTV1.jpg,https://malegislature.gov/Legislators/Profile/DTV1,https://ballotpedia.org/David_Vieira;https://en.wikipedia.org/wiki/David_Vieira_(politician);https://justfacts.votesmart.org/candidate/biography/54354/david-vieira;https://malegislature.gov/api/GeneralCourts/192/LegislativeMembers;https://malegislature.gov/api/GeneralCourts/192/LegislativeMembers/;https://malegislature.gov/api/GeneralCourts/192/LegislativeMembers/DTV1;https://malegislature.gov/api/GeneralCourts/193/LegislativeMembers;https://malegislature.gov/api/GeneralCourts/193/LegislativeMembers/;https://malegislature.gov/api/GeneralCourts/193/LegislativeMembers/DTV1;https://malegislature.gov/Legislators/Profile/DTV1,,,,MA,508-548-8683,,,,,,
ocd-person/6c49bb2c-7c53-4f22-bfb9-04af813b95b0,Dawne Shand,Democratic,1st Essex,lower,Dawne,Shand,Female,dawne.shand@mahouse.gov,,,,https://malegislature.gov/Legislators/Profile/170/D_S1.jpg,https://malegislature.gov/Legislators/Profile/D_S1,https://ballotpedia.org/Dawne_Shand;https://en.wikipedia.org/wiki/Dawne_Shand;https://justfacts.votesmart.org/candidate/biography/211160/dawne-shand;https://malegislature.gov/api/GeneralCourts/193/LegislativeMembers;https://malegislature.gov/api/GeneralCourts/193/LegislativeMembers/;https://malegislature.gov/api/GeneralCourts/193/LegislativeMembers/D_S1;https://malegislature.gov/Legislators/Profile/D_S1;https://www.linkedin.com/in/dawne-shand,,,,,,,,,,,
ocd-person/3601344e-8a37-488b-a3b1-f355f4e52ea7,Dennis Gallagher,Democratic,8th Plymouth,lower,Dennis,Gallagher,Male,dennis.gallagher@mahouse.gov,,,,https://malegislature.gov/Legislators/Profile/170/DCG2.jpg,https://malegislature.gov/Legislators/Profile/DCG2,https://ballotpedia.org/Dennis_Gallagher_(Massachusetts);https://en.wikipedia.org/wiki/Dennis_Gallagher_(Massachusetts_politician);https://malegislature.gov/Legislators/Profile/DCG2;https://www.linkedin.com/in/dennis-gallagher-6850a07,,,,,,,,,,,
ocd-person/e8071049-2a8d-4633-b6cb-c1f6ae83bb7a,Donald Wong,Republican,9th Essex,lower,Donald,Wong,Male,donald.wong@mahouse.gov,,1952-01-15,,https://malegislature.gov/Legislators/Profile/170/DHW1.jpg,https://malegislature.gov/Legislators/Profile/DHW1,https://ballotpedia.org/Donald_Wong;https://en.wikipedia.org/wiki/Donald_Wong;https://justfacts.votesmart.org/candidate/biography/124851/donald-wong;https://malegislature.gov/api/GeneralCourts/192/LegislativeMembers;https://malegislature.gov/api/GeneralCourts/192/LegislativeMembers/;https://malegislature.gov/api/GeneralCourts/192/LegislativeMembers/DHW1;https://malegislature.gov/api/GeneralCourts/193/LegislativeMembers;https://malegislature.gov/api/GeneralCourts/193/LegislativeMembers/;https://malegislature.gov/api/GeneralCourts/193/LegislativeMembers/DHW1;https://malegislature.gov/Legislators/Profile/DHW1,,,,,,,,,,,
ocd-person/5a276629-f50a-4d9a-a54e-2c0e07f84968,Donnie Berthiaume,Republican,5th Worcester,lower,Donnie,Berthiaume,Male,donald.berthiaume@mahouse.gov,,,,https://malegislature.gov/Legislators/Profile/170/DRB1.jpg,https://malegislature.gov/Legislators/Profile/DRB1,"https://ballotpedia.org/Donald_Berthiaume,_Jr.;https://en.wikipedia.org/wiki/Donnie_Berthiaume;https://malegislature.gov/api/GeneralCourts/192/LegislativeMembers;https://malegislature.gov/api/GeneralCourts/192/LegislativeMembers/;https://malegislature.gov/api/GeneralCourts/192/LegislativeMembers/DRB1;https://malegislature.gov/api/GeneralCourts/193/LegislativeMembers;https://malegislature.gov/api/GeneralCourts/193/LegislativeMembers/;https://malegislature.gov/api/GeneralCourts/193/LegislativeMembers/DRB1;https://malegislature.gov/Legislators/Profile/DRB1;https://www.linkedin.com/in/donnie-berthiaume-53a44a101;https://www.linkedin.com/in/donnie-berthiaume-66b51a59",,,,,,,,,,,
ocd-person/b4f97e46-d8cd-45f7-88c4-94926b0bf60b,Dru Tarr,Democratic,5th Essex,lower,Dru,Tarr,Male,andrew.tarr@mahouse.gov,,,,https://malegislature.gov/Legislators/Profile/170/AFT1.jpg,https://malegislature.gov/Legislators/Profile/AFT1,https://ballotpedia.org/Andrew_Tarr;https://en.wikipedia.org/wiki/Andrew_Tarr;https://malegislature.gov/Legislators/Profile/AFT1;https://www.linkedin.com/in/dru-tarr-454579120,,,,,,,,,,,
ocd-person/cd05a88c-19f0-4fc5-bc3b-d339572842b7,Dylan Fernandes,Democratic,Plymouth and Barnstable,upper,Dylan,Fernandes,Male,dylan.fernandes@masenate.gov,,,,https://malegislature.gov/Legislators/Profile/170/DAF0.jpg,https://malegislature.gov/Legislators/Profile/DAF0;https://malegislature.gov/Legislators/Profile/DAF1,https://ballotpedia.org/Dylan_A._Fernandes;https://en.wikipedia.org/wiki/Dylan_Fernandes;https://justfacts.votesmart.org/candidate/biography/172069/dylan-fernandes;https://malegislature.gov/api/GeneralCourts/192/LegislativeMembers;https://malegislature.gov/api/GeneralCourts/192/LegislativeMembers/;https://malegislature.gov/api/GeneralCourts/192/LegislativeMembers/DAF1;https://malegislature.gov/api/GeneralCourts/193/LegislativeMembers;https://malegislature.gov/api/GeneralCourts/193/LegislativeMembers/;https://malegislature.gov/api/GeneralCourts/193/LegislativeMembers/DAF1;https://malegislature.gov/Legislators/Profile/DAF0;https://malegislature.gov/Legislators/Profile/DAF0/Biography;https://malegislature.gov/Legislators/Profile/DAF1;https://www.dylanfernandes.com/about;https://www.linkedin.com/in/dylan-fernandes-48984368,,,,,,,,,,,
ocd-person/73394d70-485b-4fbf-a512-bf2da4e4cb3b,Ted Philips,Democratic,8th Norfolk,lower,Ted,Philips,Male,edward.philips@mahouse.gov,,,,https://malegislature.gov/Legislators/Profile/170/ERP1.jpg,https://malegislature.gov/Legislators/Profile/ERP1,https://ballotpedia.org/Ted_Philips;https://en.wikipedia.org/wiki/Ted_Philips;https://justfacts.votesmart.org/candidate/194801/ted-philips;https://malegislature.gov/api/GeneralCourts/192/LegislativeMembers;https://malegislature.gov/api/GeneralCourts/192/LegislativeMembers/;https://malegislature.gov/api/GeneralCourts/192/LegislativeMembers/ERP1;https://malegislature.gov/api/GeneralCourts/193/LegislativeMembers;https://malegislature.gov/api/GeneralCourts/193/LegislativeMembers/;https://malegislature.gov/api/GeneralCourts/193/LegislativeMembers/ERP1;https://malegislature.gov/Legislators/Profile/ERP1;https://www.linkedin.com/in/edward-philips-6a6b973,,,,,,,,,,,
ocd-person/a3f4c05a-b51a-4b8f-bc5d-d4cb82d74164,Erika Uyterhoeven,Democratic,27th Middlesex,lower,Erika,Uyterhoeven,Female,erika.uyterhoeven@mahouse.gov,,1986-07-26,,https://malegislature.gov/Legislators/Profile/170/E_U1.jpg,https://malegislature.gov/Legislators/Profile/E_U1,https://ballotpedia.org/Erika_Uyterhoeven;https://en.wikipedia.org/wiki/Erika_Uyterhoeven;https://malegislature.gov/api/GeneralCourts/192/LegislativeMembers;https://malegislature.gov/api/GeneralCourts/192/LegislativeMembers/;https://malegislature.gov/api/GeneralCourts/192/LegislativeMembers/E_U1;https://malegislature.gov/api/GeneralCourts/193/LegislativeMembers;https://malegislature.gov/api/GeneralCourts/193/LegislativeMembers/;https://malegislature.gov/api/GeneralCourts/193/LegislativeMembers/E_U1;https://malegislature.gov/Legislators/Profile/E_U1;https://www.linkedin.com/in/erika-uyterhoeven-b90a2174,,,,,,,,,,,
ocd-person/824532f7-8dc9-4a1a-a7b3-16b2d0e78941,Estela Reyes,Democratic,4th Essex,lower,Estela,Reyes,Female,estela.reyes@mahouse.gov,,,,https://malegislature.gov/Legislators/Profile/170/EAR1.jpg,https://malegislature.gov/Legislators/Profile/EAR1,https://ballotpedia.org/Estela_Reyes;https://en.wikipedia.org/wiki/Estela_Reyes;https://justfacts.votesmart.org/candidate/biography/148762/estela-reyes;https://malegislature.gov/api/GeneralCourts/193/LegislativeMembers;https://malegislature.gov/api/GeneralCourts/193/LegislativeMembers/;https://malegislature.gov/api/GeneralCourts/193/LegislativeMembers/EAR1;https://malegislature.gov/Legislators/Profile/EAR1,,,,,,,,,,,
ocd-person/99109961-27e8-4e58-8269-3a1deb29f228,Francisco Paulino,Democratic,16th Essex,lower,Francisco,Paulino,Male,francisco.paulino@mahouse.gov,,,,https://malegislature.gov/Legislators/Profile/170/FEP1.jpg,https://malegislature.gov/Legislators/Profile/FEP1,https://ballotpedia.org/Francisco_Paulino;https://en.wikipedia.org/wiki/Francisco_E._Paulino;https://justfacts.votesmart.org/candidate/biography/209568/francisco-paulino;https://malegislature.gov/api/GeneralCourts/193/LegislativeMembers;https://malegislature.gov/api/GeneralCourts/193/LegislativeMembers/;https://malegislature.gov/api/GeneralCourts/193/LegislativeMembers/FEP1;https://malegislature.gov/Legislators/Profile/FEP1;https://www.linkedin.com/in/franciscopaulino9,,,,,,,,,,,
ocd-person/8c42603e-4483-44f1-995f-5956fa09c73c,Frank Moran,Democratic,17th Essex,lower,Frank,Moran,Male,frank.moran@mahouse.gov,,,,https://malegislature.gov/Legislators/Profile/170/FAM1.jpg,https://malegislature.gov/Legislators/Profile/FAM1,https://ballotpedia.org/Frank_Moran;https://en.wikipedia.org/wiki/Frank_A._Moran;https://justfacts.votesmart.org/candidate/biography/77573/frank-moran;https://malegislature.gov/api/GeneralCourts/192/LegislativeMembers;https://malegislature.gov/api/GeneralCourts/192/LegislativeMembers/;https://malegislature.gov/api/GeneralCourts/192/LegislativeMembers/FAM1;https://malegislature.gov/api/GeneralCourts/193/LegislativeMembers;https://malegislature.gov/api/GeneralCourts/193/LegislativeMembers/;https://malegislature.gov/api/GeneralCourts/193/LegislativeMembers/FAM1;https://malegislature.gov/Legislators/Profile/FAM1,,,,,,,,,,,
ocd-person/2770216d-1802-435d-b147-4ca1d684dc45,Greg Schwartz,Democratic,12th Middlesex,lower,Greg,Schwartz,Male,greg.schwartz@mahouse.gov,,,,https://malegislature.gov/Legislators/Profile/170/G_S1.jpg,https://malegislature.gov/Legislators/Profile/G_S1,https://ballotpedia.org/Greg_Schwartz;https://en.wikipedia.org/wiki/Greg_Schwartz;https://malegislature.gov/Legislators/Profile/G_S1;https://www.linkedin.com/in/dr-gregory-schwartz-md-29246341,,,,,,,,,,,
ocd-person/8d481937-69c5-477d-ba72-e3b682ed0a4d,Hadley Luddy,Democratic,4th Barnstable,lower,Hadley,Luddy,Female,hadley.luddy@mahouse.gov,,,,https://malegislature.gov/Legislators/Profile/170/H_L1.jpg,https://malegislature.gov/Legislators/Profile/H_L1,https://ballotpedia.org/Hadley_Luddy;https://en.wikipedia.org/wiki/Hadley_Luddy;https://malegislature.gov/Legislators/Profile/H_L1;https://www.linkedin.com/in/hadley-luddy-0172bb11,,,,,,,,,,,
ocd-person/f9a6f401-206b-43df-a1b9-0fc1cd8a3417,Hannah Bowen,Democratic,6th Essex,lower,Hannah,Bowen,Female,hannah.bowen@mahouse.gov,,,,https://www.resolutionnorthshore.org/images/staff/AG22-Hannah_Bowen-228832.jpg,https://malegislature.gov/Legislators/Profile/HLB1,https://ballotpedia.org/Hannah_Bowen;https://en.wikipedia.org/wiki/Hannah_Bowen;https://malegislature.gov/Legislators/Profile/HLB1;https://www.linkedin.com/in/bowenhannah,,,,,,,,,,,
ocd-person/3dd1e2a8-3fdd-4d3a-9504-88a04f3fc973,Hannah Kane,Republican,11th Worcester,lower,Hannah,Kane,Female,hannah.kane@mahouse.gov,,,,https://malegislature.gov/Legislators/Profile/170/HEK1.jpg,https://malegislature.gov/Legislators/Profile/HEK1,https://ballotpedia.org/Hannah_Kane;https://en.wikipedia.org/wiki/Hannah_Kane;https://malegislature.gov/api/GeneralCourts/192/LegislativeMembers;https://malegislature.gov/api/GeneralCourts/192/LegislativeMembers/;https://malegislature.gov/api/GeneralCourts/192/LegislativeMembers/HEK1;https://malegislature.gov/api/GeneralCourts/193/LegislativeMembers;https://malegislature.gov/api/GeneralCourts/193/LegislativeMembers/;https://malegislature.gov/api/GeneralCourts/193/LegislativeMembers/HEK1;https://malegislature.gov/Legislators/Profile/HEK1;https://www.linkedin.com/in/hannah-kane-8a36267,,,,,,,,,,,
ocd-person/6b27dd86-5c03-4223-957c-9efd12c70e04,Homar Gomez,Democratic,2nd Hampshire,lower,Homar,Gomez,Male,homar.gomez@mahouse.gov,,,,https://images.squarespace-cdn.com/content/v1/6616e5c7caac657d5a7f9682/0c122a29-b755-4647-a180-d5cbdb08bbcc/Screenshot+2024-04-10+at+4.35.35+PM.jpg,https://malegislature.gov/Legislators/Profile/H_G1,https://ballotpedia.org/Homar_Gomez;https://en.wikipedia.org/wiki/Homar_Gomez;https://justfacts.votesmart.org/candidate/biography/218918/homar-gomez;https://malegislature.gov/Legislators/Profile/H_G1;https://www.linkedin.com/in/homar-gomez-488112281,,,,,,,,,,,
ocd-person/e3dc06b1-8523-4a33-959f-21ed0d5da851,Jack Lewis,Democratic,7th Middlesex,lower,Jack,Lewis,Male,jack.lewis@mahouse.gov,,,,https://s3.amazonaws.com/ballotpedia-api4/files/thumbs/200/300/Jack_Patrick_Lewis.jpg,https://malegislature.gov/Legislators/Profile/JPL1,https://ballotpedia.org/Jack_Patrick_Lewis;https://en.wikipedia.org/wiki/Jack_Patrick_Lewis;https://malegislature.gov/api/GeneralCourts/192/LegislativeMembers;https://malegislature.gov/api/GeneralCourts/192/LegislativeMembers/;https://malegislature.gov/api/GeneralCourts/192/LegislativeMembers/JPL1;https://malegislature.gov/api/GeneralCourts/193/LegislativeMembers;https://malegislature.gov/api/GeneralCourts/193/LegislativeMembers/;https://malegislature.gov/api/GeneralCourts/193/LegislativeMembers/JPL1;https://malegislature.gov/Legislators/Profile/JPL1;https://www.linkedin.com/in/jackpatricklewis,,,,,,,,,,,
ocd-person/b857e2f7-b65a-4d34-a680-50dfff745a16,Jake Oliveira,Democratic,"Hampden, Hampshire and Worcester",upper,Jake,Oliveira,Male,jacob.oliveira@masenate.gov,,1986-07-06,,https://malegislature.gov/Legislators/Profile/170/JRO0.jpg,https://malegislature.gov/Legislators/Profile/JRO0;https://malegislature.gov/Legislators/Profile/JRO1,https://ballotpedia.org/Jacob_Oliveira;https://en.wikipedia.org/wiki/Jacob_Oliveira;https://justfacts.votesmart.org/candidate/194843/jake-oliveira;https://malegislature.gov/api/GeneralCourts/192/LegislativeMembers;https://malegislature.gov/api/GeneralCourts/192/LegislativeMembers/;https://malegislature.gov/api/GeneralCourts/192/LegislativeMembers/JRO1;https://malegislature.gov/api/GeneralCourts/193/LegislativeMembers;https://malegislature.gov/api/GeneralCourts/193/LegislativeMembers/;https://malegislature.gov/api/GeneralCourts/193/LegislativeMembers/JRO0;https://malegislature.gov/Legislators/Profile/JRO0;https://malegislature.gov/Legislators/Profile/JRO1;https://www.linkedin.com/in/jake-oliveira-730b0117,,,,,,,,,,,
ocd-person/70e42c78-89e1-43cb-bc65-7d0da132daa2,Jim Arciero,Democratic,2nd Middlesex,lower,Jim,Arciero,Male,james.arciero@mahouse.gov,,1974-08-27,,https://malegislature.gov/Legislators/Profile/170/J_A1.jpg,https://malegislature.gov/Legislators/Profile/J_A1;https://repjamesarciero.com/,https://ballotpedia.org/James_Arciero;https://en.wikipedia.org/wiki/James_Arciero;https://justfacts.votesmart.org/candidate/biography/109539/jim-arciero;https://malegislature.gov/api/GeneralCourts/192/LegislativeMembers;https://malegislature.gov/api/GeneralCourts/192/LegislativeMembers/;https://malegislature.gov/api/GeneralCourts/192/LegislativeMembers/J_A1;https://malegislature.gov/api/GeneralCourts/193/LegislativeMembers;https://malegislature.gov/api/GeneralCourts/193/LegislativeMembers/;https://malegislature.gov/api/GeneralCourts/193/LegislativeMembers/J_A1;https://malegislature.gov/Legislators/Profile/J_A1;https://repjamesarciero.com;https://www.linkedin.com/in/jim-arciero-0298456,,,,,,,,,,,
ocd-person/23704722-a50c-4148-8f14-98c7d78324b9,Jamie Eldridge,Democratic,Middlesex and Worcester,upper,Jamie,Eldridge,Male,james.eldridge@masenate.gov,,1973-08-11,,https://malegislature.gov/Legislators/Profile/170/JBE0.jpg,https://malegislature.gov/Legislators/Profile/JBE0;https://www.senatoreldridge.com/,https://ballotpedia.org/James_Eldridge;https://en.wikipedia.org/wiki/Jamie_Eldridge;https://justfacts.votesmart.org/candidate/biography/36072/jamie-eldridge;https://malegislature.gov/api/GeneralCourts/192/LegislativeMembers;https://malegislature.gov/api/GeneralCourts/192/LegislativeMembers/;https://malegislature.gov/api/GeneralCourts/192/LegislativeMembers/JBE0;https://malegislature.gov/api/GeneralCourts/193/LegislativeMembers;https://malegislature.gov/api/GeneralCourts/193/LegislativeMembers/;https://malegislature.gov/api/GeneralCourts/193/LegislativeMembers/JBE0;https://malegislature.gov/Legislators/Profile/JBE0;https://www.linkedin.com/in/jamie-eldridge-573a092;https://www.senatoreldridge.com;https://www.senatoreldridge.com/meetjamie;https://www.senatoreldridge.com/the-senator,,,,,,,,,,,
ocd-person/47ffc61b-0cae-4386-ae68-12b20eadd83f,James Arena-DeRosa,Democratic,8th Middlesex,lower,James,Arena-DeRosa,Male,james.arena-derosa@mahouse.gov,,1956-07-03,,https://malegislature.gov/Legislators/Profile/170/JCD1.jpg,https://malegislature.gov/Legislators/Profile/JCD1,https://ballotpedia.org/James_Arena-DeRosa;https://en.wikipedia.org/wiki/James_Arena-DeRosa;https://justfacts.votesmart.org/candidate/biography/147433/james-arena-derosa;https://malegislature.gov/api/GeneralCourts/193/LegislativeMembers;https://malegislature.gov/api/GeneralCourts/193/LegislativeMembers/;https://malegislature.gov/api/GeneralCourts/193/LegislativeMembers/JCD1;https://malegislature.gov/Legislators/Profile/JCD1;https://www.linkedin.com/in/james-arena-derosa-9317904,,,,,,,,,,,
ocd-person/67f64532-7f9a-4cd3-8c89-dc9b5df06517,Jim O'Day,Democratic,14th Worcester,lower,Jim,O'Day,Male,james.o'day@mahouse.gov,,1954-05-23,,https://malegislature.gov/Legislators/Profile/170/JJO1.jpg,https://malegislature.gov/Legislators/Profile/JJO1,https://ballotpedia.org/James_O%27Day;https://en.wikipedia.org/wiki/Jim_O%27Day;https://malegislature.gov/api/GeneralCourts/192/LegislativeMembers;https://malegislature.gov/api/GeneralCourts/192/LegislativeMembers/;https://malegislature.gov/api/GeneralCourts/192/LegislativeMembers/JJO1;https://malegislature.gov/api/GeneralCourts/193/LegislativeMembers;https://malegislature.gov/api/GeneralCourts/193/LegislativeMembers/;https://malegislature.gov/api/GeneralCourts/193/LegislativeMembers/JJO1;https://malegislature.gov/Legislators/Profile/JJO1;https://www.linkedin.com/in/jim-o-day-992286b,,,,,,,,,,,
ocd-person/c8936e7c-f0f5-4dc4-b9e9-774e38638787,Jim Hawkins,Democratic,2nd Bristol,lower,Jim,Hawkins,Male,james.hawkins@mahouse.gov,,1949-10-17,,https://malegislature.gov/Legislators/Profile/170/JKH1.jpg,https://malegislature.gov/Legislators/Profile/JKH1,https://ballotpedia.org/James_Hawkins_(Massachusetts);https://en.wikipedia.org/wiki/Jim_Hawkins_(politician);https://malegislature.gov/api/GeneralCourts/192/LegislativeMembers;https://malegislature.gov/api/GeneralCourts/192/LegislativeMembers/;https://malegislature.gov/api/GeneralCourts/192/LegislativeMembers/JKH1;https://malegislature.gov/api/GeneralCourts/193/LegislativeMembers;https://malegislature.gov/api/GeneralCourts/193/LegislativeMembers/;https://malegislature.gov/api/GeneralCourts/193/LegislativeMembers/JKH1;https://malegislature.gov/Legislators/Profile/JKH1;https://www.linkedin.com/in/jim-hawkins-64882618,,,,,,,,,,,
ocd-person/ef175304-020e-4f79-b71f-dc961b738254,Jamie Murphy,Democratic,4th Norfolk,lower,Jamie,Murphy,Male,james.murphy@mahouse.gov,,1969-11-15,,https://malegislature.gov/Legislators/Profile/170/JMM1.jpg,https://malegislature.gov/Legislators/Profile/JMM1,https://ballotpedia.org/James_Murphy_(Massachusetts);https://en.wikipedia.org/wiki/James_M._Murphy;https://justfacts.votesmart.org/candidate/biography/36011/james-murphy;https://malegislature.gov/api/GeneralCourts/192/LegislativeMembers;https://malegislature.gov/api/GeneralCourts/192/LegislativeMembers/;https://malegislature.gov/api/GeneralCourts/192/LegislativeMembers/JMM1;https://malegislature.gov/api/GeneralCourts/193/LegislativeMembers;https://malegislature.gov/api/GeneralCourts/193/LegislativeMembers/;https://malegislature.gov/api/GeneralCourts/193/LegislativeMembers/JMM1;https://malegislature.gov/Legislators/Profile/JMM1,,,,,,,,,,,
ocd-person/92a770ae-a348-4f86-92ad-c4a8ebc568f6,Jason Lewis,Democratic,Fifth Middlesex,upper,Jason,Lewis,Male,jason.lewis@masenate.gov,,1968-04-19,,https://malegislature.gov/Legislators/Profile/170/jml0.jpg,https://malegislature.gov/Legislators/Profile/jml0;https://malegislature.gov/Legislators/Profile/JML0;https://senatorjasonlewis.com/,https://ballotpedia.org/Jason_Lewis_(Massachusetts);https://en.wikipedia.org/wiki/Jason_Lewis_(Massachusetts_politician);https://malegislature.gov/api/GeneralCourts/192/LegislativeMembers;https://malegislature.gov/api/GeneralCourts/192/LegislativeMembers/;https://malegislature.gov/api/GeneralCourts/192/LegislativeMembers/jml0;https://malegislature.gov/api/GeneralCourts/193/LegislativeMembers;https://malegislature.gov/api/GeneralCourts/193/LegislativeMembers/;https://malegislature.gov/api/GeneralCourts/193/LegislativeMembers/jml0;https://malegislature.gov/Legislators/Profile/JML0;https://malegislature.gov/Legislators/Profile/jml0;https://senatorjasonlewis.com;https://www.linkedin.com/in/jason-lewis-683a1a,,,,,,,,,,,
ocd-person/033bf9eb-2706-4c5f-9f93-8e8d222bf2c0,Jay Livingstone,Democratic,8th Suffolk,lower,Jay,Livingstone,Male,jay.livingstone@mahouse.gov,,,,https://malegislature.gov/Legislators/Profile/170/J_L1.jpg,https://malegislature.gov/Legislators/Profile/J_L1,https://ballotpedia.org/Jay_Livingstone;https://en.wikipedia.org/wiki/Jay_Livingstone;https://malegislature.gov/api/GeneralCourts/192/LegislativeMembers;https://malegislature.gov/api/GeneralCourts/192/LegislativeMembers/;https://malegislature.gov/api/GeneralCourts/192/LegislativeMembers/J_L1;https://malegislature.gov/api/GeneralCourts/193/LegislativeMembers;https://malegislature.gov/api/GeneralCourts/193/LegislativeMembers/;https://malegislature.gov/api/GeneralCourts/193/LegislativeMembers/J_L1;https://malegislature.gov/Legislators/Profile/J_L1;https://www.linkedin.com/in/james-jay-livingstone-8586344,,,,,,,,,,,
ocd-person/b23d4ed5-1994-4355-a102-cdf15ae57230,Jeff Roy,Democratic,10th Norfolk,lower,Jeff,Roy,Male,jeffrey.roy@mahouse.gov,,1961-09-08,,https://malegislature.gov/Legislators/Profile/170/JNR1.jpg,https://malegislature.gov/Legislators/Profile/JNR1,https://ballotpedia.org/Jeffrey_Roy;https://en.wikipedia.org/wiki/Jeffrey_Roy;https://justfacts.votesmart.org/candidate/biography/141607/jeffrey-roy;https://malegislature.gov/api/GeneralCourts/192/LegislativeMembers;https://malegislature.gov/api/GeneralCourts/192/LegislativeMembers/;https://malegislature.gov/api/GeneralCourts/192/LegislativeMembers/JNR1;https://malegislature.gov/api/GeneralCourts/193/LegislativeMembers;https://malegislature.gov/api/GeneralCourts/193/LegislativeMembers/;https://malegislature.gov/api/GeneralCourts/193/LegislativeMembers/JNR1;https://malegislature.gov/Legislators/Profile/JNR1;https://www.linkedin.com/in/jeffreyroy,,,,,,,,,,,
ocd-person/cd89185f-f928-4b26-bb47-60f1bccad0dd,Jeff Turco,Democratic,19th Suffolk,lower,Jeff,Turco,Male,jeffrey.turco@mahouse.gov,,,,https://malegislature.gov/Legislators/Profile/170/JRT1.jpg,https://malegislature.gov/Legislators/Profile/JRT1,https://ballotpedia.org/Jeffrey_Turco;https://en.wikipedia.org/wiki/Jeffrey_Turco;https://malegislature.gov/api/GeneralCourts/192/LegislativeMembers;https://malegislature.gov/api/GeneralCourts/192/LegislativeMembers/;https://malegislature.gov/api/GeneralCourts/192/LegislativeMembers/JRT1;https://malegislature.gov/api/GeneralCourts/193/LegislativeMembers;https://malegislature.gov/api/GeneralCourts/193/LegislativeMembers/;https://malegislature.gov/api/GeneralCourts/193/LegislativeMembers/JRT1;https://malegislature.gov/Legislators/Profile/JRT1;https://www.linkedin.com/in/jeff-turco-1b69903,,,,,,,,,,,
ocd-person/eab9b69f-0434-4307-972c-6acce9deb370,Jenny Armini,Democratic,8th Essex,lower,Jenny,Armini,Female,jennifer.armini@mahouse.gov,,,,https://malegislature.gov/Legislators/Profile/170/JBA1.jpg,https://malegislature.gov/Legislators/Profile/JBA1,https://ballotpedia.org/Jenny_Armini;https://en.wikipedia.org/wiki/Jenny_Armini;https://justfacts.votesmart.org/candidate/biography/209560/jennifer-armini;https://malegislature.gov/api/GeneralCourts/193/LegislativeMembers;https://malegislature.gov/api/GeneralCourts/193/LegislativeMembers/;https://malegislature.gov/api/GeneralCourts/193/LegislativeMembers/JBA1;https://malegislature.gov/Legislators/Profile/JBA1;https://www.linkedin.com/in/jennifer-armini-9ab1849a;https://www.linkedin.com/in/jenny-armini-9ab1849a,,,,,,,,,,,
ocd-person/0ed98993-456c-4630-bd52-894bdde0c0b0,Jessica Giannino,Democratic,16th Suffolk,lower,Jessica,Giannino,Female,jessica.giannino@mahouse.gov,,,,https://malegislature.gov/Legislators/Profile/170/JAG1.jpg,https://malegislature.gov/Legislators/Profile/JAG1,https://ballotpedia.org/Jessica_Giannino;https://en.wikipedia.org/wiki/Jessica_Giannino;https://justfacts.votesmart.org/candidate/biography/148815/jessica-giannino;https://malegislature.gov/api/GeneralCourts/192/LegislativeMembers;https://malegislature.gov/api/GeneralCourts/192/LegislativeMembers/;https://malegislature.gov/api/GeneralCourts/192/LegislativeMembers/JAG1;https://malegislature.gov/api/GeneralCourts/193/LegislativeMembers;https://malegislature.gov/api/GeneralCourts/193/LegislativeMembers/;https://malegislature.gov/api/GeneralCourts/193/LegislativeMembers/JAG1;https://malegislature.gov/Legislators/Profile/JAG1;https://www.linkedin.com/in/jessica-giannino-08893b191,,,,,,,,,,,
ocd-person/d0956cb2-93df-4096-82ce-d39fbf0b9e36,Joan Lovely,Democratic,Second Essex,upper,Joan,Lovely,Female,joan.lovely@masenate.gov,,,,https://malegislature.gov/Legislators/Profile/170/JBL0.jpg,https://malegislature.gov/Legislators/Profile/JBL0;https://www.senatorjoanlovely.com/,https://ballotpedia.org/Joan_Lovely;https://en.wikipedia.org/wiki/Joan_Lovely;https://justfacts.votesmart.org/candidate/biography/35974/joan-lovely;https://malegislature.gov/api/GeneralCourts/192/LegislativeMembers;https://malegislature.gov/api/GeneralCourts/192/LegislativeMembers/;https://malegislature.gov/api/GeneralCourts/192/LegislativeMembers/JBL0;https://malegislature.gov/api/GeneralCourts/193/LegislativeMembers;https://malegislature.gov/api/GeneralCourts/193/LegislativeMembers/;https://malegislature.gov/api/GeneralCourts/193/LegislativeMembers/JBL0;https://malegislature.gov/Legislators/Profile/JBL0;https://www.linkedin.com/in/joan-lovely-5762478;https://www.senatorjoanlovely.com,,,,,,,,,,,
ocd-person/03d1f31d-1431-41d2-88b7-67b57d50f323,Joan Meschino,Democratic,3rd Plymouth,lower,Joan,Meschino,Female,joan.meschino@mahouse.gov,,,,https://malegislature.gov/Legislators/Profile/170/J_M1.jpg,https://malegislature.gov/Legislators/Profile/J_M1,https://ballotpedia.org/Joan_Meschino;https://en.wikipedia.org/wiki/Joan_Meschino;https://malegislature.gov/api/GeneralCourts/192/LegislativeMembers;https://malegislature.gov/api/GeneralCourts/192/LegislativeMembers/;https://malegislature.gov/api/GeneralCourts/192/LegislativeMembers/J_M1;https://malegislature.gov/api/GeneralCourts/193/LegislativeMembers;https://malegislature.gov/api/GeneralCourts/193/LegislativeMembers/;https://malegislature.gov/api/GeneralCourts/193/LegislativeMembers/J_M1;https://malegislature.gov/Legislators/Profile/J_M1;https://www.linkedin.com/in/joan-meschino-30826ba,,,,,,,,,,,
ocd-person/2998b05b-b83e-4a9b-9659-a609ddc63a34,Jo Comerford,Democratic,"Hampshire, Franklin and Worcester",upper,Jo,Comerford,Female,jo.comerford@masenate.gov,,1963-08-03,,https://malegislature.gov/Legislators/Profile/170/JMC0.jpg,https://malegislature.gov/Legislators/Profile/JMC0;https://senatorjocomerford.org/,https://ballotpedia.org/Jo_Comerford;https://en.wikipedia.org/wiki/Jo_Comerford;https://justfacts.votesmart.org/candidate/185114/jo-comerford;https://malegislature.gov/api/GeneralCourts/192/LegislativeMembers;https://malegislature.gov/api/GeneralCourts/192/LegislativeMembers/;https://malegislature.gov/api/GeneralCourts/192/LegislativeMembers/JMC0;https://malegislature.gov/api/GeneralCourts/193/LegislativeMembers;https://malegislature.gov/api/GeneralCourts/193/LegislativeMembers/;https://malegislature.gov/api/GeneralCourts/193/LegislativeMembers/JMC0;https://malegislature.gov/Legislators/Profile/JMC0;https://senatorjocomerford.org;https://www.linkedin.com/in/jo-comerford-587b7242,,,,MA,413-367-4656,,,,,,
ocd-person/da8051b7-de05-4c30-9d37-5d7223906356,John Barrett,Democratic,1st Berkshire,lower,John,Barrett,Male,john.barrett@mahouse.gov,,1947-05-16,,https://malegislature.gov/Legislators/Profile/170/J_B1.jpg,https://malegislature.gov/Legislators/Profile/J_B1,https://ballotpedia.org/John_Barrett_III;https://en.wikipedia.org/wiki/John_Barrett_(Massachusetts_politician);https://malegislature.gov/api/GeneralCourts/192/LegislativeMembers;https://malegislature.gov/api/GeneralCourts/192/LegislativeMembers/;https://malegislature.gov/api/GeneralCourts/192/LegislativeMembers/J_B1;https://malegislature.gov/api/GeneralCourts/193/LegislativeMembers;https://malegislature.gov/api/GeneralCourts/193/LegislativeMembers/;https://malegislature.gov/api/GeneralCourts/193/LegislativeMembers/J_B1;https://malegislature.gov/Legislators/Profile/J_B1;https://www.linkedin.com/in/john-barrett-iii-9b6b7a27,,,,MA,413-743-8300,,,,,,
ocd-person/a37a3f66-83a2-4a7e-90e3-8de41be7262d,John Velis,Democratic,Hampden and Hampshire,upper,John,Velis,Male,john.velis@masenate.gov,,1979-01-26,,https://malegislature.gov/Legislators/Profile/170/jcv1.jpg,https://malegislature.gov/Legislators/Profile/JCV0;https://malegislature.gov/Legislators/Profile/jcv1;https://senatorjohnvelis.com/,https://ballotpedia.org/John_C._Velis;https://en.wikipedia.org/wiki/John_Velis;https://justfacts.votesmart.org/candidate/biography/150304/john-velis;https://malegislature.gov/api/GeneralCourts/192/LegislativeMembers;https://malegislature.gov/api/GeneralCourts/192/LegislativeMembers/;https://malegislature.gov/api/GeneralCourts/192/LegislativeMembers/JCV0;https://malegislature.gov/api/GeneralCourts/193/LegislativeMembers;https://malegislature.gov/api/GeneralCourts/193/LegislativeMembers/;https://malegislature.gov/api/GeneralCourts/193/LegislativeMembers/JCV0;https://malegislature.gov/Legislators/Profile/JCV0;https://malegislature.gov/Legislators/Profile/jcv1;https://senatorjohnvelis.com,,,,,,,,,,,
ocd-person/5a333327-70bb-4b95-9cfd-fadd701e9348,John Cronin,Democratic,Worcester and Middlesex,upper,John,Cronin,Male,john.cronin@masenate.gov,,,,https://malegislature.gov/Legislators/Profile/170/JJC0.jpg,https://johnjcronin.com/;https://malegislature.gov/Legislators/Profile/JJC0,https://ballotpedia.org/John_J._Cronin;https://en.wikipedia.org/wiki/John_Cronin_(Massachusetts_politician);https://johnjcronin.com;https://justfacts.votesmart.org/candidate/biography/194700/john-cronin;https://malegislature.gov/api/GeneralCourts/192/LegislativeMembers;https://malegislature.gov/api/GeneralCourts/192/LegislativeMembers/;https://malegislature.gov/api/GeneralCourts/192/LegislativeMembers/JJC0;https://malegislature.gov/api/GeneralCourts/193/LegislativeMembers;https://malegislature.gov/api/GeneralCourts/193/LegislativeMembers/;https://malegislature.gov/api/GeneralCourts/193/LegislativeMembers/JJC0;https://malegislature.gov/Legislators/Profile/JJC0;https://www.linkedin.com/in/john-cronin-a243046b,,,,,,,,,,,
ocd-person/7be04e69-85c6-44e4-a933-88c59c0675a5,John Keenan,Democratic,Norfolk and Plymouth,upper,John,Keenan,Male,john.keenan@masenate.gov,,,,https://malegislature.gov/Legislators/Profile/170/JFK0.jpg,https://malegislature.gov/Legislators/Profile/JFK0;https://senatorjohnkeenan.com/,https://ballotpedia.org/John_Keenan_(State_Senate);https://en.wikipedia.org/wiki/John_F._Keenan_(state_senator);https://justfacts.votesmart.org/candidate/35690/john-keenan-jr;https://malegislature.gov/api/GeneralCourts/192/LegislativeMembers;https://malegislature.gov/api/GeneralCourts/192/LegislativeMembers/;https://malegislature.gov/api/GeneralCourts/192/LegislativeMembers/JFK0;https://malegislature.gov/api/GeneralCourts/193/LegislativeMembers;https://malegislature.gov/api/GeneralCourts/193/LegislativeMembers/;https://malegislature.gov/api/GeneralCourts/193/LegislativeMembers/JFK0;https://malegislature.gov/Legislators/Profile/JFK0;https://senatorjohnkeenan.com;https://www.linkedin.com/in/john-keenan-1352277;https://www.linkedin.com/in/johnfkeenan,,,,,,,,,,,
ocd-person/15ff9d00-e05e-470a-b89c-36038b1dd5bb,John Moran,Democratic,9th Suffolk,lower,John,Moran,Male,john.moran@mahouse.gov,,,,https://malegislature.gov/Legislators/Profile/170/JFM1.jpg,https://malegislature.gov/Legislators/Profile/JFM1,https://ballotpedia.org/John_Moran_(Massachusetts);https://en.wikipedia.org/wiki/John_F._Moran;https://malegislature.gov/api/GeneralCourts/193/LegislativeMembers;https://malegislature.gov/api/GeneralCourts/193/LegislativeMembers/;https://malegislature.gov/api/GeneralCourts/193/LegislativeMembers/JFM1;https://malegislature.gov/Legislators/Profile/JFM1;https://www.linkedin.com/in/johnfrancismoran,,,,,,,,,,,
ocd-person/013e94ee-496e-42f3-8b1b-f96c737f1f8e,John Gaskey,Republican,2nd Plymouth,lower,John,Gaskey,Male,john.gaskey@mahouse.gov,,1970-02-09,,"https://static.wixstatic.com/media/40d8f8_3ba01018eff64b309a92373daddd8344~mv2.jpg/v1/crop/x_140,y_436,w_734,h_891/fill/w_440,h_534,al_c,q_80,usm_0.66_1.00_0.01,enc_auto/Untitled-6.jpg",https://malegislature.gov/Legislators/Profile/JRG2,https://ballotpedia.org/John_Gaskey;https://en.wikipedia.org/wiki/John_Gaskey;https://malegislature.gov/Legislators/Profile/JRG2;https://www.linkedin.com/in/john-gaskey-0232734a,,,,,,,,,,,
ocd-person/50942563-77bb-49ec-a54c-6e26048a31a3,John Rogers,Democratic,12th Norfolk,lower,John,Rogers,Male,john.rogers@mahouse.gov,,1964-10-22,,https://malegislature.gov/Legislators/Profile/170/JHR1.jpg,https://malegislature.gov/Legislators/Profile/JHR1,https://ballotpedia.org/John_Rogers_(Massachusetts);https://en.wikipedia.org/wiki/John_H._Rogers;https://justfacts.votesmart.org/candidate/biography/4860/john-rogers;https://malegislature.gov/api/GeneralCourts/192/LegislativeMembers;https://malegislature.gov/api/GeneralCourts/192/LegislativeMembers/;https://malegislature.gov/api/GeneralCourts/192/LegislativeMembers/JHR1;https://malegislature.gov/api/GeneralCourts/193/LegislativeMembers;https://malegislature.gov/api/GeneralCourts/193/LegislativeMembers/;https://malegislature.gov/api/GeneralCourts/193/LegislativeMembers/JHR1;https://malegislature.gov/Legislators/Profile/JHR1;https://www.linkedin.com/in/john-rogers-8b3854108;https://www.rflawyers.com/attorney-profiles/john-rogers.html,,,,,,,,,,,
ocd-person/1ea6937d-a39e-41e2-92fb-47c2966cd52e,John Lawn,Democratic,10th Middlesex,lower,John,Lawn,Male,john.lawn@mahouse.gov,,,,https://malegislature.gov/Legislators/Profile/170/JJL2.jpg,https://malegislature.gov/Legislators/Profile/JJL2,https://ballotpedia.org/John_Lawn;https://en.wikipedia.org/wiki/John_J._Lawn;https://justfacts.votesmart.org/candidate/biography/78646/john-lawn-jr;https://malegislature.gov/api/GeneralCourts/192/LegislativeMembers;https://malegislature.gov/api/GeneralCourts/192/LegislativeMembers/;https://malegislature.gov/api/GeneralCourts/192/LegislativeMembers/JJL2;https://malegislature.gov/api/GeneralCourts/193/LegislativeMembers;https://malegislature.gov/api/GeneralCourts/193/LegislativeMembers/;https://malegislature.gov/api/GeneralCourts/193/LegislativeMembers/JJL2;https://malegislature.gov/Legislators/Profile/JJL2;https://www.linkedin.com/in/john-lawn-7951869,,,,,,,,,,,
ocd-person/2abbc0cb-6339-42d9-9947-69412a24301b,John Mahoney,Democratic,13th Worcester,lower,John,Mahoney,Male,john.mahoney@mahouse.gov,,,,https://malegislature.gov/Legislators/Profile/170/JJM2.jpg,https://malegislature.gov/Legislators/Profile/JJM2,https://ballotpedia.org/John_J._Mahoney;https://ballotpedia.org/John_Mahoney_(Massachusetts);https://en.wikipedia.org/wiki/John_J._Mahoney;https://malegislature.gov/api/GeneralCourts/192/LegislativeMembers;https://malegislature.gov/api/GeneralCourts/192/LegislativeMembers/JJM1;https://malegislature.gov/api/GeneralCourts/192/LegislativeMembers/JJM2;https://malegislature.gov/api/GeneralCourts/193/LegislativeMembers;https://malegislature.gov/api/GeneralCourts/193/LegislativeMembers/JJM1;https://malegislature.gov/api/GeneralCourts/193/LegislativeMembers/JJM2;https://malegislature.gov/Legislators/Profile/JJM1;https://malegislature.gov/Legislators/Profile/JJM2;https://www.linkedin.com/in/john-mahoney-86105565,,,,,,,,,,,
ocd-person/0e8c6c71-bca0-46fd-86d1-223d41ed5517,John Marsi,Republican,6th Worcester,lower,John,Marsi,Male,john.marsi@mahouse.gov,,,,https://malegislature.gov/Legislators/Profile/170/JJM1.jpg,https://malegislature.gov/Legislators/Profile/JJM1,https://ballotpedia.org/John_Marsi_Jr.;https://en.wikipedia.org/wiki/John_Marsi;https://malegislature.gov/Legislators/Profile/JJM1;https://www.linkedin.com/in/johnmarsi;https://www.marsiforstaterep.com/about;https://www.repmarsi.com/about,,,,,,,,,,,
ocd-person/49c4bb4e-fadd-4136-953f-6bd64a970acb,Jon Zlotnik,Democratic,2nd Worcester,lower,Jon,Zlotnik,Male,jon.zlotnik@mahouse.gov,,1990-05-07,,https://malegislature.gov/Legislators/Profile/170/JDZ1.jpg,https://malegislature.gov/Legislators/Profile/JDZ1,https://ballotpedia.org/Jonathan_Zlotnik;https://en.wikipedia.org/wiki/Jonathan_Zlotnik;https://justfacts.votesmart.org/candidate/biography/141617/jon-zlotnik;https://malegislature.gov/api/GeneralCourts/192/LegislativeMembers;https://malegislature.gov/api/GeneralCourts/192/LegislativeMembers/;https://malegislature.gov/api/GeneralCourts/192/LegislativeMembers/JDZ1;https://malegislature.gov/api/GeneralCourts/193/LegislativeMembers;https://malegislature.gov/api/GeneralCourts/193/LegislativeMembers/;https://malegislature.gov/api/GeneralCourts/193/LegislativeMembers/JDZ1;https://malegislature.gov/Legislators/Profile/JDZ1,,,,MA,978-410-9559,,,,,,
ocd-person/0e6c20bd-bfcb-445c-a1ce-3be99e26398e,Joe McKenna,Republican,18th Worcester,lower,Joe,McKenna,Male,joseph.mckenna@mahouse.gov,,,,https://malegislature.gov/Legislators/Profile/170/JDM1.jpg,https://malegislature.gov/Legislators/Profile/JDM1,https://ballotpedia.org/Joseph_McKenna_(Massachusetts);https://en.wikipedia.org/wiki/Joseph_D._McKenna;https://malegislature.gov/api/GeneralCourts/192/LegislativeMembers;https://malegislature.gov/api/GeneralCourts/192/LegislativeMembers/;https://malegislature.gov/api/GeneralCourts/192/LegislativeMembers/JDM1;https://malegislature.gov/api/GeneralCourts/193/LegislativeMembers;https://malegislature.gov/api/GeneralCourts/193/LegislativeMembers/;https://malegislature.gov/api/GeneralCourts/193/LegislativeMembers/JDM1;https://malegislature.gov/Legislators/Profile/JDM1;https://www.linkedin.com/in/joseph-mckenna-77351234,,,,,,,,,,,
ocd-person/6c3b63a2-ef13-43e5-b6de-d5e0901aa65a,Joe McGonagle,Democratic,28th Middlesex,lower,Joe,McGonagle,Male,joseph.mcgonagle@mahouse.gov,,,,https://malegislature.gov/Legislators/Profile/170/jwm1.jpg,https://malegislature.gov/Legislators/Profile/jwm1;https://malegislature.gov/Legislators/Profile/JWM1,"https://ballotpedia.org/Joseph_McGonagle,_Jr.;https://en.wikipedia.org/wiki/Joe_McGonagle;https://malegislature.gov/api/GeneralCourts/192/LegislativeMembers;https://malegislature.gov/api/GeneralCourts/192/LegislativeMembers/;https://malegislature.gov/api/GeneralCourts/192/LegislativeMembers/jwm1;https://malegislature.gov/api/GeneralCourts/193/LegislativeMembers;https://malegislature.gov/api/GeneralCourts/193/LegislativeMembers/;https://malegislature.gov/api/GeneralCourts/193/LegislativeMembers/jwm1;https://malegislature.gov/Legislators/Profile/JWM1;https://malegislature.gov/Legislators/Profile/jwm1;https://www.linkedin.com/in/joseph-mcgonagle-038b76106",,,,,,,,,,,
ocd-person/9c847f4f-a48b-4d42-95cb-2b6a219f89ac,Josh Tarsky,Democratic,13th Norfolk,lower,Josh,Tarsky,Male,joshua.tarsky@mahouse.gov,,,,https://malegislature.gov/Legislators/Profile/170/J_T1.jpg,https://malegislature.gov/Legislators/Profile/J_T1,https://ballotpedia.org/Joshua_Tarsky;https://en.wikipedia.org/wiki/Joshua_Tarsky;https://justfacts.votesmart.org/candidate/biography/218946/joshua-tarsky;https://malegislature.gov/Legislators/Profile/J_T1;https://www.linkedin.com/in/josh-tarsky-aa94b530,,,,,,,,,,,
ocd-person/6f15f647-07f5-4739-a340-497798a474e7,Judith García,Democratic,11th Suffolk,lower,Judith,García,Female,judith.garcia@mahouse.gov,,,,https://malegislature.gov/Legislators/Profile/170/JAG2.jpg,https://malegislature.gov/Legislators/Profile/JAG2,https://ballotpedia.org/Judith_Garcia;https://en.wikipedia.org/wiki/Judith_Garc%C3%ADa;https://malegislature.gov/api/GeneralCourts/193/LegislativeMembers;https://malegislature.gov/api/GeneralCourts/193/LegislativeMembers/;https://malegislature.gov/api/GeneralCourts/193/LegislativeMembers/JAG2;https://malegislature.gov/Legislators/Profile/JAG2;https://www.linkedin.com/in/judithgarc%C3%ADa,,,,,,,,,,,
ocd-person/5a0688ef-c0cd-469d-bd3c-fe9848724387,Julian Cyr,Democratic,Cape and Islands,upper,Julian,Cyr,Male,julian.cyr@masenate.gov,,1986-01-19,,https://malegislature.gov/Legislators/Profile/170/JAC0.jpg,https://malegislature.gov/Legislators/Profile/JAC0;https://www.senatorcyr.com/,https://ballotpedia.org/Julian_Andre_Cyr;https://en.wikipedia.org/wiki/Julian_Cyr;https://justfacts.votesmart.org/candidate/biography/171999/julian-cyr;https://malegislature.gov/api/GeneralCourts/192/LegislativeMembers;https://malegislature.gov/api/GeneralCourts/192/LegislativeMembers/;https://malegislature.gov/api/GeneralCourts/192/LegislativeMembers/JAC0;https://malegislature.gov/api/GeneralCourts/193/LegislativeMembers;https://malegislature.gov/api/GeneralCourts/193/LegislativeMembers/;https://malegislature.gov/api/GeneralCourts/193/LegislativeMembers/JAC0;https://malegislature.gov/Legislators/Profile/JAC0;https://www.linkedin.com/in/juliancyr;https://www.senatorcyr.com;https://www.senatorcyr.com/bio,,,,,,,,,,,
ocd-person/4002361d-3211-4f02-b627-95d6e6a3f76c,Justin Thurber,Republican,5th Bristol,lower,Justin,Thurber,Male,justin.thurber@mahouse.gov,,,,https://malegislature.gov/Legislators/Profile/170/J_T2.jpg,https://malegislature.gov/Legislators/Profile/J_T2,https://ballotpedia.org/Justin_Thurber;https://en.wikipedia.org/wiki/Justin_Thurber;https://justfacts.votesmart.org/candidate/biography/218957/justin-thurber;https://malegislature.gov/Legislators/Profile/J_T2,,,,,,,,,,,
ocd-person/e48879ef-ed74-4f93-8e5b-c0f3752d4fd7,Karen Spilka,Democratic,Middlesex and Norfolk,upper,Karen,Spilka,Female,karen.spilka@masenate.gov,,1953-01-11,,https://malegislature.gov/Legislators/Profile/170/KES0.jpg,https://karenspilka.com/;https://malegislature.gov/Legislators/Profile/KES0,https://ballotpedia.org/Karen_Spilka;https://en.wikipedia.org/wiki/Karen_Spilka;https://justfacts.votesmart.org/candidate/35683/karen-spilka;https://karenspilka.com;https://malegislature.gov/api/GeneralCourts/192/LegislativeMembers;https://malegislature.gov/api/GeneralCourts/192/LegislativeMembers/;https://malegislature.gov/api/GeneralCourts/192/LegislativeMembers/KES0;https://malegislature.gov/api/GeneralCourts/193/LegislativeMembers;https://malegislature.gov/api/GeneralCourts/193/LegislativeMembers/;https://malegislature.gov/api/GeneralCourts/193/LegislativeMembers/KES0;https://malegislature.gov/Legislators/Profile/KES0;https://www.linkedin.com/in/karen-spilka-3239a45,,,,,,,,,,,
ocd-person/e2aa2c0f-d6e6-49d7-8483-d595a3a1eb3a,Kate Donaghue,Democratic,19th Worcester,lower,Kate,Donaghue,Female,kate.donaghue@mahouse.gov,,,,https://malegislature.gov/Legislators/Profile/170/K_D1.jpg,https://malegislature.gov/Legislators/Profile/K_D1,https://ballotpedia.org/Kate_Donaghue;https://en.wikipedia.org/wiki/Kate_Donaghue;https://justfacts.votesmart.org/candidate/biography/209605/kate-donaghue;https://malegislature.gov/api/GeneralCourts/193/LegislativeMembers;https://malegislature.gov/api/GeneralCourts/193/LegislativeMembers/;https://malegislature.gov/api/GeneralCourts/193/LegislativeMembers/K_D1;https://malegislature.gov/Legislators/Profile/K_D1;https://www.linkedin.com/in/kate-donaghue-022b553,,,,,,,,,,,
ocd-person/3d709a64-6cd2-49c6-ad0d-b007e834bfec,Kate Hogan,Democratic,3rd Middlesex,lower,Kate,Hogan,Female,kate.hogan@mahouse.gov,,1957-01-15,,https://malegislature.gov/Legislators/Profile/170/K_H1.jpg,https://malegislature.gov/Legislators/Profile/K_H1;https://malegislature.gov/Legislators/Profile/K_H1/,https://ballotpedia.org/Kate_Hogan;https://en.wikipedia.org/wiki/Kate_Hogan;https://justfacts.votesmart.org/candidate/biography/109541/kate-hogan;https://malegislature.gov/api/GeneralCourts/192/LegislativeMembers;https://malegislature.gov/api/GeneralCourts/192/LegislativeMembers/;https://malegislature.gov/api/GeneralCourts/192/LegislativeMembers/K_H1;https://malegislature.gov/api/GeneralCourts/193/LegislativeMembers;https://malegislature.gov/api/GeneralCourts/193/LegislativeMembers/;https://malegislature.gov/api/GeneralCourts/193/LegislativeMembers/K_H1;https://malegislature.gov/Legislators/Profile/K_H1;https://www.linkedin.com/in/kate-hogan-867a831,,,,,,,,,,,
ocd-person/7d66e1ca-1fb3-4194-bb18-f9924c528df2,Kate Lipper-Garabedian,Democratic,32nd Middlesex,lower,Kate,Lipper-Garabedian,Female,kate.lipper-garabedian@mahouse.gov,,,,https://malegislature.gov/Legislators/Profile/170/KLG1.jpg,https://malegislature.gov/Legislators/Profile/KLG1,https://ballotpedia.org/Kate_Lipper-Garabedian;https://en.wikipedia.org/wiki/Kate_Lipper-Garabedian;https://malegislature.gov/api/GeneralCourts/192/LegislativeMembers;https://malegislature.gov/api/GeneralCourts/192/LegislativeMembers/;https://malegislature.gov/api/GeneralCourts/192/LegislativeMembers/KLG1;https://malegislature.gov/api/GeneralCourts/193/LegislativeMembers;https://malegislature.gov/api/GeneralCourts/193/LegislativeMembers/;https://malegislature.gov/api/GeneralCourts/193/LegislativeMembers/KLG1;https://malegislature.gov/Legislators/Profile/KLG1;https://www.linkedin.com/in/katherinelipper,,,,,,,,,,,
ocd-person/fbbda637-7a45-43f2-a13a-388dc50b02ee,Kathy LaNatra,Democratic,12th Plymouth,lower,Kathy,LaNatra,Female,kathleen.lanatra@mahouse.gov,,,,https://malegislature.gov/Legislators/Profile/170/KPL1.jpg,https://malegislature.gov/Legislators/Profile/KPL1,https://ballotpedia.org/Kathleen_LaNatra;https://en.wikipedia.org/wiki/Kathleen_LaNatra;https://justfacts.votesmart.org/candidate/biography/184728/kathleen-lanatra;https://malegislature.gov/api/GeneralCourts/192/LegislativeMembers;https://malegislature.gov/api/GeneralCourts/192/LegislativeMembers/;https://malegislature.gov/api/GeneralCourts/192/LegislativeMembers/KPL1;https://malegislature.gov/api/GeneralCourts/193/LegislativeMembers;https://malegislature.gov/api/GeneralCourts/193/LegislativeMembers/;https://malegislature.gov/api/GeneralCourts/193/LegislativeMembers/KPL1;https://malegislature.gov/Legislators/Profile/KPL1;https://www.linkedin.com/in/kathleen-la-natra-770901a;https://www.linkedin.com/in/kathleen-lanatra-17988b17a,,,,,,,,,,,
ocd-person/062618e6-3ba4-4170-8b4f-9d0fa325a9ab,Kelly Dooner,Republican,Third Bristol and Plymouth,upper,Kelly,Dooner,Female,kelly.dooner@masenate.gov,,,,https://malegislature.gov/Legislators/Profile/170/KAD0.jpg,https://malegislature.gov/Legislators/Profile/KAD0,https://ballotpedia.org/Kelly_Dooner;https://en.wikipedia.org/wiki/Kelly_Dooner;https://justfacts.votesmart.org/candidate/biography/189540/kelly-dooner;https://malegislature.gov/Legislators/Profile/KAD0;https://www.linkedin.com/in/kelly-a-dooner-b4580297,,,,,,,,,,,
ocd-person/72eea330-24b4-4207-a016-0b1e568e0b6e,Kelly Pease,Republican,4th Hampden,lower,Kelly,Pease,Male,kelly.pease@mahouse.gov,,1965-09-24,,https://malegislature.gov/Legislators/Profile/170/KWP1.jpg,https://malegislature.gov/Legislators/Profile/KWP1,https://ballotpedia.org/Kelly_Pease;https://en.wikipedia.org/wiki/Kelly_Pease;https://malegislature.gov/api/GeneralCourts/192/LegislativeMembers;https://malegislature.gov/api/GeneralCourts/192/LegislativeMembers/;https://malegislature.gov/api/GeneralCourts/192/LegislativeMembers/KWP1;https://malegislature.gov/api/GeneralCourts/193/LegislativeMembers;https://malegislature.gov/api/GeneralCourts/193/LegislativeMembers/;https://malegislature.gov/api/GeneralCourts/193/LegislativeMembers/KWP1;https://malegislature.gov/Legislators/Profile/KWP1,,,,,,,,,,,
ocd-person/1eece00d-5b31-4be0-9263-b594863b295c,Ken Sweezey,Republican,6th Plymouth,lower,Ken,Sweezey,Male,ken.sweezey@mahouse.gov,,,,https://malegislature.gov/Legislators/Profile/170/KPS1.jpg,https://malegislature.gov/Legislators/Profile/KPS1,https://ballotpedia.org/Kenneth_Sweezey;https://en.wikipedia.org/wiki/Kenneth_Sweezey;https://justfacts.votesmart.org/candidate/biography/209621/kenneth-sweezey;https://malegislature.gov/Legislators/Profile/KPS1;https://www.linkedin.com/in/kenneth-sweezey-257b1891,,,,,,,,,,,
ocd-person/47c42957-b618-41b7-a557-5d24c33568cf,Ken Gordon,Democratic,21st Middlesex,lower,Ken,Gordon,Male,ken.gordon@mahouse.gov,,1959-11-04,,https://malegislature.gov/Legislators/Profile/170/KIG1.jpg,https://malegislature.gov/Legislators/Profile/KIG1,https://ballotpedia.org/Kenneth_I._Gordon;https://en.wikipedia.org/wiki/Ken_Gordon_(American_politician);https://en.wikipedia.org/wiki/Ken_Gordon_(Massachusetts_politician);https://justfacts.votesmart.org/candidate/biography/143502/ken-gordon;https://malegislature.gov/api/GeneralCourts/192/LegislativeMembers;https://malegislature.gov/api/GeneralCourts/192/LegislativeMembers/;https://malegislature.gov/api/GeneralCourts/192/LegislativeMembers/KIG1;https://malegislature.gov/api/GeneralCourts/193/LegislativeMembers;https://malegislature.gov/api/GeneralCourts/193/LegislativeMembers/;https://malegislature.gov/api/GeneralCourts/193/LegislativeMembers/KIG1;https://malegislature.gov/Legislators/Profile/KIG1;https://www.linkedin.com/in/ken-gordon-342050a,,,,,,,,,,,
ocd-person/9e4b8b32-233e-443f-a147-46fbaa778a58,Kevin Honan,Democratic,17th Suffolk,lower,Kevin,Honan,Male,kevin.honan@mahouse.gov,,,,https://malegislature.gov/Legislators/Profile/170/KGH1.jpg,https://malegislature.gov/Legislators/Profile/KGH1;https://www.repkevinhonan.org/,https://ballotpedia.org/Kevin_Honan;https://en.wikipedia.org/wiki/Kevin_Honan;https://malegislature.gov/api/GeneralCourts/192/LegislativeMembers;https://malegislature.gov/api/GeneralCourts/192/LegislativeMembers/;https://malegislature.gov/api/GeneralCourts/192/LegislativeMembers/KGH1;https://malegislature.gov/api/GeneralCourts/193/LegislativeMembers;https://malegislature.gov/api/GeneralCourts/193/LegislativeMembers/;https://malegislature.gov/api/GeneralCourts/193/LegislativeMembers/KGH1;https://malegislature.gov/Legislators/Profile/KGH1;https://www.linkedin.com/in/kevin-honan-41a17710;https://www.repkevinhonan.org,,,,,,,,,,,
ocd-person/888457ba-c348-4826-b2c6-450dba5e38bd,Kim Ferguson,Republican,1st Worcester,lower,Kim,Ferguson,Female,kimberly.ferguson@mahouse.gov,,,,https://s3.amazonaws.com/ballotpedia-api4/files/thumbs/200/300/Kimberly-Ferguson.jpg,https://malegislature.gov/Legislators/Profile/KNF1,https://ballotpedia.org/Kimberly_Ferguson;https://en.wikipedia.org/wiki/Kimberly_Ferguson;https://justfacts.votesmart.org/candidate/biography/124876/kimberly-ferguson;https://malegislature.gov/api/GeneralCourts/192/LegislativeMembers;https://malegislature.gov/api/GeneralCourts/192/LegislativeMembers/;https://malegislature.gov/api/GeneralCourts/192/LegislativeMembers/KNF1;https://malegislature.gov/api/GeneralCourts/193/LegislativeMembers;https://malegislature.gov/api/GeneralCourts/193/LegislativeMembers/;https://malegislature.gov/api/GeneralCourts/193/LegislativeMembers/KNF1;https://malegislature.gov/Legislators/Profile/KNF1;https://www.linkedin.com/in/kimberly-ferguson-0183b32b,,,,,,,,,,,
ocd-person/df1a3cfc-1555-4a05-8a5c-03a7e53932aa,Kip Diggs,Democratic,2nd Barnstable,lower,Kip,Diggs,Male,kip.diggs@mahouse.gov,,1966-07-16,,https://www.capecod.com/wp-content/uploads/NWS_Kip-Diggs_JS081720.jpg,https://malegislature.gov/Legislators/Profile/KAD1,https://ballotpedia.org/Kip_Diggs;https://en.wikipedia.org/wiki/Kip_Diggs;https://justfacts.votesmart.org/candidate/195295/kip-diggs;https://malegislature.gov/api/GeneralCourts/192/LegislativeMembers;https://malegislature.gov/api/GeneralCourts/192/LegislativeMembers/;https://malegislature.gov/api/GeneralCourts/192/LegislativeMembers/KAD1;https://malegislature.gov/api/GeneralCourts/193/LegislativeMembers;https://malegislature.gov/api/GeneralCourts/193/LegislativeMembers/;https://malegislature.gov/api/GeneralCourts/193/LegislativeMembers/KAD1;https://malegislature.gov/Legislators/Profile/KAD1;https://www.linkedin.com/in/kip-diggs-a023427b,,,,,,,,,,,
ocd-person/1129a0d9-c280-4bf0-af34-20879293a2b5,Kristin Kassner,Democratic,2nd Essex,lower,Kristin,Kassner,Female,kristin.kassner@mahouse.gov,,1978-11-22,,https://malegislature.gov/Legislators/Profile/170/K_K2.jpg,https://malegislature.gov/Legislators/Profile/K_K2,https://ballotpedia.org/Kristin_Kassner;https://en.wikipedia.org/wiki/Kristin_Kassner;https://malegislature.gov/api/GeneralCourts/193/LegislativeMembers;https://malegislature.gov/api/GeneralCourts/193/LegislativeMembers/;https://malegislature.gov/api/GeneralCourts/193/LegislativeMembers/K_K2;https://malegislature.gov/Legislators/Profile/K_K2;https://www.linkedin.com/in/kristin-kassner-b8b05712,,,,,,,,,,,
ocd-person/386c6121-a2a4-4c92-b093-4abea066d840,Leigh Davis,Democratic,3rd Berkshire,lower,Leigh,Davis,Female,leigh.davis@mahouse.gov,,,,https://malegislature.gov/Legislators/Profile/170/LSD1.jpg,https://malegislature.gov/Legislators/Profile/LSD1,https://ballotpedia.org/Leigh_Davis;https://en.wikipedia.org/wiki/Leigh_Davis_(politician);https://justfacts.votesmart.org/candidate/biography/218885/leigh-davis;https://malegislature.gov/Legislators/Profile/LSD1;https://www.linkedin.com/in/leigh-davis-6329068a;https://www.linkedin.com/in/leighdavis99,,,,MA,413-854-4623,,,,,,
ocd-person/05f9b238-283f-4529-8989-ff7d1bda60a8,Lindsay Sabadosa,Democratic,1st Hampshire,lower,Lindsay,Sabadosa,Female,lindsay.sabadosa@mahouse.gov,,,,https://malegislature.gov/Legislators/Profile/170/L_S1.jpg,https://malegislature.gov/Legislators/Profile/L_S1,https://ballotpedia.org/Lindsay_Sabadosa;https://en.wikipedia.org/wiki/Lindsay_N._Sabadosa;https://en.wikipedia.org/wiki/Lindsay_Sabadosa;https://malegislature.gov/api/GeneralCourts/192/LegislativeMembers;https://malegislature.gov/api/GeneralCourts/192/LegislativeMembers/;https://malegislature.gov/api/GeneralCourts/192/LegislativeMembers/L_S1;https://malegislature.gov/api/GeneralCourts/193/LegislativeMembers;https://malegislature.gov/api/GeneralCourts/193/LegislativeMembers/;https://malegislature.gov/api/GeneralCourts/193/LegislativeMembers/L_S1;https://malegislature.gov/Legislators/Profile/L_S1;https://www.linkedin.com/in/lindsay-sabadosa-69056814a,,,,"76 Gothic St., Northampton, MA 01060",413-270-1166,,,,,,
ocd-person/0a14e19e-3761-4aa2-887f-8b335d6e3eed,Lisa Field,Democratic,3rd Bristol,lower,Lisa,Field,Female,lisa.field@mahouse.gov,,,,https://malegislature.gov/Legislators/Profile/170/LMF1.jpg,https://malegislature.gov/Legislators/Profile/LMF1,https://ballotpedia.org/Lisa_Field;https://en.wikipedia.org/wiki/Lisa_Field;https://malegislature.gov/Legislators/Profile/LMF1;https://www.linkedin.com/in/lisa-field-b132b92b,,,,,,,,,,,
ocd-person/703d6d4e-3a1d-4a2e-82e3-3c9693b75953,Liz Miranda,Democratic,Second Suffolk,upper,Liz,Miranda,Female,liz.miranda@masenate.gov,,1981-06-29,,https://malegislature.gov/Legislators/Profile/170/L%20M0.jpg,https://malegislature.gov/Legislators/Profile/L M0;https://malegislature.gov/Legislators/Profile/L%20M0;https://malegislature.gov/Legislators/Profile/L_M2,https://ballotpedia.org/Liz_Miranda;https://en.wikipedia.org/wiki/Liz_Miranda;https://justfacts.votesmart.org/candidate/biography/184732/liz-miranda;https://malegislature.gov/api/GeneralCourts/192/LegislativeMembers;https://malegislature.gov/api/GeneralCourts/192/LegislativeMembers/;https://malegislature.gov/api/GeneralCourts/192/LegislativeMembers/L_M2;https://malegislature.gov/api/GeneralCourts/193/LegislativeMembers;https://malegislature.gov/api/GeneralCourts/193/LegislativeMembers/;https://malegislature.gov/api/GeneralCourts/193/LegislativeMembers/L%20M0;https://malegislature.gov/Legislators/Profile/L%20M0;https://malegislature.gov/Legislators/Profile/L_M2;https://www.linkedin.com/in/lizmiranda,,,,,,,,,,,
ocd-person/5278711f-55ec-4a67-acc9-edd1db1c4e8c,Lydia Edwards,Democratic,Third Suffolk,upper,Lydia,Edwards,Female,lydia.edwards@masenate.gov,,1981-12-13,,https://malegislature.gov/Legislators/Profile/170/LME0.jpg,https://malegislature.gov/Legislators/Profile/LME0,https://ballotpedia.org/Lydia_Edwards;https://en.wikipedia.org/wiki/Lydia_Edwards;https://justfacts.votesmart.org/candidate/biography/186210/lydia-edwards;https://malegislature.gov/api/GeneralCourts/192/LegislativeMembers;https://malegislature.gov/api/GeneralCourts/192/LegislativeMembers/;https://malegislature.gov/api/GeneralCourts/192/LegislativeMembers/LME0;https://malegislature.gov/api/GeneralCourts/193/LegislativeMembers;https://malegislature.gov/api/GeneralCourts/193/LegislativeMembers/;https://malegislature.gov/api/GeneralCourts/193/LegislativeMembers/LME0;https://malegislature.gov/Legislators/Profile/LME0;https://www.linkedin.com/in/lydia-edwards-b750024,,,,,,,,,,,
ocd-person/5ae88c49-8938-4472-8de2-1c0f0bc0e2f0,Manny Cruz,Democratic,7th Essex,lower,Manny,Cruz,Male,manny.cruz@mahouse.gov,,1992-01-28,,https://www.wickedlocal.com/gcdn/authoring/2018/08/07/NWKL/ghows-WL-72d881e3-b92a-5ead-e053-0100007fbaea-a47ecf5e.jpeg?width=600&height=1068&fit=crop&format=pjpg&auto=webp,https://malegislature.gov/Legislators/Profile/M_C3,https://ballotpedia.org/Manny_Cruz;https://en.wikipedia.org/wiki/Manny_Cruz;https://justfacts.votesmart.org/candidate/biography/209559/manny-cruz;https://malegislature.gov/api/GeneralCourts/193/LegislativeMembers;https://malegislature.gov/api/GeneralCourts/193/LegislativeMembers/;https://malegislature.gov/api/GeneralCourts/193/LegislativeMembers/M_C3;https://malegislature.gov/Legislators/Profile/M_C3;https://www.linkedin.com/in/mannycruz,,,,,,,,,,,
ocd-person/398f9a47-bc65-4c2a-b12e-347f375d8fac,Marc Lombardo,Republican,22nd Middlesex,lower,Marc,Lombardo,Male,marc.lombardo@mahouse.gov,,,,https://malegislature.gov/Legislators/Profile/170/MTL1.jpg,https://malegislature.gov/Legislators/Profile/MTL1,https://ballotpedia.org/Marc_Lombardo;https://en.wikipedia.org/wiki/Marc_Lombardo;https://malegislature.gov/api/GeneralCourts/192/LegislativeMembers;https://malegislature.gov/api/GeneralCourts/192/LegislativeMembers/;https://malegislature.gov/api/GeneralCourts/192/LegislativeMembers/MTL1;https://malegislature.gov/api/GeneralCourts/193/LegislativeMembers;https://malegislature.gov/api/GeneralCourts/193/LegislativeMembers/;https://malegislature.gov/api/GeneralCourts/193/LegislativeMembers/MTL1;https://malegislature.gov/Legislators/Profile/MTL1;https://www.linkedin.com/in/marclombardo,,,,,,,,,,,
ocd-person/2dd65a68-0ea5-4c15-b5fe-bcde086eb357,Marcus Vaughn,Republican,9th Norfolk,lower,Marcus,Vaughn,Male,marcus.vaughn@mahouse.gov,,1985-12-04,,https://malegislature.gov/Legislators/Profile/170/MSV1.jpg,https://malegislature.gov/Legislators/Profile/MSV1,https://ballotpedia.org/Marcus_Vaughn;https://en.wikipedia.org/wiki/Marcus_Vaughn;https://justfacts.votesmart.org/candidate/209620/marcus-vaughn;https://malegislature.gov/api/GeneralCourts/193/LegislativeMembers;https://malegislature.gov/api/GeneralCourts/193/LegislativeMembers/;https://malegislature.gov/api/GeneralCourts/193/LegislativeMembers/MSV1;https://malegislature.gov/Legislators/Profile/MSV1;https://www.linkedin.com/in/marcussvaughn,,,,,,,,,,,
ocd-person/a25fd374-e502-43bb-91fe-99c4b6c493a5,Margaret Scarsdale,Democratic,1st Middlesex,lower,Margaret,Scarsdale,Female,margaret.scarsdale@mahouse.gov,,,,https://malegislature.gov/Legislators/Profile/170/MRS1.jpg,https://malegislature.gov/Legislators/Profile/MRS1,https://ballotpedia.org/Margaret_Scarsdale;https://en.wikipedia.org/wiki/Margaret_Scarsdale;https://malegislature.gov/api/GeneralCourts/193/LegislativeMembers;https://malegislature.gov/api/GeneralCourts/193/LegislativeMembers/;https://malegislature.gov/api/GeneralCourts/193/LegislativeMembers/MRS1;https://malegislature.gov/Legislators/Profile/MRS1,,,,,,,,,,,
ocd-person/b9019024-899b-41b3-a283-69c50866fabd,Marjorie Decker,Democratic,25th Middlesex,lower,Marjorie,Decker,Female,marjorie.decker@mahouse.gov,,,,https://malegislature.gov/Legislators/Profile/170/MCD1.jpg,https://malegislature.gov/Legislators/Profile/MCD1,https://ballotpedia.org/Marjorie_Decker;https://en.wikipedia.org/wiki/Marjorie_Decker;https://malegislature.gov/api/GeneralCourts/192/LegislativeMembers;https://malegislature.gov/api/GeneralCourts/192/LegislativeMembers/;https://malegislature.gov/api/GeneralCourts/192/LegislativeMembers/MCD1;https://malegislature.gov/api/GeneralCourts/193/LegislativeMembers;https://malegislature.gov/api/GeneralCourts/193/LegislativeMembers/;https://malegislature.gov/api/GeneralCourts/193/LegislativeMembers/MCD1;https://malegislature.gov/Legislators/Profile/MCD1;https://www.linkedin.com/in/marjorie-decker-73b28a4,,,,,,,,,,,
ocd-person/31600b44-797b-4baf-80aa-0762b4f0aff5,Mark Montigny,Democratic,Second Bristol and Plymouth,upper,Mark,Montigny,Male,mark.montigny@masenate.gov,,1961-06-20,,https://malegislature.gov/Legislators/Profile/170/MCM0.jpg,https://malegislature.gov/Legislators/Profile/MCM0,https://ballotpedia.org/Mark_Montigny;https://en.wikipedia.org/wiki/Mark_Montigny;https://justfacts.votesmart.org/candidate/biography/4749/mark-montigny;https://malegislature.gov/api/GeneralCourts/192/LegislativeMembers;https://malegislature.gov/api/GeneralCourts/192/LegislativeMembers/;https://malegislature.gov/api/GeneralCourts/192/LegislativeMembers/MCM0;https://malegislature.gov/api/GeneralCourts/193/LegislativeMembers;https://malegislature.gov/api/GeneralCourts/193/LegislativeMembers/;https://malegislature.gov/api/GeneralCourts/193/LegislativeMembers/MCM0;https://malegislature.gov/Legislators/Profile/MCM0,,,,"Room 304, 888 Purchase St., New Bedford, MA 02740",508-984-1474,,,,,,
ocd-person/b51c5c27-7da0-42f5-b67b-22085173af7a,Mark Cusack,Democratic,5th Norfolk,lower,Mark,Cusack,Male,mark.cusack@mahouse.gov,,1984-07-03,,https://malegislature.gov/Legislators/Profile/170/MJC1.jpg,https://malegislature.gov/Legislators/Profile/MJC1,https://ballotpedia.org/Mark_Cusack;https://en.wikipedia.org/wiki/Mark_Cusack;https://malegislature.gov/api/GeneralCourts/192/LegislativeMembers;https://malegislature.gov/api/GeneralCourts/192/LegislativeMembers/;https://malegislature.gov/api/GeneralCourts/192/LegislativeMembers/MJC1;https://malegislature.gov/api/GeneralCourts/193/LegislativeMembers;https://malegislature.gov/api/GeneralCourts/193/LegislativeMembers/;https://malegislature.gov/api/GeneralCourts/193/LegislativeMembers/MJC1;https://malegislature.gov/Legislators/Profile/MJC1,,,,,,,,,,,
ocd-person/7446bdd1-f6b4-40cb-a039-41f4be68833e,Mark Sylvia,Democratic,10th Bristol,lower,Mark,Sylvia,Male,mark.sylvia@mahouse.gov,,1974-04-27,,https://malegislature.gov/Legislators/Profile/170/MDS1.jpg,https://malegislature.gov/Legislators/Profile/MDS1,https://ballotpedia.org/Mark_Sylvia;https://en.wikipedia.org/wiki/Mark_Sylvia;https://justfacts.votesmart.org/candidate/biography/218902/mark-sylvia;https://malegislature.gov/Legislators/Profile/MDS1;https://www.linkedin.com/in/mark-sylvia-73457a1,,,,,,,,,,,
ocd-person/4d0b5dda-d9d1-4c25-9c94-ce8fbd8ff398,Mary Keefe,Democratic,15th Worcester,lower,Mary,Keefe,Female,mary.keefe@mahouse.gov,,,,https://malegislature.gov/Legislators/Profile/170/MSK1.jpg,https://malegislature.gov/Legislators/Profile/MSK1;https://www.repmarykeefe.com/,https://ballotpedia.org/Mary_S._Keefe;https://en.wikipedia.org/wiki/Mary_Keefe;https://justfacts.votesmart.org/candidate/biography/141620/mary-keefe;https://malegislature.gov/api/GeneralCourts/192/LegislativeMembers;https://malegislature.gov/api/GeneralCourts/192/LegislativeMembers/;https://malegislature.gov/api/GeneralCourts/192/LegislativeMembers/MSK1;https://malegislature.gov/api/GeneralCourts/193/LegislativeMembers;https://malegislature.gov/api/GeneralCourts/193/LegislativeMembers/;https://malegislature.gov/api/GeneralCourts/193/LegislativeMembers/MSK1;https://malegislature.gov/Legislators/Profile/MSK1;https://www.repmarykeefe.com,,,,,,,,,,,
ocd-person/b61c923f-3598-465b-8051-6507b6f6c6c2,Meg Kilcoyne,Democratic,12th Worcester,lower,Meg,Kilcoyne,Female,meghan.kilcoyne@mahouse.gov,,,,https://malegislature.gov/Legislators/Profile/170/M_K1.jpg,https://malegislature.gov/Legislators/Profile/M_K1,https://ballotpedia.org/Meghan_Kilcoyne;https://en.wikipedia.org/wiki/Meghan_Kilcoyne;https://malegislature.gov/api/GeneralCourts/192/LegislativeMembers;https://malegislature.gov/api/GeneralCourts/192/LegislativeMembers/;https://malegislature.gov/api/GeneralCourts/192/LegislativeMembers/M_K1;https://malegislature.gov/api/GeneralCourts/193/LegislativeMembers;https://malegislature.gov/api/GeneralCourts/193/LegislativeMembers/;https://malegislature.gov/api/GeneralCourts/193/LegislativeMembers/M_K1;https://malegislature.gov/Legislators/Profile/M_K1;https://www.linkedin.com/in/meghan-kilcoyne-6a608579,,,,,,,,,,,
ocd-person/c3cdd26f-1314-4366-89f6-17c4c540bce9,Mike Brady,Democratic,Second Plymouth and Norfolk,upper,Mike,Brady,Male,michael.brady@masenate.gov,,1962-05-05,,https://malegislature.gov/Legislators/Profile/170/MDB0.jpg,https://malegislature.gov/Legislators/Profile/MDB0;https://senatormikebrady.org/,https://ballotpedia.org/Michael_Brady;https://en.wikipedia.org/wiki/Michael_Brady_%28politician%29;https://justfacts.votesmart.org/candidate/biography/74825/michael-brady;https://malegislature.gov/api/GeneralCourts/192/LegislativeMembers;https://malegislature.gov/api/GeneralCourts/192/LegislativeMembers/;https://malegislature.gov/api/GeneralCourts/192/LegislativeMembers/MDB0;https://malegislature.gov/api/GeneralCourts/193/LegislativeMembers;https://malegislature.gov/api/GeneralCourts/193/LegislativeMembers/;https://malegislature.gov/api/GeneralCourts/193/LegislativeMembers/MDB0;https://malegislature.gov/Legislators/Profile/MDB0;https://senatormikebrady.org;https://www.linkedin.com/in/bradybrockton,,,,,,,,,,,
ocd-person/6a82d675-3496-48af-88cf-23c26355b01f,Mike Rush,Democratic,Norfolk and Suffolk,upper,Mike,Rush,Male,mike.rush@masenate.gov,,1973-11-30,,https://malegislature.gov/Legislators/Profile/170/MFR0.jpg,https://malegislature.gov/Legislators/Profile/MFR0,https://ballotpedia.org/Michael_Rush;https://en.wikipedia.org/wiki/Mike_Rush;https://justfacts.votesmart.org/candidate/35666/mike-rush;https://malegislature.gov/api/GeneralCourts/192/LegislativeMembers;https://malegislature.gov/api/GeneralCourts/192/LegislativeMembers/;https://malegislature.gov/api/GeneralCourts/192/LegislativeMembers/MFR0;https://malegislature.gov/api/GeneralCourts/193/LegislativeMembers;https://malegislature.gov/api/GeneralCourts/193/LegislativeMembers/;https://malegislature.gov/api/GeneralCourts/193/LegislativeMembers/MFR0;https://malegislature.gov/Legislators/Profile/MFR0;https://www.linkedin.com/in/mike-rush-98742b47,,,,,,,,,,,
ocd-person/2cf31d35-c3e8-4627-a534-08dce38078db,Mike Barrett,Democratic,Third Middlesex,upper,Mike,Barrett,Male,mike.barrett@masenate.gov,,1948-06-27,,https://malegislature.gov/Legislators/Profile/170/MJB0.jpg,https://malegislature.gov/Legislators/Profile/MJB0;https://senatormikebarrett.com/,https://ballotpedia.org/Mike_Barrett;https://en.wikipedia.org/wiki/Michael_J._Barrett;https://justfacts.votesmart.org/candidate/biography/141572/mike-barrett;https://malegislature.gov/api/GeneralCourts/192/LegislativeMembers;https://malegislature.gov/api/GeneralCourts/192/LegislativeMembers/;https://malegislature.gov/api/GeneralCourts/192/LegislativeMembers/MJB0;https://malegislature.gov/api/GeneralCourts/193/LegislativeMembers;https://malegislature.gov/api/GeneralCourts/193/LegislativeMembers/;https://malegislature.gov/api/GeneralCourts/193/LegislativeMembers/MJB0;https://malegislature.gov/Legislators/Profile/MJB0;https://senatormikebarrett.com;https://www.linkedin.com/in/senatormikebarrett,,,,,,,,,,,
ocd-person/b61922e8-c775-4c74-8ecb-557d79162195,Mike Finn,Democratic,6th Hampden,lower,Mike,Finn,Male,michael.finn@mahouse.gov,,1970-03-24,,https://s3.amazonaws.com/ballotpedia-api4/files/thumbs/200/300/Michael_Finn.jpg,https://malegislature.gov/Legislators/Profile/MJF1,https://ballotpedia.org/Michael_Finn;https://en.wikipedia.org/wiki/Michael_Finn;https://malegislature.gov/api/GeneralCourts/192/LegislativeMembers;https://malegislature.gov/api/GeneralCourts/192/LegislativeMembers/;https://malegislature.gov/api/GeneralCourts/192/LegislativeMembers/MJF1;https://malegislature.gov/api/GeneralCourts/193/LegislativeMembers;https://malegislature.gov/api/GeneralCourts/193/LegislativeMembers/;https://malegislature.gov/api/GeneralCourts/193/LegislativeMembers/MJF1;https://malegislature.gov/Legislators/Profile/MJF1;https://www.linkedin.com/in/michael-finn-955bb82a,,,,MA,413-363-1965,,,,,,
ocd-person/2fd8669d-a5e2-40fd-bb2f-595210f1bf49,Mike Moran,Democratic,18th Suffolk,lower,Mike,Moran,Male,michael.moran@mahouse.gov,,1971-02-23,,https://malegislature.gov/Legislators/Profile/170/MJM1.jpg,https://malegislature.gov/Legislators/Profile/MJM1,https://ballotpedia.org/Michael_Moran_(Massachusetts);https://en.wikipedia.org/wiki/Michael_Moran_%28Massachusetts_politician%29;https://en.wikipedia.org/wiki/Michael_Moran_(Massachusetts_politician);https://justfacts.votesmart.org/candidate/biography/15237/michael-moran;https://malegislature.gov/api/GeneralCourts/192/LegislativeMembers;https://malegislature.gov/api/GeneralCourts/192/LegislativeMembers/;https://malegislature.gov/api/GeneralCourts/192/LegislativeMembers/MJM1;https://malegislature.gov/api/GeneralCourts/193/LegislativeMembers;https://malegislature.gov/api/GeneralCourts/193/LegislativeMembers/;https://malegislature.gov/api/GeneralCourts/193/LegislativeMembers/MJM1;https://malegislature.gov/Legislators/Profile/MJM1,,,,,,,,,,,
ocd-person/af0d6647-3a7b-48d0-971c-bde55a75e78c,Michael Rodrigues,Democratic,First Bristol and Plymouth,upper,Michael,Rodrigues,Male,michael.rodrigues@masenate.gov,,1959-05-30,,https://malegislature.gov/Legislators/Profile/170/MJR0.jpg,https://malegislature.gov/Legislators/Profile/MJR0;https://www.senatorrodrigues.com/,https://ballotpedia.org/Michael_Rodrigues;https://en.wikipedia.org/wiki/Michael_Rodrigues_(politician);https://justfacts.votesmart.org/candidate/biography/4834/michael-rodrigues;https://malegislature.gov/api/GeneralCourts/192/LegislativeMembers;https://malegislature.gov/api/GeneralCourts/192/LegislativeMembers/;https://malegislature.gov/api/GeneralCourts/192/LegislativeMembers/MJR0;https://malegislature.gov/api/GeneralCourts/193/LegislativeMembers;https://malegislature.gov/api/GeneralCourts/193/LegislativeMembers/;https://malegislature.gov/api/GeneralCourts/193/LegislativeMembers/MJR0;https://malegislature.gov/Legislators/Profile/MJR0;https://www.senatorrodrigues.com;https://www.senatorrodrigues.com/meet-michael,,,,MA,508-646-0650,,,,,,
ocd-person/4cec2aa4-c17b-4749-b0e9-58a25695bf2f,Mike Soter,Republican,8th Worcester,lower,Mike,Soter,Male,michael.soter@mahouse.gov,,,,https://malegislature.gov/Legislators/Profile/170/MJS3.jpg,https://malegislature.gov/Legislators/Profile/MJS3,https://ballotpedia.org/Michael_Soter;https://en.wikipedia.org/wiki/Michael_Soter;https://justfacts.votesmart.org/candidate/biography/184829/michael-soter;https://malegislature.gov/api/GeneralCourts/192/LegislativeMembers;https://malegislature.gov/api/GeneralCourts/192/LegislativeMembers/;https://malegislature.gov/api/GeneralCourts/192/LegislativeMembers/MJS3;https://malegislature.gov/api/GeneralCourts/193/LegislativeMembers;https://malegislature.gov/api/GeneralCourts/193/LegislativeMembers/;https://malegislature.gov/api/GeneralCourts/193/LegislativeMembers/MJS3;https://malegislature.gov/Legislators/Profile/MJS3;https://www.linkedin.com/in/michael-soter-03432391,,,,,,,,,,,
ocd-person/7b48bd48-8d27-4dd8-958d-703571efe150,Mike Moore,Democratic,Second Worcester,upper,Mike,Moore,Male,michael.moore@masenate.gov,,1963-01-17,,https://malegislature.gov/Legislators/Profile/170/MOM0.jpg,https://malegislature.gov/Legislators/Profile/MOM0;https://www.senatormikemoore.com/,https://ballotpedia.org/Michael_O._Moore;https://en.wikipedia.org/wiki/Michael_O._Moore;https://justfacts.votesmart.org/candidate/biography/109518/mike-moore;https://malegislature.gov/api/GeneralCourts/192/LegislativeMembers;https://malegislature.gov/api/GeneralCourts/192/LegislativeMembers/;https://malegislature.gov/api/GeneralCourts/192/LegislativeMembers/MOM0;https://malegislature.gov/api/GeneralCourts/193/LegislativeMembers;https://malegislature.gov/api/GeneralCourts/193/LegislativeMembers/;https://malegislature.gov/api/GeneralCourts/193/LegislativeMembers/MOM0;https://malegislature.gov/Legislators/Profile/MOM0;https://www.linkedin.com/in/michael-moore-a2930815;https://www.linkedin.com/in/senmikemoore;https://www.senatormikemoore.com,,,,MA,508-757-0323 ext. 13,,,,,,
ocd-person/591dc6dd-40b8-4713-83b8-f236ff6250bf,Mike Kushmerek,Democratic,3rd Worcester,lower,Mike,Kushmerek,Male,michael.kushmerek@mahouse.gov,,,,https://malegislature.gov/Legislators/Profile/170/MPK1.jpg,https://malegislature.gov/Legislators/Profile/MPK1,https://ballotpedia.org/Michael_Kushmerek;https://en.wikipedia.org/wiki/Mike_Kushmerek;https://justfacts.votesmart.org/candidate/campaign-finance/148735/michael-kushmerek;https://malegislature.gov/api/GeneralCourts/192/LegislativeMembers;https://malegislature.gov/api/GeneralCourts/192/LegislativeMembers/;https://malegislature.gov/api/GeneralCourts/192/LegislativeMembers/MPK1;https://malegislature.gov/api/GeneralCourts/193/LegislativeMembers;https://malegislature.gov/api/GeneralCourts/193/LegislativeMembers/;https://malegislature.gov/api/GeneralCourts/193/LegislativeMembers/MPK1;https://malegislature.gov/Legislators/Profile/MPK1;https://www.linkedin.com/in/mkushmerek,,,,"718 Main St., Fitchburg, MA 01420",978-829-1954,,,,,,
ocd-person/2e198563-4aeb-499b-8333-b4a46b605491,Mike Day,Democratic,31st Middlesex,lower,Mike,Day,Male,michael.day@mahouse.gov,,,,https://malegislature.gov/Legislators/Profile/170/MSD1.jpg,https://malegislature.gov/Legislators/Profile/MSD1,https://ballotpedia.org/Michael_Day;https://ballotpedia.org/Michael_Day_(Massachusetts);https://en.wikipedia.org/wiki/Mike_Day_(politician);https://malegislature.gov/api/GeneralCourts/192/LegislativeMembers;https://malegislature.gov/api/GeneralCourts/192/LegislativeMembers/;https://malegislature.gov/api/GeneralCourts/192/LegislativeMembers/MSD1;https://malegislature.gov/api/GeneralCourts/193/LegislativeMembers;https://malegislature.gov/api/GeneralCourts/193/LegislativeMembers/;https://malegislature.gov/api/GeneralCourts/193/LegislativeMembers/MSD1;https://malegislature.gov/Legislators/Profile/MSD1;https://www.linkedin.com/in/michaelsday;https://www.tshdlegal.com/attorneys/michael-day,,,,,,,,,,,
ocd-person/a0c80d02-beb0-42c3-b7ff-31fc0d5351f5,Michelle Badger,Democratic,1st Plymouth,lower,Michelle,Badger,Female,michelle.badger@mahouse.gov,,1984-05-13,,https://s3.amazonaws.com/ballotpedia-api4/files/thumbs/200/300/MichelleBadger24.jpg,https://malegislature.gov/Legislators/Profile/MLB1,https://ballotpedia.org/Michelle_Badger;https://en.wikipedia.org/wiki/Michelle_Badger;https://malegislature.gov/Legislators/Profile/MLB1;https://www.linkedin.com/in/michellelbadger,,,,,,,,,,,
ocd-person/ea385faa-049c-4743-ad41-3bbe58ee40e2,Michelle Ciccolo,Democratic,15th Middlesex,lower,Michelle,Ciccolo,Female,michelle.ciccolo@mahouse.gov,,,,https://malegislature.gov/Legislators/Profile/170/M_C2.jpg,https://malegislature.gov/Legislators/Profile/M_C2,https://ballotpedia.org/Michelle_Ciccolo;https://en.wikipedia.org/wiki/Michelle_Ciccolo;https://justfacts.votesmart.org/candidate/biography/160017/michelle-ciccolo;https://malegislature.gov/api/GeneralCourts/192/LegislativeMembers;https://malegislature.gov/api/GeneralCourts/192/LegislativeMembers/;https://malegislature.gov/api/GeneralCourts/192/LegislativeMembers/M_C2;https://malegislature.gov/api/GeneralCourts/193/LegislativeMembers;https://malegislature.gov/api/GeneralCourts/193/LegislativeMembers/;https://malegislature.gov/api/GeneralCourts/193/LegislativeMembers/M_C2;https://malegislature.gov/Legislators/Profile/M_C2;https://www.linkedin.com/in/michelle-ciccolo-81ab337,,,,,,,,,,,
ocd-person/f41834f0-0d73-4e8e-8758-66184772c081,Michelle DuBois,Democratic,10th Plymouth,lower,Michelle,DuBois,Female,michelle.dubois@mahouse.gov,,1973-04-14,,https://malegislature.gov/Legislators/Profile/170/MMD1.jpg,https://malegislature.gov/Legislators/Profile/MMD1,https://ballotpedia.org/Michelle_DuBois;https://en.wikipedia.org/wiki/Michelle_DuBois;https://justfacts.votesmart.org/candidate/biography/74838/michelle-dubois;https://malegislature.gov/api/GeneralCourts/192/LegislativeMembers;https://malegislature.gov/api/GeneralCourts/192/LegislativeMembers/;https://malegislature.gov/api/GeneralCourts/192/LegislativeMembers/MMD1;https://malegislature.gov/api/GeneralCourts/193/LegislativeMembers;https://malegislature.gov/api/GeneralCourts/193/LegislativeMembers/;https://malegislature.gov/api/GeneralCourts/193/LegislativeMembers/MMD1;https://malegislature.gov/Legislators/Profile/MMD1;https://www.linkedin.com/in/michelle-dubois-52202222,,,,,,,,,,,
ocd-person/0a74c581-eb5c-4935-b5c3-f4a77e6dcd31,Mike Chaisson,Republican,1st Bristol,lower,Mike,Chaisson,Male,michael.chaisson@mahouse.gov,,,,https://malegislature.gov/Legislators/Profile/170/MSC1.jpg,https://malegislature.gov/Legislators/Profile/MSC1,https://ballotpedia.org/Michael_Chaisson;https://en.wikipedia.org/wiki/Michael_Chaisson;https://malegislature.gov/Legislators/Profile/MSC1;https://www.linkedin.com/in/michael-chaisson-1720611b9,,,,,,,,,,,
ocd-person/a8225754-d88c-4343-8829-aa168b564cbd,Mike Connolly,Democratic,26th Middlesex,lower,Mike,Connolly,Male,mike.connolly@mahouse.gov,,1980-06-03,,https://malegislature.gov/Legislators/Profile/170/M_C1.jpg,https://malegislature.gov/Legislators/Profile/M_C1;https://www.repmikeconnolly.org/,https://ballotpedia.org/Mike_Connolly_(Massachusetts);https://en.wikipedia.org/wiki/Mike_Connolly_(Massachusetts_politician);https://malegislature.gov/api/GeneralCourts/192/LegislativeMembers;https://malegislature.gov/api/GeneralCourts/192/LegislativeMembers/;https://malegislature.gov/api/GeneralCourts/192/LegislativeMembers/M_C1;https://malegislature.gov/api/GeneralCourts/193/LegislativeMembers;https://malegislature.gov/api/GeneralCourts/193/LegislativeMembers/;https://malegislature.gov/api/GeneralCourts/193/LegislativeMembers/M_C1;https://malegislature.gov/Legislators/Profile/M_C1;https://www.repmikeconnolly.org,,,,,,,,,,,
ocd-person/65617e1a-1834-4ec8-9f19-4ac801ce9764,Mindy Domb,Democratic,3rd Hampshire,lower,Mindy,Domb,Female,mindy.domb@mahouse.gov,,,,https://malegislature.gov/Legislators/Profile/170/M_D2.jpg,https://malegislature.gov/Legislators/Profile/M_D2,https://ballotpedia.org/Mindy_Domb;https://en.wikipedia.org/wiki/Mindy_Domb;https://justfacts.votesmart.org/candidate/biography/184695/mindy-domb;https://malegislature.gov/api/GeneralCourts/192/LegislativeMembers;https://malegislature.gov/api/GeneralCourts/192/LegislativeMembers/;https://malegislature.gov/api/GeneralCourts/192/LegislativeMembers/M_D2;https://malegislature.gov/api/GeneralCourts/193/LegislativeMembers;https://malegislature.gov/api/GeneralCourts/193/LegislativeMembers/;https://malegislature.gov/api/GeneralCourts/193/LegislativeMembers/M_D2;https://malegislature.gov/Legislators/Profile/M_D2;https://www.linkedin.com/in/mindydomb,,,,MA,413-335-1362,,,,,,
ocd-person/17c3ac90-1218-4d61-ae47-bc5ef6ee4a74,Natalie Higgins,Democratic,4th Worcester,lower,Natalie,Higgins,Female,natalie.higgins@mahouse.gov,,1988-07-24,,https://malegislature.gov/Legislators/Profile/170/N_H1.jpg,https://malegislature.gov/Legislators/Profile/N_H1;https://www.repnataliehiggins.com/,https://ballotpedia.org/Natalie_Higgins;https://en.wikipedia.org/wiki/Natalie_Higgins;https://malegislature.gov/api/GeneralCourts/192/LegislativeMembers;https://malegislature.gov/api/GeneralCourts/192/LegislativeMembers/;https://malegislature.gov/api/GeneralCourts/192/LegislativeMembers/N_H1;https://malegislature.gov/api/GeneralCourts/193/LegislativeMembers;https://malegislature.gov/api/GeneralCourts/193/LegislativeMembers/;https://malegislature.gov/api/GeneralCourts/193/LegislativeMembers/N_H1;https://malegislature.gov/Legislators/Profile/N_H1;https://www.linkedin.com/in/nataliemhiggins;https://www.repnataliehiggins.com,,,,MA,978-227-5278,,,,,,
ocd-person/0e72fc19-89be-49b9-8baf-5f35f938ec87,Nick Boldyga,Republican,3rd Hampden,lower,Nick,Boldyga,Male,nicholas.boldyga@mahouse.gov,,,,https://malegislature.gov/Legislators/Profile/170/NAG1.jpg,https://malegislature.gov/Legislators/Profile/NAG1,https://ballotpedia.org/Nicholas_Boldyga;https://en.wikipedia.org/wiki/Nicholas_Boldyga;https://justfacts.votesmart.org/candidate/biography/110813/nicholas-boldyga;https://malegislature.gov/api/GeneralCourts/192/LegislativeMembers;https://malegislature.gov/api/GeneralCourts/192/LegislativeMembers/;https://malegislature.gov/api/GeneralCourts/192/LegislativeMembers/NAG1;https://malegislature.gov/api/GeneralCourts/193/LegislativeMembers;https://malegislature.gov/api/GeneralCourts/193/LegislativeMembers/;https://malegislature.gov/api/GeneralCourts/193/LegislativeMembers/NAG1;https://malegislature.gov/Legislators/Profile/NAG1;https://www.linkedin.com/in/repnickboldyga,,,,,,,,,,,
ocd-person/8ca6ea6c-1121-40b3-a5cf-9b55dfe6a2b0,Nick Collins,Democratic,First Suffolk,upper,Nick,Collins,Male,nick.collins@masenate.gov,,1982-08-26,,https://malegislature.gov/Legislators/Profile/170/N_C0.jpg,https://malegislature.gov/Legislators/Profile/N_C0;https://nickcollins.us/,https://ballotpedia.org/Nick_Collins;https://en.wikipedia.org/wiki/Nick_Collins_(politician);https://justfacts.votesmart.org/candidate/biography/125266/nick-collins;https://malegislature.gov/api/GeneralCourts/192/LegislativeMembers;https://malegislature.gov/api/GeneralCourts/192/LegislativeMembers/;https://malegislature.gov/api/GeneralCourts/192/LegislativeMembers/N_C0;https://malegislature.gov/api/GeneralCourts/193/LegislativeMembers;https://malegislature.gov/api/GeneralCourts/193/LegislativeMembers/;https://malegislature.gov/api/GeneralCourts/193/LegislativeMembers/N_C0;https://malegislature.gov/Legislators/Profile/N_C0;https://nickcollins.us;https://nickcollins.us/meet-nick;https://www.linkedin.com/in/nicholas-collins-214b5619,,,,,,,,,,,
ocd-person/6d186dd3-a4a0-4d65-aaf1-2f0a63cd42ec,Norm Orrall,Republican,12th Bristol,lower,Norm,Orrall,Male,norman.orrall@mahouse.gov,,,,https://malegislature.gov/Legislators/Profile/170/NJO1.jpg,https://malegislature.gov/Legislators/Profile/NJO1,https://ballotpedia.org/Norman_Orrall;https://en.wikipedia.org/wiki/Norman_Orrall;https://malegislature.gov/api/GeneralCourts/192/LegislativeMembers;https://malegislature.gov/api/GeneralCourts/192/LegislativeMembers/;https://malegislature.gov/api/GeneralCourts/192/LegislativeMembers/NJO1;https://malegislature.gov/api/GeneralCourts/193/LegislativeMembers;https://malegislature.gov/api/GeneralCourts/193/LegislativeMembers/;https://malegislature.gov/api/GeneralCourts/193/LegislativeMembers/NJO1;https://malegislature.gov/Legislators/Profile/NJO1;https://www.linkedin.com/in/norm-orrall-44b51812,,,,,,,,,,,
ocd-person/a1a94ad4-7b75-46be-896e-548c86b23d0c,Orlando Ramos,Democratic,9th Hampden,lower,Orlando,Ramos,Male,orlando.ramos@mahouse.gov,,,,https://malegislature.gov/Legislators/Profile/170/O_R1.jpg,https://malegislature.gov/Legislators/Profile/O_R1,https://ballotpedia.org/Orlando_Ramos;https://en.wikipedia.org/wiki/Orlando_Ramos;https://justfacts.votesmart.org/candidate/biography/148829/orlando-ramos;https://malegislature.gov/api/GeneralCourts/192/LegislativeMembers;https://malegislature.gov/api/GeneralCourts/192/LegislativeMembers/;https://malegislature.gov/api/GeneralCourts/192/LegislativeMembers/O_R1;https://malegislature.gov/api/GeneralCourts/193/LegislativeMembers;https://malegislature.gov/api/GeneralCourts/193/LegislativeMembers/;https://malegislature.gov/api/GeneralCourts/193/LegislativeMembers/O_R1;https://malegislature.gov/Legislators/Profile/O_R1,,,,"Springfield, MA 01104",413-271-7955,,,,,,
ocd-person/e50e8121-bc6f-4aaa-8cf2-f1cbd53c9172,Pat Duffy,Democratic,5th Hampden,lower,Pat,Duffy,Female,patricia.duffy@mahouse.gov,,1963-08-08,,https://malegislature.gov/Legislators/Profile/170/PAD1.jpg,https://malegislature.gov/Legislators/Profile/PAD1,https://ballotpedia.org/Patricia_Duffy;https://en.wikipedia.org/wiki/Patricia_Duffy;https://malegislature.gov/api/GeneralCourts/192/LegislativeMembers;https://malegislature.gov/api/GeneralCourts/192/LegislativeMembers/;https://malegislature.gov/api/GeneralCourts/192/LegislativeMembers/PAD1;https://malegislature.gov/api/GeneralCourts/193/LegislativeMembers;https://malegislature.gov/api/GeneralCourts/193/LegislativeMembers/;https://malegislature.gov/api/GeneralCourts/193/LegislativeMembers/PAD1;https://malegislature.gov/Legislators/Profile/PAD1;https://www.linkedin.com/in/patriciaaduffy,,,,,,,,,,,
ocd-person/6de50ed2-4fe8-4b98-894d-0bc391c876b5,Pat Jehlen,Democratic,Second Middlesex,upper,Pat,Jehlen,Female,patricia.jehlen@masenate.gov,,1943-10-14,,https://malegislature.gov/Legislators/Profile/170/PDJ0.jpg,https://malegislature.gov/Legislators/Profile/PDJ0;https://www.patjehlen.org/,https://ballotpedia.org/Patricia_Jehlen;https://en.wikipedia.org/wiki/Patricia_D._Jehlen;https://justfacts.votesmart.org/candidate/biography/4820/pat-jehlen;https://malegislature.gov/api/GeneralCourts/192/LegislativeMembers;https://malegislature.gov/api/GeneralCourts/192/LegislativeMembers/;https://malegislature.gov/api/GeneralCourts/192/LegislativeMembers/PDJ0;https://malegislature.gov/api/GeneralCourts/193/LegislativeMembers;https://malegislature.gov/api/GeneralCourts/193/LegislativeMembers/;https://malegislature.gov/api/GeneralCourts/193/LegislativeMembers/PDJ0;https://malegislature.gov/Legislators/Profile/PDJ0;https://www.linkedin.com/in/pat-jehlen-271940a;https://www.patjehlen.org;https://www.patjehlen.org/about-pat,,,,,,,,,,,
ocd-person/0a288f3d-397f-4e7b-8bfd-b5032ae1421f,Patrick Kearney,Democratic,4th Plymouth,lower,Patrick,Kearney,Male,patrick.kearney@mahouse.gov,,,,https://malegislature.gov/Legislators/Profile/170/PJK1.jpg,https://malegislature.gov/Legislators/Profile/PJK1,https://ballotpedia.org/Patrick_Joseph_Kearney;https://en.wikipedia.org/wiki/Patrick_J._Kearney;https://malegislature.gov/api/GeneralCourts/192/LegislativeMembers;https://malegislature.gov/api/GeneralCourts/192/LegislativeMembers/;https://malegislature.gov/api/GeneralCourts/192/LegislativeMembers/PJK1;https://malegislature.gov/api/GeneralCourts/193/LegislativeMembers;https://malegislature.gov/api/GeneralCourts/193/LegislativeMembers/;https://malegislature.gov/api/GeneralCourts/193/LegislativeMembers/PJK1;https://malegislature.gov/Legislators/Profile/PJK1;https://www.linkedin.com/in/kearney4rep,,,,,,,,,,,
ocd-person/493988da-4de8-49a0-8d6c-090097e89920,Patrick O'Connor,Republican,First Plymouth and Norfolk,upper,Patrick,O'Connor,Male,patrick.oconnor@masenate.gov,,1984-08-13,,https://malegislature.gov/Legislators/Profile/170/PMO.jpg,https://malegislature.gov/Legislators/Profile/PMO;https://www.senatoroconnor.com/,https://ballotpedia.org/Patrick_O%27Connor_(Massachusetts);https://en.wikipedia.org/wiki/Patrick_O%27Connor_(Massachusetts_politician);https://justfacts.votesmart.org/candidate/biography/75467/patrick-oconnor;https://malegislature.gov/api/GeneralCourts/192/LegislativeMembers;https://malegislature.gov/api/GeneralCourts/192/LegislativeMembers/;https://malegislature.gov/api/GeneralCourts/192/LegislativeMembers/PMO;https://malegislature.gov/api/GeneralCourts/193/LegislativeMembers;https://malegislature.gov/api/GeneralCourts/193/LegislativeMembers/;https://malegislature.gov/api/GeneralCourts/193/LegislativeMembers/PMO;https://malegislature.gov/Legislators/Profile/PMO;https://www.linkedin.com/in/patrick-o-connor-29b3b29;https://www.senatoroconnor.com,,,,,,,,,,,
ocd-person/18bf433d-24e5-46cb-9d83-c2f9373204bd,Paul Donato,Democratic,35th Middlesex,lower,Paul,Donato,Male,paul.donato@mahouse.gov,,1941-10-27,,https://malegislature.gov/Legislators/Profile/170/PJD1.jpg,https://malegislature.gov/Legislators/Profile/PJD1,"https://ballotpedia.org/Paul_Donato,_Sr.;https://en.wikipedia.org/wiki/Paul_Donato;https://justfacts.votesmart.org/candidate/biography/54358/paul-donato-sr;https://malegislature.gov/api/GeneralCourts/192/LegislativeMembers;https://malegislature.gov/api/GeneralCourts/192/LegislativeMembers/;https://malegislature.gov/api/GeneralCourts/192/LegislativeMembers/PJD1;https://malegislature.gov/api/GeneralCourts/193/LegislativeMembers;https://malegislature.gov/api/GeneralCourts/193/LegislativeMembers/;https://malegislature.gov/api/GeneralCourts/193/LegislativeMembers/PJD1;https://malegislature.gov/Legislators/Profile/PJD1;https://www.linkedin.com/in/paul-donato-b574b416",,,,MA,781-395-1683,781-395-2871,,,,,
ocd-person/fdc5586f-0db3-4614-af1f-72a42cf5e6f0,Paul Frost,Republican,7th Worcester,lower,Paul,Frost,Male,paul.frost@mahouse.gov,,,,https://s3.amazonaws.com/ballotpedia-api4/files/thumbs/200/300/Paul-Frost.jpg,https://malegislature.gov/Legislators/Profile/PKF1,https://ballotpedia.org/Paul_Frost;https://en.wikipedia.org/wiki/Paul_Frost;https://malegislature.gov/api/GeneralCourts/192/LegislativeMembers;https://malegislature.gov/api/GeneralCourts/192/LegislativeMembers/;https://malegislature.gov/api/GeneralCourts/192/LegislativeMembers/PKF1;https://malegislature.gov/api/GeneralCourts/193/LegislativeMembers;https://malegislature.gov/api/GeneralCourts/193/LegislativeMembers/;https://malegislature.gov/api/GeneralCourts/193/LegislativeMembers/PKF1;https://malegislature.gov/Legislators/Profile/PKF1;https://www.linkedin.com/in/paul-frost-74784aa,,,,,,,,,,,
ocd-person/d0e66289-022e-4a99-ac8c-f20fb7557e7f,Paul McMurtry,Democratic,11th Norfolk,lower,Paul,McMurtry,Male,paul.mcmurtry@mahouse.gov,,1965-10-28,,https://malegislature.gov/Legislators/Profile/170/P_M1.jpg,https://malegislature.gov/Legislators/Profile/P_M1,https://ballotpedia.org/Paul_McMurtry;https://en.wikipedia.org/wiki/Paul_McMurtry;https://justfacts.votesmart.org/candidate/biography/74235/paul-mcmurtry;https://malegislature.gov/api/GeneralCourts/192/LegislativeMembers;https://malegislature.gov/api/GeneralCourts/192/LegislativeMembers/;https://malegislature.gov/api/GeneralCourts/192/LegislativeMembers/P_M1;https://malegislature.gov/api/GeneralCourts/193/LegislativeMembers;https://malegislature.gov/api/GeneralCourts/193/LegislativeMembers/;https://malegislature.gov/api/GeneralCourts/193/LegislativeMembers/P_M1;https://malegislature.gov/Legislators/Profile/P_M1,,,,,,,,,,,
ocd-person/b390af07-1fa2-4516-b8f0-b6bd1b62121a,Paul Feeney,Democratic,Bristol and Norfolk,upper,Paul,Feeney,Male,paul.feeney@masenate.gov,,1978-03-23,,https://malegislature.gov/Legislators/Profile/170/PRF0.jpg,https://malegislature.gov/Legislators/Profile/PRF0,https://ballotpedia.org/Paul_Feeney;https://en.wikipedia.org/wiki/Paul_Feeney;https://justfacts.votesmart.org/candidate/67571/paul-feeney;https://malegislature.gov/api/GeneralCourts/192/LegislativeMembers;https://malegislature.gov/api/GeneralCourts/192/LegislativeMembers/;https://malegislature.gov/api/GeneralCourts/192/LegislativeMembers/PRF0;https://malegislature.gov/api/GeneralCourts/193/LegislativeMembers;https://malegislature.gov/api/GeneralCourts/193/LegislativeMembers/;https://malegislature.gov/api/GeneralCourts/193/LegislativeMembers/PRF0;https://malegislature.gov/Legislators/Profile/PRF0;https://www.linkedin.com/in/paul-feeney-b6525aa;https://www.senatorfeeney.com;https://www.senatorfeeney.com/about-paul;https://www.votefeeney.com/meet_paul,,,,,,,,,,,
ocd-person/fd5aaac8-48f5-42c2-82a8-abaf6c5de650,Paul Mark,Democratic,"Berkshire, Hampden, Franklin and Hampshire",upper,Paul,Mark,Male,paul.mark@masenate.gov,,,,https://malegislature.gov/Legislators/Profile/170/PWM0.jpg,https://malegislature.gov/Legislators/Profile/PWM0;https://malegislature.gov/Legislators/Profile/PWM1,https://ballotpedia.org/Paul_Mark;https://en.wikipedia.org/wiki/Paul_Mark;https://justfacts.votesmart.org/candidate/biography/124969/paul-mark;https://malegislature.gov/api/GeneralCourts/192/LegislativeMembers;https://malegislature.gov/api/GeneralCourts/192/LegislativeMembers/;https://malegislature.gov/api/GeneralCourts/192/LegislativeMembers/PWM1;https://malegislature.gov/api/GeneralCourts/193/LegislativeMembers;https://malegislature.gov/api/GeneralCourts/193/LegislativeMembers/;https://malegislature.gov/api/GeneralCourts/193/LegislativeMembers/PWM0;https://malegislature.gov/Legislators/Profile/PWM0;https://malegislature.gov/Legislators/Profile/PWM1;https://www.linkedin.com/in/paul-mark-2b4116a,,,,"773 Tyler St., Pittsfield, MA 01201",413-464-5635,,,,,,
ocd-person/1d33d1e7-dae9-4e98-aa9e-626b0d711d9a,Pavel Payano,Democratic,First Essex,upper,Pavel,Payano,Male,pavel.payano@masenate.gov,,1985-11-30,,https://malegislature.gov/Legislators/Profile/170/PMP0.jpg,https://malegislature.gov/Legislators/Profile/PMP0,https://ballotpedia.org/Pavel_Payano;https://en.wikipedia.org/wiki/Pavel_Payano;https://justfacts.votesmart.org/candidate/biography/154126/pavel-payano;https://malegislature.gov/api/GeneralCourts/193/LegislativeMembers;https://malegislature.gov/api/GeneralCourts/193/LegislativeMembers/;https://malegislature.gov/api/GeneralCourts/193/LegislativeMembers/PMP0;https://malegislature.gov/Legislators/Profile/PMP0;https://www.linkedin.com/in/pavelpayano;https://www.pavelpayano.com/meet-pavel,,,,,,,,,,,
ocd-person/c674060b-4568-43fa-b72d-0921f4876713,Peter Durant,Republican,Worcester and Hampshire,upper,Peter,Durant,Male,peter.durant@masenate.gov,,,,https://malegislature.gov/Legislators/Profile/170/PJD0.jpg,https://malegislature.gov/Legislators/Profile/PJD0,https://ballotpedia.org/Peter_Durant;https://en.wikipedia.org/wiki/Peter_Durant;https://justfacts.votesmart.org/candidate/biography/124927/peter-durant;https://malegislature.gov/api/GeneralCourts/193/LegislativeMembers;https://malegislature.gov/api/GeneralCourts/193/LegislativeMembers/;https://malegislature.gov/api/GeneralCourts/193/LegislativeMembers/PJD0;https://malegislature.gov/Legislators/Profile/PJD0;https://www.linkedin.com/in/peter-durant-21904a35,,,,,,,,,,,
ocd-person/a148ff77-2e73-4e42-a525-20e8d1ed569a,Priscila Sousa,Democratic,6th Middlesex,lower,Priscila,Sousa,Female,priscila.sousa@mahouse.gov,,,,https://malegislature.gov/Legislators/Profile/170/PSS1.jpg,https://malegislature.gov/Legislators/Profile/PSS1,https://ballotpedia.org/Priscila_Sousa;https://en.wikipedia.org/wiki/Priscila_Sousa;https://justfacts.votesmart.org/candidate/biography/209574/priscila-sousa;https://malegislature.gov/api/GeneralCourts/193/LegislativeMembers;https://malegislature.gov/api/GeneralCourts/193/LegislativeMembers/;https://malegislature.gov/api/GeneralCourts/193/LegislativeMembers/PSS1;https://malegislature.gov/Legislators/Profile/PSS1;https://www.linkedin.com/in/priscila-sousa,,,,,,,,,,,
ocd-person/fb97b139-c0dd-41b5-ae52-159528f47b11,Becca Rausch,Democratic,"Norfolk, Worcester and Middlesex",upper,Becca,Rausch,Female,becca.rausch@masenate.gov,,1979-08-31,,https://www.brandeis.edu/now/2019/january/images/rausch620.jpg,https://malegislature.gov/Legislators/Profile/RLR0;https://www.beccarauschma.com/,https://ballotpedia.org/Becca_Rausch;https://en.wikipedia.org/wiki/Becca_Rausch;https://justfacts.votesmart.org/candidate/biography/184660/becca-rausch;https://malegislature.gov/api/GeneralCourts/192/LegislativeMembers;https://malegislature.gov/api/GeneralCourts/192/LegislativeMembers/;https://malegislature.gov/api/GeneralCourts/192/LegislativeMembers/RLR0;https://malegislature.gov/api/GeneralCourts/193/LegislativeMembers;https://malegislature.gov/api/GeneralCourts/193/LegislativeMembers/;https://malegislature.gov/api/GeneralCourts/193/LegislativeMembers/RLR0;https://malegislature.gov/Legislators/Profile/RLR0;https://www.beccarauschma.com;https://www.linkedin.com/in/becca-rausch-5254235,,,,,,,,,,,
ocd-person/521620ea-1e5b-4a0c-94f8-abe888370e05,Rich Haggerty,Democratic,30th Middlesex,lower,Rich,Haggerty,Male,richard.haggerty@mahouse.gov,,,,https://malegislature.gov/Legislators/Profile/170/RMH1.jpg,https://malegislature.gov/Legislators/Profile/RMH1,https://ballotpedia.org/Richard_Haggerty;https://en.wikipedia.org/wiki/Richard_Haggerty;https://justfacts.votesmart.org/candidate/biography/132156/richard-haggerty;https://malegislature.gov/api/GeneralCourts/192/LegislativeMembers;https://malegislature.gov/api/GeneralCourts/192/LegislativeMembers/;https://malegislature.gov/api/GeneralCourts/192/LegislativeMembers/RMH1;https://malegislature.gov/api/GeneralCourts/193/LegislativeMembers;https://malegislature.gov/api/GeneralCourts/193/LegislativeMembers/;https://malegislature.gov/api/GeneralCourts/193/LegislativeMembers/RMH1;https://malegislature.gov/Legislators/Profile/RMH1;https://www.linkedin.com/in/richard-haggerty-2aa09690,,,,,,,,,,,
ocd-person/e988f332-eba5-40a4-b55f-554728360e6c,Richard Wells,Democratic,7th Norfolk,lower,Richard,Wells,Male,richard.wells@mahouse.gov,,,,https://malegislature.gov/Legislators/Profile/170/RGW1.jpg,https://malegislature.gov/Legislators/Profile/RGW1,https://ballotpedia.org/Richard_Wells_Jr.;https://en.wikipedia.org/wiki/Richard_Wells_(politician);https://malegislature.gov/Legislators/Profile/RGW1;https://www.linkedin.com/in/richard-wells-a375aa69,,,,,,,,,,,
ocd-person/87e3afd8-390c-45a3-97c6-2bb164ec1e90,Rita Mendes,Democratic,11th Plymouth,lower,Rita,Mendes,Female,rita.mendes@mahouse.gov,,,,https://malegislature.gov/Legislators/Profile/170/RAM1.jpg,https://malegislature.gov/Legislators/Profile/RAM1;https://www.staterepmendes.com/,https://ballotpedia.org/Rita_Mendes;https://en.wikipedia.org/wiki/Rita_Mendes;https://justfacts.votesmart.org/candidate/biography/198794/rita-mendes;https://malegislature.gov/api/GeneralCourts/193/LegislativeMembers;https://malegislature.gov/api/GeneralCourts/193/LegislativeMembers/;https://malegislature.gov/api/GeneralCourts/193/LegislativeMembers/RAM1;https://malegislature.gov/Legislators/Profile/RAM1;https://www.linkedin.com/in/rita-mendes-82986972;https://www.mendeslawgroup.com;https://www.staterepmendes.com,,,,,,,,,,,
ocd-person/edcd5892-2488-4945-a3da-86f40012d396,Rob Consalvo,Democratic,14th Suffolk,lower,Rob,Consalvo,Male,rob.consalvo@mahouse.gov,,1969-07-16,,https://malegislature.gov/Legislators/Profile/170/R_C1.jpg,https://malegislature.gov/Legislators/Profile/R_C1,https://ballotpedia.org/Rob_Consalvo;https://en.wikipedia.org/wiki/Robert_Consalvo;https://malegislature.gov/api/GeneralCourts/192/LegislativeMembers;https://malegislature.gov/api/GeneralCourts/192/LegislativeMembers/;https://malegislature.gov/api/GeneralCourts/192/LegislativeMembers/R_C1;https://malegislature.gov/api/GeneralCourts/193/LegislativeMembers;https://malegislature.gov/api/GeneralCourts/193/LegislativeMembers/;https://malegislature.gov/api/GeneralCourts/193/LegislativeMembers/R_C1;https://malegislature.gov/Legislators/Profile/R_C1;https://www.linkedin.com/in/rob-consalvo-a27ba47,,,,,,,,,,,
ocd-person/2fb1c0e0-edaa-4b55-9bbb-b6fe6b3e5dcc,Robyn Kennedy,Democratic,First Worcester,upper,Robyn,Kennedy,Female,robyn.kennedy@masenate.gov,,,,https://malegislature.gov/Legislators/Profile/170/RKK0.jpg,https://malegislature.gov/Legislators/Profile/RKK0,https://ballotpedia.org/Robyn_Kennedy;https://en.wikipedia.org/wiki/Robyn_Kennedy;https://justfacts.votesmart.org/candidate/biography/209540/robyn-kennedy;https://malegislature.gov/api/GeneralCourts/193/LegislativeMembers;https://malegislature.gov/api/GeneralCourts/193/LegislativeMembers/;https://malegislature.gov/api/GeneralCourts/193/LegislativeMembers/RKK0;https://malegislature.gov/Legislators/Profile/RKK0;https://www.linkedin.com/in/robyn-kennedy-30317b6,,,,,,,,,,,
ocd-person/49816a0c-b8e5-4586-859b-8a8f1ae9b6ab,Rodney Elliott,Democratic,16th Middlesex,lower,Rodney,Elliott,Male,rodney.elliott@mahouse.gov,,,,https://malegislature.gov/Legislators/Profile/170/RME1.jpg,https://malegislature.gov/Legislators/Profile/RME1,https://ballotpedia.org/Rodney_Elliott;https://en.wikipedia.org/wiki/Rodney_Elliott;https://justfacts.votesmart.org/candidate/biography/77710/rodney-elliott;https://malegislature.gov/api/GeneralCourts/193/LegislativeMembers;https://malegislature.gov/api/GeneralCourts/193/LegislativeMembers/;https://malegislature.gov/api/GeneralCourts/193/LegislativeMembers/RME1;https://malegislature.gov/Legislators/Profile/RME1;https://www.linkedin.com/in/rodney-elliott-54858730,,,,,,,,,,,
ocd-person/e142d28d-e57a-4ff9-afa4-c3cd149f2114,Ron Mariano,Democratic,3rd Norfolk,lower,Ron,Mariano,Male,ronald.mariano@mahouse.gov,,1946-10-31,,https://malegislature.gov/Legislators/Profile/170/R_M1.jpg,https://malegislature.gov/Legislators/Profile/R_M1,https://ballotpedia.org/Ronald_Mariano;https://en.wikipedia.org/wiki/Ronald_Mariano;https://justfacts.votesmart.org/candidate/biography/4846/ronald-mariano;https://malegislature.gov/api/GeneralCourts/192/LegislativeMembers;https://malegislature.gov/api/GeneralCourts/192/LegislativeMembers/;https://malegislature.gov/api/GeneralCourts/192/LegislativeMembers/R_M1;https://malegislature.gov/api/GeneralCourts/193/LegislativeMembers;https://malegislature.gov/api/GeneralCourts/193/LegislativeMembers/;https://malegislature.gov/api/GeneralCourts/193/LegislativeMembers/R_M1;https://malegislature.gov/Legislators/Profile/R_M1;https://www.linkedin.com/in/ron-mariano-0632b811;https://www.linkedin.com/in/ronald-mariano-956b29144,,,,,,,,,,,
ocd-person/078692f2-2afe-4aa1-a320-d4747edacbbb,Russell Holmes,Democratic,6th Suffolk,lower,Russell,Holmes,Male,russell.holmes@mahouse.gov,,1969-08-17,,https://malegislature.gov/Legislators/Profile/170/REH1.jpg,https://malegislature.gov/Legislators/Profile/REH1,https://ballotpedia.org/Russell_Holmes;https://en.wikipedia.org/wiki/Russell_Holmes;https://malegislature.gov/api/GeneralCourts/192/LegislativeMembers;https://malegislature.gov/api/GeneralCourts/192/LegislativeMembers/;https://malegislature.gov/api/GeneralCourts/192/LegislativeMembers/REH1;https://malegislature.gov/api/GeneralCourts/193/LegislativeMembers;https://malegislature.gov/api/GeneralCourts/193/LegislativeMembers/;https://malegislature.gov/api/GeneralCourts/193/LegislativeMembers/REH1;https://malegislature.gov/Legislators/Profile/REH1;https://www.linkedin.com/in/russellholmes1,,,,,,,,,,,
ocd-person/edebef62-78d9-4f8b-a94d-65a29dbc09f6,Ryan Fattman,Republican,Worcester and Hampden,upper,Ryan,Fattman,Male,ryan.fattman@masenate.gov,,1984-07-01,,https://malegislature.gov/Legislators/Profile/170/RCF0.jpg,https://malegislature.gov/Legislators/Profile/RCF0,https://ballotpedia.org/Ryan_Fattman;https://en.wikipedia.org/wiki/Ryan_Fattman;https://justfacts.votesmart.org/candidate/biography/124937/ryan-fattman;https://malegislature.gov/api/GeneralCourts/192/LegislativeMembers;https://malegislature.gov/api/GeneralCourts/192/LegislativeMembers/;https://malegislature.gov/api/GeneralCourts/192/LegislativeMembers/RCF0;https://malegislature.gov/api/GeneralCourts/193/LegislativeMembers;https://malegislature.gov/api/GeneralCourts/193/LegislativeMembers/;https://malegislature.gov/api/GeneralCourts/193/LegislativeMembers/RCF0;https://malegislature.gov/Legislators/Profile/RCF0;https://www.linkedin.com/in/ryan-c-fattman-40166b103;https://www.linkedin.com/in/ryan-fattman-71066911,,,,,,,,,,,
ocd-person/799d49f3-28e5-46a1-bcc8-6370e9fbf44a,Ryan Hamilton,Democratic,15th Essex,lower,Ryan,Hamilton,Male,ryan.hamilton@mahouse.gov,,,,https://malegislature.gov/Legislators/Profile/170/RMH2.jpg,https://malegislature.gov/Legislators/Profile/RMH2,https://ballotpedia.org/Ryan_Hamilton;https://en.wikipedia.org/wiki/Ryan_Hamilton_(Massachusetts_politician);https://justfacts.votesmart.org/candidate/biography/209567/ryan-hamilton;https://malegislature.gov/api/GeneralCourts/193/LegislativeMembers;https://malegislature.gov/api/GeneralCourts/193/LegislativeMembers/;https://malegislature.gov/api/GeneralCourts/193/LegislativeMembers/RMH2;https://malegislature.gov/Legislators/Profile/RMH2;https://www.linkedin.com/in/ryan-hamilton-578835217;https://www.linkedin.com/in/ryan-hamilton-b7a1b313a,,,,,,,,,,,
ocd-person/d691b834-a68d-44da-8140-9582ee37d8a6,Sal DiDomenico,Democratic,Middlesex and Suffolk,upper,Sal,DiDomenico,Male,sal.didomenico@masenate.gov,,1971-06-20,,https://malegislature.gov/Legislators/Profile/170/SND0.jpg,https://malegislature.gov/Legislators/Profile/SND0;https://www.senatordidomenico.com/,https://ballotpedia.org/Sal_DiDomenico;https://en.wikipedia.org/wiki/Sal_DiDomenico;https://justfacts.votesmart.org/candidate/75393/sal-didomenico;https://malegislature.gov/api/GeneralCourts/192/LegislativeMembers;https://malegislature.gov/api/GeneralCourts/192/LegislativeMembers/;https://malegislature.gov/api/GeneralCourts/192/LegislativeMembers/SND0;https://malegislature.gov/api/GeneralCourts/193/LegislativeMembers;https://malegislature.gov/api/GeneralCourts/193/LegislativeMembers/;https://malegislature.gov/api/GeneralCourts/193/LegislativeMembers/SND0;https://malegislature.gov/Legislators/Profile/SND0;https://www.linkedin.com/in/sal-didomenico-a398238;https://www.senatordidomenico.com;https://www.senatordidomenico.com/about,,,,,,,,,,,
ocd-person/308b15a0-dc30-41be-be53-9e5827522cac,Sally Kerans,Democratic,13th Essex,lower,Sally,Kerans,Female,sally.kerans@mahouse.gov,,1960-05-26,,https://malegislature.gov/Legislators/Profile/170/SPK1.jpg,https://malegislature.gov/Legislators/Profile/SPK1,https://ballotpedia.org/Sally_Kerans;https://en.wikipedia.org/wiki/Sally_Kerans;https://justfacts.votesmart.org/candidate/biography/4826/sally-kerans;https://malegislature.gov/api/GeneralCourts/192/LegislativeMembers;https://malegislature.gov/api/GeneralCourts/192/LegislativeMembers/;https://malegislature.gov/api/GeneralCourts/192/LegislativeMembers/SPK1;https://malegislature.gov/api/GeneralCourts/193/LegislativeMembers;https://malegislature.gov/api/GeneralCourts/193/LegislativeMembers/;https://malegislature.gov/api/GeneralCourts/193/LegislativeMembers/SPK1;https://malegislature.gov/Legislators/Profile/SPK1;https://www.linkedin.com/in/sally-kerans-09111613,,,,,,,,,,,
ocd-person/668db267-f9e1-4839-918d-c092741f96f9,Sam Montaño,Democratic,15th Suffolk,lower,Sam,Montaño,X,samantha.montano@mahouse.gov,,,,https://malegislature.gov/Legislators/Profile/170/S_M1.jpg,https://malegislature.gov/Legislators/Profile/S_M1;https://malegislature.gov/Legislators/Profile/S_M1/;https://malegislature.gov/Legislators/Profile/S_M1/District,https://ballotpedia.org/Sam_Monta%C3%B1o;https://en.wikipedia.org/wiki/Sam_Monta%C3%B1o;https://malegislature.gov/api/GeneralCourts/193/LegislativeMembers;https://malegislature.gov/api/GeneralCourts/193/LegislativeMembers/;https://malegislature.gov/api/GeneralCourts/193/LegislativeMembers/S_M1;https://malegislature.gov/Legislators/Profile/S_M1;https://malegislature.gov/Legislators/Profile/S_M1/District;https://www.linkedin.com/in/samantha-monta%C3%B1o-a36815107,,,,,,,,,,,
ocd-person/1e9d742c-c20b-45cf-9e22-e7752189fa7a,Sean Garballey,Democratic,23rd Middlesex,lower,Sean,Garballey,Male,sean.garballey@mahouse.gov,,1985-02-22,,https://malegislature.gov/Legislators/Profile/170/S_G1.jpg,https://malegislature.gov/Legislators/Profile/S_G1,https://ballotpedia.org/Sean_Garballey;https://en.wikipedia.org/wiki/Sean_Garballey;https://justfacts.votesmart.org/candidate/biography/103921/sean-garballey;https://malegislature.gov/api/GeneralCourts/192/LegislativeMembers;https://malegislature.gov/api/GeneralCourts/192/LegislativeMembers/;https://malegislature.gov/api/GeneralCourts/192/LegislativeMembers/S_G1;https://malegislature.gov/api/GeneralCourts/193/LegislativeMembers;https://malegislature.gov/api/GeneralCourts/193/LegislativeMembers/;https://malegislature.gov/api/GeneralCourts/193/LegislativeMembers/S_G1;https://malegislature.gov/Legislators/Profile/S_G1;https://seangarballey.wordpress.com;https://www.linkedin.com/in/sean-garballey-b5b5a313b,,,,,,,,,,,
ocd-person/d3ad855a-567f-443a-bb9f-480a0c95fb06,Sean Reid,Democratic,11th Essex,lower,Sean,Reid,Male,sean.reid@mahouse.gov,,1995-05-19,,"https://static.wixstatic.com/media/afaf11_7be85579b8f44be19dc438362812307c~mv2.jpg/v1/crop/x_0,y_241,w_1500,h_1845/fill/w_560,h_689,al_c,q_85,usm_0.66_1.00_0.01,enc_auto/SeanHeadshot.jpg",https://malegislature.gov/Legislators/Profile/S_R1;https://malegislature.gov/Legislators/Profile/S_R1/Biography,https://ballotpedia.org/Sean_Reid;https://en.wikipedia.org/wiki/Sean_Reid_(politician);https://malegislature.gov/Legislators/Profile/S_R1;https://malegislature.gov/Legislators/Profile/S_R1/Biography;https://www.linkedin.com/in/reiddsean;https://www.linkedin.com/in/sean-r-13174083,,,,,,,,,,,
ocd-person/ff433cf6-2895-4e01-b143-26747500f8a4,Shirley Arriaga,Democratic,8th Hampden,lower,Shirley,Arriaga,Female,shirley.arriaga@mahouse.gov,,,,https://malegislature.gov/Legislators/Profile/170/SBA1.jpg,https://malegislature.gov/Legislators/Profile/SBA1,https://ballotpedia.org/Shirley_Arriaga;https://en.wikipedia.org/wiki/Shirley_Arriaga;https://malegislature.gov/api/GeneralCourts/193/LegislativeMembers;https://malegislature.gov/api/GeneralCourts/193/LegislativeMembers/;https://malegislature.gov/api/GeneralCourts/193/LegislativeMembers/SBA1;https://malegislature.gov/Legislators/Profile/SBA1;https://www.linkedin.com/in/shirley-arriaga,,,,,,,,,,,
ocd-person/f43366ee-ff27-43ac-aa55-629be715b4a9,Simon Cataldo,Democratic,14th Middlesex,lower,Simon,Cataldo,Male,simon.cataldo@mahouse.gov,,1986-07-19,,https://malegislature.gov/Legislators/Profile/170/S_C1.jpg,https://malegislature.gov/Legislators/Profile/S_C1;https://www.repcataldo.com/,https://ballotpedia.org/Simon_Cataldo;https://en.wikipedia.org/wiki/Simon_Cataldo;https://justfacts.votesmart.org/candidate/biography/209578/simon-cataldo;https://malegislature.gov/api/GeneralCourts/193/LegislativeMembers;https://malegislature.gov/api/GeneralCourts/193/LegislativeMembers/;https://malegislature.gov/api/GeneralCourts/193/LegislativeMembers/S_C1;https://malegislature.gov/Legislators/Profile/S_C1;https://www.linkedin.com/in/simon-cataldo-34315412;https://www.repcataldo.com,,,,,,,,,,,
ocd-person/f20dd448-92ef-458c-bf92-90e7e766072a,Steve Owens,Democratic,29th Middlesex,lower,Steve,Owens,Male,steven.owens@mahouse.gov,,,,https://malegislature.gov/Legislators/Profile/170/SCO1.jpg,https://malegislature.gov/Legislators/Profile/SCO1,https://ballotpedia.org/Steven_Owens_(Massachusetts);https://en.wikipedia.org/wiki/Steven_Owens;https://justfacts.votesmart.org/candidate/194827/steven-owens;https://malegislature.gov/api/GeneralCourts/192/LegislativeMembers;https://malegislature.gov/api/GeneralCourts/192/LegislativeMembers/;https://malegislature.gov/api/GeneralCourts/192/LegislativeMembers/SCO1;https://malegislature.gov/api/GeneralCourts/193/LegislativeMembers;https://malegislature.gov/api/GeneralCourts/193/LegislativeMembers/;https://malegislature.gov/api/GeneralCourts/193/LegislativeMembers/SCO1;https://malegislature.gov/Legislators/Profile/SCO1;https://www.linkedin.com/in/steve-owens-9849281b,,,,,,,,,,,
ocd-person/485e001e-95e9-4b79-9226-cf028a307138,Steve Xiarhos,Republican,5th Barnstable,lower,Steve,Xiarhos,Male,steven.xiarhos@mahouse.gov,,1958-12-08,,https://malegislature.gov/Legislators/Profile/170/SGX1.jpg,https://malegislature.gov/Legislators/Profile/SGX1,https://ballotpedia.org/Steven_Xiarhos;https://en.wikipedia.org/wiki/Steven_Xiarhos;https://malegislature.gov/api/GeneralCourts/192/LegislativeMembers;https://malegislature.gov/api/GeneralCourts/192/LegislativeMembers/;https://malegislature.gov/api/GeneralCourts/192/LegislativeMembers/SGX1;https://malegislature.gov/api/GeneralCourts/193/LegislativeMembers;https://malegislature.gov/api/GeneralCourts/193/LegislativeMembers/;https://malegislature.gov/api/GeneralCourts/193/LegislativeMembers/SGX1;https://malegislature.gov/Legislators/Profile/SGX1;https://www.linkedin.com/in/steven-xiarhos-14b78261,,,,,,,,,,,
ocd-person/0fbe25ff-563e-4563-8523-f151bd839e3c,Steven Ouellette,Democratic,8th Bristol,lower,Steven,Ouellette,Male,steve.ouellette@mahouse.gov,,,,https://s3.amazonaws.com/ballotpedia-api4/files/thumbs/200/300/Steven_Ouellette_20241027_114832.jpeg,https://malegislature.gov/Legislators/Profile/SJO1,https://ballotpedia.org/Steven_Ouellette;https://en.wikipedia.org/wiki/Steven_Ouellette;https://malegislature.gov/Legislators/Profile/SJO1,,,,MA,508-677-0905,,,,,,
ocd-person/54487f49-5377-4c41-bd97-60b748cc240a,Steven Howitt,Republican,4th Bristol,lower,Steven,Howitt,Male,steven.howitt@mahouse.gov,,,,https://malegislature.gov/Legislators/Profile/170/SSH1.jpg,https://malegislature.gov/Legislators/Profile/SSH1,https://ballotpedia.org/Steven_Howitt;https://en.wikipedia.org/wiki/Steve_Howitt;https://malegislature.gov/api/GeneralCourts/192/LegislativeMembers;https://malegislature.gov/api/GeneralCourts/192/LegislativeMembers/;https://malegislature.gov/api/GeneralCourts/192/LegislativeMembers/SSH1;https://malegislature.gov/api/GeneralCourts/193/LegislativeMembers;https://malegislature.gov/api/GeneralCourts/193/LegislativeMembers/;https://malegislature.gov/api/GeneralCourts/193/LegislativeMembers/SSH1;https://malegislature.gov/Legislators/Profile/SSH1;https://www.linkedin.com/in/stevenhowitt,,,,,,,,,,,
ocd-person/209427dd-91f0-45d6-ae8c-05a51872c10c,Steve Ultrino,Democratic,33rd Middlesex,lower,Steve,Ultrino,Male,steven.ultrino@mahouse.gov,,,,https://malegislature.gov/Legislators/Profile/170/S_G2.jpg,https://malegislature.gov/Legislators/Profile/S_G2,https://ballotpedia.org/Steven_Ultrino;https://en.wikipedia.org/wiki/Steven_Ultrino;https://justfacts.votesmart.org/candidate/biography/148776/steve-ultrino;https://malegislature.gov/api/GeneralCourts/192/LegislativeMembers;https://malegislature.gov/api/GeneralCourts/192/LegislativeMembers/;https://malegislature.gov/api/GeneralCourts/192/LegislativeMembers/S_G2;https://malegislature.gov/api/GeneralCourts/193/LegislativeMembers;https://malegislature.gov/api/GeneralCourts/193/LegislativeMembers/;https://malegislature.gov/api/GeneralCourts/193/LegislativeMembers/S_G2;https://malegislature.gov/Legislators/Profile/S_G2;https://www.linkedin.com/in/ultrinoforward2,,,,,,,,,,,
ocd-person/76b07f35-1876-4259-9c0a-bdf595541c39,Susannah Whipps,Independent,2nd Franklin,lower,Susannah,Whipps,Female,susannah.whipps@mahouse.gov,,,,https://malegislature.gov/Legislators/Profile/170/SLG1.jpg,https://malegislature.gov/Legislators/Profile/SLG1,https://ballotpedia.org/Susannah_Whipps;https://en.wikipedia.org/wiki/Susannah_Whipps_Lee;https://malegislature.gov/api/GeneralCourts/192/LegislativeMembers;https://malegislature.gov/api/GeneralCourts/192/LegislativeMembers/;https://malegislature.gov/api/GeneralCourts/192/LegislativeMembers/SLG1;https://malegislature.gov/api/GeneralCourts/193/LegislativeMembers;https://malegislature.gov/api/GeneralCourts/193/LegislativeMembers/;https://malegislature.gov/api/GeneralCourts/193/LegislativeMembers/SLG1;https://malegislature.gov/Legislators/Profile/SLG1;https://www.linkedin.com/in/susannah-whipps-901422b6;https://www.linkedin.com/in/susannah-whipps-lee-6aa30849,,,,"352 Main St., Athol, MA 01331",978-895-9606,,,,,,
ocd-person/6b420d2a-f12d-40ca-a13f-04cf9061a66b,Tackey Chan,Democratic,2nd Norfolk,lower,Tackey,Chan,Male,tackey.chan@mahouse.gov,,1973-08-10,,https://malegislature.gov/Legislators/Profile/170/T_C1.jpg,https://malegislature.gov/Legislators/Profile/T_C1,https://ballotpedia.org/Tackey_Chan;https://en.wikipedia.org/wiki/Tackey_Chan;https://justfacts.votesmart.org/candidate/biography/125254/tackey-chan;https://malegislature.gov/api/GeneralCourts/192/LegislativeMembers;https://malegislature.gov/api/GeneralCourts/192/LegislativeMembers/;https://malegislature.gov/api/GeneralCourts/192/LegislativeMembers/T_C1;https://malegislature.gov/api/GeneralCourts/193/LegislativeMembers;https://malegislature.gov/api/GeneralCourts/193/LegislativeMembers/;https://malegislature.gov/api/GeneralCourts/193/LegislativeMembers/T_C1;https://malegislature.gov/Legislators/Profile/T_C1;https://www.boyleshaughnessy.com/attorney/tackey-chan;https://www.linkedin.com/in/tackey-chan-3600141,,,,,,,,,,,
ocd-person/e5b9b2d0-1626-4151-93cf-73c16035a584,Tara Hong,Democratic,18th Middlesex,lower,Tara,Hong,Male,tara.hong@mahouse.gov,,2000-05-17,,https://malegislature.gov/Legislators/Profile/170/TTH1.jpg,https://malegislature.gov/Legislators/Profile/TTH1,https://ballotpedia.org/Tara_Hong;https://en.wikipedia.org/wiki/Tara_Hong;https://malegislature.gov/Legislators/Profile/TTH1;https://www.linkedin.com/in/tara-hong-8831471b5,,,,MA,978-226-8964,,,,,,
ocd-person/2becbe4e-5b5e-4b42-be87-b4abf57550c7,Tom Stanley,Democratic,9th Middlesex,lower,Tom,Stanley,Male,thomas.stanley@mahouse.gov,,,,https://malegislature.gov/Legislators/Profile/170/TMS1.jpg,https://malegislature.gov/Legislators/Profile/TMS1,https://ballotpedia.org/Thomas_Stanley;https://en.wikipedia.org/wiki/Thomas_M._Stanley;https://malegislature.gov/api/GeneralCourts/192/LegislativeMembers;https://malegislature.gov/api/GeneralCourts/192/LegislativeMembers/;https://malegislature.gov/api/GeneralCourts/192/LegislativeMembers/TMS1;https://malegislature.gov/api/GeneralCourts/193/LegislativeMembers;https://malegislature.gov/api/GeneralCourts/193/LegislativeMembers/;https://malegislature.gov/api/GeneralCourts/193/LegislativeMembers/TMS1;https://malegislature.gov/Legislators/Profile/TMS1;https://www.linkedin.com/in/thomas-m-stanley-43871360,,,,,,,,,,,
ocd-person/ebfdda03-c083-4a13-b3a4-f87f6e24adac,Thomas Moakley,Democratic,"Barnstable, Dukes and Nantucket",lower,Thomas,Moakley,Male,thomas.moakley@mahouse.gov,,,,https://malegislature.gov/Legislators/Profile/170/TWM1.jpg,https://malegislature.gov/Legislators/Profile/TWM1,https://ballotpedia.org/Thomas_Moakley;https://en.wikipedia.org/wiki/Thomas_Moakley;https://malegislature.gov/Legislators/Profile/TWM1;https://www.linkedin.com/in/thomas-moakley-623031a8,,,,,,,,,,,
ocd-person/5f796cb3-08ae-40c4-8c11-a2758f317cc2,Tom Walsh,Democratic,12th Essex,lower,Tom,Walsh,Male,thomas.walsh@mahouse.gov,,1960-07-15,,https://malegislature.gov/Legislators/Profile/170/TJW1.jpg,https://malegislature.gov/Legislators/Profile/TJW1,https://ballotpedia.org/Thomas_Walsh_(Massachusetts);https://en.wikipedia.org/wiki/Thomas_Walsh_(Massachusetts_politician);https://malegislature.gov/api/GeneralCourts/192/LegislativeMembers;https://malegislature.gov/api/GeneralCourts/192/LegislativeMembers/;https://malegislature.gov/api/GeneralCourts/192/LegislativeMembers/TJW1;https://malegislature.gov/api/GeneralCourts/193/LegislativeMembers;https://malegislature.gov/api/GeneralCourts/193/LegislativeMembers/;https://malegislature.gov/api/GeneralCourts/193/LegislativeMembers/TJW1;https://malegislature.gov/Legislators/Profile/TJW1,,,,,,,,,,,
ocd-person/d8895862-a95b-4982-bb2e-31c8ffa4bf57,Todd Smola,Republican,1st Hampden,lower,Todd,Smola,Male,todd.smola@mahouse.gov,,,,https://malegislature.gov/Legislators/Profile/170/TMS2.jpg,https://malegislature.gov/Legislators/Profile/TMS2,https://ballotpedia.org/Todd_Smola;https://en.wikipedia.org/wiki/Todd_Smola;https://justfacts.votesmart.org/candidate/biography/35966/todd-smola;https://malegislature.gov/api/GeneralCourts/192/LegislativeMembers;https://malegislature.gov/api/GeneralCourts/192/LegislativeMembers/;https://malegislature.gov/api/GeneralCourts/192/LegislativeMembers/TMS2;https://malegislature.gov/api/GeneralCourts/193/LegislativeMembers;https://malegislature.gov/api/GeneralCourts/193/LegislativeMembers/;https://malegislature.gov/api/GeneralCourts/193/LegislativeMembers/TMS2;https://malegislature.gov/Legislators/Profile/TMS2;https://www.linkedin.com/in/todd-smola-01aba36,,,,,,,,,,,
ocd-person/7a234dbf-2f9f-466f-8db1-44ac0f3975a8,Tommy Vitolo,Democratic,15th Norfolk,lower,Tommy,Vitolo,Male,tommy.vitolo@mahouse.gov,,,,https://malegislature.gov/Legislators/Profile/170/T_V1.jpg,https://malegislature.gov/Legislators/Profile/T_V1,https://ballotpedia.org/Tommy_Vitolo;https://en.wikipedia.org/wiki/Tommy_Vitolo;https://justfacts.votesmart.org/candidate/biography/184721/tommy-vitolo;https://malegislature.gov/api/GeneralCourts/192/LegislativeMembers;https://malegislature.gov/api/GeneralCourts/192/LegislativeMembers/;https://malegislature.gov/api/GeneralCourts/192/LegislativeMembers/T_V1;https://malegislature.gov/api/GeneralCourts/193/LegislativeMembers;https://malegislature.gov/api/GeneralCourts/193/LegislativeMembers/;https://malegislature.gov/api/GeneralCourts/193/LegislativeMembers/T_V1;https://malegislature.gov/Legislators/Profile/T_V1;https://www.linkedin.com/in/tommy-vitolo-67a1a826,,,,,,,,,,,
ocd-person/1e7b8d51-56fa-4faf-93e6-9b485812ddf9,Tram Nguyen,Democratic,18th Essex,lower,Tram,Nguyen,Female,tram.nguyen@mahouse.gov,,1986-06-22,,https://malegislature.gov/Legislators/Profile/170/TTN1.jpg,https://malegislature.gov/Legislators/Profile/TTN1,https://ballotpedia.org/Tram_Nguyen;https://en.wikipedia.org/wiki/Tram_Nguyen;https://malegislature.gov/api/GeneralCourts/192/LegislativeMembers;https://malegislature.gov/api/GeneralCourts/192/LegislativeMembers/;https://malegislature.gov/api/GeneralCourts/192/LegislativeMembers/TTN1;https://malegislature.gov/api/GeneralCourts/193/LegislativeMembers;https://malegislature.gov/api/GeneralCourts/193/LegislativeMembers/;https://malegislature.gov/api/GeneralCourts/193/LegislativeMembers/TTN1;https://malegislature.gov/Legislators/Profile/TTN1;https://www.linkedin.com/in/tram-t-nguyen,,,,,,,,,,,
ocd-person/1f444dfe-d3b3-4852-ab10-0682206d773d,Tricia Farley-Bouvier,Democratic,2nd Berkshire,lower,Tricia,Farley-Bouvier,Female,tricia.farley-bouvier@mahouse.gov,,,,https://malegislature.gov/Legislators/Profile/170/TFB1.jpg,https://malegislature.gov/Legislators/Profile/TFB1,https://ballotpedia.org/Tricia_Farley-Bouvier;https://en.wikipedia.org/wiki/Tricia_Farley-Bouvier;https://malegislature.gov/api/GeneralCourts/193/LegislativeMembers;https://malegislature.gov/api/GeneralCourts/193/LegislativeMembers/;https://malegislature.gov/api/GeneralCourts/193/LegislativeMembers/TFB1;https://malegislature.gov/Legislators/Profile/TFB1;https://www.linkedin.com/in/tricia-farley-bouvier-72b84431,,,,"431 North St., Pittsfield, MA 01201",413-442-4300,,,,,,
ocd-person/053aae1e-ae76-41b0-912c-39f27f3f6d6f,Vanna Howard,Democratic,First Middlesex,upper,Vanna,Howard,Female,vanna.howard@masenate.gov,,,,https://malegislature.gov/Legislators/Profile/170/V_H1.jpg,https://malegislature.gov/Legislators/Profile/V_H0;https://malegislature.gov/Legislators/Profile/V_H1,https://ballotpedia.org/Vanna_Howard;https://en.wikipedia.org/wiki/Vanna_Howard;https://justfacts.votesmart.org/candidate/biography/194833/vanna-howard;https://malegislature.gov/api/GeneralCourts/192/LegislativeMembers;https://malegislature.gov/api/GeneralCourts/192/LegislativeMembers/;https://malegislature.gov/api/GeneralCourts/192/LegislativeMembers/V_H1;https://malegislature.gov/api/GeneralCourts/193/LegislativeMembers;https://malegislature.gov/api/GeneralCourts/193/LegislativeMembers/;https://malegislature.gov/api/GeneralCourts/193/LegislativeMembers/V_H1;https://malegislature.gov/Legislators/Profile/V_H0;https://malegislature.gov/Legislators/Profile/V_H1;https://www.linkedin.com/in/vanna-howard-6219ab1b,,,,,,,,,,,
ocd-person/04997a33-67a9-4535-95d2-c9a4c260519d,Bill Galvin,Democratic,6th Norfolk,lower,Bill,Galvin,Male,william.galvin@mahouse.gov,,1956-10-18,,https://malegislature.gov/Legislators/Profile/170/WCG1.jpg,https://malegislature.gov/Legislators/Profile/WCG1,https://ballotpedia.org/William_Galvin_(House_of_Representatives);https://en.wikipedia.org/wiki/William_C._Galvin;https://justfacts.votesmart.org/candidate/biography/4803/bill-galvin;https://malegislature.gov/api/GeneralCourts/192/LegislativeMembers;https://malegislature.gov/api/GeneralCourts/192/LegislativeMembers/;https://malegislature.gov/api/GeneralCourts/192/LegislativeMembers/WCG1;https://malegislature.gov/api/GeneralCourts/193/LegislativeMembers;https://malegislature.gov/api/GeneralCourts/193/LegislativeMembers/;https://malegislature.gov/api/GeneralCourts/193/LegislativeMembers/WCG1;https://malegislature.gov/Legislators/Profile/WCG1,,,,,,,,,,,
ocd-person/1b7d1710-da71-46cd-9ee3-fc891556f3a9,Bill Driscoll,Democratic,"Norfolk, Plymouth and Bristol",upper,Bill,Driscoll,Male,william.driscoll@masenate.gov,,,,https://malegislature.gov/Legislators/Profile/170/WJD1.jpg,https://malegislature.gov/Legislators/Profile/WJD0;https://malegislature.gov/Legislators/Profile/WJD1;https://www.billdriscolljr.com/,"https://ballotpedia.org/William_J._Driscoll,_Jr.;https://en.wikipedia.org/wiki/William_Driscoll;https://justfacts.votesmart.org/candidate/biography/172176/bill-driscoll;https://malegislature.gov/api/GeneralCourts/192/LegislativeMembers;https://malegislature.gov/api/GeneralCourts/192/LegislativeMembers/;https://malegislature.gov/api/GeneralCourts/192/LegislativeMembers/WJD1;https://malegislature.gov/api/GeneralCourts/193/LegislativeMembers;https://malegislature.gov/api/GeneralCourts/193/LegislativeMembers/;https://malegislature.gov/api/GeneralCourts/193/LegislativeMembers/WJD1;https://malegislature.gov/Legislators/Profile/WJD0;https://malegislature.gov/Legislators/Profile/WJD1;https://www.billdriscolljr.com;https://www.linkedin.com/in/bill-driscoll-jr-85ab724",,,,,,,,,,,
ocd-person/9f0c5984-accf-45a3-8922-07aa7ade0030,Billy MacGregor,Democratic,10th Suffolk,lower,Billy,MacGregor,Male,bill.macgregor@mahouse.gov,,,,https://malegislature.gov/Legislators/Profile/170/WFM1.jpg,https://malegislature.gov/Legislators/Profile/WFM1,https://ballotpedia.org/Bill_MacGregor;https://en.wikipedia.org/wiki/Bill_MacGregor_(politician);https://malegislature.gov/api/GeneralCourts/193/LegislativeMembers;https://malegislature.gov/api/GeneralCourts/193/LegislativeMembers/;https://malegislature.gov/api/GeneralCourts/193/LegislativeMembers/WFM1;https://malegislature.gov/Legislators/Profile/WFM1;https://www.linkedin.com/in/bill-macgregor-3238331,,,,,,,,,,,
ocd-person/94929da6-2219-4a44-99c3-d6561eead9f5,Will Brownsberger,Democratic,Suffolk and Middlesex,upper,Will,Brownsberger,Male,william.brownsberger@masenate.gov,,1957-03-21,,https://malegislature.gov/Legislators/Profile/170/WNB0.jpg,https://malegislature.gov/Legislators/Profile/WNB0;https://willbrownsberger.com/,https://ballotpedia.org/William_Brownsberger;https://en.wikipedia.org/wiki/Will_Brownsberger;https://justfacts.votesmart.org/candidate/biography/66893/will-brownsberger;https://malegislature.gov/api/GeneralCourts/192/LegislativeMembers;https://malegislature.gov/api/GeneralCourts/192/LegislativeMembers/;https://malegislature.gov/api/GeneralCourts/192/LegislativeMembers/WNB0;https://malegislature.gov/api/GeneralCourts/193/LegislativeMembers;https://malegislature.gov/api/GeneralCourts/193/LegislativeMembers/;https://malegislature.gov/api/GeneralCourts/193/LegislativeMembers/WNB0;https://malegislature.gov/Legislators/Profile/WNB0;https://willbrownsberger.com;https://www.linkedin.com/in/willbrownsberger,,,,,,,,,,,
