id,name,current_party,current_district,current_chamber,given_name,family_name,gender,email,biography,birth_date,death_date,image,links,sources,capitol_address,capitol_voice,capitol_fax,district_address,district_voice,district_fax,twitter,youtube,instagram,facebook,wikidata
ocd-person/5037901c-64bd-472c-a440-a440841cbb13,Aaron Kaufman,Democratic,18,lower,Aaron,Kaufman,Male,aaron.kaufman@house.maryland.gov,,1987-02-15,,https://mgaleg.maryland.gov/2023RS/images/kaufman01.jpg,https://mgaleg.maryland.gov/mgawebsite/Members/Details/kaufman01,https://ballotpedia.org/Aaron_Kaufman;https://en.wikipedia.org/wiki/Aaron_Kaufman_(politician);https://mgaleg.maryland.gov/mgawebsite/Members/Details/kaufman01;https://www.linkedin.com/in/aaron-kaufman-b9399150,,,,,,,,,,,
ocd-person/a1a2b050-266e-4d44-9463-be3a02e16e41,Adrian Boafo,Democratic,23,lower,Adrian,Boafo,Male,adrian.boafo@house.maryland.gov,,1994-05-10,,https://mgaleg.maryland.gov/2026RS/images/boafo01.jpg,https://mgaleg.maryland.gov/mgawebsite/Members/Details/boafo01;https://msa.maryland.gov/msa/mdmanual/06hse/html/msa18393.html,https://ballotpedia.org/Adrian_Boafo;https://en.wikipedia.org/wiki/Adrian_Boafo;https://justfacts.votesmart.org/candidate/198705/adrian-boafo;https://mgaleg.maryland.gov/mgawebsite/Members/Details/boafo01;https://msa.maryland.gov/msa/mdmanual/06hse/html/msa18393.html;https://www.linkedin.com/in/adrian-boafo,,,,,,,,,,,
ocd-person/4bf0680f-fd5c-48a1-b6d3-73672f71048a,Adrienne Jones,Democratic,10,lower,Adrienne,Jones,Female,adrienne.jones@house.maryland.gov,,1954-11-20,,http://mgaleg.maryland.gov/2019RS/images/jones.jpg,https://mgaleg.maryland.gov/mgawebsite/Members/Details/jones;https://mgaleg.maryland.gov/webmga/frmMain.aspx?pid=sponpage&tab=subject6&id=jones&stab=01;https://msa.maryland.gov/msa/mdmanual/06hse/html/msa02630.html;https://www.mdspeakerjones.com/,https://ballotpedia.org/Adrienne_Jones;https://en.wikipedia.org/wiki/Adrienne_A._Jones;https://justfacts.votesmart.org/candidate/biography/2029/adrienne-jones;https://mgaleg.maryland.gov/mgawebsite/Members/Details/jones;https://mgaleg.maryland.gov/webmga/frmMain.aspx?pid=sponpage&tab=subject6&id=jones&stab=01;https://msa.maryland.gov/msa/mdmanual/06hse/html/msa02630.html;https://www.linkedin.com/in/adrienne-jones-b8331259;https://www.mdspeakerjones.com,,,,"2 W. Rolling Crossroads Suite 112, Catonsville, MD 21228",410-455-5330,,,,,,
ocd-person/311ecab9-74b4-4c0f-849b-c077dfbb291f,Aletheia McCaskill,Democratic,44B,lower,Aletheia,McCaskill,Female,aletheia.mccaskill@house.maryland.gov,,1971-09-30,,https://mgaleg.maryland.gov/2023RS/images/mccaskill01.jpg,https://mgaleg.maryland.gov/mgawebsite/Members/Details/mccaskill01,https://ballotpedia.org/Aletheia_McCaskill;https://en.wikipedia.org/wiki/Aletheia_McCaskill;https://justfacts.votesmart.org/candidate/181455/aletheia-mccaskill;https://mgaleg.maryland.gov/mgawebsite/Members/Details/mccaskill01,,,,,,,,,,,
ocd-person/0ddc9257-e4a4-4414-b21d-3467c8285806,Alonzo Washington,Democratic,22,upper,Alonzo,Washington,Male,alonzo.washington@senate.maryland.gov,,1983-09-02,,https://mgaleg.maryland.gov/2023RS/images/washington02.jpg,https://mgaleg.maryland.gov/mgawebsite/Members/Details/washington%20a;https://mgaleg.maryland.gov/mgawebsite/Members/Details/washington02;https://mgaleg.maryland.gov/webmga/frmMain.aspx?pid=sponpage&tab=subject6&id=washington%20a&stab=01;https://msa.maryland.gov/msa/mdmanual/05sen/html/msa16423.html;https://msa.maryland.gov/msa/mdmanual/06hse/html/msa16423.html,https://ballotpedia.org/Alonzo_Washington;https://en.wikipedia.org/wiki/Alonzo_T._Washington;https://justfacts.votesmart.org/candidate/biography/144463/alonzo-washington;https://mgaleg.maryland.gov/mgawebsite/Members/Details/washington%20a;https://mgaleg.maryland.gov/mgawebsite/Members/Details/washington02;https://mgaleg.maryland.gov/webmga/frmMain.aspx?pid=sponpage&tab=subject6&id=washington%20a&stab=01;https://msa.maryland.gov/msa/mdmanual/05sen/html/msa16423.html;https://msa.maryland.gov/msa/mdmanual/06hse/html/msa16423.html;https://www.linkedin.com/in/alonzo-washington-02869a18,,,,,,,,,,,
ocd-person/ecb19095-2750-4bef-bb87-1f646818a9b1,Andre Johnson,Democratic,34A,lower,Andre,Johnson,Male,andre.johnson@house.maryland.gov,,1971-06-19,,https://msa.maryland.gov/msa/mdmanual/36loc/ha/leg/images/1198-1-09406b.jpg,https://mgaleg.maryland.gov/mgawebsite/Members/Details/johnson02;https://msa.maryland.gov/msa/mdmanual/06hse/html/msa17954.html,https://ballotpedia.org/Andre_Johnson;https://en.wikipedia.org/wiki/Andre_Johnson_Jr.;https://mgaleg.maryland.gov/mgawebsite/Members/Details/johnson02;https://msa.maryland.gov/msa/mdmanual/06hse/html/msa17954.html;https://www.linkedin.com/in/andre-johnson-5a2910191,,,,,,,,,,,
ocd-person/7636786f-1db3-4094-8527-e339576314d6,Andrea Harrison,Democratic,24,lower,Andrea,Harrison,Female,andreafletcher.harrison@house.maryland.gov,,1963-09-20,,http://mgaleg.maryland.gov/2019RS/images/harrison01.jpg,https://mgaleg.maryland.gov/mgawebsite/Members/Details/harrison01;https://mgaleg.maryland.gov/webmga/frmMain.aspx?pid=sponpage&tab=subject6&id=harrison01&stab=01,https://ballotpedia.org/Andrea_Harrison;https://en.wikipedia.org/wiki/Andrea_Harrison;https://mgaleg.maryland.gov/mgawebsite/Members/Details/harrison01;https://mgaleg.maryland.gov/webmga/frmMain.aspx?pid=sponpage&tab=subject6&id=harrison01&stab=01;https://www.linkedin.com/in/andrea-harrison-5a5059135,,,,,,,,,,,
ocd-person/7c57193f-f7af-4f7b-9b5f-cf17a7f51f25,Andrew Pruski,Democratic,33A,lower,Andrew,Pruski,Male,andrew.pruski@house.maryland.gov,,1978-11-11,,https://mgaleg.maryland.gov/2023RS/images/pruski01.jpg,https://mgaleg.maryland.gov/mgawebsite/Members/Details/pruski01,https://ballotpedia.org/Andrew_Pruski;https://en.wikipedia.org/wiki/Andrew_Pruski;https://justfacts.votesmart.org/candidate/biography/159409/andrew-pruski;https://mgaleg.maryland.gov/mgawebsite/Members/Details/pruski01;https://www.linkedin.com/in/andrew-pruski-3521a56,,,,,,,,,,,
ocd-person/7bcb723d-68c2-4826-acab-0437aa27471f,Anne Healey,Democratic,22,lower,Anne,Healey,Female,anne.healey@house.maryland.gov,,1951-01-02,,https://mgaleg.maryland.gov/2025RS/images/healey.jpg,https://mgaleg.maryland.gov/mgawebsite/Members/Details/healey;https://mgaleg.maryland.gov/webmga/frmMain.aspx?pid=sponpage&tab=subject6&id=healey&stab=01;https://msa.maryland.gov/msa/mdmanual/06hse/html/msa12238.html,https://ballotpedia.org/Anne_Healey;https://en.wikipedia.org/wiki/Anne_Healey;https://justfacts.votesmart.org/candidate/biography/6158/anne-healey;https://mgaleg.maryland.gov/mgawebsite/Members/Details/healey;https://mgaleg.maryland.gov/webmga/frmMain.aspx?pid=sponpage&tab=subject6&id=healey&stab=01;https://msa.maryland.gov/msa/mdmanual/06hse/html/msa12238.html,,,,,,,,,,,
ocd-person/88aa2d42-9bca-4df7-b961-1516d5c1f73a,Anne Kaiser,Democratic,14,lower,Anne,Kaiser,Female,anne.kaiser@house.maryland.gov,,1968-02-10,,http://mgaleg.maryland.gov/2016RS/images/kaiser.jpg,https://mgaleg.maryland.gov/mgawebsite/Members/Details/kaiser;https://mgaleg.maryland.gov/webmga/frmMain.aspx?pid=sponpage&tab=subject6&id=kaiser&stab=01;https://msa.maryland.gov/msa/mdmanual/06hse/html/msa13987.html,https://ballotpedia.org/Anne_Kaiser;https://en.wikipedia.org/wiki/Anne_Kaiser;https://justfacts.votesmart.org/candidate/biography/36115/anne-kaiser;https://mgaleg.maryland.gov/mgawebsite/Members/Details/kaiser;https://mgaleg.maryland.gov/webmga/frmMain.aspx?pid=sponpage&tab=subject6&id=kaiser&stab=01;https://msa.maryland.gov/msa/mdmanual/06hse/html/msa13987.html;https://www.linkedin.com/in/anne-kaiser-17b540,,,,,,,,,,,
ocd-person/2b26dc52-cb0c-4750-af6b-9c00e12eef29,Antonio Hayes,Democratic,40,upper,Antonio,Hayes,Male,antonio.hayes@senate.maryland.gov,,1977-12-09,,https://mgaleg.maryland.gov/2023RS/images/hayes02.jpg,https://mgaleg.maryland.gov/mgawebsite/Members/Details/hayes02;https://mgaleg.maryland.gov/webmga/frmMain.aspx?pid=sponpage&tab=subject6&id=hayes02&stab=01;https://msa.maryland.gov/msa/mdmanual/05sen/html/msa17079.html,https://ballotpedia.org/Antonio_Hayes;https://en.wikipedia.org/wiki/Antonio_Hayes;https://justfacts.votesmart.org/candidate/biography/68584/antonio-hayes;https://mgaleg.maryland.gov/mgawebsite/Members/Details/hayes02;https://mgaleg.maryland.gov/webmga/frmMain.aspx?pid=sponpage&tab=subject6&id=hayes02&stab=01;https://msa.maryland.gov/msa/mdmanual/05sen/html/msa17079.html;https://www.linkedin.com/in/antonio-hayes-14ba506a;https://www.linkedin.com/in/antonio-hayes-8b5570b,,,,,,,,,,,
ocd-person/ce14f02f-4b1e-407e-b8e5-57eb78c8d557,April Miller,Republican,4,lower,April,Miller,Female,april.miller@house.maryland.gov,,1970-10-05,,https://s3.amazonaws.com/ballotpedia-api4/files/thumbs/200/300/April_Fleming_Miller.jpg,https://mgaleg.maryland.gov/mgawebsite/Members/Details/miller03,https://ballotpedia.org/April_Fleming_Miller;https://en.wikipedia.org/wiki/April_Fleming_Miller;https://mgaleg.maryland.gov/mgawebsite/Members/Details/miller03,,,,,,,,,,,
ocd-person/76812cdb-3d6d-458a-b864-feb72f363a8e,April Rose,Republican,5,lower,April,Rose,Female,april.rose@house.maryland.gov,,,,https://mgaleg.maryland.gov/2025RS/images/rose01.jpg,https://mgaleg.maryland.gov/mgawebsite/Members/Details/rose01;https://mgaleg.maryland.gov/webmga/frmMain.aspx?pid=sponpage&tab=subject6&id=rose01&stab=01;https://msa.maryland.gov/msa/mdmanual/06hse/html/msa17126.html,https://ballotpedia.org/April_Rose;https://en.wikipedia.org/wiki/April_Rose_(politician);https://mgaleg.maryland.gov/mgawebsite/Members/Details/rose01;https://mgaleg.maryland.gov/webmga/frmMain.aspx?pid=sponpage&tab=subject6&id=rose01&stab=01;https://msa.maryland.gov/msa/mdmanual/06hse/html/msa17126.html;https://www.linkedin.com/in/aprilrose1,,,,,,,,,,,
ocd-person/ad59d051-2efb-495f-b032-524d21a95e50,Arthur Ellis,Democratic,28,upper,Arthur,Ellis,Male,arthur.ellis@senate.maryland.gov,,1961-07-26,,http://mgaleg.maryland.gov/2019RS/images/ellis01.jpg,https://mgaleg.maryland.gov/mgawebsite/Members/Details/ellis01;https://mgaleg.maryland.gov/webmga/frmMain.aspx?pid=sponpage&tab=subject6&id=ellis01&stab=01;https://msa.maryland.gov/msa/mdmanual/05sen/html/msa18045.html,https://ballotpedia.org/Arthur_Ellis;https://en.wikipedia.org/wiki/Arthur_Ellis_(Maryland_politician);https://justfacts.votesmart.org/candidate/178460/arthur-ellis;https://mgaleg.maryland.gov/mgawebsite/Members/Details/ellis01;https://mgaleg.maryland.gov/webmga/frmMain.aspx?pid=sponpage&tab=subject6&id=ellis01&stab=01;https://msa.maryland.gov/msa/mdmanual/05sen/html/msa18045.html;https://www.linkedin.com/in/arthur-ellis-342aaaa0,,,,,,,,,,,
ocd-person/61ddb821-9c47-454b-8185-b68c47dcb144,Ashanti Martínez,Democratic,22,lower,Ashanti,Martínez,Male,ashanti.martinez@house.maryland.gov,,1996-04-25,,https://mgaleg.maryland.gov/2023RS/images/martinez01.jpg,https://mgaleg.maryland.gov/mgawebsite/Members/Details/martinez01,https://ballotpedia.org/Ashanti_Mart%C3%ADnez;https://en.wikipedia.org/wiki/Ashanti_Martinez;https://mgaleg.maryland.gov/mgawebsite/Members/Details/martinez01;https://www.linkedin.com/in/ashanti-martinez,,,,,,,,,,,
ocd-person/515dbb17-6f5d-482a-8799-a2490be688fb,Barrie Ciliberti,Republican,4,lower,Barrie,Ciliberti,Male,barrie.ciliberti@house.maryland.gov,,1936-07-27,,http://mgaleg.maryland.gov/2016RS/images/ciliberti01.jpg,https://mgaleg.maryland.gov/mgawebsite/Members/Details/ciliberti01;https://mgaleg.maryland.gov/webmga/frmMain.aspx?pid=sponpage&tab=subject6&id=ciliberti01&stab=01;https://msa.maryland.gov/msa/mdmanual/06hse/html/msa12199.html,https://ballotpedia.org/Barrie_S._Ciliberti;https://en.wikipedia.org/wiki/Barrie_Ciliberti;https://justfacts.votesmart.org/candidate/biography/6119/barrie-ciliberti;https://mgaleg.maryland.gov/mgawebsite/Members/Details/ciliberti01;https://mgaleg.maryland.gov/webmga/frmMain.aspx?pid=sponpage&tab=subject6&id=ciliberti01&stab=01;https://msa.maryland.gov/msa/mdmanual/06hse/html/msa12199.html;https://www.linkedin.com/in/barrie-ciliberti-b78aba20,,,,,,,,,,,
ocd-person/c1495953-153b-4316-ad04-58a12b2b7fd9,Barry Beauchamp,Republican,38B,lower,Barry,Beauchamp,Male,barry.beauchamp@house.maryland.gov,,,,https://mgaleg.maryland.gov/2025RS/images/beauchamp01.jpg,https://mgaleg.maryland.gov/mgawebsite/Members/Details/beauchamp01,https://ballotpedia.org/Barry_Beauchamp;https://en.wikipedia.org/wiki/Barry_Beauchamp;https://mgaleg.maryland.gov/mgawebsite/Members/Details/beauchamp01,,,,,,,,,,,
ocd-person/0e4cb257-11b9-4772-b323-624ef28fb8b6,Ben Barnes,Democratic,21,lower,Ben,Barnes,Male,ben.barnes@house.maryland.gov,,1975-03-30,,https://mgaleg.maryland.gov/2025RS/images/barnes.jpg,https://mgaleg.maryland.gov/mgawebsite/Members/Details/barnes;https://mgaleg.maryland.gov/webmga/frmMain.aspx?pid=sponpage&tab=subject6&id=barnes&stab=01;https://msa.maryland.gov/msa/mdmanual/06hse/html/msa14613.html,https://ballotpedia.org/Ben_Barnes;https://en.wikipedia.org/wiki/Benjamin_S._Barnes;https://justfacts.votesmart.org/candidate/biography/65935/ben-barnes;https://mgaleg.maryland.gov/mgawebsite/Members/Details/barnes;https://mgaleg.maryland.gov/webmga/frmMain.aspx?pid=sponpage&tab=subject6&id=barnes&stab=01;https://msa.maryland.gov/msa/mdmanual/06hse/html/msa14613.html,,,,,,,,,,,
ocd-person/4e1fee1d-1f1c-416b-9615-4171d4074db8,Ben Brooks,Democratic,10,upper,Ben,Brooks,Male,benjamin.brooks@senate.maryland.gov,,1950-04-23,,https://mgaleg.maryland.gov/2023RS/images/brooks02.jpg,https://mgaleg.maryland.gov/mgawebsite/Members/Details/brooks01;https://mgaleg.maryland.gov/mgawebsite/Members/Details/brooks02;https://mgaleg.maryland.gov/webmga/frmMain.aspx?pid=sponpage&tab=subject6&id=brooks01&stab=01,https://ballotpedia.org/Benjamin_Brooks_(Maryland);https://en.wikipedia.org/wiki/Benjamin_Brooks_(politician);https://justfacts.votesmart.org/candidate/biography/149101/ben-brooks-sr;https://mgaleg.maryland.gov/mgawebsite/Members/Details/brooks01;https://mgaleg.maryland.gov/mgawebsite/Members/Details/brooks02;https://mgaleg.maryland.gov/webmga/frmMain.aspx?pid=sponpage&tab=subject6&id=brooks01&stab=01,,,,,,,,,,,
ocd-person/f43bc1a5-01e8-416f-86ca-bd857bf6ed80,Ben Kramer,Democratic,19,upper,Ben,Kramer,Male,ben.kramer@senate.maryland.gov,,1957-03-05,,http://mgaleg.maryland.gov/2016RS/images/kramer%20b.jpg,https://mgaleg.maryland.gov/mgawebsite/Members/Details/kramer02;https://mgaleg.maryland.gov/webmga/frmMain.aspx?pid=sponpage&tab=subject6&id=kramer02&stab=01;https://msa.maryland.gov/msa/mdmanual/05sen/html/msa14624.html,https://ballotpedia.org/Benjamin_Kramer;https://en.wikipedia.org/wiki/Benjamin_F._Kramer;https://justfacts.votesmart.org/candidate/biography/68569/benjamin-kramer;https://mgaleg.maryland.gov/mgawebsite/Members/Details/kramer02;https://mgaleg.maryland.gov/webmga/frmMain.aspx?pid=sponpage&tab=subject6&id=kramer02&stab=01;https://msa.maryland.gov/msa/mdmanual/05sen/html/msa14624.html,,,,,,,,,,,
ocd-person/c5a06a0d-f611-4526-8674-23e035caab74,Bernice Mireku-North,Democratic,14,lower,Bernice,Mireku-North,Female,bernice.mireku-north@house.maryland.gov,,1981-10-29,,https://mgaleg.maryland.gov/2023RS/images/mireku01.jpg,https://mgaleg.maryland.gov/mgawebsite/Members/Details/mireku01,https://ballotpedia.org/Bernice_Mireku-North;https://en.wikipedia.org/wiki/Bernice_Mireku-North;https://mgaleg.maryland.gov/mgawebsite/Members/Details/mireku01,,,,,,,,,,,
ocd-person/86f0d40f-05f4-46a2-9c24-21ff52fdc6fe,Bill Ferguson,Democratic,46,upper,Bill,Ferguson,Male,bill.ferguson@senate.maryland.gov,,1983-04-15,,https://mgaleg.maryland.gov/2025RS/images/ferguson.jpg,https://mgaleg.maryland.gov/mgawebsite/Members/Details/ferguson;https://mgaleg.maryland.gov/webmga/frmMain.aspx?pid=sponpage&tab=subject6&id=ferguson&stab=01,https://ballotpedia.org/William_Ferguson_IV;https://en.wikipedia.org/wiki/Bill_Ferguson_(politician);https://justfacts.votesmart.org/candidate/biography/127356/bill-ferguson-iv;https://mgaleg.maryland.gov/mgawebsite/Members/Details/ferguson;https://mgaleg.maryland.gov/webmga/frmMain.aspx?pid=sponpage&tab=subject6&id=ferguson&stab=01;https://www.linkedin.com/in/billferguson,,,,,,,,,,,
ocd-person/de3cab57-1771-4805-b984-618ad887e38e,Bonnie Cullison,Democratic,19,lower,Bonnie,Cullison,Female,bonnie.cullison@house.maryland.gov,,1954-03-24,,https://mgaleg.maryland.gov/2025RS/images/cullison.jpg,https://mgaleg.maryland.gov/mgawebsite/Members/Details/cullison;https://mgaleg.maryland.gov/webmga/frmMain.aspx?pid=sponpage&tab=subject6&id=cullison&stab=01;https://msa.maryland.gov/msa/mdmanual/06hse/html/msa15452.html,https://ballotpedia.org/Bonnie_Cullison;https://en.wikipedia.org/wiki/Bonnie_Cullison;https://mgaleg.maryland.gov/mgawebsite/Members/Details/cullison;https://mgaleg.maryland.gov/webmga/frmMain.aspx?pid=sponpage&tab=subject6&id=cullison&stab=01;https://msa.maryland.gov/msa/mdmanual/06hse/html/msa15452.html;https://www.linkedin.com/in/bonnie-cullison-50a56313,,,,,,,,,,,
ocd-person/395603e6-0fdf-4cf6-bacb-18d98c848990,Brian Chisholm,Republican,31,lower,Brian,Chisholm,Male,brian.chisholm@house.maryland.gov,,1970-11-07,,https://mgaleg.maryland.gov/2025RS/images/chisholm01.jpg,https://mgaleg.maryland.gov/mgawebsite/Members/Details/chisholm01;https://mgaleg.maryland.gov/webmga/frmMain.aspx?pid=sponpage&tab=subject6&id=chisholm01&stab=01,https://ballotpedia.org/Brian_Chisholm;https://chisholmformaryland.com/meet-brian;https://en.wikipedia.org/wiki/Brian_Chisholm_(politician);https://justfacts.votesmart.org/candidate/150148/brian-chisholm;https://mgaleg.maryland.gov/mgawebsite/Members/Details/chisholm01;https://mgaleg.maryland.gov/webmga/frmMain.aspx?pid=sponpage&tab=subject6&id=chisholm01&stab=01;https://www.linkedin.com/in/brian-chisholm-82ab755,,,,,,,,,,,
ocd-person/c3ce882c-89d3-453c-a70f-b0ef9046fcf3,Brian Feldman,Democratic,15,upper,Brian,Feldman,Male,brian.feldman@senate.maryland.gov,,1961-02-04,,https://mgaleg.maryland.gov/2023RS/images/feldman.jpg,https://mgaleg.maryland.gov/mgawebsite/Members/Details/feldman;https://mgaleg.maryland.gov/webmga/frmMain.aspx?pid=sponpage&tab=subject6&id=feldman&stab=01;https://msa.maryland.gov/msa/mdmanual/05sen/html/msa13991.html,https://ballotpedia.org/Brian_Feldman;https://en.wikipedia.org/wiki/Brian_Feldman_(politician);https://justfacts.votesmart.org/candidate/biography/36097/brian-feldman;https://mgaleg.maryland.gov/mgawebsite/Members/Details/feldman;https://mgaleg.maryland.gov/webmga/frmMain.aspx?pid=sponpage&tab=subject6&id=feldman&stab=01;https://msa.maryland.gov/msa/mdmanual/05sen/html/msa13991.html;https://www.linkedin.com/in/brian-feldman-53095215,,,,,,,,,,,
ocd-person/d9828ed6-bdb0-414e-ba12-486b78362842,Brian Crosby,Democratic,29B,lower,Brian,Crosby,Male,brian.crosby@house.maryland.gov,,1982-12-05,,http://mgaleg.maryland.gov/2019RS/images/crosby01.jpg,https://mgaleg.maryland.gov/mgawebsite/Members/Details/crosby01;https://mgaleg.maryland.gov/webmga/frmMain.aspx?pid=sponpage&tab=subject6&id=crosby01&stab=01,https://ballotpedia.org/Brian_Crosby;https://en.wikipedia.org/wiki/Brian_M._Crosby;https://justfacts.votesmart.org/candidate/biography/181601/brian-crosby#collapseFive;https://mgaleg.maryland.gov/mgawebsite/Members/Details/crosby01;https://mgaleg.maryland.gov/webmga/frmMain.aspx?pid=sponpage&tab=subject6&id=crosby01&stab=01;https://www.linkedin.com/in/brian-m-crosby,,,,,,,,,,,
ocd-person/b0d22b6f-68c0-4dd0-892c-7844e6830693,Bryan Simonaire,Republican,31,upper,Bryan,Simonaire,Male,bryan.simonaire@senate.maryland.gov,,1963-09-06,,http://mgaleg.maryland.gov/2016RS/images/simonaire.jpg,https://mgaleg.maryland.gov/mgawebsite/Members/Details/simonaire;https://mgaleg.maryland.gov/webmga/frmMain.aspx?pid=sponpage&tab=subject6&id=simonaire&stab=01;https://msa.maryland.gov/msa/mdmanual/05sen/html/msa14640.html,https://ballotpedia.org/Bryan_Simonaire;https://en.wikipedia.org/wiki/Bryan_Simonaire;https://mgaleg.maryland.gov/mgawebsite/Members/Details/simonaire;https://mgaleg.maryland.gov/webmga/frmMain.aspx?pid=sponpage&tab=subject6&id=simonaire&stab=01;https://msa.maryland.gov/msa/mdmanual/05sen/html/msa14640.html;https://www.linkedin.com/in/bryan-simonaire-81710212a,,,,,,,,,,,
ocd-person/bbf4a659-f7a7-4db7-8cb1-4dc654db53e3,Anthony Muse,Democratic,26,upper,Anthony,Muse,Male,anthony.muse@senate.maryland.gov,,1958-04-17,,http://mgaleg.maryland.gov/2016RS/images/muse.jpg,https://mgaleg.maryland.gov/mgawebsite/Members/Details/muse01;https://msa.maryland.gov/msa/mdmanual/05sen/html/msa12282.html,https://ballotpedia.org/C._Anthony_Muse;https://en.wikipedia.org/wiki/C._Anthony_Muse;https://justfacts.votesmart.org/candidate/biography/6202/c-anthony-muse;https://mgaleg.maryland.gov/mgawebsite/Members/Details/muse01;https://msa.maryland.gov/msa/mdmanual/05sen/html/msa12282.html;https://www.linkedin.com/in/c-anthony-muse-377aa185,,,,,,,,,,,
ocd-person/ab6c2e37-3818-467c-ad60-997274e897d0,C.T. Wilson,Democratic,28,lower,C.T.,Wilson,Male,ct.wilson@house.maryland.gov,,1972-02-20,,https://mgaleg.maryland.gov/2024RS/images/wilson.jpg,https://mgaleg.maryland.gov/mgawebsite/Members/Details/wilson;https://mgaleg.maryland.gov/webmga/frmMain.aspx?pid=sponpage&tab=subject6&id=wilson&stab=01;https://msa.maryland.gov/msa/mdmanual/06hse/html/msa15455.html,https://ballotpedia.org/C.T._Wilson;https://en.wikipedia.org/wiki/C.T._Wilson;https://mgaleg.maryland.gov/mgawebsite/Members/Details/wilson;https://mgaleg.maryland.gov/webmga/frmMain.aspx?pid=sponpage&tab=subject6&id=wilson&stab=01;https://msa.maryland.gov/msa/mdmanual/06hse/html/msa15455.html,,,,,,,,,,,
ocd-person/4eb57c5a-70c0-4b16-a247-53cf291bc38a,Carl Jackson,Democratic,8,upper,Carl,Jackson,Male,carl.jackson@senate.maryland.gov,,1984-10-27,,https://mgaleg.maryland.gov/2025RS/images/jackson04.jpg,https://mgaleg.maryland.gov/mgawebsite/Members/Details/jackson02;https://mgaleg.maryland.gov/mgawebsite/Members/Details/jackson04;https://msa.maryland.gov/msa/mdmanual/05sen/html/msa18235.html;https://msa.maryland.gov/msa/mdmanual/06hse/html/msa18235.html,https://ballotpedia.org/Carl_Jackson_(Maryland);https://en.wikipedia.org/wiki/Carl_W._Jackson;https://justfacts.votesmart.org/candidate/biography/181491/carl-jackson;https://mgaleg.maryland.gov/mgawebsite/Members/Details/jackson02;https://mgaleg.maryland.gov/mgawebsite/Members/Details/jackson04;https://msa.maryland.gov/msa/mdmanual/05sen/html/msa18235.html;https://msa.maryland.gov/msa/mdmanual/06hse/html/msa18235.html;https://www.linkedin.com/in/carl-jackson-6a4a0b163,,,,,,,,,,,
ocd-person/3c9356a4-fd55-43ff-809f-65568d0a8e53,Cathi Forbes,Democratic,43B,lower,Cathi,Forbes,Female,catherine.forbes@house.maryland.gov,,1965-06-15,,http://mgaleg.maryland.gov/2019RS/images/forbes01.jpg,https://mgaleg.maryland.gov/mgawebsite/Members/Details/forbes01;https://msa.maryland.gov/msa/mdmanual/06hse/html/msa18236.html,https://ballotpedia.org/Cathi_Forbes;https://en.wikipedia.org/wiki/Cathi_Forbes;https://mgaleg.maryland.gov/mgawebsite/Members/Details/forbes01;https://msa.maryland.gov/msa/mdmanual/06hse/html/msa18236.html;https://www.linkedin.com/in/cathiforbes,,,,,,,,,,,
ocd-person/d0ca1dc9-5ac3-42ea-8ec5-c86a229ccba5,Caylin Young,Democratic,45,lower,Caylin,Young,Male,caylin.young@house.maryland.gov,,1987-10-18,,https://mgaleg.maryland.gov/2023RS/images/young05.jpg,https://mgaleg.maryland.gov/mgawebsite/Members/Details/young05,https://ballotpedia.org/Caylin_Young;https://en.wikipedia.org/wiki/Caylin_Young;https://mgaleg.maryland.gov/mgawebsite/Members/Details/young05;https://www.linkedin.com/in/caylin-young-ba8a2726,,,,,,,,,,,
ocd-person/6bfe5c90-c168-41e5-a36d-6dcab4c0f5be,Chao Wu,Democratic,9A,lower,Chao,Wu,Male,chao.wu@house.maryland.gov,,,,https://s3.amazonaws.com/ballotpedia-api4/files/thumbs/200/300/ChaoWu.jpg,https://mgaleg.maryland.gov/mgawebsite/Members/Details/wu01,https://ballotpedia.org/Chao_Wu;https://en.wikipedia.org/wiki/Chao_Wu_(politician);https://mgaleg.maryland.gov/mgawebsite/Members/Details/wu01;https://www.linkedin.com/in/chaowu2009,,,,,,,,,,,
ocd-person/0f51a760-22e6-4a05-8be0-983dffe30e42,Charlotte Crutchfield,Democratic,19,lower,Charlotte,Crutchfield,Female,charlotte.crutchfield@house.maryland.gov,,1963-12-08,,https://mgaleg.maryland.gov/2023RS/images/crutchfield01.jpg,https://mgaleg.maryland.gov/mgawebsite/Members/Details/crutchfield01;https://mgaleg.maryland.gov/webmga/frmMain.aspx?pid=sponpage&tab=subject6&id=crutchfield01&stab=01,https://ballotpedia.org/Charlotte_Crutchfield;https://en.wikipedia.org/wiki/Charlotte_Crutchfield;https://mgaleg.maryland.gov/mgawebsite/Members/Details/crutchfield01;https://mgaleg.maryland.gov/webmga/frmMain.aspx?pid=sponpage&tab=subject6&id=crutchfield01&stab=01;https://www.linkedin.com/in/voteforcharlotte,,,,,,,,,,,
ocd-person/3b21ad36-c0bc-4341-9f55-c4529affc7f5,Cheryl Kagan,Democratic,17,upper,Cheryl,Kagan,Female,cheryl.kagan@senate.maryland.gov,,1961-07-02,,http://mgaleg.maryland.gov/2016RS/images/kagan01.jpg,https://mgaleg.maryland.gov/mgawebsite/Members/Details/kagan01;https://mgaleg.maryland.gov/webmga/frmMain.aspx?pid=sponpage&tab=subject6&id=kagan01&stab=01;https://msa.maryland.gov/msa/mdmanual/05sen/html/msa12251.html,https://ballotpedia.org/Cheryl_Kagan;https://en.wikipedia.org/wiki/Cheryl_Kagan;https://justfacts.votesmart.org/candidate/biography/6171/cheryl-kagan;https://mgaleg.maryland.gov/mgawebsite/Members/Details/kagan01;https://mgaleg.maryland.gov/webmga/frmMain.aspx?pid=sponpage&tab=subject6&id=kagan01&stab=01;https://msa.maryland.gov/msa/mdmanual/05sen/html/msa12251.html;https://www.linkedin.com/in/cheryl-c-kagan-0564254,,,,,,,,,,,
ocd-person/f6826933-02c6-40ff-9df9-b9e82c54febc,Cheryl Pasteur,Democratic,11A,lower,Cheryl,Pasteur,Female,cheryl.pasteur@house.maryland.gov,,,,https://mgaleg.maryland.gov/2025RS/images/pasteur01.jpg,https://mgaleg.maryland.gov/mgawebsite/Members/Details/pasteur01;https://msa.maryland.gov/msa/mdmanual/06hse/html/msa18388.html,https://ballotpedia.org/Cheryl_Pasteur;https://en.wikipedia.org/wiki/Cheryl_Pasteur;https://mgaleg.maryland.gov/mgawebsite/Members/Details/pasteur01;https://msa.maryland.gov/msa/mdmanual/06hse/html/msa18388.html,,,,,,,,,,,
ocd-person/b722dd05-587d-4b70-90b2-37f1e75be01f,Chris Tomlinson,Republican,5,lower,Chris,Tomlinson,Male,chris.tomlinson@house.maryland.gov,,1986-08-29,,https://mgaleg.maryland.gov/2023RS/images/tomlinson01.jpg,https://mgaleg.maryland.gov/mgawebsite/Members/Details/tomlinson01,https://ballotpedia.org/Chris_Tomlinson_(Maryland);https://en.wikipedia.org/wiki/Chris_Tomlinson_(politician);https://mgaleg.maryland.gov/mgawebsite/Members/Details/tomlinson01;https://www.linkedin.com/in/christopher-tomlinson-70429090,,,,,,,,,,,
ocd-person/99ff7e2c-87d6-49d5-b112-3807852511bc,Chris West,Republican,42,upper,Chris,West,Male,chris.west@senate.maryland.gov,,1950-04-07,,http://mgaleg.maryland.gov/2019RS/images/west02.jpg,https://mgaleg.maryland.gov/mgawebsite/Members/Details/west02;https://mgaleg.maryland.gov/webmga/frmMain.aspx?pid=sponpage&tab=subject6&id=west02&stab=01;https://msa.maryland.gov/msa/mdmanual/05sen/html/msa17080.html,https://ballotpedia.org/Chris_West_(Maryland);https://en.wikipedia.org/wiki/Chris_West_(politician);https://justfacts.votesmart.org/candidate/biography/149196/christopher-west;https://mgaleg.maryland.gov/mgawebsite/Members/Details/west02;https://mgaleg.maryland.gov/webmga/frmMain.aspx?pid=sponpage&tab=subject6&id=west02&stab=01;https://msa.maryland.gov/msa/mdmanual/05sen/html/msa17080.html;https://www.linkedin.com/in/chris-west-6b68a56,,,,,,,,,,,
ocd-person/0ec36459-c974-4c63-8c06-5f268766dbc6,Christopher Bouchat,Republican,5,lower,Christopher,Bouchat,Male,christopher.bouchat@house.maryland.gov,,1967-10-02,,https://mgaleg.maryland.gov/2025RS/images/bouchat01.jpg,https://mgaleg.maryland.gov/mgawebsite/Members/Details/bouchat01,https://ballotpedia.org/Christopher_Eric_Bouchat;https://en.wikipedia.org/wiki/Christopher_Bouchat;https://mgaleg.maryland.gov/mgawebsite/Members/Details/bouchat01,,,,,,,,,,,
ocd-person/b7e16db2-0bde-4bed-8eb1-09f30ae66d4e,Chris Adams,Republican,37B,lower,Chris,Adams,Male,christopher.adams@house.maryland.gov,,1972-06-19,,http://mgaleg.maryland.gov/2016RS/images/adams01.jpg,https://mgaleg.maryland.gov/mgawebsite/Members/Details/adams01;https://mgaleg.maryland.gov/webmga/frmMain.aspx?pid=sponpage&tab=subject6&id=adams01&stab=01;https://msa.maryland.gov/msa/mdmanual/06hse/html/msa17076.html,https://ballotpedia.org/Christopher_T._Adams;https://en.wikipedia.org/wiki/Christopher_T._Adams;https://mgaleg.maryland.gov/mgawebsite/Members/Details/adams01;https://mgaleg.maryland.gov/webmga/frmMain.aspx?pid=sponpage&tab=subject6&id=adams01&stab=01;https://msa.maryland.gov/msa/mdmanual/06hse/html/msa17076.html;https://www.linkedin.com/in/christopher-adams-15833a9,,,,,,,,,,,
ocd-person/b002bdd1-0622-4462-8623-e8bb52fde504,Clarence Lam,Democratic,12,upper,Clarence,Lam,Male,clarence.lam@senate.maryland.gov,,1980-11-26,,http://mgaleg.maryland.gov/2016RS/images/lam01.jpg,https://mgaleg.maryland.gov/mgawebsite/Members/Details/lam02;https://mgaleg.maryland.gov/webmga/frmMain.aspx?pid=sponpage&tab=subject6&id=lam02&stab=01;https://msa.maryland.gov/msa/mdmanual/05sen/html/msa17058.html,https://ballotpedia.org/Clarence_K._Lam;https://en.wikipedia.org/wiki/Clarence_Lam;https://justfacts.votesmart.org/candidate/biography/149114/clarence-lam;https://mgaleg.maryland.gov/mgawebsite/Members/Details/lam02;https://mgaleg.maryland.gov/webmga/frmMain.aspx?pid=sponpage&tab=subject6&id=lam02&stab=01;https://msa.maryland.gov/msa/mdmanual/05sen/html/msa17058.html;https://www.linkedin.com/in/clarence-lam-721ab531,,,,,,,,,,,
ocd-person/be00c352-4825-4b80-97cd-954097e3a482,Cory McCray,Democratic,45,upper,Cory,McCray,Male,cory.mccray@senate.maryland.gov,,1982-10-31,,http://mgaleg.maryland.gov/2016RS/images/mccray01.jpg,https://mgaleg.maryland.gov/mgawebsite/Members/Details/mccray02;https://mgaleg.maryland.gov/webmga/frmMain.aspx?pid=sponpage&tab=subject6&id=mccray02&stab=01;https://msa.maryland.gov/msa/mdmanual/05sen/html/msa17083.html,https://ballotpedia.org/Cory_V._McCray;https://en.wikipedia.org/wiki/Cory_V._McCray;https://mgaleg.maryland.gov/mgawebsite/Members/Details/mccray02;https://mgaleg.maryland.gov/webmga/frmMain.aspx?pid=sponpage&tab=subject6&id=mccray02&stab=01;https://msa.maryland.gov/msa/mdmanual/05sen/html/msa17083.html;https://www.linkedin.com/in/cory-mccray-b06a052a,,,,,,,,,,,
ocd-person/ef1a4d48-39d0-4b6c-9ffc-a6d30b28476d,Courtney Watson,Democratic,9B,lower,Courtney,Watson,Female,courtney.watson@house.maryland.gov,,1962-09-08,,https://mgaleg.maryland.gov/2025RS/images/watson02.jpg,https://mgaleg.maryland.gov/mgawebsite/Members/Details/watson02;https://mgaleg.maryland.gov/webmga/frmMain.aspx?pid=sponpage&tab=subject6&id=watson02&stab=01;https://msa.maryland.gov/msa/mdmanual/06hse/html/msa14715.html,https://ballotpedia.org/Courtney_Watson;https://en.wikipedia.org/wiki/Courtney_Watson_(politician);https://mgaleg.maryland.gov/mgawebsite/Members/Details/watson02;https://mgaleg.maryland.gov/webmga/frmMain.aspx?pid=sponpage&tab=subject6&id=watson02&stab=01;https://msa.maryland.gov/msa/mdmanual/06hse/html/msa14715.html;https://www.linkedin.com/in/courtneywatson01,,,,,,,,,,,
ocd-person/00b4a416-e9ca-44ad-b808-58c19d6fb54a,Craig Zucker,Democratic,14,upper,Craig,Zucker,Male,craig.zucker@senate.maryland.gov,,1975-03-23,,http://mgaleg.maryland.gov/2016RS/images/zucker01.jpg,https://mgaleg.maryland.gov/mgawebsite/Members/Details/zucker01;https://mgaleg.maryland.gov/webmga/frmMain.aspx?pid=sponpage&tab=subject6&id=zucker01&stab=01;https://msa.maryland.gov/msa/mdmanual/05sen/html/msa15448.html,https://ballotpedia.org/Craig_Zucker;https://en.wikipedia.org/wiki/Craig_Zucker;https://mgaleg.maryland.gov/mgawebsite/Members/Details/zucker01;https://mgaleg.maryland.gov/webmga/frmMain.aspx?pid=sponpage&tab=subject6&id=zucker01&stab=01;https://msa.maryland.gov/msa/mdmanual/05sen/html/msa15448.html;https://www.linkedin.com/in/craig-zucker-a89b1b3,,,,,,,,,,,
ocd-person/d848993b-65e9-4ea3-ab2a-dfaf796142cc,Dalya Attar,Democratic,41,upper,Dalya,Attar,Female,dalya.attar@senate.maryland.gov,,1990-10-17,,http://mgaleg.maryland.gov/2019RS/images/attar01.jpg,https://mgaleg.maryland.gov/mgawebsite/Members/Details/attar01;https://mgaleg.maryland.gov/mgawebsite/Members/Details/attar02;https://mgaleg.maryland.gov/webmga/frmMain.aspx?pid=sponpage&tab=subject6&id=attar01&stab=01,https://ballotpedia.org/Dalya_Attar;https://en.wikipedia.org/wiki/Dalya_Attar;https://justfacts.votesmart.org/candidate/biography/181665/dalya-attar;https://mgaleg.maryland.gov/mgawebsite/Members/Details/attar01;https://mgaleg.maryland.gov/mgawebsite/Members/Details/attar02;https://mgaleg.maryland.gov/webmga/frmMain.aspx?pid=sponpage&tab=subject6&id=attar01&stab=01;https://www.linkedin.com/in/dalya-attar-b7375059,,,,,,,,,,,
ocd-person/73faf103-715f-425d-8642-0ecd0cf1d4c9,Dana Jones,Democratic,30A,lower,Dana,Jones,Female,dana.jones@house.maryland.gov,,1976-06-26,,https://mgaleg.maryland.gov/2023RS/images/jones01.jpg,https://mgaleg.maryland.gov/mgawebsite/Members/Details/jones01;https://msa.maryland.gov/msa/mdmanual/06hse/html/msa18264.html,https://ballotpedia.org/Dana_Jones;https://en.wikipedia.org/wiki/Dana_Jones_(politician);https://justfacts.votesmart.org/candidate/biography/193212/dana-jones;https://mgaleg.maryland.gov/mgawebsite/Members/Details/jones01;https://msa.maryland.gov/msa/mdmanual/06hse/html/msa18264.html;https://www.linkedin.com/in/dana-c-jones-1a22972,,,,,,,,,,,
ocd-person/0418164e-2e86-4186-9f2d-327cb86b7eda,Dana Stein,Democratic,11B,lower,Dana,Stein,Male,dana.stein@house.maryland.gov,,1958-09-19,,https://mgaleg.maryland.gov/2025RS/images/stein.jpg,https://mgaleg.maryland.gov/mgawebsite/Members/Details/stein;https://mgaleg.maryland.gov/webmga/frmMain.aspx?pid=sponpage&tab=subject6&id=stein&stab=01,https://ballotpedia.org/Dana_Stein;https://en.wikipedia.org/wiki/Dana_Stein;https://mgaleg.maryland.gov/mgawebsite/Members/Details/stein;https://mgaleg.maryland.gov/webmga/frmMain.aspx?pid=sponpage&tab=subject6&id=stein&stab=01,,,,,,,,,,,
ocd-person/1bfa80b8-7204-4f06-8b78-e3cb95b9a475,Darrell Odom,Democratic,27A,lower,Darrell,Odom,Male,darrell.odom@house.maryland.gov,,,,https://mgaleg.maryland.gov/2026RS/images/odom01.jpg,https://mgaleg.maryland.gov/mgawebsite/Members/Details/odom01,https://ballotpedia.org/Darrell_Odom;https://en.wikipedia.org/wiki/Darrell_Odom;https://mgaleg.maryland.gov/mgawebsite/Members/Details/odom01;https://www.linkedin.com/in/darrell-odom-4ba1a4110,,,,,,,,,,,
ocd-person/ccc2ad8a-fa2a-432c-8e95-d301636547fc,David Fraser-Hidalgo,Democratic,15,lower,David,Fraser-Hidalgo,Male,david.fraser.hidalgo@house.maryland.gov,,1969-11-25,,http://mgaleg.maryland.gov/2016RS/images/fraser01.jpg,https://mgaleg.maryland.gov/mgawebsite/Members/Details/fraser01;https://mgaleg.maryland.gov/webmga/frmMain.aspx?pid=sponpage&tab=subject6&id=fraser01&stab=01;https://msa.maryland.gov/msa/mdmanual/06hse/html/msa16856.html,https://ballotpedia.org/David_Fraser-Hidalgo;https://en.wikipedia.org/wiki/David_Fraser-Hidalgo;https://justfacts.votesmart.org/candidate/biography/127423/david-fraser-hidalgo;https://mgaleg.maryland.gov/mgawebsite/Members/Details/fraser01;https://mgaleg.maryland.gov/webmga/frmMain.aspx?pid=sponpage&tab=subject6&id=fraser01&stab=01;https://msa.maryland.gov/msa/mdmanual/06hse/html/msa16856.html;https://www.linkedin.com/in/david-fraser-hidalgo-7334bb,,,,,,,,,,,
ocd-person/0692b705-a577-4edb-9da0-8c828e2473ab,David Moon,Democratic,20,lower,David,Moon,Male,david.moon@house.maryland.gov,,1979-01-28,,https://mgaleg.maryland.gov/2023RS/images/moon01.jpg,https://mgaleg.maryland.gov/mgawebsite/Members/Details/moon01;https://mgaleg.maryland.gov/webmga/frmMain.aspx?pid=sponpage&tab=subject6&id=moon01&stab=01;https://msa.maryland.gov/msa/mdmanual/06hse/html/msa17063.html,https://ballotpedia.org/David_Moon;https://en.wikipedia.org/wiki/David_Moon_(politician);https://justfacts.votesmart.org/candidate/biography/150121/david-moon;https://mgaleg.maryland.gov/mgawebsite/Members/Details/moon01;https://mgaleg.maryland.gov/webmga/frmMain.aspx?pid=sponpage&tab=subject6&id=moon01&stab=01;https://msa.maryland.gov/msa/mdmanual/06hse/html/msa17063.html;https://www.linkedin.com/in/moonstrategies,,,,,,,,,,,
ocd-person/4f379062-a8ba-49af-850a-a1a358797d48,Dawn Gile,Democratic,33,upper,Dawn,Gile,Female,dawn.gile@senate.maryland.gov,,1980-01-01,,https://mgaleg.maryland.gov/2023RS/images/gile01.jpg,https://mgaleg.maryland.gov/mgawebsite/Members/Details/gile01;https://msa.maryland.gov/msa/mdmanual/05sen/html/msa18497.html,https://ballotpedia.org/Dawn_Gile;https://en.wikipedia.org/wiki/Dawn_Gile;https://j.futurefacts.votesmart.io/candidate/biography/202175/dawn-gile;https://mgaleg.maryland.gov/mgawebsite/Members/Details/gile01;https://msa.maryland.gov/msa/mdmanual/05sen/html/msa18497.html;https://www.linkedin.com/in/dawn-gile,,,,,,,,,,,
ocd-person/64b23008-9889-4fd1-9353-42888d9bc4bb,Debra Davis,Democratic,28,lower,Debra,Davis,Female,debra.davis@house.maryland.gov,,1959-10-11,,http://mgaleg.maryland.gov/2019RS/images/davis02.jpg,https://mgaleg.maryland.gov/mgawebsite/Members/Details/davis02;https://mgaleg.maryland.gov/webmga/frmMain.aspx?pid=sponpage&tab=subject6&id=davis02&stab=01,https://ballotpedia.org/Debra_Davis;https://en.wikipedia.org/wiki/Debra_Davis;https://justfacts.votesmart.org/candidate/biography/131981/debra-davis;https://mgaleg.maryland.gov/mgawebsite/Members/Details/davis02;https://mgaleg.maryland.gov/webmga/frmMain.aspx?pid=sponpage&tab=subject6&id=davis02&stab=01;https://www.linkedin.com/in/debradavis4,,,,,,,,,,,
ocd-person/1ef3da63-78d6-4d56-a5a0-b4c4106eda34,Deni Taveras,Democratic,47B,lower,Deni,Taveras,Female,deni.taveras@house.maryland.gov,,1972-12-13,,https://global-uploads.webflow.com/5e1b86c619c05c91b9967ad6/620e4aa91638bf13a472cf3e_DtOqMwcsRnKd3LnHjPV2jw_thumb_d6b.jpg,https://mgaleg.maryland.gov/mgawebsite/Members/Details/taveras01,https://ballotpedia.org/Deni_Taveras;https://en.wikipedia.org/wiki/Deni_Taveras;https://justfacts.votesmart.org/candidate/159520/deni-taveras;https://mgaleg.maryland.gov/mgawebsite/Members/Details/taveras01;https://www.linkedin.com/in/deni-taveras,,,,,,,,,,,
ocd-person/59787563-473b-4975-a473-4a1e4d505905,Denise Roberts,Democratic,25,lower,Denise,Roberts,Female,denise.roberts@house.maryland.gov,,,,https://mgaleg.maryland.gov/2024RS/images/roberts01.jpg,https://mgaleg.maryland.gov/mgawebsite/Members/Details/roberts01,https://ballotpedia.org/Denise_Roberts;https://en.wikipedia.org/wiki/Denise_Roberts_(politician);https://mgaleg.maryland.gov/mgawebsite/Members/Details/roberts01;https://www.linkedin.com/in/denisegeneva;https://www.votedeniseroberts.com/meet-denise,,,,,,,,,,,
ocd-person/768071e2-ba4a-4910-b4b4-f9b2e88eff7c,Derrick Coley,Democratic,24,lower,Derrick,Coley,Male,derrick.coley@house.maryland.gov,,,,https://mgaleg.maryland.gov/2026RS/images/coley01.jpg,https://mgaleg.maryland.gov/mgawebsite/Members/Details/coley01,https://ballotpedia.org/Derrick_Coley;https://en.wikipedia.org/wiki/Derrick_Coley;https://mgaleg.maryland.gov/mgawebsite/Members/Details/coley01;https://www.linkedin.com/in/derrick-coley-274b5815,,,,,,,,,,,
ocd-person/3235313d-d279-4aaf-97fd-476d4c79c11a,Diana Fennell,Democratic,47A,lower,Diana,Fennell,Female,diana.fennell@house.maryland.gov,,1967-08-06,,http://mgaleg.maryland.gov/2016RS/images/fennell01.jpg,https://mgaleg.maryland.gov/mgawebsite/Members/Details/fennell01;https://mgaleg.maryland.gov/webmga/frmMain.aspx?pid=sponpage&tab=subject6&id=fennell01&stab=01;https://msa.maryland.gov/msa/mdmanual/06hse/html/msa17085.html,https://ballotpedia.org/Diana_Fennell;https://en.wikipedia.org/wiki/Diana_M._Fennell;https://justfacts.votesmart.org/candidate/biography/36299/diana-fennell;https://mgaleg.maryland.gov/mgawebsite/Members/Details/fennell01;https://mgaleg.maryland.gov/webmga/frmMain.aspx?pid=sponpage&tab=subject6&id=fennell01&stab=01;https://msa.maryland.gov/msa/mdmanual/06hse/html/msa17085.html,,,,,,,,,,,
ocd-person/5a00e3a7-f7ac-4f41-b180-1cf821a4c241,Dylan Behler,Democratic,30A,lower,Dylan,Behler,Male,dylan.behler@house.maryland.gov,,,,https://mgaleg.maryland.gov/2025RS/images/behler01.jpg,https://mgaleg.maryland.gov/mgawebsite/Members/Details/behler01;https://msa.maryland.gov/msa/mdmanual/06hse/html/msa18616.html,https://ballotpedia.org/Dylan_Behler;https://en.wikipedia.org/wiki/Dylan_Behler;https://mgaleg.maryland.gov/mgawebsite/Members/Details/behler01;https://msa.maryland.gov/msa/mdmanual/06hse/html/msa18616.html;https://www.linkedin.com/in/dylan-behler-a3a400139,,,,,,,,,,,
ocd-person/c8851cc0-d707-49c5-939a-485fc7e14075,Edith Patterson,Democratic,28,lower,Edith,Patterson,Female,edith.patterson@house.maryland.gov,,1945-11-18,,http://mgaleg.maryland.gov/2018RS/images/patterson02.jpg,https://mgaleg.maryland.gov/mgawebsite/Members/Details/patterson02;https://mgaleg.maryland.gov/webmga/frmMain.aspx?pid=sponpage&tab=subject6&id=patterson02&stab=01;https://msa.maryland.gov/msa/mdmanual/06hse/html/msa14559.html,https://ballotpedia.org/Edith_Patterson;https://en.wikipedia.org/wiki/Edith_J._Patterson;https://mgaleg.maryland.gov/mgawebsite/Members/Details/patterson02;https://mgaleg.maryland.gov/webmga/frmMain.aspx?pid=sponpage&tab=subject6&id=patterson02&stab=01;https://msa.maryland.gov/msa/mdmanual/06hse/html/msa14559.html;https://www.linkedin.com/in/edith-patterson-970b921a,,,,,,,,,,,
ocd-person/cded392e-47da-4c74-998d-7276520db9ad,Elizabeth Embry,Democratic,43A,lower,Elizabeth,Embry,Female,elizabeth.embry@house.maryland.gov,,1977-03-02,,https://mgaleg.maryland.gov/2023RS/images/embry01.jpg,https://mgaleg.maryland.gov/mgawebsite/Members/Details/embry01,https://ballotpedia.org/Elizabeth_Embry;https://en.wikipedia.org/wiki/Elizabeth_Embry;https://mgaleg.maryland.gov/mgawebsite/Members/Details/embry01,,,,,,,,,,,
ocd-person/ea24b6b8-ecff-4a51-badf-001c8889c5df,Emily Shetty,Democratic,18,lower,Emily,Shetty,Female,emily.shetty@house.maryland.gov,,,,https://mgaleg.maryland.gov/2024RS/images/shetty01.jpg,https://mgaleg.maryland.gov/mgawebsite/Members/Details/shetty01;https://mgaleg.maryland.gov/webmga/frmMain.aspx?pid=sponpage&tab=subject6&id=shetty01&stab=01,https://ballotpedia.org/Emily_Shetty;https://en.wikipedia.org/wiki/Emily_Shetty;https://justfacts.votesmart.org/candidate/biography/149134/emily-shetty;https://mgaleg.maryland.gov/mgawebsite/Members/Details/shetty01;https://mgaleg.maryland.gov/webmga/frmMain.aspx?pid=sponpage&tab=subject6&id=shetty01&stab=01;https://www.linkedin.com/in/emily-shetty-0042104,,,,,,,,,,,
ocd-person/cbf6aefa-a6aa-4de5-9237-d1c34e5c4930,Eric Ebersole,Democratic,44A,lower,Eric,Ebersole,Male,eric.ebersole@house.maryland.gov,,1958-05-20,,http://mgaleg.maryland.gov/2016RS/images/ebersole01.jpg,https://mgaleg.maryland.gov/mgawebsite/Members/Details/ebersole01;https://mgaleg.maryland.gov/webmga/frmMain.aspx?pid=sponpage&tab=subject6&id=ebersole01&stab=01;https://msa.maryland.gov/msa/mdmanual/06hse/html/msa17056.html,https://ballotpedia.org/Eric_Ebersole;https://en.wikipedia.org/wiki/Eric_Ebersole;https://mgaleg.maryland.gov/mgawebsite/Members/Details/ebersole01;https://mgaleg.maryland.gov/webmga/frmMain.aspx?pid=sponpage&tab=subject6&id=ebersole01&stab=01;https://msa.maryland.gov/msa/mdmanual/06hse/html/msa17056.html;https://www.linkedin.com/in/eric-ebersole-71316946,,,,,,,,,,,
ocd-person/2f6dc3da-2750-4c4a-b4cf-034c40f3cb31,Gabriel Acevero,Democratic,39,lower,Gabriel,Acevero,Male,gabriel.acevero@house.maryland.gov,,1990-10-23,,https://mgaleg.maryland.gov/2026RS/images/acevero01.jpg,https://mgaleg.maryland.gov/mgawebsite/Members/Details/acevero01;https://mgaleg.maryland.gov/webmga/frmMain.aspx?pid=sponpage&tab=subject6&id=acevero01&stab=01,https://ballotpedia.org/Gabriel_Acevero;https://en.wikipedia.org/wiki/Gabriel_Acevero;https://justfacts.votesmart.org/candidate/biography/181651/gabriel-acevero;https://mgaleg.maryland.gov/mgawebsite/Members/Details/acevero01;https://mgaleg.maryland.gov/webmga/frmMain.aspx?pid=sponpage&tab=subject6&id=acevero01&stab=01,,,,,,,,,,,
ocd-person/75e68cdb-a1b8-48ca-a7f9-73dc27f6a6bd,Gabriel Moreno,Democratic,13,lower,Gabriel,Moreno,Male,gabriel.moreno@house.maryland.gov,,1984-10-01,,https://mgaleg.maryland.gov/2026RS/images/moreno01.jpg,https://mgaleg.maryland.gov/mgawebsite/Members/Details/moreno01,https://ballotpedia.org/Gabriel_Moreno;https://en.wikipedia.org/wiki/Gabriel_Moreno_(politician);https://mgaleg.maryland.gov/mgawebsite/Members/Details/moreno01;https://www.linkedin.com/in/gabrielmorenoesq,,,,,,,,,,,
ocd-person/e420ea16-5cb8-49b4-ba37-e5b5876a02fc,Gary Simmons,Democratic,12B,lower,Gary,Simmons,Male,gary.simmons@house.maryland.gov,,1971-07-25,,https://mgaleg.maryland.gov/2023RS/images/simmons01.jpg,https://mgaleg.maryland.gov/mgawebsite/Members/Details/simmons01,https://ballotpedia.org/Gary_Simmons;https://en.wikipedia.org/wiki/Gary_Simmons_(politician);https://mgaleg.maryland.gov/mgawebsite/Members/Details/simmons01;https://www.linkedin.com/in/gary-simmons-193b95a6,,,,,,,,,,,
ocd-person/330c3ef8-92a2-41fc-9ef8-877d389aecdf,Greg Wims,Democratic,39,lower,Greg,Wims,Male,greg.wims@house.maryland.gov,,1949-09-02,,https://mgaleg.maryland.gov/2023RS/images/wims01.jpg,https://mgaleg.maryland.gov/mgawebsite/Members/Details/wims01,https://en.wikipedia.org/wiki/W._Gregory_Wims;https://mgaleg.maryland.gov/mgawebsite/Members/Details/wims01;https://www.linkedin.com/in/gregory-wims-467b80;https://www.thehistorymakers.org/biography/w-gregory-wims-38,,,,,,,,,,,
ocd-person/04eec23c-719e-46b1-ae56-f34de9207e8c,Guy Guzzone,Democratic,13,upper,Guy,Guzzone,Male,guy.guzzone@senate.maryland.gov,,1964-03-27,,http://mgaleg.maryland.gov/2020RS/images/guzzone.jpg,https://mgaleg.maryland.gov/mgawebsite/Members/Details/guzzone;https://mgaleg.maryland.gov/webmga/frmMain.aspx?pid=sponpage&tab=subject6&id=guzzone&stab=01;https://msa.maryland.gov/msa/mdmanual/05sen/html/msa14619.html,https://ballotpedia.org/Guy_Guzzone;https://en.wikipedia.org/wiki/Guy_Guzzone;https://justfacts.votesmart.org/candidate/biography/66528/guy-guzzone;https://mgaleg.maryland.gov/mgawebsite/Members/Details/guzzone;https://mgaleg.maryland.gov/webmga/frmMain.aspx?pid=sponpage&tab=subject6&id=guzzone&stab=01;https://msa.maryland.gov/msa/mdmanual/05sen/html/msa14619.html,,,,,,,,,,,
ocd-person/14830b25-7188-44be-836f-2d3d0324dec1,Harry Bhandari,Democratic,8,lower,Harry,Bhandari,Male,harry.bhandari@house.maryland.gov,,1977-10-01,,http://mgaleg.maryland.gov/2019RS/images/bhandari01.jpg,https://mgaleg.maryland.gov/mgawebsite/Members/Details/bhandari01;https://mgaleg.maryland.gov/webmga/frmMain.aspx?pid=sponpage&tab=subject6&id=bhandari01&stab=01,https://ballotpedia.org/Harry_Bhandari;https://en.wikipedia.org/wiki/Harry_Bhandari;https://justfacts.votesmart.org/candidate/biography/150106/harry-bhandari;https://mgaleg.maryland.gov/mgawebsite/Members/Details/bhandari01;https://mgaleg.maryland.gov/webmga/frmMain.aspx?pid=sponpage&tab=subject6&id=bhandari01&stab=01;https://www.linkedin.com/in/harry-bhandari-phd-06796972,,,,"7701 Belair Road, Nottingham, MD 21236",410-841-3526,,,,,,
ocd-person/396e14a6-1903-4a12-ad7b-aefae5263b0c,Heather Bagnall Tudball,Democratic,33C,lower,Heather,Bagnall Tudball,Female,heather.bagnall@house.maryland.gov,,1974-01-17,,http://mgaleg.maryland.gov/2019RS/images/bagnall01.jpg,https://mgaleg.maryland.gov/mgawebsite/Members/Details/bagnall01;https://mgaleg.maryland.gov/webmga/frmMain.aspx?pid=sponpage&tab=subject6&id=bagnall01&stab=01,https://ballotpedia.org/Heather_Bagnall;https://mgaleg.maryland.gov/mgawebsite/Members/Details/bagnall01;https://mgaleg.maryland.gov/webmga/frmMain.aspx?pid=sponpage&tab=subject6&id=bagnall01&stab=01,,,,,,,,,,,
ocd-person/a111b899-ab75-4934-a6e9-a9c8be9bc70d,Charles Sydnor,Democratic,44,upper,Charles,Sydnor,Male,charles.sydnor@senate.maryland.gov,,1974-03-18,,http://mgaleg.maryland.gov/2021RS/images/sydnor02.jpg,https://mgaleg.maryland.gov/mgawebsite/Members/Details/sydnor02;https://mgaleg.maryland.gov/webmga/frmMain.aspx?pid=sponpage&tab=subject6&id=sydnor01&stab=01;https://msa.maryland.gov/msa/mdmanual/05sen/html/msa17081.html,https://ballotpedia.org/Charles_E._Sydnor_III;https://en.wikipedia.org/wiki/Charles_E._Sydnor_III;https://justfacts.votesmart.org/candidate/biography/149199/charles-sydnor-iii;https://mgaleg.maryland.gov/mgawebsite/Members/Details/sydnor02;https://mgaleg.maryland.gov/webmga/frmMain.aspx?pid=sponpage&tab=subject6&id=sydnor01&stab=01;https://msa.maryland.gov/msa/mdmanual/05sen/html/msa17081.html;https://www.linkedin.com/in/charles-e-sydnor-iii-ba07591,,,,,,,,,,,
ocd-person/72201809-94c8-4c48-a0be-18555a2d55fa,J.B. Jennings,Republican,7,upper,J.B.,Jennings,Male,jb.jennings@senate.maryland.gov,,1974-03-27,,http://mgaleg.maryland.gov/2020RS/images/jennings.jpg,https://mgaleg.maryland.gov/mgawebsite/Members/Details/jennings;https://mgaleg.maryland.gov/webmga/frmMain.aspx?pid=sponpage&tab=subject6&id=jennings&stab=01;https://msa.maryland.gov/msa/mdmanual/05sen/html/msa13980.html,https://ballotpedia.org/J.B._Jennings;https://en.wikipedia.org/wiki/J._B._Jennings;https://justfacts.votesmart.org/candidate/biography/36305/j-b-jennings;https://mgaleg.maryland.gov/mgawebsite/Members/Details/jennings;https://mgaleg.maryland.gov/webmga/frmMain.aspx?pid=sponpage&tab=subject6&id=jennings&stab=01;https://msa.maryland.gov/msa/mdmanual/05sen/html/msa13980.html;https://www.linkedin.com/in/senator-j-b-jennings-1404a26,,,,"141 N. Main St. Suite K, Bel Air, MD 21014",410-870-5848,,,,,,
ocd-person/9fbc0383-4845-42ae-a2db-06b16c6f6728,Sandy Bartlett,Democratic,32,lower,Sandy,Bartlett,Female,sandy.bartlett@house.maryland.gov,,1966-01-06,,http://mgaleg.maryland.gov/2019RS/images/bartlett02.jpg,https://mgaleg.maryland.gov/mgawebsite/Members/Details/bartlett02;https://mgaleg.maryland.gov/webmga/frmMain.aspx?pid=sponpage&tab=subject6&id=bartlett02&stab=01,https://ballotpedia.org/J._Sandy_Bartlett;https://en.wikipedia.org/wiki/J._Sandy_Bartlett;https://j.futurefacts.votesmart.io/candidate/biography/181622/j-bartlett;https://mgaleg.maryland.gov/mgawebsite/Members/Details/bartlett02;https://mgaleg.maryland.gov/webmga/frmMain.aspx?pid=sponpage&tab=subject6&id=bartlett02&stab=01,,,,,,,,,,,
ocd-person/d6ad9dff-6f4f-48c9-8806-d651a0d86f58,Jack Bailey,Republican,29,upper,Jack,Bailey,Male,jack.bailey@senate.maryland.gov,,1965-08-27,,http://mgaleg.maryland.gov/2019RS/images/bailey01.jpg,https://mgaleg.maryland.gov/mgawebsite/Members/Details/bailey01;https://mgaleg.maryland.gov/webmga/frmMain.aspx?pid=sponpage&tab=subject6&id=bailey01&stab=01;https://msa.maryland.gov/msa/mdmanual/05sen/html/msa18046.html,https://ballotpedia.org/Jack_Bailey_(Maryland);https://en.wikipedia.org/wiki/Jack_Bailey_(Maryland_politician);https://en.wikipedia.org/wiki/John_D._(Jack)_Bailey;https://justfacts.votesmart.org/candidate/biography/178461/jack-bailey;https://mgaleg.maryland.gov/mgawebsite/Members/Details/bailey01;https://mgaleg.maryland.gov/webmga/frmMain.aspx?pid=sponpage&tab=subject6&id=bailey01&stab=01;https://msa.maryland.gov/msa/mdmanual/05sen/html/msa18046.html,,,,"Dorsey Professional Park 23680 Three Notch Road, Unit 101, Hollywood, MD 20636",240-309-4238,,,,,,
ocd-person/76c59be2-cf5e-49d2-8dd6-7d2506a7bcef,Jackie Addison,Democratic,45,lower,Jackie,Addison,Female,jackie.addison@house.maryland.gov,,1962-09-14,,https://mgaleg.maryland.gov/2023RS/images/addison01.jpg,https://mgaleg.maryland.gov/mgawebsite/Members/Details/addison01,https://ballotpedia.org/Jackie_Addison;https://en.wikipedia.org/wiki/Jackie_Addison;https://mgaleg.maryland.gov/mgawebsite/Members/Details/addison01,,,,,,,,,,,
ocd-person/108e1cf8-7e40-49bd-a7c8-1a7978e55b32,Jamila Woods,Democratic,26,lower,Jamila,Woods,Female,jamila.woods@house.maryland.gov,,1963-07-09,,https://s3.amazonaws.com/ballotpedia-api4/files/thumbs/200/300/Jamila_01-2018.jpg,https://mgaleg.maryland.gov/mgawebsite/Members/Details/woods01,https://ballotpedia.org/Jamila_Woods;https://en.wikipedia.org/wiki/Jamila_Woods_(politician);https://mgaleg.maryland.gov/mgawebsite/Members/Details/woods01;https://www.linkedin.com/in/jamila-woods-mdiv-lgsw-cams-i-189b4486,,,,,,,,,,,
ocd-person/4edadbc3-1635-4ce9-9b8c-1220f07e7b23,Jared Solomon,Democratic,18,lower,Jared,Solomon,Male,jared.solomon@house.maryland.gov,,1985-04-03,,https://bosepublicaffairs.com/wp-content/uploads/2020/12/solomon-768x959.jpg,https://mgaleg.maryland.gov/mgawebsite/Members/Details/solomon01;https://mgaleg.maryland.gov/webmga/frmMain.aspx?pid=sponpage&tab=subject6&id=solomon01&stab=01,https://ballotpedia.org/Jared_Solomon_(Maryland);https://bosepublicaffairs.com/staff/jared-solomon;https://en.wikipedia.org/wiki/Jared_Solomon_(Maryland_politician);https://mgaleg.maryland.gov/mgawebsite/Members/Details/solomon01;https://mgaleg.maryland.gov/webmga/frmMain.aspx?pid=sponpage&tab=subject6&id=solomon01&stab=01;https://www.linkedin.com/in/jared-solomon-b2655725,,,,,,,,,,,
ocd-person/0218a7f4-9904-426e-b676-be22eb714185,Jason Buckel,Republican,1B,lower,Jason,Buckel,Male,jason.buckel@house.maryland.gov,,1971-11-03,,http://mgaleg.maryland.gov/2016RS/images/buckel01.jpg,https://mgaleg.maryland.gov/mgawebsite/Members/Details/buckel01;https://mgaleg.maryland.gov/webmga/frmMain.aspx?pid=sponpage&tab=subject6&id=buckel01&stab=01;https://msa.maryland.gov/msa/mdmanual/06hse/html/msa17042.html,https://ballotpedia.org/Jason_Buckel;https://en.wikipedia.org/wiki/Jason_C._Buckel;https://justfacts.votesmart.org/candidate/biography/150091/jason-buckel;https://mgaleg.maryland.gov/mgawebsite/Members/Details/buckel01;https://mgaleg.maryland.gov/webmga/frmMain.aspx?pid=sponpage&tab=subject6&id=buckel01&stab=01;https://msa.maryland.gov/msa/mdmanual/06hse/html/msa17042.html,,,,,,,,,,,
ocd-person/7c2a7a4b-f847-4efa-baea-2e5633acdcd5,Jason Gallion,Republican,35,upper,Jason,Gallion,Male,jason.gallion@senate.maryland.gov,,1977-02-10,,https://mgaleg.maryland.gov/2025RS/images/gallion01.jpg,https://mgaleg.maryland.gov/mgawebsite/Members/Details/gallion01;https://mgaleg.maryland.gov/webmga/frmMain.aspx?pid=sponpage&tab=subject6&id=gallion01&stab=01,https://ballotpedia.org/Jason_Gallion;https://en.wikipedia.org/wiki/Jason_C._Gallion;https://justfacts.votesmart.org/candidate/biography/125985/jason-gallion;https://mgaleg.maryland.gov/mgawebsite/Members/Details/gallion01;https://mgaleg.maryland.gov/webmga/frmMain.aspx?pid=sponpage&tab=subject6&id=gallion01&stab=01,,,,,,,,,,,
ocd-person/4f0a99bb-9045-471a-88d2-1fea0ad8ccab,Jay Jacobs,Republican,36,lower,Jay,Jacobs,Male,jay.jacobs@house.maryland.gov,,1953-01-28,,http://mgaleg.maryland.gov/2016RS/images/jacobs%20j.jpg,https://mgaleg.maryland.gov/mgawebsite/Members/Details/jacobs%20j;https://mgaleg.maryland.gov/webmga/frmMain.aspx?pid=sponpage&tab=subject6&id=jacobs%20j&stab=01;https://msa.maryland.gov/msa/mdmanual/06hse/html/msa15458.html,https://ballotpedia.org/Jay_Jacobs;https://en.wikipedia.org/wiki/Jay_Jacobs_(politician);https://justfacts.votesmart.org/candidate/biography/66537/jay-jacobs;https://mgaleg.maryland.gov/mgawebsite/Members/Details/jacobs%20j;https://mgaleg.maryland.gov/webmga/frmMain.aspx?pid=sponpage&tab=subject6&id=jacobs%20j&stab=01;https://msa.maryland.gov/msa/mdmanual/06hse/html/msa15458.html,,,,,,,,,,,
ocd-person/43ee08fa-dce5-4526-8242-17e3e70baad7,Jeff Waldstreicher,Democratic,18,upper,Jeff,Waldstreicher,Male,jeff.waldstreicher@senate.maryland.gov,,1979-12-31,,https://mgaleg.maryland.gov/2025RS/images/waldstreicher1.jpg,https://mgaleg.maryland.gov/mgawebsite/Members/Details/waldstreicher1;https://mgaleg.maryland.gov/webmga/frmMain.aspx?pid=sponpage&tab=subject6&id=waldstreicher1&stab=01;https://msa.maryland.gov/msa/mdmanual/05sen/html/msa14637.html,https://ballotpedia.org/Jeff_Waldstreicher;https://en.wikipedia.org/wiki/Jeff_Waldstreicher;https://mgaleg.maryland.gov/mgawebsite/Members/Details/waldstreicher1;https://mgaleg.maryland.gov/webmga/frmMain.aspx?pid=sponpage&tab=subject6&id=waldstreicher1&stab=01;https://msa.maryland.gov/msa/mdmanual/05sen/html/msa14637.html;https://www.linkedin.com/in/jeff-waldstreicher-382874,,,,,,,,,,,
ocd-person/297d462e-6cee-4faf-ab3e-4ded2ea6f916,Jeff Ghrist,Republican,36,lower,Jeff,Ghrist,Male,jeff.ghrist@house.maryland.gov,,1975-03-14,,https://mgaleg.maryland.gov/2025RS/images/ghrist01.jpg,https://mgaleg.maryland.gov/mgawebsite/Members/Details/ghrist01;https://mgaleg.maryland.gov/webmga/frmMain.aspx?pid=sponpage&tab=subject6&id=ghrist01&stab=01;https://msa.maryland.gov/msa/mdmanual/06hse/html/msa14691.html,https://ballotpedia.org/Jeff_Ghrist;https://en.wikipedia.org/wiki/Jefferson_L._Ghrist;https://justfacts.votesmart.org/candidate/biography/87391/jeff-ghrist;https://mgaleg.maryland.gov/mgawebsite/Members/Details/ghrist01;https://mgaleg.maryland.gov/webmga/frmMain.aspx?pid=sponpage&tab=subject6&id=ghrist01&stab=01;https://msa.maryland.gov/msa/mdmanual/06hse/html/msa14691.html;https://www.linkedin.com/in/jeff-ghrist-a1255616,,,,,,,,,,,
ocd-person/20f85b73-be94-4030-bac8-4a6e515f9285,Jeff Long,Democratic,27B,lower,Jeff,Long,Male,jeffrie.long@house.maryland.gov,,1996-11-12,,https://mgaleg.maryland.gov/2023RS/images/long02.jpg,https://mgaleg.maryland.gov/mgawebsite/Members/Details/long02;https://msa.maryland.gov/msa/mdmanual/06hse/html/msa18397.html,https://ballotpedia.org/Jeffrie_Long_Jr.;https://en.wikipedia.org/wiki/Jeffrie_Long_Jr.;https://justfacts.votesmart.org/candidate/202261/jeffrie-long-jr;https://mgaleg.maryland.gov/mgawebsite/Members/Details/long02;https://msa.maryland.gov/msa/mdmanual/06hse/html/msa18397.html;https://www.linkedin.com/in/jeffrie-long-36a21179,,,,,,,,,,,
ocd-person/51573cf9-a7d7-40d5-bd9a-90e3042c4cab,Jen Terrasa,Democratic,13,lower,Jen,Terrasa,Female,jen.terrasa@house.maryland.gov,,1969-06-06,,http://mgaleg.maryland.gov/2019RS/images/terrasa01.jpg,https://mgaleg.maryland.gov/mgawebsite/Members/Details/terrasa01;https://mgaleg.maryland.gov/webmga/frmMain.aspx?pid=sponpage&tab=subject6&id=terrasa01&stab=01,https://ballotpedia.org/Jen_Terrasa;https://en.wikipedia.org/wiki/Jennifer_R._Terrasa;https://mgaleg.maryland.gov/mgawebsite/Members/Details/terrasa01;https://mgaleg.maryland.gov/webmga/frmMain.aspx?pid=sponpage&tab=subject6&id=terrasa01&stab=01;https://www.linkedin.com/in/jenterrasa,,,,,,,,,,,
ocd-person/e9d8fb0f-3272-47c8-8926-28c7bdfc19ca,Jennifer White Holland,Democratic,10,lower,Jennifer,White Holland,Female,jennifer.white@house.maryland.gov,,1988-04-21,,https://mgaleg.maryland.gov/2024RS/images/white01.jpg,https://mgaleg.maryland.gov/mgawebsite/Members/Details/white01,https://ballotpedia.org/Jennifer_White_(Maryland);https://en.wikipedia.org/wiki/Jennifer_White_Holland;https://mgaleg.maryland.gov/mgawebsite/Members/Details/white01;https://votejenniferwhite.com/bio-1;https://votejenniferwhite.com/jen-for-district-10;https://www.linkedin.com/in/jenniferw1,,,,,,,,,,,
ocd-person/208e3148-8653-4162-8c92-6ba02e15e59b,Jesse Pippy,Republican,4,lower,Jesse,Pippy,Male,jesse.pippy@house.maryland.gov,,1982-08-06,,http://mgaleg.maryland.gov/2019RS/images/pippy01.jpg,https://mgaleg.maryland.gov/mgawebsite/Members/Details/pippy01;https://mgaleg.maryland.gov/webmga/frmMain.aspx?pid=sponpage&tab=subject6&id=pippy01&stab=01,https://ballotpedia.org/Jesse_Pippy;https://en.wikipedia.org/wiki/Jesse_Pippy;https://mgaleg.maryland.gov/mgawebsite/Members/Details/pippy01;https://mgaleg.maryland.gov/webmga/frmMain.aspx?pid=sponpage&tab=subject6&id=pippy01&stab=01;https://www.linkedin.com/in/jesse-pippy-esq-4b88572b,,,,,,,,,,,
ocd-person/5e096a5d-1598-49c1-ba34-758759953f2f,Jessica Feldmark,Democratic,12A,lower,Jessica,Feldmark,Female,jessica.feldmark@house.maryland.gov,,1974-08-01,,http://mgaleg.maryland.gov/2019RS/images/feldmark01.jpg,https://mgaleg.maryland.gov/mgawebsite/Members/Details/feldmark01;https://mgaleg.maryland.gov/webmga/frmMain.aspx?pid=sponpage&tab=subject6&id=feldmark01&stab=01,https://ballotpedia.org/Jessica_Feldmark;https://en.wikipedia.org/wiki/Jessica_M._Feldmark;https://justfacts.votesmart.org/candidate/biography/181509/jessica-feldmark;https://mgaleg.maryland.gov/mgawebsite/Members/Details/feldmark01;https://mgaleg.maryland.gov/webmga/frmMain.aspx?pid=sponpage&tab=subject6&id=feldmark01&stab=01;https://www.linkedin.com/in/jessica-feldmark-5a8695a,,,,,,,,,,,
ocd-person/03da7272-eadc-4ad3-ba4b-f06f60acbed0,Jheanelle Wilkins,Democratic,20,lower,Jheanelle,Wilkins,Female,jheanelle.wilkins@house.maryland.gov,,1988-05-29,,https://mgaleg.maryland.gov/2025RS/images/wilkins01.jpg,https://mgaleg.maryland.gov/mgawebsite/Members/Details/wilkins01;https://mgaleg.maryland.gov/webmga/frmMain.aspx?pid=sponpage&tab=subject6&id=wilkins01&stab=01,https://ballotpedia.org/Jheanelle_Wilkins;https://en.wikipedia.org/wiki/Jheanelle_Wilkins;https://justfacts.votesmart.org/candidate/biography/176086/jheanelle-wilkins;https://mgaleg.maryland.gov/mgawebsite/Members/Details/wilkins01;https://mgaleg.maryland.gov/webmga/frmMain.aspx?pid=sponpage&tab=subject6&id=wilkins01&stab=01;https://www.linkedin.com/in/jheanellewilkins,,,,,,,,,,,
ocd-person/bb4f12c9-db2f-449d-a3a3-a7f77ad5d1f9,Jim Hinebaugh,Republican,1A,lower,Jim,Hinebaugh,Male,jim.hinebaugh@house.maryland.gov,,1946-12-12,,https://mgaleg.maryland.gov/2023RS/images/hinebaugh01.jpg,https://mgaleg.maryland.gov/mgawebsite/Members/Details/hinebaugh01,https://ballotpedia.org/Jim_Hinebaugh_Jr.;https://en.wikipedia.org/wiki/Jim_Hinebaugh;https://justfacts.votesmart.org/candidate/159494/jim-hinebaugh-jr;https://mgaleg.maryland.gov/mgawebsite/Members/Details/hinebaugh01;https://www.linkedin.com/in/jim-hinebaugh-98415b19,,,,,,,,,,,
ocd-person/0867a6dd-db6b-4c2f-8748-f9b4782d9a19,Jim Rosapepe,Democratic,21,upper,Jim,Rosapepe,Male,jim.rosapepe@senate.maryland.gov,,1951-05-20,,http://mgaleg.maryland.gov/2019RS/images/rosapepe.jpg,https://mgaleg.maryland.gov/mgawebsite/Members/Details/rosapepe;https://mgaleg.maryland.gov/webmga/frmMain.aspx?pid=sponpage&tab=subject6&id=rosapepe&stab=01,https://ballotpedia.org/Jim_Rosapepe;https://en.wikipedia.org/wiki/James_Rosapepe;https://mgaleg.maryland.gov/mgawebsite/Members/Details/rosapepe;https://mgaleg.maryland.gov/webmga/frmMain.aspx?pid=sponpage&tab=subject6&id=rosapepe&stab=01,,,,,,,,,,,
ocd-person/a5a952f8-f001-4619-9056-103a1f4e4d8e,Joanne Benson,Democratic,24,upper,Joanne,Benson,Female,joanne.benson@senate.maryland.gov,,1941-03-11,,http://mgaleg.maryland.gov/2016RS/images/benson.jpg,https://mgaleg.maryland.gov/mgawebsite/Members/Details/benson;https://mgaleg.maryland.gov/webmga/frmMain.aspx?pid=sponpage&tab=subject6&id=benson&stab=01;https://msa.maryland.gov/msa/mdmanual/05sen/html/msa12185.html,https://ballotpedia.org/Joanne_Benson;https://en.wikipedia.org/wiki/Joanne_C._Benson;https://justfacts.votesmart.org/candidate/biography/6106/joanne-benson;https://mgaleg.maryland.gov/mgawebsite/Members/Details/benson;https://mgaleg.maryland.gov/webmga/frmMain.aspx?pid=sponpage&tab=subject6&id=benson&stab=01;https://msa.maryland.gov/msa/mdmanual/05sen/html/msa12185.html;https://www.joannecbenson.com;https://www.linkedin.com/in/joanne-benson-22775340;https://www.linkedin.com/in/joanne-delegate-benson-70415b1a,,,,,,,,,,,
ocd-person/08182b0f-8c65-4ff2-994e-a0e04063cd4d,Joe Vogel,Democratic,17,lower,Joe,Vogel,Male,joe.vogel@house.maryland.gov,,1997-01-04,,https://mgaleg.maryland.gov/2025RS/images/vogel01.jpg,https://mgaleg.maryland.gov/mgawebsite/Members/Details/vogel01;https://msa.maryland.gov/msa/mdmanual/06hse/html/msa18391.html,https://ballotpedia.org/Joe_Vogel;https://en.wikipedia.org/wiki/Joe_Vogel_(politician);https://mgaleg.maryland.gov/mgawebsite/Members/Details/vogel01;https://msa.maryland.gov/msa/mdmanual/06hse/html/msa18391.html;https://www.linkedin.com/in/vogeljoe,,,,,,,,,,,
ocd-person/84e203b4-277c-4e10-aeb3-a80158bdf525,Johnny Mautz,Republican,37,upper,Johnny,Mautz,Male,johnny.mautz@senate.maryland.gov,,1970-09-19,,https://mgaleg.maryland.gov/2023RS/images/mautz02.jpg,https://mgaleg.maryland.gov/mgawebsite/Members/Details/mautz01;https://mgaleg.maryland.gov/mgawebsite/Members/Details/mautz02;https://mgaleg.maryland.gov/webmga/frmMain.aspx?pid=sponpage&tab=subject6&id=mautz01&stab=01,https://ballotpedia.org/Johnny_Mautz;https://en.wikipedia.org/wiki/Johnny_Mautz;https://justfacts.votesmart.org/candidate/biography/149182/johnny-mautz-iv;https://mgaleg.maryland.gov/mgawebsite/Members/Details/mautz01;https://mgaleg.maryland.gov/mgawebsite/Members/Details/mautz02;https://mgaleg.maryland.gov/webmga/frmMain.aspx?pid=sponpage&tab=subject6&id=mautz01&stab=01;https://www.linkedin.com/in/johnny-mautz-74062819,,,,"8695 Commerce Drive, Easton, MD 21601",410-829-2524,,,,,,
ocd-person/6a5dec66-3631-424f-aceb-6aa9f107cea1,Johnny Salling,Republican,6,upper,Johnny,Salling,Male,johnnyray.salling@senate.maryland.gov,,,,http://mgaleg.maryland.gov/2020RS/images/salling01.jpg,https://mgaleg.maryland.gov/mgawebsite/Members/Details/salling01;https://mgaleg.maryland.gov/webmga/frmMain.aspx?pid=sponpage&tab=subject6&id=salling01&stab=01;https://msa.maryland.gov/msa/mdmanual/05sen/html/msa17039.html,https://ballotpedia.org/Johnny_Ray_Salling;https://en.wikipedia.org/wiki/Johnny_Ray_Salling;https://mgaleg.maryland.gov/mgawebsite/Members/Details/salling01;https://mgaleg.maryland.gov/webmga/frmMain.aspx?pid=sponpage&tab=subject6&id=salling01&stab=01;https://msa.maryland.gov/msa/mdmanual/05sen/html/msa17039.html,,,,,,,,,,,
ocd-person/13771198-ddf4-4dfd-80f1-b4069ec55914,Jon Cardin,Democratic,11B,lower,Jon,Cardin,Male,jon.cardin@house.maryland.gov,,1970-01-12,,http://mgaleg.maryland.gov/2019RS/images/cardin01.jpg,https://mgaleg.maryland.gov/mgawebsite/Members/Details/cardin01;https://mgaleg.maryland.gov/webmga/frmMain.aspx?pid=sponpage&tab=subject6&id=cardin01&stab=01,https://ballotpedia.org/Jon_Cardin;https://en.wikipedia.org/wiki/Jon_S._Cardin;https://mgaleg.maryland.gov/mgawebsite/Members/Details/cardin01;https://mgaleg.maryland.gov/webmga/frmMain.aspx?pid=sponpage&tab=subject6&id=cardin01&stab=01;https://www.linkedin.com/in/jon-c-0879ab1,,,,,,,,,,,
ocd-person/366c0122-84a8-460e-bc98-93d4ca5f0176,Joseline Peña-Melnyk,Democratic,21,lower,Joseline,Peña-Melnyk,Female,joseline.pena.melnyk@house.maryland.gov,,1966-06-27,,https://mgaleg.maryland.gov/2025RS/images/pena.jpg,https://mgaleg.maryland.gov/mgawebsite/Members/Details/pena;https://mgaleg.maryland.gov/webmga/frmMain.aspx?pid=sponpage&tab=subject6&id=pena&stab=01;https://msa.maryland.gov/msa/mdmanual/06hse/html/msa14629.html,https://ballotpedia.org/Joseline_Pena-Melnyk;https://en.wikipedia.org/wiki/Joseline_Pe%C3%B1a-Melnyk;https://justfacts.votesmart.org/candidate/biography/68578/joseline-pena-melnyk;https://mgaleg.maryland.gov/mgawebsite/Members/Details/pena;https://mgaleg.maryland.gov/webmga/frmMain.aspx?pid=sponpage&tab=subject6&id=pena&stab=01;https://msa.maryland.gov/msa/mdmanual/06hse/html/msa14629.html,,,,,,,,,,,
ocd-person/9026e10a-e925-4bcb-ba28-85852dc4b2a4,Josh Stonko,Republican,42C,lower,Josh,Stonko,Male,joshua.stonko@house.maryland.gov,,,,https://mgaleg.maryland.gov/2023RS/images/stonko01.jpg,https://mgaleg.maryland.gov/mgawebsite/Members/Details/stonko01,https://ballotpedia.org/Joshua_Stonko;https://en.wikipedia.org/wiki/Joshua_Stonko;https://mgaleg.maryland.gov/mgawebsite/Members/Details/stonko01;https://www.linkedin.com/in/joshuastonko,,,,,,,,,,,
ocd-person/a07dd6a0-012b-41a7-901d-754d1cd194bb,Frank Conaway,Democratic,40,lower,Frank,Conaway,Male,frank.conaway@house.maryland.gov,,1963-01-04,,http://mgaleg.maryland.gov/2016RS/images/conaway.jpg,https://mgaleg.maryland.gov/mgawebsite/Members/Details/conaway;https://mgaleg.maryland.gov/webmga/frmMain.aspx?pid=sponpage&tab=subject6&id=conaway&stab=01;https://msa.maryland.gov/msa/mdmanual/06hse/html/msa14616.html,https://ballotpedia.org/Frank_Conaway_Jr.;https://en.wikipedia.org/wiki/Frank_M._Conaway_Jr.;https://mgaleg.maryland.gov/mgawebsite/Members/Details/conaway;https://mgaleg.maryland.gov/webmga/frmMain.aspx?pid=sponpage&tab=subject6&id=conaway&stab=01;https://msa.maryland.gov/msa/mdmanual/06hse/html/msa14616.html,,,,,,,,,,,
ocd-person/5fff41d7-cea5-4e01-a4da-e4474d267691,Marvin Holmes,Democratic,23,lower,Marvin,Holmes,Male,marvin.holmes@house.maryland.gov,,1948-11-27,,https://mgaleg.maryland.gov/2025RS/images/holmes.jpg,https://mgaleg.maryland.gov/mgawebsite/Members/Details/holmes;https://mgaleg.maryland.gov/webmga/frmMain.aspx?pid=sponpage&tab=subject6&id=holmes&stab=01;https://msa.maryland.gov/msa/mdmanual/06hse/html/msa13964.html,https://ballotpedia.org/Marvin_Holmes_Jr.;https://en.wikipedia.org/wiki/Marvin_E._Holmes_Jr.;https://justfacts.votesmart.org/candidate/biography/19380/marvin-holmes-jr;https://mgaleg.maryland.gov/mgawebsite/Members/Details/holmes;https://mgaleg.maryland.gov/webmga/frmMain.aspx?pid=sponpage&tab=subject6&id=holmes&stab=01;https://msa.maryland.gov/msa/mdmanual/06hse/html/msa13964.html,,,,,,,,,,,
ocd-person/84c7f5dc-7dfc-4a3b-9a85-7c7732515f0a,Robin Grammer,Republican,6,lower,Robin,Grammer,Male,robin.grammer@house.maryland.gov,,1980-06-19,,http://mgaleg.maryland.gov/2020RS/images/grammer01.jpg,https://mgaleg.maryland.gov/mgawebsite/Members/Details/grammer01;https://mgaleg.maryland.gov/webmga/frmMain.aspx?pid=sponpage&tab=subject6&id=grammer01&stab=01;https://msa.maryland.gov/msa/mdmanual/06hse/html/msa17048.html,"https://ballotpedia.org/Robin_L._Grammer,_Jr.;https://en.wikipedia.org/wiki/Robin_Grammer_Jr.;https://mgaleg.maryland.gov/mgawebsite/Members/Details/grammer01;https://mgaleg.maryland.gov/webmga/frmMain.aspx?pid=sponpage&tab=subject6&id=grammer01&stab=01;https://msa.maryland.gov/msa/mdmanual/06hse/html/msa17048.html",,,,,,,,,,,
ocd-person/2271e390-772d-440c-9601-f72ed997092b,Steve Hershey,Republican,36,upper,Steve,Hershey,Male,steve.hershey@senate.maryland.gov,,1964-05-02,,https://mgaleg.maryland.gov/2025RS/images/hershey.jpg,https://mgaleg.maryland.gov/mgawebsite/Members/Details/hershey;https://mgaleg.maryland.gov/webmga/frmMain.aspx?pid=sponpage&tab=subject6&id=hershey&stab=01,https://ballotpedia.org/Stephen_Hershey_Jr.;https://en.wikipedia.org/wiki/Stephen_S._Hershey_Jr.;https://justfacts.votesmart.org/candidate/biography/127520/stephen-hershey-jr;https://mgaleg.maryland.gov/mgawebsite/Members/Details/hershey;https://mgaleg.maryland.gov/webmga/frmMain.aspx?pid=sponpage&tab=subject6&id=hershey&stab=01,,,,,,,,,,,
ocd-person/6e1c09ac-57e7-4a54-bd83-74905670ad7f,Will Smith,Democratic,20,upper,Will,Smith,Male,will.smith@senate.maryland.gov,,1982-02-06,,http://mgaleg.maryland.gov/2017RS/images/smith02.jpg,https://mgaleg.maryland.gov/mgawebsite/Members/Details/smith02;https://mgaleg.maryland.gov/webmga/frmMain.aspx?pid=sponpage&tab=subject6&id=smith02&stab=01,https://ballotpedia.org/Will_Smith_(Maryland);https://en.wikipedia.org/wiki/William_C._Smith_Jr.;https://mgaleg.maryland.gov/mgawebsite/Members/Details/smith02;https://mgaleg.maryland.gov/webmga/frmMain.aspx?pid=sponpage&tab=subject6&id=smith02&stab=01;https://www.linkedin.com/in/williamcsmithjr,,,,,,,,,,,
ocd-person/e57fb9b8-7870-4bd2-8f46-df05edf038ac,Julian Ivey,Democratic,47A,lower,Julian,Ivey,Male,julian.ivey@house.maryland.gov,,1995-08-03,,http://mgaleg.maryland.gov/2019RS/images/ivey01.jpg,https://mgaleg.maryland.gov/mgawebsite/Members/Details/ivey01;https://mgaleg.maryland.gov/webmga/frmMain.aspx?pid=sponpage&tab=subject6&id=ivey01&stab=01,https://ballotpedia.org/Julian_Ivey;https://en.wikipedia.org/wiki/Julian_Ivey;https://justfacts.votesmart.org/candidate/biography/181698/julian-ivey;https://mgaleg.maryland.gov/mgawebsite/Members/Details/ivey01;https://mgaleg.maryland.gov/webmga/frmMain.aspx?pid=sponpage&tab=subject6&id=ivey01&stab=01,,,,,,,,,,,
ocd-person/0d479110-74e8-45dd-bc01-330a169918b1,Julie Palakovich Carr,Democratic,17,lower,Julie,Palakovich Carr,Female,julie.palakovichcarr@house.maryland.gov,,1983-04-22,,http://mgaleg.maryland.gov/2019RS/images/palakovich01.jpg,https://mgaleg.maryland.gov/mgawebsite/Members/Details/palakovich01;https://mgaleg.maryland.gov/webmga/frmMain.aspx?pid=sponpage&tab=subject6&id=palakovich01&stab=01,https://ballotpedia.org/Julie_Palakovich_Carr;https://en.wikipedia.org/wiki/Julie_Palakovich_Carr;https://justfacts.votesmart.org/candidate/biography/159380/julie-palakovich-carr;https://mgaleg.maryland.gov/mgawebsite/Members/Details/palakovich01;https://mgaleg.maryland.gov/webmga/frmMain.aspx?pid=sponpage&tab=subject6&id=palakovich01&stab=01;https://www.linkedin.com/in/juliepalakovichcarr,,,,,,,,,,,
ocd-person/eea44ceb-5bec-458e-b22e-16351c5f98f9,Justin Ready,Republican,5,upper,Justin,Ready,Male,justin.ready@senate.maryland.gov,,1982-04-15,,http://mgaleg.maryland.gov/2016RS/images/ready01.jpg,https://mgaleg.maryland.gov/mgawebsite/Members/Details/ready01;https://mgaleg.maryland.gov/webmga/frmMain.aspx?pid=sponpage&tab=subject6&id=ready01&stab=01,https://ballotpedia.org/Justin_Ready;https://en.wikipedia.org/wiki/Justin_Ready;https://justfacts.votesmart.org/candidate/125717/justin-ready;https://mgaleg.maryland.gov/mgawebsite/Members/Details/ready01;https://mgaleg.maryland.gov/webmga/frmMain.aspx?pid=sponpage&tab=subject6&id=ready01&stab=01;https://www.linkedin.com/in/justinready,,,,,,,,,,,
ocd-person/eebac21f-2ba7-4368-a8e9-fcc20672ad1e,Karen Young,Democratic,3,upper,Karen,Young,Female,karen.lewisyoung@senate.maryland.gov,,1951-06-21,,https://mgaleg.maryland.gov/2023RS/images/young04.jpg,https://mgaleg.maryland.gov/mgawebsite/Members/Details/young02;https://mgaleg.maryland.gov/mgawebsite/Members/Details/young04;https://mgaleg.maryland.gov/webmga/frmMain.aspx?pid=sponpage&tab=subject6&id=young02&stab=01,https://ballotpedia.org/Karen_Lewis_Young;https://en.wikipedia.org/wiki/Karen_Lewis_Young;https://justfacts.votesmart.org/candidate/biography/122628/karen-lewis-young;https://mgaleg.maryland.gov/mgawebsite/Members/Details/young02;https://mgaleg.maryland.gov/mgawebsite/Members/Details/young04;https://mgaleg.maryland.gov/webmga/frmMain.aspx?pid=sponpage&tab=subject6&id=young02&stab=01,,,,,,,,,,,
ocd-person/fd61aa90-0a23-4cc2-8c6f-9fae2aa49a81,Karen Simpson,Democratic,3,lower,Karen,Simpson,Female,karen.simpson@house.maryland.gov,,1967-08-28,,https://mgaleg.maryland.gov/2023RS/images/simpson01.jpg,https://mgaleg.maryland.gov/mgawebsite/Members/Details/simpson01;https://msa.maryland.gov/msa/mdmanual/06hse/html/msa18380.html,https://ballotpedia.org/Karen_Simpson;https://en.wikipedia.org/wiki/Karen_Simpson_(politician);https://justfacts.votesmart.org/candidate/181615/karen-simpson;https://mgaleg.maryland.gov/mgawebsite/Members/Details/simpson01;https://msa.maryland.gov/msa/mdmanual/06hse/html/msa18380.html;https://www.linkedin.com/in/karen-simpson-cptd-539819131,,,,,,,,,,,
ocd-person/ba6cafdb-f65b-4397-bc36-3d4c0a248cca,Karen Toles,Democratic,25,lower,Karen,Toles,Female,karen.toles@house.maryland.gov,,,,https://mgaleg.maryland.gov/2025RS/images/toles01.jpg,https://mgaleg.maryland.gov/mgawebsite/Members/Details/toles01;https://msa.maryland.gov/msa/mdmanual/06hse/html/msa15309.html,https://ballotpedia.org/Karen_Toles;https://en.wikipedia.org/wiki/Karen_Toles;https://mgaleg.maryland.gov/mgawebsite/Members/Details/toles01;https://msa.maryland.gov/msa/mdmanual/06hse/html/msa15309.html;https://www.linkedin.com/in/karenrenee,,,,,,,,,,,
ocd-person/943d1601-904b-40dc-8b98-84bbb02851ab,Kathy Szeliga,Republican,7A,lower,Kathy,Szeliga,Female,kathy.szeliga@house.maryland.gov,,1961-10-10,,https://mgaleg.maryland.gov/2025RS/images/szeliga.jpg,https://mgaleg.maryland.gov/mgawebsite/Members/Details/szeliga;https://mgaleg.maryland.gov/webmga/frmMain.aspx?pid=sponpage&tab=subject6&id=szeliga&stab=01;https://msa.maryland.gov/msa/mdmanual/06hse/html/msa15446.html,https://ballotpedia.org/Kathy_Szeliga;https://en.wikipedia.org/wiki/Kathy_Szeliga;https://mgaleg.maryland.gov/mgawebsite/Members/Details/szeliga;https://mgaleg.maryland.gov/webmga/frmMain.aspx?pid=sponpage&tab=subject6&id=szeliga&stab=01;https://msa.maryland.gov/msa/mdmanual/06hse/html/msa15446.html;https://www.linkedin.com/in/kathy-szeliga-72b0056,,,,,,,,,,,
ocd-person/232b5c5d-87e8-4ce9-921c-8c05af96afd4,Katie Hester,Democratic,9,upper,Katie,Hester,Female,katiefry.hester@senate.maryland.gov,,1974-12-31,,http://mgaleg.maryland.gov/2019RS/images/hester01.jpg,https://mgaleg.maryland.gov/mgawebsite/Members/Details/hester01;https://mgaleg.maryland.gov/webmga/frmMain.aspx?pid=sponpage&tab=subject6&id=hester01&stab=01;https://msa.maryland.gov/msa/mdmanual/05sen/html/msa18044.html,https://ballotpedia.org/Katie_Fry_Hester;https://ballotpedia.org/Katie_Hester;https://en.wikipedia.org/wiki/Katie_Fry_Hester;https://justfacts.votesmart.org/candidate/biography/178442/katie-hester;https://mgaleg.maryland.gov/mgawebsite/Members/Details/hester01;https://mgaleg.maryland.gov/webmga/frmMain.aspx?pid=sponpage&tab=subject6&id=hester01&stab=01;https://msa.maryland.gov/msa/mdmanual/05sen/html/msa18044.html;https://www.linkedin.com/in/katiefryhester,,,,,,,,,,,
ocd-person/38379d8c-a63d-4e2b-88ee-ee6dcd646c95,Ken Kerr,Democratic,3,lower,Ken,Kerr,Male,ken.kerr@house.maryland.gov,,1957-01-28,,https://mgaleg.maryland.gov/2025RS/images/kerr01.jpg,https://mgaleg.maryland.gov/mgawebsite/Members/Details/kerr01;https://mgaleg.maryland.gov/webmga/frmMain.aspx?pid=sponpage&tab=subject6&id=kerr01&stab=01,https://ballotpedia.org/Ken_Kerr_(Maryland);https://en.wikipedia.org/wiki/Kenneth_P._Kerr;https://justfacts.votesmart.org/candidate/biography/181467/ken-kerr;https://mgaleg.maryland.gov/mgawebsite/Members/Details/kerr01;https://mgaleg.maryland.gov/webmga/frmMain.aspx?pid=sponpage&tab=subject6&id=kerr01&stab=01;https://www.linkedin.com/in/ken-kerr-01a43a11,,,,"321 Ballenger Center Drive Suite 125, Frederick, MD 21703",301-360-3505,,,,,,
ocd-person/a6771d68-fa3d-4ced-a613-3543f54fe153,Kent Roberson,Democratic,25,lower,Kent,Roberson,Male,kent.roberson@house.maryland.gov,,,,https://mgaleg.maryland.gov/2024RS/images/roberson01.jpg,https://mgaleg.maryland.gov/mgawebsite/Members/Details/roberson01,https://ballotpedia.org/Kent_Roberson;https://corn.org/about-cra/staff/kent-roberson;https://en.wikipedia.org/wiki/Kent_Roberson;https://mgaleg.maryland.gov/mgawebsite/Members/Details/roberson01;https://www.linkedin.com/in/kent-roberson-86214726,,,,,,,,,,,
ocd-person/0eeebd2a-0708-458e-85f4-74c8d2ebd0f8,Kevin Anderson,Republican,38A,lower,Kevin,Anderson,Male,h.kevin.anderson@house.maryland.gov,,,,https://mgaleg.maryland.gov/2025S1/images/anderson01.jpg,https://mgaleg.maryland.gov/mgawebsite/Members/Details/anderson01;https://msa.maryland.gov/msa/mdmanual/06hse/html/msa18652.html,https://ballotpedia.org/Kevin_Anderson_(Maryland);https://en.wikipedia.org/wiki/Kevin_Anderson_(American_politician);https://mgaleg.maryland.gov/mgawebsite/Members/Details/anderson01;https://msa.maryland.gov/msa/mdmanual/06hse/html/msa18652.html,,,,,,,,,,,
ocd-person/fe412f7a-cff0-4153-bfea-a0578f2e1aaa,Kevin Hornberger,Republican,35B,lower,Kevin,Hornberger,Male,kevin.hornberger@house.maryland.gov,,1981-06-26,,https://mgaleg.maryland.gov/2025RS/images/hornberger01.jpg,https://mgaleg.maryland.gov/mgawebsite/Members/Details/hornberger01;https://mgaleg.maryland.gov/webmga/frmMain.aspx?pid=sponpage&tab=subject6&id=hornberger01&stab=01;https://msa.maryland.gov/msa/mdmanual/06hse/html/msa17073.html,https://ballotpedia.org/Kevin_Hornberger;https://en.wikipedia.org/wiki/Kevin_Hornberger;https://mgaleg.maryland.gov/mgawebsite/Members/Details/hornberger01;https://mgaleg.maryland.gov/webmga/frmMain.aspx?pid=sponpage&tab=subject6&id=hornberger01&stab=01;https://msa.maryland.gov/msa/mdmanual/06hse/html/msa17073.html;https://www.linkedin.com/in/kevin-hornberger-fmp-28663616a,,,,,,,,,,,
ocd-person/0b93e4f5-9d81-4c35-a9d3-04ad1375bae9,Kevin Harris,Democratic,27,upper,Kevin,Harris,Male,kevin.harris@senate.maryland.gov,,1981-10-24,,https://mgaleg.maryland.gov/2026RS/images/harris03.jpg,https://mgaleg.maryland.gov/mgawebsite/Members/Details/harris02;https://mgaleg.maryland.gov/mgawebsite/Members/Details/harris03,https://ballotpedia.org/Kevin_Harris_(Maryland);https://ballotpedia.org/Kevin_M._Harris_(Maryland_state_representative);https://en.wikipedia.org/wiki/Kevin_Harris_(politician);https://justfacts.votesmart.org/candidate/biography/207011/kevin-harris;https://mgaleg.maryland.gov/mgawebsite/Members/Details/harris02;https://mgaleg.maryland.gov/mgawebsite/Members/Details/harris03;https://www.linkedin.com/in/thekevinmharris,,,,,,,,,,,
ocd-person/fa2b66d8-b93a-434b-9588-9b5cf3fd2e4b,Kim Ross,Democratic,8,lower,Kim,Ross,Female,kim.ross@house.maryland.gov,,,,https://mgaleg.maryland.gov/2025RS/images/ross01.jpg,https://mgaleg.maryland.gov/mgawebsite/Members/Details/ross01;https://msa.maryland.gov/msa/mdmanual/06hse/html/msa18619.html,https://ballotpedia.org/Kim_Ross_(Maryland);https://en.wikipedia.org/wiki/Kim_Ross;https://mgaleg.maryland.gov/mgawebsite/Members/Details/ross01;https://msa.maryland.gov/msa/mdmanual/06hse/html/msa18619.html;https://www.linkedin.com/in/kimistry,,,,,,,,,,,
ocd-person/cda5b902-c106-4458-a951-c74230e76e6a,Kris Fair,Democratic,3,lower,Kris,Fair,Male,kris.fair@house.maryland.gov,,1984-08-19,,https://mgaleg.maryland.gov/2025RS/images/fair01.jpg,https://mgaleg.maryland.gov/mgawebsite/Members/Details/fair01,https://ballotpedia.org/Kris_Fair;https://en.wikipedia.org/wiki/Kris_Fair;https://justfacts.votesmart.org/candidate/204082/kris-fair;https://mgaleg.maryland.gov/mgawebsite/Members/Details/fair01;https://www.linkedin.com/in/delegatekrisfair,,,,"253 E. Church St. Suite 100, Frederick, MD 21701",410-841-3472,,,,,,
ocd-person/dcd83c80-dab5-4c22-be2f-0b4081af2f77,Kris Valderrama,Democratic,26,lower,Kris,Valderrama,Female,kris.valderrama@house.maryland.gov,,,,http://mgaleg.maryland.gov/2016RS/images/valderrama.jpg,https://mgaleg.maryland.gov/mgawebsite/Members/Details/valderrama;https://mgaleg.maryland.gov/webmga/frmMain.aspx?pid=sponpage&tab=subject6&id=valderrama&stab=01;https://msa.maryland.gov/msa/mdmanual/06hse/html/msa14636.html,https://ballotpedia.org/Kris_Valderrama;https://en.wikipedia.org/wiki/Kris_Valderrama;https://mgaleg.maryland.gov/mgawebsite/Members/Details/valderrama;https://mgaleg.maryland.gov/webmga/frmMain.aspx?pid=sponpage&tab=subject6&id=valderrama&stab=01;https://msa.maryland.gov/msa/mdmanual/06hse/html/msa14636.html;https://www.linkedin.com/in/kris-delegate-valderrama-5937a319;https://www.linkedin.com/in/kriselda-valderrama-lobo-1922208,,,,,,,,,,,
ocd-person/f14ad8e7-adc9-44f2-95eb-8b29c34aa4dc,Kym Taylor,Democratic,23,lower,Kym,Taylor,Female,kym.taylor@house.maryland.gov,,1964-03-07,,https://s3.amazonaws.com/ballotpedia-api4/files/thumbs/200/300/Kym_Taylor.jpg,https://mgaleg.maryland.gov/mgawebsite/Members/Details/taylor03,https://ballotpedia.org/Kym_Taylor;https://en.wikipedia.org/wiki/Kym_Taylor;https://justfacts.votesmart.org/candidate/biography/202248/kym-taylor;https://mgaleg.maryland.gov/mgawebsite/Members/Details/taylor03;https://www.linkedin.com/in/kym-taylor-87619610,,,,,,,,,,,
ocd-person/fd113fb7-c248-4277-9e39-d975898d4a1a,LaToya Nkongolo,Republican,31,lower,LaToya,Nkongolo,Female,latoya.nkongolo@house.maryland.gov,,1978-08-08,,https://mgaleg.maryland.gov/2025RS/images/nkongolo01.jpg,https://mgaleg.maryland.gov/mgawebsite/Members/Details/nkongolo01,https://ballotpedia.org/LaToya_Caldwell-Nkongolo;https://ballotpedia.org/LaToya_Nkongolo;https://en.wikipedia.org/wiki/LaToya_Nkongolo;https://justfacts.votesmart.org/candidate/202270/latoya-nkongolo;https://mgaleg.maryland.gov/mgawebsite/Members/Details/nkongolo01;https://www.linkedin.com/in/latoya-nkongolo-3425a550;https://www.linkedin.com/in/latoya-nkongolo-6999a810,,,,,,,,,,,
ocd-person/6d88ea30-7b4e-4dcb-8cc7-ed4bb6edc317,Lauren Arikan,Republican,7B,lower,Lauren,Arikan,Female,lauren.arikan@house.maryland.gov,,1984-12-14,,https://mgaleg.maryland.gov/2025RS/images/arikan01.jpg,https://mgaleg.maryland.gov/mgawebsite/Members/Details/arikan01;https://mgaleg.maryland.gov/webmga/frmMain.aspx?pid=sponpage&tab=subject6&id=arikan01&stab=01,https://ballotpedia.org/Lauren_Arikan;https://en.wikipedia.org/wiki/Lauren_Arikan;https://justfacts.votesmart.org/candidate/biography/181476/lauren-arikan;https://mgaleg.maryland.gov/mgawebsite/Members/Details/arikan01;https://mgaleg.maryland.gov/webmga/frmMain.aspx?pid=sponpage&tab=subject6&id=arikan01&stab=01;https://www.linkedin.com/in/laurenarikan,,,,,,,,,,,
ocd-person/3972ae32-865b-4f83-961f-d8a7ca703ad5,Lesley Lopez,Democratic,39,lower,Lesley,Lopez,Female,lesley.lopez@house.maryland.gov,,1983-11-28,,https://static.votesmart.org/static/canphoto/181654.jpg,https://mgaleg.maryland.gov/mgawebsite/Members/Details/lopez01;https://mgaleg.maryland.gov/webmga/frmMain.aspx?pid=sponpage&tab=subject6&id=lopez01&stab=01,https://ballotpedia.org/Lesley_Lopez;https://en.wikipedia.org/wiki/Lesley_Lopez;https://gspm.gwu.edu/lesley-lopez;https://justfacts.votesmart.org/candidate/biography/181654/lesley-lopez;https://mgaleg.maryland.gov/mgawebsite/Members/Details/lopez01;https://mgaleg.maryland.gov/webmga/frmMain.aspx?pid=sponpage&tab=subject6&id=lopez01&stab=01;https://www.linkedin.com/in/lesleylopez,,,,,,,,,,,
ocd-person/832c64da-9793-49a2-8231-c62d0cd7078a,Lily Qi,Democratic,15,lower,Lily,Qi,Female,lily.qi@house.maryland.gov,,1963-11-04,,https://mgaleg.maryland.gov/2025RS/images/qi01.jpg,https://mgaleg.maryland.gov/mgawebsite/Members/Details/qi01;https://mgaleg.maryland.gov/webmga/frmMain.aspx?pid=sponpage&tab=subject6&id=qi01&stab=01,https://ballotpedia.org/Lily_Qi;https://en.wikipedia.org/wiki/Lily_Qi;https://mgaleg.maryland.gov/mgawebsite/Members/Details/qi01;https://mgaleg.maryland.gov/webmga/frmMain.aspx?pid=sponpage&tab=subject6&id=qi01&stab=01;https://www.linkedin.com/in/lily-qi-604a9018,,,,,,,,,,,
ocd-person/9858db06-ec0e-40fe-b000-0630238a6ad1,Linda Foley,Democratic,15,lower,Linda,Foley,Female,linda.foley@house.maryland.gov,,1955-03-10,,https://mgaleg.maryland.gov/2022RS/images/foley01.jpg,https://mgaleg.maryland.gov/mgawebsite/Members/Details/foley01;https://msa.maryland.gov/msa/mdmanual/06hse/html/msa18326.html,https://ballotpedia.org/Linda_Foley;https://en.wikipedia.org/wiki/Linda_Foley;https://mgaleg.maryland.gov/mgawebsite/Members/Details/foley01;https://msa.maryland.gov/msa/mdmanual/06hse/html/msa18326.html;https://www.linkedin.com/in/lindakfoley,,,,,,,,,,,
ocd-person/d4354cae-a994-4b2d-863f-238322fc6135,Lorig Charkoudian,Democratic,20,lower,Lorig,Charkoudian,Female,lorig.charkoudian@house.maryland.gov,,1973-02-14,,https://mgaleg.maryland.gov/2026RS/images/charkoudian01.jpg,https://mgaleg.maryland.gov/mgawebsite/Members/Details/charkoudian01;https://mgaleg.maryland.gov/webmga/frmMain.aspx?pid=sponpage&tab=subject6&id=charkoudian01&stab=01,https://ballotpedia.org/Lorig_Charkoudian;https://en.wikipedia.org/wiki/Lorig_Charkoudian;https://justfacts.votesmart.org/candidate/biography/181558/lorig-charkoudian;https://mgaleg.maryland.gov/mgawebsite/Members/Details/charkoudian01;https://mgaleg.maryland.gov/webmga/frmMain.aspx?pid=sponpage&tab=subject6&id=charkoudian01&stab=01;https://www.linkedin.com/in/lorig-charkoudian-13b14243,,,,,,,,,,,
ocd-person/1403e204-8965-4cb4-adcb-6754808e119a,Luke Clippinger,Democratic,46,lower,Luke,Clippinger,Male,luke.clippinger@house.maryland.gov,,1972-09-24,,http://mgaleg.maryland.gov/2020RS/images/clippinger.jpg,https://mgaleg.maryland.gov/mgawebsite/Members/Details/clippinger;https://mgaleg.maryland.gov/webmga/frmMain.aspx?pid=sponpage&tab=subject6&id=clippinger&stab=01;https://msa.maryland.gov/msa/mdmanual/06hse/html/msa15461.html,https://ballotpedia.org/Luke_Clippinger;https://en.wikipedia.org/wiki/Luke_Clippinger;https://justfacts.votesmart.org/candidate/biography/126006/luke-clippinger;https://mgaleg.maryland.gov/mgawebsite/Members/Details/clippinger;https://mgaleg.maryland.gov/webmga/frmMain.aspx?pid=sponpage&tab=subject6&id=clippinger&stab=01;https://msa.maryland.gov/msa/mdmanual/06hse/html/msa15461.html;https://www.linkedin.com/in/lukeclippinger,,,,"101 N. Haven St. Suite 202, Baltimore, MD 21224",410-841-3303,410-841-3495,,,,,
ocd-person/6c4c1b4d-7c32-4d2b-83ab-d207f92e1818,Malcolm Augustine,Democratic,47,upper,Malcolm,Augustine,Male,malcolm.augustine@senate.maryland.gov,,1969-03-10,,http://mgaleg.maryland.gov/2019RS/images/augustine01.jpg,https://mgaleg.maryland.gov/mgawebsite/Members/Details/augustine01;https://mgaleg.maryland.gov/webmga/frmMain.aspx?pid=sponpage&tab=subject6&id=augustine01&stab=01,https://ballotpedia.org/Malcolm_Augustine;https://en.wikipedia.org/wiki/Malcolm_Augustine;https://justfacts.votesmart.org/candidate/biography/149203/malcolm-augustine;https://mgaleg.maryland.gov/mgawebsite/Members/Details/augustine01;https://mgaleg.maryland.gov/webmga/frmMain.aspx?pid=sponpage&tab=subject6&id=augustine01&stab=01;https://www.linkedin.com/in/malcolm-augustine-2601068,,,,,,,,,,,
ocd-person/8ae09510-12a7-41f7-ae83-82b48e3b9af4,Malcolm Ruff,Democratic,41,lower,Malcolm,Ruff,Male,malcolm.ruff@house.maryland.gov,,1984-04-18,,https://mgaleg.maryland.gov/2023RS/images/ruff01.jpg,https://mgaleg.maryland.gov/mgawebsite/Members/Details/ruff01,https://ballotpedia.org/Malcolm_Ruff;https://en.wikipedia.org/wiki/Malcolm_Ruff;https://mgaleg.maryland.gov/mgawebsite/Members/Details/ruff01;https://www.linkedin.com/in/malcolm-p-ruff-esq-044201155;https://www.murphyfalcon.com/our-team/malcolm-p-ruff,,,,,,,,,,,
ocd-person/b86e252c-2904-4d28-9d2f-b13d854efa66,Marc Korman,Democratic,16,lower,Marc,Korman,Male,marc.korman@house.maryland.gov,,1981-09-21,,http://mgaleg.maryland.gov/2016RS/images/korman01.jpg,https://mgaleg.maryland.gov/mgawebsite/Members/Details/korman01;https://mgaleg.maryland.gov/webmga/frmMain.aspx?pid=sponpage&tab=subject6&id=korman01&stab=01,https://ballotpedia.org/Marc_Korman;https://en.wikipedia.org/wiki/Marc_Korman;https://mgaleg.maryland.gov/mgawebsite/Members/Details/korman01;https://mgaleg.maryland.gov/webmga/frmMain.aspx?pid=sponpage&tab=subject6&id=korman01&stab=01;https://www.linkedin.com/in/marc-korman-2112779,,,,,,,,,,,
ocd-person/d09ea440-65a0-4e4f-81dd-201202f1ff3c,Mark Edelson,Democratic,46,lower,Mark,Edelson,Male,mark.edelson@house.maryland.gov,,1984-07-12,,https://mgaleg.maryland.gov/2023RS/images/edelson01.jpg,https://mgaleg.maryland.gov/mgawebsite/Members/Details/edelson01,https://ballotpedia.org/Mark_Edelson;https://en.wikipedia.org/wiki/Mark_Edelson;https://mgaleg.maryland.gov/mgawebsite/Members/Details/edelson01;https://www.linkedin.com/in/mark-edelson-823945b8,,,,,,,,,,,
ocd-person/77d4130a-be8c-46a7-adc4-08ecd11ea6ee,Mark Fisher,Republican,27C,lower,Mark,Fisher,Male,mark.fisher@house.maryland.gov,,1962-08-03,,http://mgaleg.maryland.gov/2016RS/images/fisher.jpg,https://mgaleg.maryland.gov/mgawebsite/Members/Details/fisher;https://mgaleg.maryland.gov/webmga/frmMain.aspx?pid=sponpage&tab=subject6&id=fisher&stab=01;https://msa.maryland.gov/msa/mdmanual/06hse/html/msa15454.html,https://ballotpedia.org/Mark_Fisher_(Maryland);https://en.wikipedia.org/wiki/Mark_N._Fisher;https://justfacts.votesmart.org/candidate/125911/mark-fisher;https://mgaleg.maryland.gov/mgawebsite/Members/Details/fisher;https://mgaleg.maryland.gov/webmga/frmMain.aspx?pid=sponpage&tab=subject6&id=fisher&stab=01;https://msa.maryland.gov/msa/mdmanual/06hse/html/msa15454.html;https://www.linkedin.com/in/mark-fisher-28375537,,,,,,,,,,,
ocd-person/5393ab25-fbd9-455b-8da2-76c53e955823,Mark Chang,Democratic,32,lower,Mark,Chang,Male,mark.chang@house.maryland.gov,,1976-07-09,,http://mgaleg.maryland.gov/2016RS/images/chang01.jpg,https://mgaleg.maryland.gov/mgawebsite/Members/Details/chang01;https://mgaleg.maryland.gov/webmga/frmMain.aspx?pid=sponpage&tab=subject6&id=chang01&stab=01;https://msa.maryland.gov/msa/mdmanual/06hse/html/msa17071.html,https://ballotpedia.org/Mark_Chang;https://en.wikipedia.org/wiki/Mark_S._Chang;https://justfacts.votesmart.org/candidate/biography/66409/mark-chang;https://mgaleg.maryland.gov/mgawebsite/Members/Details/chang01;https://mgaleg.maryland.gov/webmga/frmMain.aspx?pid=sponpage&tab=subject6&id=chang01&stab=01;https://msa.maryland.gov/msa/mdmanual/06hse/html/msa17071.html;https://www.linkedin.com/in/mark-chang-7b645a10,,,,,,,,,,,
ocd-person/b6c25db2-72d7-47d0-a70d-f598d135180a,Marlon Amprey,Democratic,40,lower,Marlon,Amprey,Male,marlon.amprey@house.maryland.gov,,1987-01-24,,http://mgaleg.maryland.gov/2021RS/images/amprey01.jpg,https://mgaleg.maryland.gov/mgawebsite/Members/Details/amprey01;https://msa.maryland.gov/msa/mdmanual/06hse/html/msa18286.html,https://ballotpedia.org/Marlon_Amprey;https://en.wikipedia.org/wiki/Marlon_Amprey;https://mgaleg.maryland.gov/mgawebsite/Members/Details/amprey01;https://msa.maryland.gov/msa/mdmanual/06hse/html/msa18286.html;https://www.linkedin.com/in/marlonamprey,,,,,,,,,,,
ocd-person/07185e4b-2314-476e-9c3b-48959096f2a5,Mary Lehman,Democratic,21,lower,Mary,Lehman,Female,mary.lehman@house.maryland.gov,,1964-04-08,,http://mgaleg.maryland.gov/2019RS/images/lehman01.jpg,https://mgaleg.maryland.gov/mgawebsite/Members/Details/lehman01;https://mgaleg.maryland.gov/webmga/frmMain.aspx?pid=sponpage&tab=subject6&id=lehman01&stab=01,https://ballotpedia.org/Mary_Lehman;https://en.wikipedia.org/wiki/Mary_A._Lehman;https://mgaleg.maryland.gov/mgawebsite/Members/Details/lehman01;https://mgaleg.maryland.gov/webmga/frmMain.aspx?pid=sponpage&tab=subject6&id=lehman01&stab=01;https://www.linkedin.com/in/mary-lehman-2879a84a,,,,,,,,,,,
ocd-person/6e819331-2ab7-4a58-be19-1585dc2872ff,Mary Beth Carozza,Republican,38,upper,Mary Beth,Carozza,Female,marybeth.carozza@senate.maryland.gov,,1961-02-13,,http://mgaleg.maryland.gov/2016RS/images/carozza01.jpg,https://mgaleg.maryland.gov/mgawebsite/Members/Details/carozza02;https://mgaleg.maryland.gov/webmga/frmMain.aspx?pid=sponpage&tab=subject6&id=carozza02&stab=01;https://msa.maryland.gov/msa/mdmanual/05sen/html/msa14149.html,https://ballotpedia.org/Mary_Beth_Carozza;https://en.wikipedia.org/wiki/Mary_Beth_Carozza;https://j.futurefacts.votesmart.io/candidate/biography/149187/mary-carozza;https://mgaleg.maryland.gov/mgawebsite/Members/Details/carozza02;https://mgaleg.maryland.gov/webmga/frmMain.aspx?pid=sponpage&tab=subject6&id=carozza02&stab=01;https://msa.maryland.gov/msa/mdmanual/05sen/html/msa14149.html;https://www.linkedin.com/in/marybethcarozzafordelegate,,,,,,,,,,,
ocd-person/72a5c405-0523-4ea4-9029-024c49d76cb3,Mary-Dulany James,Democratic,34,upper,Mary-Dulany,James,Female,marydulany.james@senate.maryland.gov,,1960-02-01,,https://mgaleg.maryland.gov/2023RS/images/james01.jpg,https://mgaleg.maryland.gov/mgawebsite/Members/Details/james01;https://msa.maryland.gov/msa/mdmanual/05sen/html/msa02778.html,https://ballotpedia.org/Mary-Dulany_James;https://en.wikipedia.org/wiki/Mary-Dulany_James;https://justfacts.votesmart.org/candidate/biography/19227/mary-dulany-james;https://mgaleg.maryland.gov/mgawebsite/Members/Details/james01;https://msa.maryland.gov/msa/mdmanual/05sen/html/msa02778.html;https://www.linkedin.com/in/mary-dulany-james-a4b45990;https://www.mdjamesforsenate.com/meet-mary-dulany,,,,,,,,,,,
ocd-person/0bdef1bb-ea31-4a27-937c-eb680ae67343,Mary Washington,Democratic,43,upper,Mary,Washington,Female,mary.washington@senate.maryland.gov,,1962-05-20,,http://mgaleg.maryland.gov/2016RS/images/washington.jpg,https://mgaleg.maryland.gov/mgawebsite/Members/Details/washington01;https://mgaleg.maryland.gov/webmga/frmMain.aspx?pid=sponpage&tab=subject6&id=washington01&stab=01;https://msa.maryland.gov/msa/mdmanual/05sen/html/msa15349.html,https://ballotpedia.org/Mary_Washington_(Maryland_State_Senate);https://en.wikipedia.org/wiki/Mary_L._Washington;https://mgaleg.maryland.gov/mgawebsite/Members/Details/washington01;https://mgaleg.maryland.gov/webmga/frmMain.aspx?pid=sponpage&tab=subject6&id=washington01&stab=01;https://msa.maryland.gov/msa/mdmanual/05sen/html/msa15349.html;https://www.linkedin.com/in/delmarywashington,,,,,,,,,,,
ocd-person/d7346fb4-948a-4e86-8b06-5e43345e4b4a,Matt Morgan,Republican,29A,lower,Matt,Morgan,Male,matt.morgan@house.maryland.gov,,1973-02-05,,http://mgaleg.maryland.gov/2016RS/images/morgan02.jpg,https://mgaleg.maryland.gov/mgawebsite/Members/Details/morgan02;https://mgaleg.maryland.gov/webmga/frmMain.aspx?pid=sponpage&tab=subject6&id=morgan02&stab=01;https://msa.maryland.gov/msa/mdmanual/06hse/html/msa17068.html,https://ballotpedia.org/Matt_Morgan_(Maryland);https://en.wikipedia.org/wiki/Matthew_Morgan_(politician);https://mgaleg.maryland.gov/mgawebsite/Members/Details/morgan02;https://mgaleg.maryland.gov/webmga/frmMain.aspx?pid=sponpage&tab=subject6&id=morgan02&stab=01;https://msa.maryland.gov/msa/mdmanual/06hse/html/msa17068.html;https://www.linkedin.com/in/jmattmorgan,,,,,,,,,,,
ocd-person/44ae1380-2bae-4b52-9fe9-03b29bf4e8b1,Matthew Schindler,Democratic,2B,lower,Matthew,Schindler,Male,matthew.schindler@house.maryland.gov,,1983-11-22,,https://mgaleg.maryland.gov/2025RS/images/schindler01.jpg,https://mgaleg.maryland.gov/mgawebsite/Members/Details/schindler01,https://ballotpedia.org/Matthew_Schindler_(Maryland);https://en.wikipedia.org/wiki/Matthew_Schindler;https://mgaleg.maryland.gov/mgawebsite/Members/Details/schindler01;https://www.linkedin.com/in/matthew-schindler-9b193274,,,,,,,,,,,
ocd-person/55cb04cb-cd28-44ed-a4a4-dcb2b064ede9,Melissa Wells,Democratic,40,lower,Melissa,Wells,Female,melissa.wells@house.maryland.gov,,1983-10-03,,https://mgaleg.maryland.gov/2023RS/images/wells02.jpg,https://mgaleg.maryland.gov/mgawebsite/Members/Details/wells02;https://mgaleg.maryland.gov/webmga/frmMain.aspx?pid=sponpage&tab=subject6&id=wells01&stab=01,https://ballotpedia.org/Melissa_Wells;https://en.wikipedia.org/wiki/Melissa_Wells_(politician);https://justfacts.votesmart.org/candidate/biography/181663/melissa-wells;https://mgaleg.maryland.gov/mgawebsite/Members/Details/wells02;https://mgaleg.maryland.gov/webmga/frmMain.aspx?pid=sponpage&tab=subject6&id=wells01&stab=01;https://www.linkedin.com/in/melissa-r-wells-01384723,,,,,,,,,,,
ocd-person/b120ed9c-3669-44e7-a5ef-710b716071e7,Michele Guyton,Democratic,42B,lower,Michele,Guyton,Female,michele.guyton@house.maryland.gov,,1966-10-19,,http://mgaleg.maryland.gov/2019RS/images/guyton01.jpg,https://mgaleg.maryland.gov/mgawebsite/Members/Details/guyton01;https://mgaleg.maryland.gov/webmga/frmMain.aspx?pid=sponpage&tab=subject6&id=guyton01&stab=01,https://ballotpedia.org/Michele_Guyton;https://en.wikipedia.org/wiki/Michele_Guyton;https://justfacts.votesmart.org/candidate/169220/michele-guyton;https://mgaleg.maryland.gov/mgawebsite/Members/Details/guyton01;https://mgaleg.maryland.gov/webmga/frmMain.aspx?pid=sponpage&tab=subject6&id=guyton01&stab=01;https://www.micheleguyton.com/meet-michele,,,,,,,,,,,
ocd-person/79a4ffd2-8ca9-4fb2-beb2-bcbfd1d49897,Mike Griffith,Republican,35A,lower,Mike,Griffith,Male,mike.griffith@house.maryland.gov,,,,http://mgaleg.maryland.gov/2020RS/images/griffith02.jpg,https://mgaleg.maryland.gov/mgawebsite/Members/Details/griffith02;https://msa.maryland.gov/msa/mdmanual/06hse/html/msa18252.html,https://ballotpedia.org/Mike_Griffith_(Maryland);https://en.wikipedia.org/wiki/Mike_Griffith_(politician);https://mgaleg.maryland.gov/mgawebsite/Members/Details/griffith02;https://msa.maryland.gov/msa/mdmanual/06hse/html/msa18252.html;https://www.linkedin.com/in/mike-griffith-21838850,,,,,,,,,,,
ocd-person/5bdf592a-c502-4b60-8799-8ed681950475,Mike McKay,Republican,1,upper,Mike,McKay,Male,mike.mckay@senate.maryland.gov,,1969-03-05,,https://mgaleg.maryland.gov/2023RS/images/mckay02.jpg,https://mgaleg.maryland.gov/mgawebsite/Members/Details/mckay01;https://mgaleg.maryland.gov/mgawebsite/Members/Details/mckay02;https://mgaleg.maryland.gov/webmga/frmMain.aspx?pid=sponpage&tab=subject6&id=mckay01&stab=01,https://ballotpedia.org/Mike_McKay;https://en.wikipedia.org/wiki/Mike_McKay_(politician);https://justfacts.votesmart.org/candidate/biography/131924/mike-mckay;https://mgaleg.maryland.gov/mgawebsite/Members/Details/mckay01;https://mgaleg.maryland.gov/mgawebsite/Members/Details/mckay02;https://mgaleg.maryland.gov/webmga/frmMain.aspx?pid=sponpage&tab=subject6&id=mckay01&stab=01,,,,,,,,,,,
ocd-person/eb13f926-c0f1-426b-b0a7-63c324f9a558,Mike Rogers,Democratic,32,lower,Mike,Rogers,Male,mike.rogers@house.maryland.gov,,1964-02-20,,http://mgaleg.maryland.gov/2019RS/images/rogers01.jpg,https://mgaleg.maryland.gov/mgawebsite/Members/Details/rogers01;https://mgaleg.maryland.gov/webmga/frmMain.aspx?pid=sponpage&tab=subject6&id=rogers01&stab=01,https://ballotpedia.org/Mike_Rogers_(Maryland);https://en.wikipedia.org/wiki/Mike_Rogers_(Maryland_politician);https://justfacts.votesmart.org/candidate/biography/181625/mike-rogers;https://mgaleg.maryland.gov/mgawebsite/Members/Details/rogers01;https://mgaleg.maryland.gov/webmga/frmMain.aspx?pid=sponpage&tab=subject6&id=rogers01&stab=01;https://www.linkedin.com/in/mike-rogers-11b74528,,,,,,,,,,,
ocd-person/bae5d58b-dc40-476e-8845-063ed7fd81bd,Scott Phillips,Democratic,10,lower,Scott,Phillips,Male,n.scott.phillips@house.maryland.gov,,,,https://mgaleg.maryland.gov/2023RS/images/phillips02.jpg,https://mgaleg.maryland.gov/mgawebsite/Members/Details/phillips02,https://ballotpedia.org/N._Scott_Phillips;https://en.wikipedia.org/wiki/N._Scott_Phillips;https://mgaleg.maryland.gov/mgawebsite/Members/Details/phillips02;https://www.linkedin.com/in/n-scott-phillips-263668a,,,,,,,,,,,
ocd-person/92f41e40-4782-4c52-81a1-de8f78e05ab1,Nancy King,Democratic,39,upper,Nancy,King,Female,nancy.king@senate.maryland.gov,,1949-10-07,,http://mgaleg.maryland.gov/2016RS/images/king.jpg,https://mgaleg.maryland.gov/mgawebsite/Members/Details/king;https://mgaleg.maryland.gov/webmga/frmMain.aspx?pid=sponpage&tab=subject6&id=king&stab=01;https://msa.maryland.gov/msa/mdmanual/05sen/html/msa14005.html,https://ballotpedia.org/Nancy_King;https://en.wikipedia.org/wiki/Nancy_J._King;https://justfacts.votesmart.org/candidate/biography/36382/nancy-king;https://mgaleg.maryland.gov/mgawebsite/Members/Details/king;https://mgaleg.maryland.gov/webmga/frmMain.aspx?pid=sponpage&tab=subject6&id=king&stab=01;https://msa.maryland.gov/msa/mdmanual/05sen/html/msa14005.html;https://www.linkedin.com/in/nancy-king-21236013,,,,,,,,,,,
ocd-person/9496938b-7a65-4f74-9ecf-5b3e1ef94287,Natalie Ziegler,Democratic,9A,lower,Natalie,Ziegler,Female,natalie.ziegler@house.maryland.gov,,1955-09-05,,https://mgaleg.maryland.gov/2025RS/images/ziegler01.jpg,https://mgaleg.maryland.gov/mgawebsite/Members/Details/ziegler01,https://ballotpedia.org/Natalie_Ziegler;https://en.wikipedia.org/wiki/Natalie_Ziegler;https://mgaleg.maryland.gov/mgawebsite/Members/Details/ziegler01;https://www.linkedin.com/in/natalie-ziegler-68149228,,,,,,,,,,,
ocd-person/36e6313f-b85b-4c14-9ff4-e23fc015d904,Nic Kipke,Republican,31,lower,Nic,Kipke,Male,nicholaus.kipke@house.maryland.gov,,1979-01-26,,https://mgaleg.maryland.gov/2025RS/images/kipke.jpg,https://mgaleg.maryland.gov/mgawebsite/Members/Details/kipke;https://mgaleg.maryland.gov/webmga/frmMain.aspx?pid=sponpage&tab=subject6&id=kipke&stab=01;https://msa.maryland.gov/msa/mdmanual/06hse/html/msa14623.html,https://ballotpedia.org/Nicholaus_Kipke;https://en.wikipedia.org/wiki/Nic_Kipke;https://justfacts.votesmart.org/candidate/biography/67311/nic-kipke;https://mgaleg.maryland.gov/mgawebsite/Members/Details/kipke;https://mgaleg.maryland.gov/webmga/frmMain.aspx?pid=sponpage&tab=subject6&id=kipke&stab=01;https://msa.maryland.gov/msa/mdmanual/06hse/html/msa14623.html;https://www.linkedin.com/in/nic-kipke-788713a,,,,,,,,,,,
ocd-person/e8548408-5e6b-4fda-bd93-99fa1c84c1bf,Nick Allen,Democratic,8,lower,Nick,Allen,Male,nick.allen@house.maryland.gov,,,,https://mgaleg.maryland.gov/2023RS/images/allen01.jpg,https://mgaleg.maryland.gov/mgawebsite/Members/Details/allen01,https://ballotpedia.org/Nick_Allen;https://en.wikipedia.org/wiki/Nick_Allen_(politician);https://mgaleg.maryland.gov/mgawebsite/Members/Details/allen01,,,,,,,,,,,
ocd-person/23c9c495-1fe1-4258-bb15-7f1183ffc4fe,Nick Charles,Democratic,25,upper,Nick,Charles,Male,nick.charles@senate.maryland.gov,,1982-12-16,,https://mgaleg.maryland.gov/2024RS/images/charles02.jpg,https://mgaleg.maryland.gov/mgawebsite/Members/Details/charles02;https://mgaleg.maryland.gov/webmga/frmMain.aspx?pid=sponpage&tab=subject6&id=charles01&stab=01,https://ballotpedia.org/Nick_Charles_(Maryland);https://en.wikipedia.org/wiki/Nick_Charles_(politician);https://justfacts.votesmart.org/candidate/biography/149146/nick-charles-ii;https://mgaleg.maryland.gov/mgawebsite/Members/Details/charles02;https://mgaleg.maryland.gov/webmga/frmMain.aspx?pid=sponpage&tab=subject6&id=charles01&stab=01;https://www.linkedin.com/in/nick-charles-8353a222,,,,,,,,,,,
ocd-person/0e07b201-0a1a-4a45-af43-f4d9d779b409,Nicole Williams,Democratic,22,lower,Nicole,Williams,Female,nicole.williams@house.maryland.gov,,1977-09-23,,https://mgaleg.maryland.gov/2025RS/images/williams01.jpg,https://mgaleg.maryland.gov/mgawebsite/Members/Details/williams01;https://msa.maryland.gov/msa/mdmanual/06hse/html/msa18240.html,https://ballotpedia.org/Nicole_Williams;https://en.wikipedia.org/wiki/Nicole_A._Williams;https://mgaleg.maryland.gov/mgawebsite/Members/Details/williams01;https://msa.maryland.gov/msa/mdmanual/06hse/html/msa18240.html;https://www.linkedin.com/in/nicoleawilliams,,,,,,,,,,,
ocd-person/7817a7bd-51a6-456a-a2df-4b9e3523d181,Nino Mangione,Republican,42A,lower,Nino,Mangione,Male,nino.mangione@house.maryland.gov,,1987-04-01,,http://mgaleg.maryland.gov/2019RS/images/mangione01.jpg,https://mgaleg.maryland.gov/mgawebsite/Members/Details/mangione01;https://mgaleg.maryland.gov/webmga/frmMain.aspx?pid=sponpage&tab=subject6&id=mangione01&stab=01,https://ballotpedia.org/Nino_Mangione;https://en.wikipedia.org/wiki/Nino_Mangione;https://justfacts.votesmart.org/candidate/biography/181672/nino-mangione;https://mgaleg.maryland.gov/mgawebsite/Members/Details/mangione01;https://mgaleg.maryland.gov/webmga/frmMain.aspx?pid=sponpage&tab=subject6&id=mangione01&stab=01,,,,,,,,,,,
ocd-person/ba217836-74e4-49ec-8eac-58d21e792e63,Pam Guzzone,Democratic,13,lower,Pam,Guzzone,Female,pam.guzzone@house.maryland.gov,,1963-01-04,,https://mgaleg.maryland.gov/2023RS/images/guzzone01.jpg,https://mgaleg.maryland.gov/mgawebsite/Members/Details/guzzone01,https://ballotpedia.org/Pam_Lanman_Guzzone;https://en.wikipedia.org/wiki/Pam_Guzzone;https://mgaleg.maryland.gov/mgawebsite/Members/Details/guzzone01;https://www.linkedin.com/in/pam-lanman-guzzone-3b1a77112,,,,,,,,,,,
ocd-person/aa70aec7-1d13-4ac0-912d-408ae8ee0763,Pam Queen,Democratic,14,lower,Pam,Queen,Female,pam.queen@house.maryland.gov,,,,https://mgaleg.maryland.gov/2023RS/images/queen01.jpg,https://mgaleg.maryland.gov/mgawebsite/Members/Details/queen01;https://mgaleg.maryland.gov/webmga/frmMain.aspx?pid=sponpage&tab=subject6&id=queen01&stab=01;https://msa.maryland.gov/msa/mdmanual/06hse/html/msa17181.html,https://ballotpedia.org/Pamela_Queen;https://en.wikipedia.org/wiki/Pamela_E._Queen;https://mgaleg.maryland.gov/mgawebsite/Members/Details/queen01;https://mgaleg.maryland.gov/webmga/frmMain.aspx?pid=sponpage&tab=subject6&id=queen01&stab=01;https://msa.maryland.gov/msa/mdmanual/06hse/html/msa17181.html,,,,,,,,,,,
ocd-person/15921e4d-a07c-4ad7-863c-1d8dfd2d6725,Pam Beidle,Democratic,32,upper,Pam,Beidle,Female,pamela.beidle@senate.maryland.gov,,1951-07-21,,https://mgaleg.maryland.gov/2025RS/images/beidle01.jpg,https://mgaleg.maryland.gov/mgawebsite/Members/Details/beidle01;https://mgaleg.maryland.gov/webmga/frmMain.aspx?pid=sponpage&tab=subject6&id=beidle01&stab=01;https://msa.maryland.gov/msa/mdmanual/05sen/html/msa14495.html,https://ballotpedia.org/Pamela_Beidle;https://en.wikipedia.org/wiki/Pamela_Beidle;https://j.futurefacts.votesmart.io/candidate/biography/65432/pam-beidle;https://mgaleg.maryland.gov/mgawebsite/Members/Details/beidle01;https://mgaleg.maryland.gov/webmga/frmMain.aspx?pid=sponpage&tab=subject6&id=beidle01&stab=01;https://msa.maryland.gov/msa/mdmanual/05sen/html/msa14495.html;https://www.linkedin.com/in/pam-beidle-410ab51,,,,,,,,,,,
ocd-person/6605f7aa-80cb-4ee0-8d0d-18cff943f158,Paul Corderman,Republican,2,upper,Paul,Corderman,Male,paul.corderman@senate.maryland.gov,,1977-09-01,,http://mgaleg.maryland.gov/2018RS/images/corderman01.jpg,https://mgaleg.maryland.gov/mgawebsite/Members/Details/corderman01;https://mgaleg.maryland.gov/mgawebsite/Members/Details/corderman02;https://mgaleg.maryland.gov/webmga/frmMain.aspx?pid=sponpage&tab=subject6&id=corderman01&stab=01;https://msa.maryland.gov/msa/mdmanual/05sen/html/msa17582.html,https://ballotpedia.org/Paul_Corderman;https://en.wikipedia.org/wiki/Paul_D._Corderman;https://justfacts.votesmart.org/candidate/biography/177618/paul-corderman;https://mgaleg.maryland.gov/mgawebsite/Members/Details/corderman01;https://mgaleg.maryland.gov/mgawebsite/Members/Details/corderman02;https://mgaleg.maryland.gov/webmga/frmMain.aspx?pid=sponpage&tab=subject6&id=corderman01&stab=01;https://msa.maryland.gov/msa/mdmanual/05sen/html/msa17582.html;https://www.linkedin.com/in/paul-corderman-5a011a8,,,,,,,,,,,
ocd-person/f25013b8-d93b-46bf-a1ef-8b368731040d,Regina Boyce,Democratic,43A,lower,Regina,Boyce,Female,regina.boyce@house.maryland.gov,,1976-08-07,,https://mgaleg.maryland.gov/2023RS/images/boyce01.jpg,https://mgaleg.maryland.gov/mgawebsite/Members/Details/boyce01;https://mgaleg.maryland.gov/webmga/frmMain.aspx?pid=sponpage&tab=subject6&id=boyce01&stab=01,https://ballotpedia.org/Regina_Boyce;https://en.wikipedia.org/wiki/Regina_T._Boyce;https://justfacts.votesmart.org/candidate/biography/181675/regina-boyce;https://mgaleg.maryland.gov/mgawebsite/Members/Details/boyce01;https://mgaleg.maryland.gov/webmga/frmMain.aspx?pid=sponpage&tab=subject6&id=boyce01&stab=01;https://www.linkedin.com/in/regina-t-boyce-mpa-22310611,,,,,,,,,,,
ocd-person/253942ff-e83a-46ca-a05a-2e8e8644b4c2,Ric Metzgar,Republican,6,lower,Ric,Metzgar,Male,ric.metzgar@house.maryland.gov,,1953-11-28,,https://mgaleg.maryland.gov/2025RS/images/metzgar01.jpg,https://mgaleg.maryland.gov/mgawebsite/Members/Details/metzgar01;https://mgaleg.maryland.gov/webmga/frmMain.aspx?pid=sponpage&tab=subject6&id=metzgar01&stab=01;https://msa.maryland.gov/msa/mdmanual/06hse/html/msa17050.html,https://ballotpedia.org/Ric_Metzgar;https://en.wikipedia.org/wiki/Richard_W._Metzgar;https://justfacts.votesmart.org/candidate/biography/67429/ric-metzgar;https://mgaleg.maryland.gov/mgawebsite/Members/Details/metzgar01;https://mgaleg.maryland.gov/webmga/frmMain.aspx?pid=sponpage&tab=subject6&id=metzgar01&stab=01;https://msa.maryland.gov/msa/mdmanual/06hse/html/msa17050.html,,,,,,,,,,,
ocd-person/d0e4f14b-c4a3-485e-88f7-ea7a86f67ca1,Robbyn Lewis,Democratic,46,lower,Robbyn,Lewis,Female,robbyn.lewis@house.maryland.gov,,1963-07-18,,http://msa.maryland.gov/msa/mdmanual/06hse/images/1198-1-07944b.jpg,https://mgaleg.maryland.gov/mgawebsite/Members/Details/lewis01;https://mgaleg.maryland.gov/webmga/frmMain.aspx?pid=sponpage&tab=subject6&id=lewis01&stab=01,https://ballotpedia.org/Robbyn_Lewis;https://en.wikipedia.org/wiki/Robbyn_Lewis;https://mgaleg.maryland.gov/mgawebsite/Members/Details/lewis01;https://mgaleg.maryland.gov/webmga/frmMain.aspx?pid=sponpage&tab=subject6&id=lewis01&stab=01;https://www.linkedin.com/in/robbynlewis,,,,,,,,,,,
ocd-person/f84bc5c0-1a2f-4eac-8a7a-63c879ad56e5,Bob Long,Republican,6,lower,Bob,Long,Male,bob.long@house.maryland.gov,,1957-01-11,,http://mgaleg.maryland.gov/2016RS/images/long01.jpg,https://mgaleg.maryland.gov/mgawebsite/Members/Details/long01;https://mgaleg.maryland.gov/webmga/frmMain.aspx?pid=sponpage&tab=subject6&id=long01&stab=01;https://msa.maryland.gov/msa/mdmanual/06hse/html/msa17049.html,https://ballotpedia.org/Bob_Long;https://en.wikipedia.org/wiki/Robert_B._Long;https://justfacts.votesmart.org/candidate/biography/127402/bob-long;https://mgaleg.maryland.gov/mgawebsite/Members/Details/long01;https://mgaleg.maryland.gov/webmga/frmMain.aspx?pid=sponpage&tab=subject6&id=long01&stab=01;https://msa.maryland.gov/msa/mdmanual/06hse/html/msa17049.html;https://www.linkedin.com/in/robert-bob-long-gri-17602930,,,,,,,,,,,
ocd-person/177ee919-8310-4485-9b07-041cd83b2947,Ron Watson,Democratic,23,upper,Ron,Watson,Male,ron.watson@senate.maryland.gov,,1966-04-30,,http://mgaleg.maryland.gov/2019RS/images/watson03.jpg,https://mgaleg.maryland.gov/mgawebsite/Members/Details/watson03;https://mgaleg.maryland.gov/mgawebsite/Members/Details/watson04;https://mgaleg.maryland.gov/webmga/frmMain.aspx?pid=sponpage&tab=subject6&id=watson03&stab=01;https://msa.maryland.gov/msa/mdmanual/05sen/html/msa18025.html,https://ballotpedia.org/Ron_Watson;https://en.wikipedia.org/wiki/Ron_Watson_(politician);https://mgaleg.maryland.gov/mgawebsite/Members/Details/watson03;https://mgaleg.maryland.gov/mgawebsite/Members/Details/watson04;https://mgaleg.maryland.gov/webmga/frmMain.aspx?pid=sponpage&tab=subject6&id=watson03&stab=01;https://msa.maryland.gov/msa/mdmanual/05sen/html/msa18025.html;https://www.linkedin.com/in/ron-watson-phd-2167a290,,,,,,,,,,,
ocd-person/bf30221f-f777-4158-bf3b-2ca40dad8144,Ryan Nawrocki,Republican,7A,lower,Ryan,Nawrocki,Male,ryan.nawrocki@house.maryland.gov,,,,https://mgaleg.maryland.gov/2025RS/images/nawrocki01.jpg,https://mgaleg.maryland.gov/mgawebsite/Members/Details/nawrocki01,https://ballotpedia.org/Ryan_Nawrocki;https://en.wikipedia.org/wiki/Ryan_Nawrocki;https://mgaleg.maryland.gov/mgawebsite/Members/Details/nawrocki01;https://www.linkedin.com/in/ryan-nawrocki-b4b614114,,,,,,,,,,,
ocd-person/8d581a25-a2ea-46ee-be26-3c6698559b78,Ryan Spiegel,Democratic,17,lower,Ryan,Spiegel,Male,ryan.spiegel@house.maryland.gov,,1978-07-06,,https://mgaleg.maryland.gov/2023RS/images/spiegel01.jpg,https://mgaleg.maryland.gov/mgawebsite/Members/Details/spiegel01,https://ballotpedia.org/Ryan_Spiegel;https://en.wikipedia.org/wiki/Ryan_Spiegel;https://mgaleg.maryland.gov/mgawebsite/Members/Details/spiegel01;https://www.linkedin.com/in/ryanspiegel;https://www.ryanspiegel.com/ryan,,,,,,,,,,,
ocd-person/9ec0fe7d-36ae-437b-9bcf-754da8e4e247,Sandy Rosenberg,Democratic,41,lower,Sandy,Rosenberg,Male,samuel.rosenberg@house.maryland.gov,,1950-05-18,,https://mgaleg.maryland.gov/2022RS/images/rosenberg.jpg,https://mgaleg.maryland.gov/mgawebsite/Members/Details/rosenberg;https://mgaleg.maryland.gov/webmga/frmMain.aspx?pid=sponpage&tab=subject6&id=rosenberg&stab=01;https://msa.maryland.gov/msa/mdmanual/06hse/html/msa12301.html,https://ballotpedia.org/Samuel_Rosenberg;https://en.wikipedia.org/wiki/Samuel_I._Rosenberg;https://justfacts.votesmart.org/candidate/biography/6222/samuel-rosenberg;https://mgaleg.maryland.gov/mgawebsite/Members/Details/rosenberg;https://mgaleg.maryland.gov/webmga/frmMain.aspx?pid=sponpage&tab=subject6&id=rosenberg&stab=01;https://msa.maryland.gov/msa/mdmanual/06hse/html/msa12301.html,,,,"4811 Liberty Heights Ave., Baltimore, MD 21207",410-664-2646,,,,,,
ocd-person/b9f21b96-4bb5-43e8-a5d8-19cec0332315,Sara Love,Democratic,16,upper,Sara,Love,Female,sara.love@senate.maryland.gov,,1967-04-06,,https://mgaleg.maryland.gov/2024RS/images/love02.jpg,https://mgaleg.maryland.gov/mgawebsite/Members/Details/love01;https://mgaleg.maryland.gov/mgawebsite/Members/Details/love02;https://mgaleg.maryland.gov/webmga/frmMain.aspx?pid=sponpage&tab=subject6&id=love01&stab=01,https://ballotpedia.org/Sara_Love;https://en.wikipedia.org/wiki/Sara_N._Love;https://j.futurefacts.votesmart.io/candidate/biography/181538/sara-love;https://mgaleg.maryland.gov/mgawebsite/Members/Details/love01;https://mgaleg.maryland.gov/mgawebsite/Members/Details/love02;https://mgaleg.maryland.gov/webmga/frmMain.aspx?pid=sponpage&tab=subject6&id=love01&stab=01;https://www.linkedin.com/in/sara-love-763a378,,,,,,,,,,,
ocd-person/80095967-58e7-4c8b-a675-eb1c461104fc,Sarah Wolek,Democratic,16,lower,Sarah,Wolek,Female,sarah.wolek@house.maryland.gov,,1979-11-06,,https://mgaleg.maryland.gov/2023RS/images/wolek01.jpg,https://mgaleg.maryland.gov/mgawebsite/Members/Details/wolek01,https://ballotpedia.org/Sarah_Wolek;https://en.wikipedia.org/wiki/Sarah_Wolek;https://mgaleg.maryland.gov/mgawebsite/Members/Details/wolek01;https://www.linkedin.com/in/sarahswolek,,,,,,,,,,,
ocd-person/1dcca9f3-9880-4ed6-95fc-c8a8435f63fd,Sean Stinnett,Democratic,41,lower,Sean,Stinnett,Male,sean.stinnett@house.maryland.gov,,,,https://mgaleg.maryland.gov/2025RS/images/stinnett01.jpg,https://mgaleg.maryland.gov/mgawebsite/Members/Details/stinnett01;https://msa.maryland.gov/msa/mdmanual/06hse/html/msa18618.html,https://ballotpedia.org/Sean_Stinnett;https://en.wikipedia.org/wiki/Sean_Stinnett;https://mgaleg.maryland.gov/mgawebsite/Members/Details/stinnett01;https://msa.maryland.gov/msa/mdmanual/06hse/html/msa18618.html;https://www.linkedin.com/in/sastinnett,,,,,,,,,,,
ocd-person/32a0f09e-394f-446c-93c7-9cff2ea28b83,Seth Howard,Republican,30B,lower,Seth,Howard,Male,seth.howard@house.maryland.gov,,1974-03-17,,http://mgaleg.maryland.gov/2016RS/images/howard01.jpg,https://mgaleg.maryland.gov/mgawebsite/Members/Details/howard01;https://mgaleg.maryland.gov/webmga/frmMain.aspx?pid=sponpage&tab=subject6&id=howard01&stab=01;https://msa.maryland.gov/msa/mdmanual/06hse/html/msa17069.html,https://ballotpedia.org/Seth_Howard;https://en.wikipedia.org/wiki/Seth_A._Howard;https://justfacts.votesmart.org/candidate/biography/127513/seth-howard;https://mgaleg.maryland.gov/mgawebsite/Members/Details/howard01;https://mgaleg.maryland.gov/webmga/frmMain.aspx?pid=sponpage&tab=subject6&id=howard01&stab=01;https://msa.maryland.gov/msa/mdmanual/06hse/html/msa17069.html;https://www.linkedin.com/in/seth-howard-90a9a591,,,,,,,,,,,
ocd-person/be45d2a1-057a-49ea-a810-5317478c26b1,Shaneka Henson,Democratic,30,upper,Shaneka,Henson,Female,shaneka.henson@senate.maryland.gov,,1983-07-29,,https://mgaleg.maryland.gov/2025RS/images/henson02.jpg,https://mgaleg.maryland.gov/mgawebsite/Members/Details/henson01;https://mgaleg.maryland.gov/mgawebsite/Members/Details/henson02;https://msa.maryland.gov/msa/mdmanual/05sen/html/msa18109.html;https://msa.maryland.gov/msa/mdmanual/06hse/html/msa18109.html,https://ballotpedia.org/Shaneka_Henson;https://en.wikipedia.org/wiki/Shaneka_Henson;https://mgaleg.maryland.gov/mgawebsite/Members/Details/henson01;https://mgaleg.maryland.gov/mgawebsite/Members/Details/henson02;https://msa.maryland.gov/msa/mdmanual/05sen/html/msa18109.html;https://msa.maryland.gov/msa/mdmanual/06hse/html/msa18109.html;https://www.linkedin.com/in/shaneka-johnson-97b6271b6,,,,,,,,,,,
ocd-person/4357a17f-f87b-4ae0-afe6-5d8ef9b3d7ed,Sheila Ruth,Democratic,44B,lower,Sheila,Ruth,Female,sheila.ruth@house.maryland.gov,,1964-10-22,,http://mgaleg.maryland.gov/2020RS/images/ruth01.jpg,https://mgaleg.maryland.gov/mgawebsite/Members/Details/ruth01;https://msa.maryland.gov/msa/mdmanual/06hse/html/msa18255.html,https://ballotpedia.org/Sheila_Ruth;https://en.wikipedia.org/wiki/Sheila_Ruth;https://justfacts.votesmart.org/candidate/189619/sheila-ruth;https://mgaleg.maryland.gov/mgawebsite/Members/Details/ruth01;https://msa.maryland.gov/msa/mdmanual/06hse/html/msa18255.html;https://www.linkedin.com/in/ruthsheila,,,,,,,,,,,
ocd-person/77cad368-7e81-4ff2-91d8-62ecacd38fe7,Shelly Hettleman,Democratic,11,upper,Shelly,Hettleman,Female,shelly.hettleman@senate.maryland.gov,,1964-08-26,,https://mgaleg.maryland.gov/2025RS/images/hettleman02.jpg,https://mgaleg.maryland.gov/mgawebsite/Members/Details/hettleman02;https://mgaleg.maryland.gov/webmga/frmMain.aspx?pid=sponpage&tab=subject6&id=hettleman01&stab=01,https://ballotpedia.org/Shelly_Hettleman;https://en.wikipedia.org/wiki/Shelly_L._Hettleman;https://justfacts.votesmart.org/candidate/biography/149592/shelly-hettleman;https://mgaleg.maryland.gov/mgawebsite/Members/Details/hettleman02;https://mgaleg.maryland.gov/webmga/frmMain.aspx?pid=sponpage&tab=subject6&id=hettleman01&stab=01;https://www.linkedin.com/in/shelly-hettleman-3065229,,,,,,,,,,,
ocd-person/1bad5583-acbc-451b-9425-0a8936f1e7b5,Sheree Sample-Hughes,Democratic,37A,lower,Sheree,Sample-Hughes,Female,sheree.sample.hughes@house.maryland.gov,,1977-09-13,,http://mgaleg.maryland.gov/2016RS/images/sample01.jpg,https://mgaleg.maryland.gov/mgawebsite/Members/Details/sample01;https://mgaleg.maryland.gov/webmga/frmMain.aspx?pid=sponpage&tab=subject6&id=sample01&stab=01;https://msa.maryland.gov/msa/mdmanual/06hse/html/msa14911.html,https://ballotpedia.org/Sheree_Sample-Hughes;https://en.wikipedia.org/wiki/Sheree_Sample-Hughes;https://justfacts.votesmart.org/candidate/biography/87638/sheree-sample-hughes;https://mgaleg.maryland.gov/mgawebsite/Members/Details/sample01;https://mgaleg.maryland.gov/webmga/frmMain.aspx?pid=sponpage&tab=subject6&id=sample01&stab=01;https://msa.maryland.gov/msa/mdmanual/06hse/html/msa14911.html,,,,,,,,,,,
ocd-person/0f8f065b-2d2e-4da3-91d4-988f16c72ef1,Stephanie Smith,Democratic,45,lower,Stephanie,Smith,Female,stephanie.smith@house.maryland.gov,,1981-05-20,,http://mgaleg.maryland.gov/2019RS/images/smith03.jpg,https://mgaleg.maryland.gov/mgawebsite/Members/Details/smith03;https://mgaleg.maryland.gov/webmga/frmMain.aspx?pid=sponpage&tab=subject6&id=smith03&stab=01,https://ballotpedia.org/Stephanie_Smith_(Maryland);https://en.wikipedia.org/wiki/Stephanie_M._Smith;https://mgaleg.maryland.gov/mgawebsite/Members/Details/smith03;https://mgaleg.maryland.gov/webmga/frmMain.aspx?pid=sponpage&tab=subject6&id=smith03&stab=01;https://www.linkedin.com/in/stephanie-maddin-smith-0a76282,,,,,,,,,,,
ocd-person/8733ef57-5d09-47f2-9a16-d96cdc43485b,Steve Johnson,Democratic,34A,lower,Steve,Johnson,Male,steve.johnson@house.maryland.gov,,1960-12-30,,http://mgaleg.maryland.gov/2019RS/images/johnson01.jpg,https://mgaleg.maryland.gov/mgawebsite/Members/Details/johnson01;https://mgaleg.maryland.gov/webmga/frmMain.aspx?pid=sponpage&tab=subject6&id=johnson01&stab=01,https://ballotpedia.org/Steve_C._Johnson_(Maryland_state_representative);https://en.wikipedia.org/wiki/Steven_C._Johnson_(Maryland_politician);https://justfacts.votesmart.org/candidate/biography/150154/steve-johnson;https://mgaleg.maryland.gov/mgawebsite/Members/Details/johnson01;https://mgaleg.maryland.gov/webmga/frmMain.aspx?pid=sponpage&tab=subject6&id=johnson01&stab=01,,,,,,,,,,,
ocd-person/15b13c83-9ee7-43b6-a32a-f26d76573d54,Steve Arentz,Republican,36,lower,Steve,Arentz,Male,steven.arentz@house.maryland.gov,,1951-04-17,,http://mgaleg.maryland.gov/2016RS/images/arentz01.jpg,https://mgaleg.maryland.gov/mgawebsite/Members/Details/arentz01;https://mgaleg.maryland.gov/webmga/frmMain.aspx?pid=sponpage&tab=subject6&id=arentz01&stab=01;https://msa.maryland.gov/msa/mdmanual/06hse/html/msa15407.html,https://ballotpedia.org/Steve_Arentz;https://en.wikipedia.org/wiki/Steven_J._Arentz;https://justfacts.votesmart.org/candidate/biography/132033/steven-arentz;https://mgaleg.maryland.gov/mgawebsite/Members/Details/arentz01;https://mgaleg.maryland.gov/webmga/frmMain.aspx?pid=sponpage&tab=subject6&id=arentz01&stab=01;https://msa.maryland.gov/msa/mdmanual/06hse/html/msa15407.html;https://www.linkedin.com/in/steve-arentz-03042810,,,,,,,,,,,
ocd-person/f2511fcc-12a0-46e4-b831-803485efb5ea,Stuart Schmidt,Republican,33B,lower,Stuart,Schmidt,Male,stuart.schmidt@house.maryland.gov,,,,https://mgaleg.maryland.gov/2023RS/images/schmidt01.jpg,https://mgaleg.maryland.gov/mgawebsite/Members/Details/schmidt01,https://ballotpedia.org/Stuart_Schmidt_Jr.;https://en.wikipedia.org/wiki/Stuart_Schmidt_Jr.;https://mgaleg.maryland.gov/mgawebsite/Members/Details/schmidt01;https://www.linkedin.com/in/stuart-schmidt-mba-a92185,,,,,,,,,,,
ocd-person/1cfdc0e8-7eed-411a-b931-cffa6479b51f,Susan McComas,Republican,34B,lower,Susan,McComas,Female,susan.mccomas@house.maryland.gov,,1951-04-03,,http://mgaleg.maryland.gov/2016RS/images/mccomas.jpg,https://mgaleg.maryland.gov/mgawebsite/Members/Details/mccomas;https://mgaleg.maryland.gov/webmga/frmMain.aspx?pid=sponpage&tab=subject6&id=mccomas&stab=01;https://msa.maryland.gov/msa/mdmanual/06hse/html/msa14001.html,https://ballotpedia.org/Susan_McComas;https://en.wikipedia.org/wiki/Susan_K._McComas;https://justfacts.votesmart.org/candidate/biography/36351/susan-mccomas;https://mgaleg.maryland.gov/mgawebsite/Members/Details/mccomas;https://mgaleg.maryland.gov/webmga/frmMain.aspx?pid=sponpage&tab=subject6&id=mccomas&stab=01;https://msa.maryland.gov/msa/mdmanual/06hse/html/msa14001.html;https://www.linkedin.com/in/susan-mccomas-a2361114,,,,,,,,,,,
ocd-person/ad9925ab-ab4a-46e9-a316-4d3a964736a3,Teresa Reilly,Republican,35A,lower,Teresa,Reilly,Female,teresa.reilly@house.maryland.gov,,1958-06-28,,https://mgaleg.maryland.gov/2023RS/images/reilly01.jpg,https://mgaleg.maryland.gov/mgawebsite/Members/Details/reilly01;https://mgaleg.maryland.gov/webmga/frmMain.aspx?pid=sponpage&tab=subject6&id=reilly01&stab=01;https://msa.maryland.gov/msa/mdmanual/06hse/html/msa17075.html,https://ballotpedia.org/Teresa_Reilly;https://en.wikipedia.org/wiki/Teresa_E._Reilly;https://mgaleg.maryland.gov/mgawebsite/Members/Details/reilly01;https://mgaleg.maryland.gov/webmga/frmMain.aspx?pid=sponpage&tab=subject6&id=reilly01&stab=01;https://msa.maryland.gov/msa/mdmanual/06hse/html/msa17075.html;https://www.linkedin.com/in/teresa-reilly-6aa91880,,,,,,,,,,,
ocd-person/3347216b-1b03-4426-b469-1f69a709de40,Teresa Woorman,Democratic,16,lower,Teresa,Woorman,Female,teresa.woorman@house.maryland.gov,,1991-09-02,,https://mgaleg.maryland.gov/2024RS/images/woorman01.jpg,https://mgaleg.maryland.gov/mgawebsite/Members/Details/woorman01;https://msa.maryland.gov/msa/mdmanual/06hse/html/msa18576.html,https://ballotpedia.org/Teresa_Woorman;https://en.wikipedia.org/wiki/Teresa_Saavedra_Woorman;https://mgaleg.maryland.gov/mgawebsite/Members/Details/woorman01;https://msa.maryland.gov/msa/mdmanual/06hse/html/msa18576.html;https://www.linkedin.com/in/teresawoorman,,,,,,,,,,,
ocd-person/9b63f31e-5bc0-47bf-a901-0a8dcc2a67b7,Terri Hill,Democratic,12A,lower,Terri,Hill,Female,terri.hill@house.maryland.gov,,1959-05-03,,https://mgaleg.maryland.gov/2025RS/images/hill02.jpg,https://mgaleg.maryland.gov/mgawebsite/Members/Details/hill02;https://mgaleg.maryland.gov/webmga/frmMain.aspx?pid=sponpage&tab=subject6&id=hill02&stab=01;https://msa.maryland.gov/msa/mdmanual/06hse/html/msa17057.html,https://ballotpedia.org/Terri_Hill;https://en.wikipedia.org/wiki/Terri_L._Hill;https://mgaleg.maryland.gov/mgawebsite/Members/Details/hill02;https://mgaleg.maryland.gov/webmga/frmMain.aspx?pid=sponpage&tab=subject6&id=hill02&stab=01;https://msa.maryland.gov/msa/mdmanual/06hse/html/msa17057.html;https://www.facebook.com/profile.php?id=100081446720982;https://www.linkedin.com/in/terri-hill-7a28ba2b,,,,,,,,,,,
ocd-person/e5f4fb79-fd8e-437d-9488-68fd47d430c6,Terry Baker,Republican,1C,lower,Terry,Baker,Male,terry.baker@house.maryland.gov,,1955-11-24,,https://msa.maryland.gov/msa/mdmanual/36loc/wa/leg/images/1198-1-09528b.jpg,https://mgaleg.maryland.gov/mgawebsite/Members/Details/baker04,https://ballotpedia.org/Terry_Baker;https://en.wikipedia.org/wiki/Terry_Baker_(politician);https://mgaleg.maryland.gov/mgawebsite/Members/Details/baker04,,,,,,,,,,,
ocd-person/bede8bef-3c7b-469d-809d-98ee3be92630,Tiffany Alston,Democratic,24,lower,Tiffany,Alston,Female,tiffany.alston@house.maryland.gov,,,,https://mgaleg.maryland.gov/2023RS/images/alston01.jpg,https://mgaleg.maryland.gov/mgawebsite/Members/Details/alston01;https://www.msa.md.gov/msa/mdmanual/06hse/html/msa15348.html,https://ballotpedia.org/Tiffany_Alston;https://en.wikipedia.org/wiki/Tiffany_Alston;https://mgaleg.maryland.gov/mgawebsite/Members/Details/alston01;https://www.linkedin.com/in/tiffany-alston-1572a23b;https://www.msa.md.gov/msa/mdmanual/06hse/html/msa15348.html,,,,,,,,,,,
ocd-person/c08afca2-f312-4cb0-a9c5-58be80d81df1,Todd Morgan,Republican,29C,lower,Todd,Morgan,Male,todd.morgan@house.maryland.gov,,1956-01-16,,https://mgaleg.maryland.gov/2023RS/images/morgan03.jpg,https://mgaleg.maryland.gov/mgawebsite/Members/Details/morgan03;https://msa.maryland.gov/msa/mdmanual/06hse/html/msa15416.html,https://ballotpedia.org/Todd_Morgan;https://en.wikipedia.org/wiki/Todd_Morgan_(politician);https://mgaleg.maryland.gov/mgawebsite/Members/Details/morgan03;https://msa.maryland.gov/msa/mdmanual/06hse/html/msa15416.html;https://toddmorganfordelegate.com,,,,,,,,,,,
ocd-person/d8ab28c1-cdd0-4bef-80a6-9712887594b0,Tom Hutchinson,Republican,37B,lower,Tom,Hutchinson,Male,tom.hutchinson@house.maryland.gov,,1965-05-25,,https://mgaleg.maryland.gov/2023RS/images/hutchinson01.jpg,https://mgaleg.maryland.gov/mgawebsite/Members/Details/hutchinson01,https://ballotpedia.org/Tom_Hutchinson;https://en.wikipedia.org/wiki/Tom_Hutchinson_(Maryland_politician);https://mgaleg.maryland.gov/mgawebsite/Members/Details/hutchinson01;https://www.linkedin.com/in/thomas-s-hutchinson,,,,,,,,,,,
ocd-person/5d11064b-6757-42f7-86fa-3023fefb6c10,Vaughn Stewart,Democratic,19,lower,Vaughn,Stewart,Male,vaughn.stewart@house.maryland.gov,,1988-11-15,,https://mgaleg.maryland.gov/2026RS/images/stewart01.jpg,https://mgaleg.maryland.gov/mgawebsite/Members/Details/stewart01;https://mgaleg.maryland.gov/webmga/frmMain.aspx?pid=sponpage&tab=subject6&id=stewart01&stab=01,https://ballotpedia.org/Vaughn_Stewart;https://en.wikipedia.org/wiki/Vaughn_Stewart_(politician);https://justfacts.votesmart.org/candidate/biography/181554/vaughn-stewart;https://mgaleg.maryland.gov/mgawebsite/Members/Details/stewart01;https://mgaleg.maryland.gov/webmga/frmMain.aspx?pid=sponpage&tab=subject6&id=stewart01&stab=01;https://www.linkedin.com/in/vaughn-stewart-31174348,,,,,,,,,,,
ocd-person/b982cab0-0d2e-46ae-8e22-51f68e7aac82,Veronica Turner,Democratic,26,lower,Veronica,Turner,Female,veronica.turner@house.maryland.gov,,1950-02-07,,http://mgaleg.maryland.gov/2019RS/images/turner01.jpg,https://mgaleg.maryland.gov/mgawebsite/Members/Details/turner01;https://mgaleg.maryland.gov/webmga/frmMain.aspx?pid=sponpage&tab=subject6&id=turner01&stab=01,https://ballotpedia.org/Veronica_Turner;https://en.wikipedia.org/wiki/Veronica_L._Turner;https://justfacts.votesmart.org/candidate/biography/36495/veronica-turner;https://mgaleg.maryland.gov/mgawebsite/Members/Details/turner01;https://mgaleg.maryland.gov/webmga/frmMain.aspx?pid=sponpage&tab=subject6&id=turner01&stab=01,,,,,,,,,,,
ocd-person/ed6c6e8e-a50c-4fce-86a8-0d9d7a75aa1f,Wayne Hartman,Republican,38C,lower,Wayne,Hartman,Male,wayne.hartman@house.maryland.gov,,1967-12-14,,http://mgaleg.maryland.gov/2019RS/images/hartman01.jpg,https://mgaleg.maryland.gov/mgawebsite/Members/Details/hartman01;https://mgaleg.maryland.gov/webmga/frmMain.aspx?pid=sponpage&tab=subject6&id=hartman01&stab=01;https://msa.maryland.gov/msa/mdmanual/06hse/html/msa18033.html,https://ballotpedia.org/Wayne_Hartman;https://en.wikipedia.org/wiki/Wayne_A._Hartman;https://justfacts.votesmart.org/candidate/181649/wayne-hartman;https://mgaleg.maryland.gov/mgawebsite/Members/Details/hartman01;https://mgaleg.maryland.gov/webmga/frmMain.aspx?pid=sponpage&tab=subject6&id=hartman01&stab=01;https://msa.maryland.gov/msa/mdmanual/06hse/html/msa18033.html,,,,,,,,,,,
ocd-person/d8938e62-87cd-420e-a009-f78a418ed138,Bill Folden,Republican,4,upper,Bill,Folden,Male,william.folden@senate.maryland.gov,,1972-04-05,,http://mgaleg.maryland.gov/2016RS/images/folden01.jpg,https://mgaleg.maryland.gov/mgawebsite/Members/Details/folden02;https://mgaleg.maryland.gov/webmga/frmMain.aspx?pid=sponpage&tab=subject6&id=folden01&stab=01,https://ballotpedia.org/William_%22Bill%22_Folden;https://en.wikipedia.org/wiki/William_Folden;https://justfacts.votesmart.org/candidate/biography/150095/bill-folden;https://mgaleg.maryland.gov/mgawebsite/Members/Details/folden02;https://mgaleg.maryland.gov/webmga/frmMain.aspx?pid=sponpage&tab=subject6&id=folden01&stab=01,,,,,,,,,,,
ocd-person/7616b0d4-487f-4667-b92c-b09f628235d1,William Wivell,Republican,2A,lower,William,Wivell,Male,william.wivell@house.maryland.gov,,1964-06-09,,https://mgaleg.maryland.gov/2025RS/images/wivell01.jpg,https://mgaleg.maryland.gov/mgawebsite/Members/Details/wivell01;https://mgaleg.maryland.gov/webmga/frmMain.aspx?pid=sponpage&tab=subject6&id=wivell01&stab=01;https://msa.maryland.gov/msa/mdmanual/06hse/html/msa14893.html,https://ballotpedia.org/William_Wivell;https://en.wikipedia.org/wiki/William_J._Wivell;https://justfacts.votesmart.org/candidate/biography/36506/william-wivell;https://mgaleg.maryland.gov/mgawebsite/Members/Details/wivell01;https://mgaleg.maryland.gov/webmga/frmMain.aspx?pid=sponpage&tab=subject6&id=wivell01&stab=01;https://msa.maryland.gov/msa/mdmanual/06hse/html/msa14893.html;https://www.linkedin.com/in/william-wivell-268a7426,,,,,,,,,,,
ocd-person/943e92d3-98ad-490f-a93a-16182c624a1f,William Valentine,Republican,2A,lower,William,Valentine,Male,william.valentine@house.maryland.gov,,,,https://bloximages.newyork1.vip.townnews.com/fredericknewspost.com/content/tncms/assets/v3/editorial/a/7a/a7adf4f6-64f2-5123-82bc-5d65e10bda6e/62b95a9a20374.image.jpg?crop=815%2C1208%2C356%2C15&resize=200%2C296&order=crop%2Cresize,https://mgaleg.maryland.gov/mgawebsite/Members/Details/valentine01,https://ballotpedia.org/William_Valentine;https://en.wikipedia.org/wiki/William_Valentine_(politician);https://mgaleg.maryland.gov/mgawebsite/Members/Details/valentine01,,,,,,,,,,,
