id,name,current_party,current_district,current_chamber,given_name,family_name,gender,email,biography,birth_date,death_date,image,links,sources,capitol_address,capitol_voice,capitol_fax,district_address,district_voice,district_fax,twitter,youtube,instagram,facebook,wikidata
ocd-person/906cd606-c6ff-41e5-87a6-e038b711fa61,Aaron Dana,Independent,Passamaquoddy Tribe,lower,Aaron,Dana,Male,aaron.dana@legislature.maine.gov,,,,https://legislature.maine.gov/house/house/Repository/MemberProfiles/27852f04-e612-46a5-9727-1bbd1d5e48e0_DANA.jpg,https://legislature.maine.gov/house/house/MemberProfiles/Details/1507,https://en.wikipedia.org/wiki/Aaron_M._Dana;https://legislature.maine.gov/house/house/MemberProfiles/Details/1507;https://www.linkedin.com/in/aaron-dana-77810185,,,,,,,,,,,
ocd-person/b6cdaab7-6aec-4c65-a239-e18c6e839fbc,Abden Simmons,Republican,45,lower,Abden,Simmons,Male,abden.simmons@legislature.maine.gov,,,,https://legislature.maine.gov/house/house/Repository/MemberProfiles/75e9b804-f745-4f44-9817-146eb1a8c378_simmas[1].jpg,https://legislature.maine.gov/house/house/MemberProfiles/Details/144;https://mainehousegop.org/members/simmons-abden/;https://www.maine.gov/legis/house/hsebios/simmas.htm,https://ballotpedia.org/Abden_Simmons;https://en.wikipedia.org/wiki/Abden_Simmons;https://legislature.maine.gov/house/house/MemberProfiles/Details/144;https://legislature.maine.gov/house/house/MemberProfiles/ListAlpha;https://mainehousegop.org/members/simmons-abden;https://www.maine.gov/legis/house/hsebios/simmas.htm,,,,,,,,,,,
ocd-person/513edd6e-0d85-4ad6-8852-577cd5c0ee02,Abigail Griffin,Republican,34,lower,Abigail,Griffin,Female,abigail.griffin@legislature.maine.gov,,,,https://legislature.maine.gov/house/house/Repository/MemberProfiles/fa129957-8083-482b-93f5-318d0cfc0718_griffin.jpg,https://legislature.maine.gov/house/house/MemberProfiles/Details/1369;https://mainehousegop.org/members/griffin-abigail/,https://ballotpedia.org/Abigail_Griffin;https://justfacts.votesmart.org/candidate/biography/181260/abigail-griffin;https://legislature.maine.gov/house/house/MemberProfiles/Details/1369;https://legislature.maine.gov/house/house/MemberProfiles/ListAlpha;https://mainehousegop.org/members/griffin-abigail,,,,,,,,,,,
ocd-person/dff0e200-fd8c-4ada-ac3d-e014a529dd59,Adam Lee,Democratic,89,lower,Adam,Lee,Male,adam.lee@legislature.maine.gov,,,,https://legislature.maine.gov/house/house/Repository/MemberProfiles/cc770c67-4f1f-4e24-a168-4a359d33b108_ALEE.jpg,https://legislature.maine.gov/house/house/MemberProfiles/Details/1491;https://legislature.maine.gov/housedems/lee;https://legislature.maine.gov/housedems/lee/index.html;https://www.maine.gov/housedems/lee,https://ballotpedia.org/Adam_Lee;https://legislature.maine.gov/house/house/MemberProfiles/Details/1491;https://legislature.maine.gov/house/house/MemberProfiles/ListAlpha;https://legislature.maine.gov/housedems/lee;https://legislature.maine.gov/housedems/lee/index.html;https://tmbf-law.com/adam-r-lee;https://www.linkedin.com/in/adam-r-lee-57901216;https://www.maine.gov/housedems/lee,,,,,,,,,,,
ocd-person/4bc2b129-52c1-4dfd-99af-dd38f620183a,Alicia Collins,Republican,61,lower,Alicia,Collins,Female,alicia.collins@legislature.maine.gov,,,,https://aliciaformaine.com/images/d8140e2917dbb338d1ef9980ee0d0557.png,https://legislature.maine.gov/house/house/MemberProfiles/Details/3119,https://ballotpedia.org/Alicia_Collins_(Maine);https://en.wikipedia.org/wiki/Alicia_Collins;https://legislature.maine.gov/house/house/MemberProfiles/Details/3119,,,,,,,,,,,
ocd-person/82b51bea-5f96-46d6-bbcf-4d973f701b27,Allison Hepler,Democratic,49,lower,Allison,Hepler,Female,allison.hepler@legislature.maine.gov,,,,https://legislature.maine.gov/house/house/Repository/MemberProfiles/a75da791-060e-45cd-b1bd-95bc7c00c6e8_hepler.jpg,https://legislature.maine.gov/house/house/MemberProfiles/Details/1353,https://ballotpedia.org/Allison_Hepler;https://justfacts.votesmart.org/candidate/biography/170132/allison-hepler;https://legislature.maine.gov/house/house/MemberProfiles/Details/1353;https://legislature.maine.gov/house/house/MemberProfiles/ListAlpha;https://www.linkedin.com/in/allison-hepler-989b09115,,,,,,,,,,,
ocd-person/1e7a6a8f-7160-4bee-80d1-b1dc47b3db4f,Amanda Collamore,Republican,68,lower,Amanda,Collamore,Female,amanda.collamore@legislature.maine.gov,,,,https://legislature.maine.gov/house/house/Repository/MemberProfiles/24f65326-81e9-48f3-a7cc-a5dc8e7d74e6_Collamore.jpg,https://legislature.maine.gov/house/house/MemberProfiles/Details/1432;https://mainehousegop.org/members/collamore-amanda/,https://ballotpedia.org/Amanda_Collamore;https://en.wikipedia.org/wiki/Amanda_Collamore;https://justfacts.votesmart.org/candidate/biography/192608/amanda-collamore;https://legislature.maine.gov/house/house/MemberProfiles/Details/1432;https://legislature.maine.gov/house/house/MemberProfiles/ListAlpha;https://mainehousegop.org/members/collamore-amanda;https://www.linkedin.com/in/amanda-collamore-191a32b6,,,,,,,,,,,
ocd-person/8f61f208-cf99-489a-aa36-847438b0ed60,Ambureen Rana,Democratic,21,lower,Ambureen,Rana,X,ambureen.rana@legislature.maine.gov,,,,https://legislature.maine.gov/house/house/Repository/MemberProfiles/1f89f046-4256-4341-9236-68c67e6efd77_ARANA.jpg,http://www.maine.gov/housedems/rana;https://legislature.maine.gov/house/house/MemberProfiles/Details/1464,http://www.maine.gov/housedems/rana;https://ballotpedia.org/Ambureen_Rana;https://en.wikipedia.org/wiki/Ambureen_Rana;https://justfacts.votesmart.org/candidate/biography/181257/ambureen-rana;https://legislature.maine.gov/house/house/MemberProfiles/Details/1464;https://legislature.maine.gov/house/house/MemberProfiles/ListAlpha;https://rana.mainecandidate.com;https://www.congressweb.com/aam/legislators/info/mbr_id/3454;https://www.linkedin.com/in/ambureen-rana-93586a64,,,,,,,,,,,
ocd-person/20082672-8aa7-4d49-bad7-fe5a92d1720d,Amy Arata,Republican,104,lower,Amy,Arata,Female,amy.arata@legislature.maine.gov,,,,https://legislature.maine.gov/house/house/Repository/MemberProfiles/73657768-20f5-4692-8934-16f6b9a3cacd_arata.jpg,https://legislature.maine.gov/house/house/MemberProfiles/Details/1356;https://mainehousegop.org/members/arata-amy/,https://ballotpedia.org/Amy_Arata;https://en.wikipedia.org/wiki/Amy_Arata;https://justfacts.votesmart.org/candidate/biography/176845/amy-arata;https://legislature.maine.gov/house/house/MemberProfiles/Details/1356;https://legislature.maine.gov/house/house/MemberProfiles/ListAlpha;https://mainehousegop.org/members/arata-amy;https://www.linkedin.com/in/amy-arata-a76b8340,,,,,,,,,,,
ocd-person/d9825f86-280b-4b70-9a6e-2bb7f02e239a,Amy Kuhn,Democratic,111,lower,Amy,Kuhn,Female,amy.kuhn@legislature.maine.gov,,,,https://legislature.maine.gov/house/house/Repository/MemberProfiles/a99f9866-50ae-4e3a-8eee-10a3e0d00dce_AKUHN.jpg,https://legislature.maine.gov/house/house/MemberProfiles/Details/1474;https://legislature.maine.gov/housedems/kuhn;https://legislature.maine.gov/housedems/kuhn/index.html;https://www.maine.gov/housedems/kuhn,https://ballotpedia.org/Amy_Kuhn;https://en.wikipedia.org/wiki/Amy_Kuhn;https://legislature.maine.gov/house/house/MemberProfiles/Details/1474;https://legislature.maine.gov/house/house/MemberProfiles/ListAlpha;https://legislature.maine.gov/housedems/kuhn;https://legislature.maine.gov/housedems/kuhn/index.html;https://www.falmouthme.org/people/amy-kuhn;https://www.linkedin.com/in/amy-donovan-kuhn-847bb149;https://www.maine.gov/housedems/kuhn,,,,,,,,,,,
ocd-person/42c79801-802e-4f3d-8917-f3f956766e50,Amy Roeder,Democratic,23,lower,Amy,Roeder,Female,amy.roeder@legislature.maine.gov,,,,https://legislature.maine.gov/house/house/Repository/MemberProfiles/3265b5dc-e744-46e5-8ff5-317b5e4842ae_RoederNEW.jpg,https://legislature.maine.gov/house/house/MemberProfiles/Details/1437;https://legislature.maine.gov/housedems/roedera/index.html;https://www.maine.gov/housedems/roedera,https://ballotpedia.org/Amy_Roeder;https://en.wikipedia.org/wiki/Amy_Roeder;https://legislature.maine.gov/house/house/MemberProfiles/Details/1437;https://legislature.maine.gov/house/house/MemberProfiles/ListAlpha;https://legislature.maine.gov/housedems/roedera/index.html;https://www.linkedin.com/in/amyroeder;https://www.maine.gov/housedems/roedera,,,,,,,,,,,
ocd-person/8646c09c-1d84-4065-bcf2-8be6a8baf494,Ann Fredericks,Republican,143,lower,Ann,Fredericks,Female,ann.fredericks@legislature.maine.gov,,,,https://legislature.maine.gov/house/house/Repository/MemberProfiles/d04ae08f-1582-4de6-a34e-bdd72386622e_FREDRICKS.jpg,https://legislature.maine.gov/house/house/MemberProfiles/Details/1468;https://mainehousegop.org/members/fredericks-ann/,https://ballotpedia.org/Ann_Marie_Fredericks;https://en.wikipedia.org/wiki/Ann_Fredericks;https://legislature.maine.gov/house/house/MemberProfiles/Details/1468;https://legislature.maine.gov/house/house/MemberProfiles/ListAlpha;https://mainehousegop.org/members/fredericks-ann;https://www.linkedin.com/in/annmarie-fredericks-828bba225,,,,,,,,,,,
ocd-person/187c138c-d84d-4813-884e-553b8a9354f1,Ann Matlack,Democratic,43,lower,Ann,Matlack,Female,ann.matlack@legislature.maine.gov,,,,https://legislature.maine.gov/house/house/Repository/MemberProfiles/e8bdda16-c44f-4ced-9b15-4a11e3496fa9_Matlack.jpg,https://legislature.maine.gov/house/house/MemberProfiles/Details/1364,https://ballotpedia.org/Ann_Matlack;https://en.wikipedia.org/wiki/Ann_Matlack;https://legislature.maine.gov/house/house/MemberProfiles/Details/1364;https://legislature.maine.gov/house/house/MemberProfiles/ListAlpha;https://www.linkedin.com/in/ann-higgins-matlack-73062b13,,,,,,,,,,,
ocd-person/db11e611-94a4-4451-8486-f941a532789d,Pinny Beebe-Center,Democratic,12,upper,Pinny,Beebe-Center,Female,anne.beebe-center@legislature.maine.gov,,,,https://legislature.maine.gov/uploads/visual_edit/beebe-center-1024x1024.jpg,https://legislature.maine.gov/District12;https://legislature.maine.gov/district12;https://www.mainesenate.org/senator/senator/pinny-beebe-center/,https://ballotpedia.org/Anne_Beebe-Center;https://en.wikipedia.org/wiki/Pinny_Beebe-Center;https://legislature.maine.gov/district12;https://legislature.maine.gov/District12;https://legislature.maine.gov/uploads/visual_edit/131-senator-contact-information-2.xlsx;https://www.linkedin.com/in/anne-beebe-center-516b77a;https://www.mainesenate.org/senator/senator/pinny-beebe-center,,,,,,,,,,,
ocd-person/50f75f0e-328c-413c-8733-de2872c5b7b0,Anne Carney,Democratic,29,upper,Anne,Carney,Female,anne.carney@legislature.maine.gov,,,,https://legislature.maine.gov/uploads/visual_edit/carney-web-1-1024x854.jpg,https://legislature.maine.gov/District-29;https://legislature.maine.gov/District29;https://legislature.maine.gov/district29;https://www.mainesenate.org/senator/senator/anne-carney/,https://ballotpedia.org/Anne_Carney;https://en.wikipedia.org/wiki/Anne_Carney;https://legislature.maine.gov/District-29;https://legislature.maine.gov/district29;https://legislature.maine.gov/District29;https://legislature.maine.gov/uploads/visual_edit/130th-senate-contact-information-as-of-31221.xlsx;https://legislature.maine.gov/uploads/visual_edit/131-senator-contact-information-2.xlsx;https://www.linkedin.com/in/anne-carney-90a976149;https://www.mainesenate.org/senator/senator/anne-carney,,,,,,,,,,,
ocd-person/56960ccd-b154-42ae-9fb3-c323e07c23b1,Anne-Marie Mastraccio,Democratic,142,lower,Anne-Marie,Mastraccio,Female,anne-marie.mastraccio@legislature.maine.gov,,,,https://legislature.maine.gov/house/house/Repository/MemberProfiles/989eebc7-717b-474a-9a55-203b709d019b_AMASTRACCIO.jpg,https://legislature.maine.gov/house/house/MemberProfiles/Details/111,https://ballotpedia.org/Anne-Marie_Mastraccio;https://en.wikipedia.org/wiki/Anne-Marie_Mastraccio;https://justfacts.votesmart.org/candidate/biography/137415/anne-marie-mastraccio;https://legislature.maine.gov/house/house/MemberProfiles/Details/111;https://legislature.maine.gov/house/house/MemberProfiles/ListAlpha,,,,,,,,,,,
ocd-person/2f7e7649-5c68-4f8f-8c9a-7993b66d383a,Annie Graham,Democratic,105,lower,Annie,Graham,Female,anne.graham@legislature.maine.gov,,1959-01-17,,https://legislature.maine.gov/house/house/Repository/MemberProfiles/3c31dd8d-1de9-4bf3-b506-b7c45790974f_AGRAHAM.jpg,https://legislature.maine.gov/house/house/MemberProfiles/Details/259;https://www.mainelegislature.org/house/house/MemberProfiles/Details/259,https://ballotpedia.org/Anne_Graham;https://en.wikipedia.org/wiki/Anne_P._Graham;https://justfacts.votesmart.org/candidate/biography/57602/anne-graham;https://legislature.maine.gov/house/house/MemberProfiles/Details/259;https://legislature.maine.gov/house/house/MemberProfiles/ListAlpha;https://www.linkedin.com/in/anne-graham-0930548;https://www.mainelegislature.org/house/house/MemberProfiles/Details/259,,,,,,,,,,,
ocd-person/7777fc5c-d508-4332-aac4-ec4799cf1721,Art Bell,Democratic,103,lower,Art,Bell,Male,arthur.bell@legislature.maine.gov,,,,https://legislature.maine.gov/house/house/Repository/MemberProfiles/e376b676-cec4-4774-bb44-7cc0d25425d2_BellNEW.jpg,https://legislature.maine.gov/house/house/MemberProfiles/Details/1419;https://legislature.maine.gov/housedems/bella/index.html;https://www.maine.gov/housedems/bella,https://ballotpedia.org/Arthur_Bell;https://legislature.maine.gov/house/house/MemberProfiles/Details/1419;https://legislature.maine.gov/house/house/MemberProfiles/ListAlpha;https://legislature.maine.gov/housedems/bella/index.html;https://www.linkedin.com/in/arthur-bell-47bb77;https://www.maine.gov/housedems/bella,,,,,,,,,,,
ocd-person/28891c40-a850-4e37-a339-4f60976ab515,Artie Mingo,Republican,9,lower,Artie,Mingo,Male,arthur.mingo@legislature.maine.gov,,,,,https://legislature.maine.gov/house/house/MemberProfiles/Details/3107;https://mainehousegop.org/members/mingo-arthur/,https://ballotpedia.org/Arthur_Mingo;https://en.wikipedia.org/wiki/Arthur_Mingo;https://legislature.maine.gov/house/house/MemberProfiles/Details/3107;https://mainehousegop.org/members/mingo-arthur;https://www.linkedin.com/in/arthur-mingo-54253840,,,,,,,,,,,
ocd-person/72cc3b25-8e1e-4095-93be-216ee191572c,Barbara Bagshaw,Republican,106,lower,Barbara,Bagshaw,Female,barbara.bagshaw@legislature.maine.gov,,,,https://legislature.maine.gov/house/house/Repository/MemberProfiles/d2a8373a-d1e8-4e25-936a-4fbcd3ac4087_BBAGSHAW.jpg,https://legislature.maine.gov/house/house/MemberProfiles/Details/1473;https://mainehousegop.org/members/bagshaw-barbara/,https://ballotpedia.org/Barbara_Bagshaw;https://en.wikipedia.org/wiki/Barbara_Bagshaw;https://legislature.maine.gov/house/house/MemberProfiles/Details/1473;https://legislature.maine.gov/house/house/MemberProfiles/ListAlpha;https://mainehousegop.org/members/bagshaw-barbara,,,,,,,,,,,
ocd-person/f52b3788-349b-4b6c-84a3-72d02a953616,Ben Hymes,Republican,38,lower,Ben,Hymes,Male,benjamin.hymes@legislature.maine.gov,,,,https://legislature.maine.gov/house/house/Repository/MemberProfiles/04372b02-d30f-4b91-a71e-0d7e188b385f_HYMES.jpg,https://legislature.maine.gov/house/house/MemberProfiles/Details/1497;https://mainehousegop.org/members/hymes-benjamin/,https://ballotpedia.org/Benjamin_Hymes;https://en.wikipedia.org/wiki/Benjamin_C._Hymes;https://justfacts.votesmart.org/candidate/biography/203765/benjamin-hymes;https://legislature.maine.gov/house/house/MemberProfiles/Details/1497;https://legislature.maine.gov/house/house/MemberProfiles/ListAlpha;https://mainehousegop.org/members/hymes-benjamin,,,,,,,,,,,
ocd-person/43c2650b-6248-46f9-a553-8c2bd0bab294,Billy Bob Faulkingham,Republican,12,lower,Billy Bob,Faulkingham,Male,william.faulkingham@legislature.maine.gov,,,,https://legislature.maine.gov/house/house/Repository/MemberProfiles/b1dc14b4-920f-4f14-99c9-bce559bceb76_FaulkinghamNEW.jpg,https://legislature.maine.gov/house/house/MemberProfiles/Details/1379;https://mainehousegop.org/members/faulkingham-billy-bob/,https://ballotpedia.org/William_Faulkingham;https://en.wikipedia.org/wiki/Billy_Bob_Faulkingham;https://legislature.maine.gov/house/house/MemberProfiles/Details/1379;https://legislature.maine.gov/house/house/MemberProfiles/ListAlpha;https://mainehousegop.org/members/faulkingham-billy-bob,,,,,,,,,,,
ocd-person/72193c8f-2b94-4e56-bff4-482bde6037eb,Brad Farrin,Republican,3,upper,Brad,Farrin,Male,brad.farrin@legislature.maine.gov,,,,https://legislature.maine.gov/uploads/visual_edit/farrin-bradlee-1.jpg,https://legislature.maine.gov/District-3;https://legislature.maine.gov/District3;https://legislature.maine.gov/district3;https://mesenategop.com/your-senators/senator-brad-farrin/,https://ballotpedia.org/Bradlee_Farrin;https://en.wikipedia.org/wiki/Bradlee_Farrin;https://justfacts.votesmart.org/candidate/biography/151396/bradlee-farrin;https://legislature.maine.gov/District-3;https://legislature.maine.gov/district3;https://legislature.maine.gov/District3;https://legislature.maine.gov/uploads/visual_edit/130th-senate-contact-information-as-of-31221.xlsx;https://legislature.maine.gov/uploads/visual_edit/131-senator-contact-information-2.xlsx;https://www.linkedin.com/in/bradlee-farrin-32493244,,,,,,,,,,,
ocd-person/81ab0331-83cd-4551-bf74-b732623c86b8,Brian Reynolds,Independent,Houlton Band of Maliseet Indians,lower,Brian,Reynolds,Male,brian.reynolds@legislature.maine.gov,,,,,https://legislature.maine.gov/house/house/MemberProfiles/Details/3140,https://legislature.maine.gov/house/house/MemberProfiles/Details/3140,,,,,,,,,,,
ocd-person/0b3965de-8fe2-42b4-bc21-115d6b2b470f,Bruce Bickford,Republican,20,upper,Bruce,Bickford,Male,bruce.bickford@legislature.maine.gov,,1955-10-11,,https://legislature.maine.gov/house/house/Repository/MemberProfiles/6512eb18-497f-48cf-8e14-5c46c8827181_bickba.jpg,https://legislature.maine.gov/District20;https://legislature.maine.gov/house/house/MemberProfiles/Details/16;https://mesenategop.com/your-senators/senator-bruce-bickford/,https://ballotpedia.org/Bruce_Bickford;https://en.wikipedia.org/wiki/Bruce_Bickford_(politician);https://justfacts.votesmart.org/candidate/biography/103524/bruce-bickford;https://legislature.maine.gov/District20;https://legislature.maine.gov/house/house/MemberProfiles/Details/16;https://legislature.maine.gov/house/house/MemberProfiles/ListAlpha;https://mesenategop.com/your-senators/senator-bruce-bickford;https://www.linkedin.com/in/bruce-bickford-6b373160,,,,,,,,,,,
ocd-person/cf1f0a32-7107-44ea-96f2-1f3c604d87cc,Caldwell Jackson,Republican,80,lower,Caldwell,Jackson,Male,caldwell.jackson@legislature.maine.gov,,,,https://legislature.maine.gov/house/house/Repository/MemberProfiles/4a816ecf-f3c1-49e1-88e9-f7a4d18cb5de_JACKSON.jpg,https://legislature.maine.gov/house/house/MemberProfiles/Details/1485;https://mainehousegop.org/members/jackson-caldwell/,https://ballotpedia.org/Caldwell_Jackson;https://en.wikipedia.org/wiki/Caldwell_Jackson;https://justfacts.votesmart.org/candidate/biography/37161/caldwell-jackson;https://legislature.maine.gov/house/house/MemberProfiles/Details/1485;https://legislature.maine.gov/house/house/MemberProfiles/ListAlpha;https://mainehousegop.org/members/jackson-caldwell;https://www.maineconservation.org/legislator/caldwell-jackson,,,,,,,,,,,
ocd-person/38a3d5d7-cc62-4479-bfba-03d40099e7cd,Cameron Reny,Democratic,13,upper,Cameron,Reny,Female,cameron.reny@legislature.maine.gov,,,,https://legislature.maine.gov/uploads/visual_edit/reny-2.jpg,https://legislature.maine.gov/District13;https://legislature.maine.gov/district13;https://www.mainesenate.org/senator/senator/senator-cameron-reny/,https://ballotpedia.org/Cameron_Reny;https://en.wikipedia.org/wiki/Cameron_Reny;https://legislature.maine.gov/district13;https://legislature.maine.gov/District13;https://legislature.maine.gov/uploads/visual_edit/131-senator-contact-information-2.xlsx;https://www.mainesenate.org/senator/senator/senator-cameron-reny,,,,,,,,,,,
ocd-person/e1e7623e-aee4-4631-942c-e65c56d514c3,Cassie Julia,Democratic,65,lower,Cassie,Julia,Female,cassie.julia@legislature.maine.gov,,,,https://i0.wp.com/bdn-data.s3.amazonaws.com/uploads/2024/06/julia-1.jpg?w=1199&ssl=1,https://legislature.maine.gov/house/house/MemberProfiles/Details/3122;https://www.maine.gov/housedems/node/4101,https://ballotpedia.org/Cassie_Julia;https://en.wikipedia.org/wiki/Cassie_Julia;https://legislature.maine.gov/house/house/MemberProfiles/Details/3122;https://www.maine.gov/housedems/node/4101,,,,,,,,,,,
ocd-person/1793f579-da58-422f-bc22-36da20ce246c,Chad Perkins,Republican,31,lower,Chad,Perkins,Male,chad.perkins@legislature.maine.gov,,,,https://legislature.maine.gov/house/house/Repository/MemberProfiles/a6f40ce5-a695-480d-92cf-cfe044f027ac_CPERKINS.jpg,https://legislature.maine.gov/house/house/MemberProfiles/Details/1467;https://mainehousegop.org/members/perkins-chad/,https://ballotpedia.org/Chad_Perkins_(Maine);https://en.wikipedia.org/wiki/Chad_R._Perkins;https://legislature.maine.gov/house/house/MemberProfiles/Details/1467;https://legislature.maine.gov/house/house/MemberProfiles/ListAlpha;https://mainehousegop.org/members/perkins-chad,,,,,,,,,,,
ocd-person/d87034c7-fd93-4ba1-a61b-f4ea810506c9,Charles Skold,Democratic,119,lower,Charles,Skold,Male,charles.skold@legislature.maine.gov,,,,https://legislature.maine.gov/house/house/Repository/MemberProfiles/f62e4eee-633b-458e-9410-219176bec3a2_CSKOLD.jpg,https://legislature.maine.gov/house/house/MemberProfiles/Details/1475;https://legislature.maine.gov/housedems/skold/index.html;https://www.maine.gov/housedems/skold,https://ballotpedia.org/Charles_Skold;https://en.wikipedia.org/wiki/Charles_Skold;https://legislature.maine.gov/house/house/MemberProfiles/Details/1475;https://legislature.maine.gov/house/house/MemberProfiles/ListAlpha;https://legislature.maine.gov/housedems/skold/index.html;https://www.linkedin.com/in/charlesskold;https://www.maine.gov/housedems/skold,,,,,,,,,,,
ocd-person/cef7caa9-828c-4272-a694-2aa16a5397ea,Cheryl Golek,Democratic,99,lower,Cheryl,Golek,Female,cheryl.golek@legislature.maine.gov,,,,https://legislature.maine.gov/house/house/Repository/MemberProfiles/bedcf53e-b367-42a7-9db6-a1c317f925af_GOLEK.jpg,https://legislature.maine.gov/house/house/MemberProfiles/Details/1494;https://legislature.maine.gov/housedems/golek;https://legislature.maine.gov/housedems/golek/index.html;https://www.maine.gov/housedems/golek,https://ballotpedia.org/Cheryl_Golek;https://en.wikipedia.org/wiki/Cheryl_Golek;https://legislature.maine.gov/house/house/MemberProfiles/Details/1494;https://legislature.maine.gov/house/house/MemberProfiles/ListAlpha;https://legislature.maine.gov/housedems/golek;https://legislature.maine.gov/housedems/golek/index.html;https://www.maine.gov/housedems/golek,,,,,,,,,,,
ocd-person/bdb29bb6-c6a2-461a-8527-06ac1ba20049,Christina Mitchell,Democratic,110,lower,Christina,Mitchell,Female,christina.mitchell@legislature.maine.gov,,,,https://mitchell.mainecandidate.com/images/2155.png,https://legislature.maine.gov/house/house/MemberProfiles/Details/3135;https://www.maine.gov/housedems/node/4111,https://ballotpedia.org/Christina_Mitchell;https://en.wikipedia.org/wiki/Christina_Mitchell;https://justfacts.votesmart.org/candidate/biography/216023/christina-mitchell;https://legislature.maine.gov/house/house/MemberProfiles/Details/3135;https://www.maine.gov/housedems/node/4111,,,,,,,,,,,
ocd-person/14000c75-b0e9-451c-a081-9121970897de,Christopher Kessler,Democratic,121,lower,Christopher,Kessler,Male,christopher.kessler@legislature.maine.gov,,,,https://legislature.maine.gov/house/house/Repository/MemberProfiles/7b6f510d-1915-4b36-846c-7be39a62c2f6_kessler.jpg,https://legislature.maine.gov/house/house/MemberProfiles/Details/1384,https://ballotpedia.org/Christopher_Kessler;https://justfacts.votesmart.org/candidate/biography/142762/christopher-kessler;https://legislature.maine.gov/house/house/MemberProfiles/Details/1384;https://legislature.maine.gov/house/house/MemberProfiles/ListAlpha;https://www.linkedin.com/in/christopher-kessler-b2a827112,,,,,,,,,,,
ocd-person/5a475e6f-5277-425e-bb09-1c55facbc736,Craig Hickman,Democratic,14,upper,Craig,Hickman,Male,craig.hickman@legislature.maine.gov,,1967-12-08,,https://legislature.maine.gov/uploads/visual_edit/hickman-1024x1024.jpg,https://legislature.maine.gov/District-14;https://legislature.maine.gov/District14;https://www.mainesenate.org;https://www.mainesenate.org/senator/senator/craig-hickman/,https://ballotpedia.org/Craig_Hickman;https://en.wikipedia.org/wiki/Craig_Hickman;https://justfacts.votesmart.org/candidate/biography/121034/craig-hickman;https://legislature.maine.gov/District-14;https://legislature.maine.gov/District14;https://legislature.maine.gov/uploads/visual_edit/130th-senate-contact-information-as-of-31221.xlsx;https://legislature.maine.gov/uploads/visual_edit/131-senator-contact-information-2.xlsx;https://www.linkedin.com/in/craig-hickman-9854a641;https://www.mainesenate.org/senator/senator/craig-hickman,,,,,,,,,,,
ocd-person/49a5c100-0379-4ce8-af49-de4c4f817abc,Dani O'Halloran,Democratic,20,lower,Dani,O'Halloran,Female,dani.o'halloran@legislature.maine.gov,,,,https://assets.civicengine.com/uploads/candidate/headshot/782561/782561.jpg,https://legislature.maine.gov/house/house/MemberProfiles/Details/3112;https://www.maine.gov/housedems/node/4113,https://ballotpedia.org/Dani_O%27Halloran;https://en.wikipedia.org/wiki/Dani_L._O%27Halloran;https://legislature.maine.gov/house/house/MemberProfiles/Details/3112;https://www.linkedin.com/in/dani-o-halloran-369728a;https://www.maine.gov/housedems/node/4113,,,,,,,,,,,
ocd-person/eb5efd36-8020-46f1-a6ef-6dac6873f692,Dan Ankeles,Democratic,100,lower,Dan,Ankeles,Male,daniel.ankeles@legislature.maine.gov,,,,https://legislature.maine.gov/house/house/Repository/MemberProfiles/4ce09159-182e-48aa-93cb-0c127b0abe7c_ANKELES.jpg,https://legislature.maine.gov/house/house/MemberProfiles/Details/1495;https://legislature.maine.gov/housedems/ankeles/index.html;https://www.maine.gov/housedems/ankeles,https://ballotpedia.org/Dan_Ankeles;https://en.wikipedia.org/wiki/Daniel_Ankeles;https://legislature.maine.gov/house/house/MemberProfiles/Details/1495;https://legislature.maine.gov/house/house/MemberProfiles/ListAlpha;https://legislature.maine.gov/housedems/ankeles/index.html;https://www.linkedin.com/in/dan-ankeles-7979a33;https://www.maine.gov/housedems/ankeles,,,,,,,,,,,
ocd-person/43e6cd5d-1e16-4099-b46b-1b6883e679b6,Dan Shagoury,Democratic,55,lower,Dan,Shagoury,Male,daniel.shagoury@legislature.maine.gov,,,,https://legislature.maine.gov/house/house/Repository/MemberProfiles/b6eec5f0-d0b2-41c8-9295-fe2051a0e061_SHAGOURY.jpg,https://legislature.maine.gov/house/house/MemberProfiles/Details/1503;https://legislature.maine.gov/housedems/shagoury/index.html;https://www.maine.gov/housedems/shagoury,https://ballotpedia.org/Daniel_Shagoury;https://en.wikipedia.org/wiki/Daniel_Shagoury;https://legislature.maine.gov/house/house/MemberProfiles/Details/1503;https://legislature.maine.gov/house/house/MemberProfiles/ListAlpha;https://legislature.maine.gov/housedems/shagoury/index.html;https://www.linkedin.com/in/dan-shagoury-7379b08;https://www.maine.gov/housedems/shagoury,,,,,,,,,,,
ocd-person/f9010476-1b1e-4407-b672-b81cd0ee8ae6,Dan Sayre,Democratic,135,lower,Dan,Sayre,Male,daniel.sayre@legislature.maine.gov,,,,https://legislature.maine.gov/house/house/Repository/MemberProfiles/5eaede44-a899-42af-a114-5ea2bc5af4db_DSAYRE.jpg,https://legislature.maine.gov/house/house/MemberProfiles/Details/1479;https://legislature.maine.gov/housedems/sayre/index.html;https://www.maine.gov/housedems/sayre,https://ballotpedia.org/Daniel_Sayre;https://en.wikipedia.org/wiki/Daniel_Sayre;https://justfacts.votesmart.org/candidate/biography/203862/daniel-sayre;https://legislature.maine.gov/house/house/MemberProfiles/Details/1479;https://legislature.maine.gov/house/house/MemberProfiles/ListAlpha;https://legislature.maine.gov/housedems/sayre/index.html;https://www.linkedin.com/in/dansayre;https://www.maine.gov/housedems/sayre,,,,,,,,,,,
ocd-person/1e9dcfd4-a93c-49e3-9099-fa4a85f732d0,Dave Rollins,Democratic,59,lower,Dave,Rollins,Male,david.rollins@legislature.maine.gov,,,,https://s3.amazonaws.com/ballotpedia-api4/files/thumbs/200/300/David_Rollins.jpg,https://legislature.maine.gov/house/house/MemberProfiles/Details/3118;https://www.maine.gov/housedems/node/4089,https://ballotpedia.org/David_Rollins;https://en.wikipedia.org/wiki/David_Rollins_(politician);https://legislature.maine.gov/house/house/MemberProfiles/Details/3118;https://www.maine.gov/housedems/node/4089,,,,,,,,,,,
ocd-person/8dd63807-ac15-408c-97de-c8e9195a6a42,David Sinclair,Democratic,50,lower,David,Sinclair,Male,david.sinclair@legislature.maine.gov,,,,https://legislature.maine.gov/house/house/Repository/MemberProfiles/10a6470d-cab7-4912-8ce5-b2ed172f4f28_SinclairCropped3.JPG,https://legislature.maine.gov/house/house/MemberProfiles/Details/1508,https://ballotpedia.org/David_Sinclair;https://en.wikipedia.org/wiki/David_Sinclair_(politician);https://j.futurefacts.votesmart.io/candidate/biography/212761/david-sinclair;https://legislature.maine.gov/house/house/MemberProfiles/Details/1508;https://legislature.maine.gov/house/house/MemberProfiles/ListAlpha;https://www.linkedin.com/in/david-sinclair-5287331;https://www.sinclairlawmaine.com/sinclairlawmaine.com/Home.html,,,,,,,,,,,
ocd-person/30414bf4-13ad-4bd5-a1d9-3cf11be6464d,Woody Woodsome,Republican,139,lower,Woody,Woodsome,Male,david.woodsome@legislature.maine.gov,,,,https://legislature.maine.gov/uploads/visual_edit/woodsome-5x7-2.jpg,https://legislature.maine.gov/District-33;https://legislature.maine.gov/house/house/MemberProfiles/Details/1480;https://mainehousegop.org/members/woodsome-david/;https://mesenategop.com/your-senators/senator-david-woodsome/,https://ballotpedia.org/David_Woodsome;https://en.wikipedia.org/wiki/David_Woodsome;https://justfacts.votesmart.org/candidate/biography/155021/david-woodsome;https://legislature.maine.gov/District-33;https://legislature.maine.gov/house/house/MemberProfiles/Details/1480;https://legislature.maine.gov/uploads/visual_edit/130th-senate-contact-information-as-of-31221.xlsx;https://mainehousegop.org/members/woodsome-david;https://www.linkedin.com/in/david-woodsome-08596b26,,,,,,,,,,,
ocd-person/b3f3ab98-9169-42f8-b7d7-c04b3bdfb545,David Haggan,Republican,10,upper,David,Haggan,Male,david.haggan@legislature.maine.gov,,,,https://legislature.maine.gov/house/house/Repository/MemberProfiles/ef1b37a7-5997-414d-9ae4-6f38e8f619d8_haggdg.jpg,https://legislature.maine.gov/District10;https://legislature.maine.gov/house/house/MemberProfiles/Details/77;https://mainehousegop.org/members/haggan-david/;https://mesenategop.com/your-senators/senator-david-haggan/,https://ballotpedia.org/David_Haggan;https://en.wikipedia.org/wiki/David_Haggan;https://justfacts.votesmart.org/candidate/biography/170353/david-haggan;https://legislature.maine.gov/District10;https://legislature.maine.gov/house/house/MemberProfiles/Details/77;https://legislature.maine.gov/house/house/MemberProfiles/ListAlpha;https://mainehousegop.org/members/haggan-david;https://mesenategop.com/your-senators/senator-david-haggan,,,,,,,,,,,
ocd-person/f338ea4f-b539-450c-bca4-161c427bb81a,David Boyer,Republican,87,lower,David,Boyer,Male,david.boyer@legislature.maine.gov,,,,https://legislature.maine.gov/house/house/Repository/MemberProfiles/c6b23ace-404f-4ba8-9f4d-c551acec8ca5_DBOYER.jpg,https://legislature.maine.gov/house/house/MemberProfiles/Details/1489;https://mainehousegop.org/members/boyer-david/,https://ballotpedia.org/David_Boyer_(Maine);https://en.wikipedia.org/wiki/David_Boyer;https://legislature.maine.gov/house/house/MemberProfiles/Details/1489;https://legislature.maine.gov/house/house/MemberProfiles/ListAlpha;https://mainehousegop.org/members/boyer-david;https://www.linkedin.com/in/davidwboyer,,,,,,,,,,,
ocd-person/8bc14822-ff62-4ffe-bf42-4114bd5bd99b,Dean Cray,Republican,69,lower,Dean,Cray,Male,dean.cray@legislature.maine.gov,,1958-03-05,,https://legislature.maine.gov/house/house/Repository/MemberProfiles/898a0677-23f7-4936-a1a4-c913ae94227c_CRAY.jpg,https://legislature.maine.gov/house/house/MemberProfiles/Details/249;https://mainehousegop.org/members/cray-dean/;https://www.maine.gov/legis/house/hsebios/crayda.htm,https://ballotpedia.org/Dean_Cray;https://en.wikipedia.org/wiki/Dean_Cray;https://legislature.maine.gov/house/house/MemberProfiles/Details/249;https://legislature.maine.gov/house/house/MemberProfiles/ListAlpha;https://mainehousegop.org/members/cray-dean;https://www.linkedin.com/in/dean-cray-b4a58b33;https://www.maine.gov/legis/house/dist_mem.htm;https://www.maine.gov/legis/house/hsebios/crayda.htm,,,,,,,,,,,
ocd-person/0321d169-de06-4377-8cd5-6cdb51471393,Denise Tepler,Democratic,24,upper,Denise,Tepler,Female,denise.tepler@legislature.maine.gov,,1956-05-15,,https://legislature.maine.gov/house/house/Repository/MemberProfiles/da8c36fc-c7af-419a-b9a9-a0b4080be157_teplda[1].jpg,https://legislature.maine.gov/District24;https://legislature.maine.gov/house/house/MemberProfiles/Details/55;https://www.mainesenate.org/senator/senator/denise-tepler/,https://ballotpedia.org/Denise_Tepler;https://en.wikipedia.org/wiki/Denise_Tepler;https://legislature.maine.gov/District24;https://legislature.maine.gov/house/house/MemberProfiles/Details/55;https://legislature.maine.gov/house/house/MemberProfiles/ListAlpha;https://www.linkedin.com/in/denise-tepler-2a07716;https://www.mainesenate.org/senator/senator/denise-tepler,,,,,,,,,,,
ocd-person/3080d13f-59de-437a-b405-a2313be6ee89,Deqa Dhalac,Democratic,120,lower,Deqa,Dhalac,Female,deqa.dhalac@legislature.maine.gov,,,,https://legislature.maine.gov/house/house/Repository/MemberProfiles/57526b13-6bb7-4ccf-b3e4-136ae6208e84_DHALAC.jpg,https://legislature.maine.gov/house/house/MemberProfiles/Details/1476;https://legislature.maine.gov/housedems/dhalac/index.html,https://ballotpedia.org/Deqa_Dhalac;https://en.wikipedia.org/wiki/Deqa_Dhalac;https://legislature.maine.gov/house/house/MemberProfiles/Details/1476;https://legislature.maine.gov/house/house/MemberProfiles/ListAlpha;https://legislature.maine.gov/housedems/dhalac/index.html;https://www.linkedin.com/in/ddhalac,,,,,,,,,,,
ocd-person/1b986e08-1270-49ba-b6d0-941a950d3008,Donald Ardell,Republican,6,lower,Donald,Ardell,Male,donald.ardell@legislature.maine.gov,,,,https://legislature.maine.gov/house/house/Repository/MemberProfiles/3bf42df4-0f16-418b-ad61-621fd8c4c1e0_ARDELL.jpg,https://legislature.maine.gov/house/house/MemberProfiles/Details/1457;https://mainehousegop.org/members/ardell-donald/,https://ballotpedia.org/Donald_Ardell;https://en.wikipedia.org/wiki/Donald_Ardell;https://legislature.maine.gov/house/house/MemberProfiles/Details/1457;https://legislature.maine.gov/house/house/MemberProfiles/ListAlpha;https://mainehousegop.org/members/ardell-donald,,,,,,,,,,,
ocd-person/d071215f-4839-4c4c-ab4d-f3c7179004a6,Donna Bailey,Democratic,31,upper,Donna,Bailey,Female,donna.bailey@legislature.maine.gov,,,,https://legislature.maine.gov/uploads/visual_edit/bailey-donna-6.jpg,https://legislature.maine.gov/District-31;https://legislature.maine.gov/District31;https://legislature.maine.gov/district31;https://www.mainesenate.org/senator/senator/donna-bailey/,https://ballotpedia.org/Donna_Bailey_(Maine);https://en.wikipedia.org/wiki/Donna_Bailey;https://justfacts.votesmart.org/candidate/biography/170078/donna-bailey;https://legislature.maine.gov/District-31;https://legislature.maine.gov/district31;https://legislature.maine.gov/District31;https://legislature.maine.gov/uploads/visual_edit/130th-senate-contact-information-as-of-31221.xlsx;https://legislature.maine.gov/uploads/visual_edit/131-senator-contact-information-2.xlsx;https://www.linkedin.com/in/donna-bailey-63349b61,,,,,,,,,,,
ocd-person/81123167-ba38-419a-92e5-fe0102d6a553,Drew Gattine,Democratic,126,lower,Drew,Gattine,Male,andrew.gattine@legislature.maine.gov,,1962-11-30,,https://legislature.maine.gov/house/house/Repository/MemberProfiles/a5278ffe-f50e-4998-83fb-cad702fc9659_gattam.jpg,https://legislature.maine.gov/house/house/MemberProfiles/Details/68;https://www.maine.gov/legis/house/hsebios/gattam.htm,https://ballotpedia.org/Andrew_Gattine;https://en.wikipedia.org/wiki/Drew_Gattine;https://justfacts.votesmart.org/candidate/biography/137364/drew-gattine;https://legislature.maine.gov/house/house/MemberProfiles/Details/68;https://legislature.maine.gov/house/house/MemberProfiles/ListAlpha;https://www.linkedin.com/in/drew-gattine-a6950066;https://www.maine.gov/legis/house/hsebios/gattam.htm,,,,,,,,,,,
ocd-person/03370150-e682-4bce-9989-4a8b73f10042,Dylan Pugh,Democratic,114,lower,Dylan,Pugh,Male,dylan.pugh@legislature.maine.gov,,,,https://s3.amazonaws.com/ballotpedia-api4/files/thumbs/200/300/Dylan_Pugh_20240820_054928.png,https://legislature.maine.gov/house/house/MemberProfiles/Details/3136;https://www.maine.gov/housedems/node/4117,https://ballotpedia.org/Dylan_Pugh;https://en.wikipedia.org/wiki/Dylan_Pugh;https://legislature.maine.gov/house/house/MemberProfiles/Details/3136;https://www.linkedin.com/in/dylan-p-36930698;https://www.linkedin.com/in/dylan-pugh-me;https://www.maine.gov/housedems/node/4117,,,,,,,,,,,
ocd-person/65c05666-3d38-4098-b2fc-6a519f21f71f,Ellie Sato,Democratic,109,lower,Ellie,Sato,Female,eleanor.sato@legislature.maine.gov,,,,https://images.squarespace-cdn.com/content/v1/65cccc6e88ea086805c14520/d05b9ffc-92b9-4cd2-af99-e26fe90c96c6/Ellie+Sato+2024+Profile.jpg,https://legislature.maine.gov/house/house/MemberProfiles/Details/3134;https://www.maine.gov/housedems/node/4097,https://ballotpedia.org/Eleanor_Sato;https://en.wikipedia.org/wiki/Eleanor_Sato;https://legislature.maine.gov/house/house/MemberProfiles/Details/3134;https://www.maine.gov/housedems/node/4097,,,,,,,,,,,
ocd-person/1e34b996-ad95-4a32-866c-dd65ee82e3f4,Flavia DeBrito,Democratic,64,lower,Flavia,DeBrito,Female,flavia.debrito@legislature.maine.gov,,1983-07-15,,https://s3.amazonaws.com/ballotpedia-api4/files/thumbs/200/300/FlaviaDeBrito20245.jpeg,https://legislature.maine.gov/house/house/MemberProfiles/Details/3121;https://www.maine.gov/housedems/node/4099,https://ballotpedia.org/Flavia_DeBrito;https://en.wikipedia.org/wiki/Flavia_DeBrito;https://justfacts.votesmart.org/candidate/biography/215958/flavia-debrito;https://legislature.maine.gov/house/house/MemberProfiles/Details/3121;https://legislature.maine.gov/house/MemberProfiles/Details/3121;https://themainemonitor.org/maine-state-house-district-64;https://www.linkedin.com/in/flavia-debrito-91634454;https://www.maine.gov/housedems/node/4099;https://www.waterville-me.gov/307/Representative-Flavia-M-DeBrito-District,,,,,,,,,,,
ocd-person/7893adc7-d4fb-42e4-bae0-1258ce673096,Gary Drinkwater,Republican,27,lower,Gary,Drinkwater,Male,gary.drinkwater@legislature.maine.gov,,,,https://legislature.maine.gov/house/house/Repository/MemberProfiles/3b421f7d-d986-4022-886f-90d3f5e19f79_drinkwater.jpg,https://legislature.maine.gov/house/house/MemberProfiles/Details/1376;https://mainehousegop.org/members/drinkwater-gary/,https://ballotpedia.org/Gary_Drinkwater;https://en.wikipedia.org/wiki/Gary_Drinkwater;https://legislature.maine.gov/house/house/MemberProfiles/Details/1376;https://legislature.maine.gov/house/house/MemberProfiles/ListAlpha;https://mainehousegop.org/members/drinkwater-gary,,,,,,,,,,,
ocd-person/55262df3-ff33-4e9e-a504-912ac2558ede,Gary Friedmann,Democratic,14,lower,Gary,Friedmann,Male,gary.friedmann@legislature.maine.gov,,,,https://www.electgaryfriedmann.com/wp-content/uploads/2024/10/Gary-Headshot-683x1024.jpg,https://legislature.maine.gov/house/house/MemberProfiles/Details/3109;https://www.maine.gov/housedems/node/4085,https://ballotpedia.org/Gary_Friedmann;https://en.wikipedia.org/wiki/Gary_Friedmann;https://legislature.maine.gov/house/house/MemberProfiles/Details/3109;https://www.linkedin.com/in/gary-friedmann-66361831;https://www.maine.gov/housedems/node/4085,,,,,,,,,,,
ocd-person/6d397c09-c2d3-41ff-b33a-c42efae4f187,Chip Curry,Democratic,11,upper,Chip,Curry,Male,chip.curry@legislature.maine.gov,,,,https://legislature.maine.gov/uploads/visual_edit/chipcurry-web-1024x683.jpg,https://legislature.maine.gov/District-11;https://legislature.maine.gov/District11;https://legislature.maine.gov/district11;https://www.mainesenate.org/senator/senator/chip-curry/;https://www.mainesenate.org/senator/senator/erin-herbig/,https://ballotpedia.org/Glenn_Curry;https://en.wikipedia.org/wiki/Chip_Curry;https://justfacts.votesmart.org/candidate/biography/137202/chip-curry;https://legislature.maine.gov/District-11;https://legislature.maine.gov/district11;https://legislature.maine.gov/District11;https://legislature.maine.gov/uploads/visual_edit/130th-senate-contact-information-as-of-31221.xlsx;https://legislature.maine.gov/uploads/visual_edit/131-senator-contact-information-2.xlsx;https://www.linkedin.com/in/chipcurry;https://www.mainesenate.org/senator/senator/chip-curry,,,,,,,,,,,
ocd-person/f6eea224-7845-41b1-8e05-030ef3d8d886,Grayson Lookner,Democratic,113,lower,Grayson,Lookner,Male,grayson.lookner@legislature.maine.gov,,,,https://legislature.maine.gov/house/house/Repository/MemberProfiles/bce0954f-21de-45f6-a3a2-2b5485271493_LooknerNEW.jpg,https://legislature.maine.gov/house/house/MemberProfiles/Details/1416;https://legislature.maine.gov/housedems/looknerg/index.html;https://www.maine.gov/housedems/looknerg,https://ballotpedia.org/Grayson_Lookner;https://en.wikipedia.org/wiki/Grayson_Lookner;https://legislature.maine.gov/house/house/MemberProfiles/Details/1416;https://legislature.maine.gov/house/house/MemberProfiles/ListAlpha;https://legislature.maine.gov/housedems/looknerg/index.html;https://www.maine.gov/housedems/looknerg,,,,,,,,,,,
ocd-person/90989c27-4cd8-409e-8325-9bd50dac9cf4,Gregg Swallow,Republican,7,lower,Gregg,Swallow,Male,gregory.swallow@legislature.maine.gov,,,,https://legislature.maine.gov/house/house/Repository/MemberProfiles/e42361cf-f827-42a9-85de-64b34fc21ab3_swallow.jpg,https://legislature.maine.gov/house/house/MemberProfiles/Details/1381;https://mainehousegop.org/members/swallow-gregory/,https://ballotpedia.org/Gregory_Swallow;https://en.wikipedia.org/wiki/Gregory_Swallow;https://legislature.maine.gov/house/house/MemberProfiles/Details/1381;https://legislature.maine.gov/house/house/MemberProfiles/ListAlpha;https://mainehousegop.org/members/swallow-gregory,,,,,,,,,,,
ocd-person/bd417e77-81d9-4e60-8b2a-b940da10bc37,Trey Stewart,Republican,2,upper,Trey,Stewart,Male,trey.stewart@legislature.maine.gov,,1994-02-07,,https://legislature.maine.gov/uploads/visual_edit/stewart-harold-trey-1.jpg,https://legislature.maine.gov/District-2;https://legislature.maine.gov/District2;https://legislature.maine.gov/district2;https://mesenategop.com/senator-trey-stewart/;https://mesenategop.com/your-senators/senator-trey-stewart/,https://ballotpedia.org/Harold_Stewart;https://en.wikipedia.org/wiki/Trey_Stewart;https://justfacts.votesmart.org/candidate/biography/170489/trey-stewart-iii;https://legislature.maine.gov/District-2;https://legislature.maine.gov/district2;https://legislature.maine.gov/District2;https://legislature.maine.gov/uploads/visual_edit/130th-senate-contact-information-as-of-31221.xlsx;https://legislature.maine.gov/uploads/visual_edit/131-senator-contact-information-2.xlsx;https://mesenategop.com/your-senators/senator-trey-stewart;https://www.linkedin.com/in/trey-stewart-47b776147,,,,,,,,,,,
ocd-person/050d357e-3b22-4647-942f-56c9d8755194,Henry Ingwersen,Democratic,32,upper,Henry,Ingwersen,Male,henry.ingwersen@legislature.maine.gov,,1951-01-04,,https://legislature.maine.gov/uploads/visual_edit/ingwersen-1024x1024.jpg,https://legislature.maine.gov/District32;https://legislature.maine.gov/district32;https://www.mainesenate.org/senator/senator/henry-ingwersen/,https://ballotpedia.org/Henry_Ingwersen;https://en.wikipedia.org/wiki/Henry_Ingwersen;https://justfacts.votesmart.org/candidate/biography/181160/henry-ingwersen;https://legislature.maine.gov/district32;https://legislature.maine.gov/District32;https://legislature.maine.gov/uploads/visual_edit/131-senator-contact-information-2.xlsx;https://www.linkedin.com/in/henry-ingwersen-32790761;https://www.mainesenate.org/senator/senator/henry-ingwersen,,,,,,,,,,,
ocd-person/468ba602-86c5-4293-85b2-45e87313c1c3,Holly Stover,Democratic,48,lower,Holly,Stover,Female,holly.stover@legislature.maine.gov,,,,https://legislature.maine.gov/house/house/Repository/MemberProfiles/fc29e232-5948-4268-8919-22a92f6ab7ab_stover.jpg,https://legislature.maine.gov/house/house/MemberProfiles/Details/1363,https://ballotpedia.org/Holly_Stover;https://legislature.maine.gov/house/house/MemberProfiles/Details/1363;https://legislature.maine.gov/house/house/MemberProfiles/ListAlpha;https://www.linkedin.com/in/stover-holly-2714854b,,,,,,,,,,,
ocd-person/cd08563e-987c-4c06-9487-4a22015e18a9,Holly Eaton,Democratic,15,lower,Holly,Eaton,Female,holly.eaton@legislature.maine.gov,,,,https://legislature.maine.gov/house/house/Repository/MemberProfiles/56d51271-b0dc-43ea-8f70-423d544537d5_EATON.jpg,https://legislature.maine.gov/house/house/MemberProfiles/Details/1461;https://legislature.maine.gov/housedems/eaton/index.html;https://www.maine.gov/housedems/eaton,https://ballotpedia.org/Holly_Eaton;https://en.wikipedia.org/wiki/Holly_Eaton;https://legislature.maine.gov/house/house/MemberProfiles/Details/1461;https://legislature.maine.gov/house/house/MemberProfiles/ListAlpha;https://legislature.maine.gov/housedems/eaton/index.html;https://www.linkedin.com/in/holly-eaton-ab6396a6;https://www.maine.gov/housedems/eaton,,,,,,,,,,,
ocd-person/82f5c446-4f81-4c54-98ae-7b302003d39d,Holly Sargent,Democratic,147,lower,Holly,Sargent,Female,holly.sargent@legislature.maine.gov,,,,https://legislature.maine.gov/house/house/Repository/MemberProfiles/191052f1-463d-4a44-bfdc-ecde7bb45ec0_SARGENT.jpg,https://legislature.maine.gov/house/house/MemberProfiles/Details/1471;https://legislature.maine.gov/housedems/sargent/index.html;https://www.maine.gov/housedems/sargent,https://ballotpedia.org/Holly_Sargent;https://en.wikipedia.org/wiki/Holly_Sargent;https://justfacts.votesmart.org/candidate/biography/203877/holly-sargent;https://legislature.maine.gov/house/house/MemberProfiles/Details/1471;https://legislature.maine.gov/house/house/MemberProfiles/ListAlpha;https://legislature.maine.gov/housedems/sargent/index.html;https://www.congressweb.com/aam/legislators/info/mbr_id/3580;https://www.linkedin.com/in/holly-sargent-33bb8a12;https://www.maine.gov/housedems/sargent,,,,,,,,,,,
ocd-person/e603c478-27c7-4f68-ba31-4ef3732ab916,Irene Gifford,Republican,28,lower,Irene,Gifford,Female,irene.gifford@legislature.maine.gov,,,,https://legislature.maine.gov/house/house/Repository/MemberProfiles/af5019e3-ac57-47c4-bc0e-b9eb39973a6f_GIFFORD.jpg,https://legislature.maine.gov/house/house/MemberProfiles/Details/1465;https://mainehousegop.org/members/gifford-irene/,https://ballotpedia.org/Irene_Gifford;https://en.wikipedia.org/wiki/Irene_Gifford;https://legislature.maine.gov/house/house/MemberProfiles/Details/1465;https://legislature.maine.gov/house/house/MemberProfiles/ListAlpha;https://mainehousegop.org/members/gifford-irene,,,,,,,,,,,
ocd-person/e4f0e3da-2e65-4986-96ad-1ef21f9da73d,Jim Thorne,Republican,35,lower,Jim,Thorne,Male,jim.thorne@legislature.maine.gov,,,,https://legislature.maine.gov/house/house/Repository/MemberProfiles/92dc9462-f2b9-4767-8dec-39b147b90d53_ThorneNEWNEW.jpg,https://legislature.maine.gov/house/house/MemberProfiles/Details/1431;https://mainehousegop.org/members/thorne-james/,https://ballotpedia.org/James_Thorne_(Maine);https://legislature.maine.gov/house/house/MemberProfiles/Details/1431;https://legislature.maine.gov/house/house/MemberProfiles/ListAlpha;https://mainehousegop.org/members/thorne-james;https://www.linkedin.com/in/jim-thorne-a439a375,,,,,,,,,,,
ocd-person/a3281b8a-e758-4804-a964-e8db96d043a8,Jim Dill,Democratic,26,lower,Jim,Dill,Male,james.dill@legislature.maine.gov,,,,https://legislature.maine.gov/uploads/visual_edit/dill-5x7.jpg,https://legislature.maine.gov/District-5;https://legislature.maine.gov/house/house/MemberProfiles/Details/253;https://www.mainesenate.org/senator/senator/jim-dill/,https://ballotpedia.org/James_Dill_(Maine);https://en.wikipedia.org/wiki/Jim_Dill;https://justfacts.votesmart.org/candidate/biography/120946/jim-dill;https://legislature.maine.gov/District-5;https://legislature.maine.gov/house/house/MemberProfiles/Details/253;https://legislature.maine.gov/uploads/visual_edit/130th-senate-contact-information-as-of-31221.xlsx;https://www.linkedin.com/in/jim-dill-25b72965,,,,,,,,,,,
ocd-person/54f9af68-0a59-4cd7-a448-40725e8781ab,Jim White,Republican,30,lower,Jim,White,Male,james.white@legislature.maine.gov,,,,https://legislature.maine.gov/house/house/Repository/MemberProfiles/4f4a6b7f-2c72-4910-848e-2f14ebf20832_WHITEJ.jpg,https://legislature.maine.gov/house/house/MemberProfiles/Details/1466;https://mainehousegop.org/members/white-james/,https://ballotpedia.org/James_White_(Maine);https://en.wikipedia.org/wiki/James_Lee_White;https://legislature.maine.gov/house/house/MemberProfiles/Details/1466;https://legislature.maine.gov/house/house/MemberProfiles/ListAlpha;https://mainehousegop.org/members/white-james,,,,,,,,,,,
ocd-person/32c9dbd7-beb7-481e-b0f4-22f3eaa00e50,Jim Libby,Republican,22,upper,Jim,Libby,Male,james.libby@legislature.maine.gov,,1960-11-14,,https://legislature.maine.gov/uploads/visual_edit/libby-1.jpg,https://legislature.maine.gov/District22;https://legislature.maine.gov/district22;https://mesenategop.com/your-senators/senator-james-libby/,https://ballotpedia.org/James_Libby_(Maine);https://en.wikipedia.org/wiki/James_Libby;https://justfacts.votesmart.org/candidate/biography/6666/james-libby;https://legislature.maine.gov/district22;https://legislature.maine.gov/District22;https://legislature.maine.gov/uploads/visual_edit/131-senator-contact-information-2.xlsx;https://mesenategop.com/your-senators/senator-james-libby;https://www.linkedin.com/in/james-libby-a56297b;https://www.thomas.edu/people/james-libby-ph-d,,,,,,,,,,,
ocd-person/b7b97724-7abc-44fb-bace-d3606d3fadb2,Jan Dodge,Democratic,39,lower,Jan,Dodge,Female,jan.dodge@legislature.maine.gov,,,,https://legislature.maine.gov/house/house/Repository/MemberProfiles/3966d66f-a9d5-4de6-963e-cbe39eacecb3_JDODGE.jpg,https://legislature.maine.gov/house/house/MemberProfiles/Details/1366,https://ballotpedia.org/Janice_Dodge;https://en.wikipedia.org/wiki/Janice_Dodge;https://legislature.maine.gov/house/house/MemberProfiles/Details/1366;https://legislature.maine.gov/house/house/MemberProfiles/ListAlpha;https://www.linkedin.com/in/jan-dodge-52106b67,,,,,,,,,,,
ocd-person/3ef077c6-482d-4dc2-92ef-69ac2a09bf06,Jeff Timberlake,Republican,17,upper,Jeff,Timberlake,Male,jeffrey.timberlake@legislature.maine.gov,,,,https://legislature.maine.gov/uploads/visual_edit/timberlake-jeff-3.jpg,https://legislature.maine.gov/District-22;https://legislature.maine.gov/District17;https://legislature.maine.gov/district17;https://mesenategop.com/your-senators/senator-jeff-timberlake/,https://ballotpedia.org/Jeffrey_Timberlake;https://en.wikipedia.org/wiki/Jeffrey_Timberlake;https://justfacts.votesmart.org/candidate/biography/121048/jeff-timberlake;https://legislature.maine.gov/District-22;https://legislature.maine.gov/district17;https://legislature.maine.gov/District17;https://legislature.maine.gov/uploads/visual_edit/130th-senate-contact-information-as-of-31221.xlsx;https://legislature.maine.gov/uploads/visual_edit/131-senator-contact-information-2.xlsx;https://mesenategop.com/your-senators/senator-jeff-timberlake;https://www.linkedin.com/in/jeffrey-timberlake-65309040,,,,,,,,,,,
ocd-person/2288cf22-64f4-4f1f-b5e3-b1ada5c72914,Jeff Adams,Republican,144,lower,Jeff,Adams,Male,jeffrey.adams@legislature.maine.gov,,,,https://legislature.maine.gov/house/house/Repository/MemberProfiles/19be31f4-e0c7-4466-bcc7-ba2191307f59_ADAMS.jpg,https://legislature.maine.gov/house/house/MemberProfiles/Details/1469;https://mainehousegop.org/members/adams-jeffrey/,https://ballotpedia.org/Jeffrey_Adams;https://en.wikipedia.org/wiki/Jeffrey_S._Adams;https://justfacts.votesmart.org/candidate/biography/203870/jeffrey-adams;https://legislature.maine.gov/house/house/MemberProfiles/Details/1469;https://legislature.maine.gov/house/house/MemberProfiles/ListAlpha;https://mainehousegop.org/members/adams-jeffrey,,,,,,,,,,,
ocd-person/b873e7d2-9103-47e9-8c25-df94056f728d,Jennifer Poirier,Republican,70,lower,Jennifer,Poirier,Female,jennifer.poirier@legislature.maine.gov,,,,https://legislature.maine.gov/house/house/Repository/MemberProfiles/8e43d53c-3390-4bb4-9adb-b5a728cb3263_Poirier.jpg,https://legislature.maine.gov/house/house/MemberProfiles/Details/1433;https://mainehousegop.org/members/poirier-jennifer/,https://ballotpedia.org/Jennifer_Poirier;https://en.wikipedia.org/wiki/Jennifer_Poirier;https://justfacts.votesmart.org/candidate/biography/192607/jennifer-poirier;https://legislature.maine.gov/house/house/MemberProfiles/Details/1433;https://legislature.maine.gov/house/house/MemberProfiles/ListAlpha;https://mainehousegop.org/members/poirier-jennifer;https://www.linkedin.com/in/jennifer-poirier-a5ab73159,,,,,,,,,,,
ocd-person/c2268745-e66c-42d5-93bf-3b52819006e9,Jill Duson,Democratic,27,upper,Jill,Duson,Female,jill.duson@legislature.maine.gov,,,,https://legislature.maine.gov/uploads/visual_edit/duson-3.jpg,https://legislature.maine.gov/District27;https://legislature.maine.gov/district27;https://www.mainesenate.org/senator/senator/senator-jill-duson/,https://ballotpedia.org/Jill_Duson;https://en.wikipedia.org/wiki/Jill_Duson;https://legislature.maine.gov/district27;https://legislature.maine.gov/District27;https://legislature.maine.gov/uploads/visual_edit/131-senator-contact-information-2.xlsx;https://www.linkedin.com/in/jill-duson-abb68730;https://www.mainesenate.org/senator/senator/senator-jill-duson,,,,,,,,,,,
ocd-person/8f4aa04f-f106-456f-a09f-e901c78939b6,Joe Martin,Republican,19,upper,Joe,Martin,Male,joseph.martin@legislature.maine.gov,,,,https://s3.amazonaws.com/ballotpedia-api4/files/thumbs/200/300/JoeMartin2024.jpg,https://legislature.maine.gov/District19,https://ballotpedia.org/Joseph_Martin_(Maine);https://en.wikipedia.org/wiki/Joseph_Martin_(Maine_politician);https://legislature.maine.gov/District19,,,,,,,,,,,
ocd-person/d72eadfd-23ee-4ecb-9853-e139ea82aec3,Jack Ducharme,Republican,71,lower,Jack,Ducharme,Male,jack.ducharme@legislature.maine.gov,,,,https://legislature.maine.gov/house/house/Repository/MemberProfiles/c1e35f04-f37a-4b52-b892-dc74d53b510c_DucharmeNEW.jpg,https://legislature.maine.gov/house/house/MemberProfiles/Details/1434;https://mainehousegop.org/members/ducharme-jack/,https://ballotpedia.org/John_Ducharme;https://en.wikipedia.org/wiki/John_Ducharme;https://legislature.maine.gov/house/house/MemberProfiles/Details/1434;https://legislature.maine.gov/house/house/MemberProfiles/ListAlpha;https://mainehousegop.org/members/ducharme-jack;https://www.linkedin.com/in/jackducharme,,,,,,,,,,,
ocd-person/9a9e7eab-5a12-452d-8d3b-57aa2dfa34b4,John Eder,Republican,136,lower,John,Eder,Male,john.eder@legislature.maine.gov,,1969-01-18,,https://assets.civicengine.com/uploads/candidate/headshot/160344/160344.jpg,https://legislature.maine.gov/house/house/MemberProfiles/Details/490;https://mainehousegop.org/members/eder-john/,https://ballotpedia.org/John_Eder;https://en.wikipedia.org/wiki/John_Eder;https://legislature.maine.gov/house/house/MemberProfiles/Details/490;https://mainehousegop.org/members/eder-john,,,,,,,,,,,
ocd-person/34231d57-22e2-4f2f-be41-d2734fa6211f,Joe Baldacci,Democratic,9,upper,Joe,Baldacci,Male,joe.baldacci@legislature.maine.gov,,1965-02-21,,https://legislature.maine.gov/uploads/visual_edit/baldacci-1024x683.jpg,https://legislature.maine.gov/District-9;https://legislature.maine.gov/District9;https://legislature.maine.gov/district9;https://www.mainesenate.org/senator/senator/joe-baldacci/,https://ballotpedia.org/Joe_Baldacci;https://ballotpedia.org/Joseph_Baldacci;https://en.wikipedia.org/wiki/Joe_Baldacci;https://justfacts.votesmart.org/candidate/biography/22174/joseph-baldacci;https://legislature.maine.gov/District-9;https://legislature.maine.gov/district9;https://legislature.maine.gov/District9;https://legislature.maine.gov/uploads/visual_edit/130th-senate-contact-information-as-of-31221.xlsx;https://legislature.maine.gov/uploads/visual_edit/131-senator-contact-information-2.xlsx;https://www.linkedin.com/in/joseph-baldacci-50b08813;https://www.mainesenate.org/senator/senator/joe-baldacci,,,,,,,,,,,
ocd-person/b6102f7e-216a-4632-901c-25b2b446f080,Joseph Underwood,Republican,5,lower,Joseph,Underwood,Male,joseph.underwood@legislature.maine.gov,,,,https://legislature.maine.gov/house/house/Repository/MemberProfiles/5f2f5dbd-c70a-49a9-87bd-de2f2a42cfc5_UnderwoodNEW.jpg,https://legislature.maine.gov/house/house/MemberProfiles/Details/1444;https://mainehousegop.org/members/underwood-joseph/,https://ballotpedia.org/Joseph_Underwood;https://en.wikipedia.org/wiki/Joseph_F._Underwood;https://legislature.maine.gov/house/house/MemberProfiles/Details/1444;https://legislature.maine.gov/house/house/MemberProfiles/ListAlpha;https://mainehousegop.org/members/underwood-joseph;https://www.linkedin.com/in/joseph-underwood-6950574,,,,,,,,,,,
ocd-person/8c2c2996-5a72-4c9a-a0d9-958099f3a304,Joe Rafferty,Democratic,34,upper,Joe,Rafferty,Male,joe.rafferty@legislature.maine.gov,,,,https://legislature.maine.gov/uploads/visual_edit/rafferty-1.jpg,https://legislature.maine.gov/District-34;https://legislature.maine.gov/District34;https://legislature.maine.gov/district34;https://www.mainesenate.org/senator/senator/joe-rafferty/,https://ballotpedia.org/Joseph_Rafferty_Jr.;https://en.wikipedia.org/wiki/Joe_Rafferty_(Maine_politician);https://legislature.maine.gov/District-34;https://legislature.maine.gov/district34;https://legislature.maine.gov/District34;https://legislature.maine.gov/uploads/visual_edit/130th-senate-contact-information-as-of-31221.xlsx;https://legislature.maine.gov/uploads/visual_edit/131-senator-contact-information-2.xlsx;https://www.linkedin.com/in/joe-rafferty-4894b761,,,,,,,,,,,
ocd-person/64a07a85-a469-4c9d-9b7c-bf4de46ade74,Josh Morris,Republican,91,lower,Josh,Morris,Male,joshua.morris@legislature.maine.gov,,,,https://legislature.maine.gov/house/house/Repository/MemberProfiles/78e82de0-6a49-4118-9325-db07c8e934df_morris.jpg,https://legislature.maine.gov/house/house/MemberProfiles/Details/1359;https://mainehousegop.org/members/morris-joshua/,https://ballotpedia.org/Joshua_Morris_(Maine);https://en.wikipedia.org/wiki/Joshua_Morris;https://justfacts.votesmart.org/candidate/biography/103555/joshua-morris;https://legislature.maine.gov/house/house/MemberProfiles/Details/1359;https://legislature.maine.gov/house/house/MemberProfiles/ListAlpha;https://mainehousegop.org/members/morris-joshua;https://www.linkedin.com/in/josh-morris-72995819,,,,,,,,,,,
ocd-person/ec1a81b6-7c7f-4bac-99d4-ab0677e865d1,Julie McCabe,Democratic,93,lower,Julie,McCabe,Female,julia.mccabe@legislature.maine.gov,,,,https://mccabe.mainecandidate.com/images/2186.jpg,https://legislature.maine.gov/house/house/MemberProfiles/Details/3130;https://www.maine.gov/housedems/node/4109,https://ballotpedia.org/Julia_McCabe;https://en.wikipedia.org/wiki/Julia_McCabe;https://legislature.maine.gov/house/house/MemberProfiles/Details/3130;https://www.linkedin.com/in/julie-mccabe-5385092b8;https://www.maine.gov/housedems/node/4109,,,,,,,,,,,
ocd-person/80900bc0-7e26-4195-a0af-ec56b9f34fe0,Karen Montell,Democratic,54,lower,Karen,Montell,Female,karen.montell@legislature.maine.gov,,,,https://legislature.maine.gov/house/house/Repository/MemberProfiles/509661e8-e573-4bef-b8ed-47c5c0a586a4_MONTELL.jpg,https://legislature.maine.gov/house/house/MemberProfiles/Details/1502;https://legislature.maine.gov/housedems/montell/index.html,https://ballotpedia.org/Karen_Montell;https://en.wikipedia.org/wiki/Karen_Montell;https://legislature.maine.gov/house/house/MemberProfiles/Details/1502;https://legislature.maine.gov/house/house/MemberProfiles/ListAlpha;https://legislature.maine.gov/housedems/montell/index.html,,,,,,,,,,,
ocd-person/b07e421b-8c1f-473d-aa7a-10d71e8a443b,Katrina Smith,Republican,62,lower,Katrina,Smith,Female,katrina.smith@legislature.maine.gov,,,,https://legislature.maine.gov/house/house/Repository/MemberProfiles/5d2a8b6b-bea9-4f98-ad05-6d20c8f83aa6_KSMITH.jpg,https://legislature.maine.gov/house/house/MemberProfiles/Details/1505;https://mainehousegop.org/members/smith-katrina/,https://ballotpedia.org/Katrina_Smith;https://en.wikipedia.org/wiki/Katrina_Smith;https://legislature.maine.gov/house/house/MemberProfiles/Details/1505;https://legislature.maine.gov/house/house/MemberProfiles/ListAlpha;https://mainehousegop.org/members/smith-katrina;https://www.linkedin.com/in/katrina-smith-14215914b,,,,,,,,,,,
ocd-person/8abb4c0b-ed96-442e-8483-93a05845dcc5,Kelly Murphy,Democratic,125,lower,Kelly,Murphy,Female,kelly.murphy@legislature.maine.gov,,,,https://legislature.maine.gov/house/house/Repository/MemberProfiles/17a7b5d3-e413-418b-bad4-831e543f1099_MURPHY.jpg,https://legislature.maine.gov/house/house/MemberProfiles/Details/1477;https://legislature.maine.gov/housedems/murphy/index.html;https://www.maine.gov/housedems/murphy,https://ballotpedia.org/Kelly_Noonan_Murphy;https://en.wikipedia.org/wiki/Kelly_Noonan_Murphy;https://legislature.maine.gov/house/house/MemberProfiles/Details/1477;https://legislature.maine.gov/house/house/MemberProfiles/ListAlpha;https://legislature.maine.gov/housedems/murphy/index.html;https://www.maine.gov/housedems/murphy,,,,,,,,,,,
ocd-person/1c52b583-18c3-4e12-ae7a-2b07d589f753,Ken Fredette,Republican,33,lower,Ken,Fredette,Male,kenneth.fredette@legislature.maine.gov,,1964-03-03,,,https://legislature.maine.gov/house/house/MemberProfiles/Details/65;https://mainehousegop.org/members/fredette-kenneth/,https://ballotpedia.org/Kenneth_Fredette;https://en.wikipedia.org/wiki/Kenneth_Fredette;https://legislature.maine.gov/house/house/MemberProfiles/Details/65;https://mainehousegop.org/members/fredette-kenneth;https://www.linkedin.com/in/kenneth-fredette-999b0b209,,,,,,,,,,,
ocd-person/f905d6bf-dd0b-4637-94ba-381e14083f6e,Kilton Webb,Democratic,98,lower,Kilton,Webb,Male,kilton.webb@legislature.maine.gov,,,,https://assets.civicengine.com/uploads/candidate/headshot/813534/813534.jpg,https://legislature.maine.gov/house/house/MemberProfiles/Details/3131;https://www.maine.gov/housedems/node/4119,https://ballotpedia.org/Kilton_Webb;https://en.wikipedia.org/wiki/Kilton_Webb;https://justfacts.votesmart.org/candidate/biography/216012/kilton-webb;https://legislature.maine.gov/house/house/MemberProfiles/Details/3131;https://www.linkedin.com/in/kilton-webb-b5620543;https://www.maine.gov/housedems/node/4119,,,,,,,,,,,
ocd-person/59048d8e-de6a-4f84-aa27-0ae867742214,Kim Haggan,Republican,36,lower,Kim,Haggan,Female,kimberly.haggan@legislature.maine.gov,,,,,https://legislature.maine.gov/house/house/MemberProfiles/Details/3113;https://mainehousegop.org/members/haggan-kimberly/,https://ballotpedia.org/Kimberly_Haggan;https://en.wikipedia.org/wiki/Kimberly_Haggan;https://legislature.maine.gov/house/house/MemberProfiles/Details/3113;https://mainehousegop.org/members/haggan-kimberly,,,,,,,,,,,
ocd-person/410a9d92-cdb2-4927-b589-72e32d525883,Kim Pomerleau,Republican,85,lower,Kim,Pomerleau,Female,kimberly.pomerleau@legislature.maine.gov,,,,https://legislature.maine.gov/house/house/Repository/MemberProfiles/be0d0db4-52a9-40c7-8300-6cbb2e7e652d_POMERLEAU.jpg,https://legislature.maine.gov/house/house/MemberProfiles/Details/1488;https://mainehousegop.org/members/pomerleau-kimberly/,https://ballotpedia.org/Kimberly_Pomerleau;https://en.wikipedia.org/wiki/Kimberly_Pomerleau;https://legislature.maine.gov/house/house/MemberProfiles/Details/1488;https://legislature.maine.gov/house/house/MemberProfiles/ListAlpha;https://mainehousegop.org/members/pomerleau-kimberly,,,,,,,,,,,
ocd-person/375e5fda-9367-4ce3-a209-1c772c32219f,Kristi Mathieson,Democratic,151,lower,Kristi,Mathieson,Female,kristi.mathieson@legislature.maine.gov,,,,https://legislature.maine.gov/house/house/Repository/MemberProfiles/61a4ca7c-418f-4f26-a7eb-e355ea89333e_Mathieson.jpg,https://legislature.maine.gov/house/house/MemberProfiles/Details/1406;https://legislature.maine.gov/housedems/mathiesonk/index.html;https://www.maine.gov/housedems/mathiesonk,https://ballotpedia.org/Kristi_Mathieson;https://en.wikipedia.org/wiki/Kristi_Mathieson;https://justfacts.votesmart.org/candidate/192706/kristi-mathieson;https://legislature.maine.gov/house/house/MemberProfiles/Details/1406;https://legislature.maine.gov/house/house/MemberProfiles/ListAlpha;https://legislature.maine.gov/housedems/mathiesonk/index.html;https://www.linkedin.com/in/kristi-mathieson-1a926830;https://www.maine.gov/housedems/mathiesonk,,,,,,,,,,,
ocd-person/a65cc42d-ae91-4f47-8269-4673f106682f,Laura Supica,Democratic,22,lower,Laura,Supica,Female,laura.supica@legislature.maine.gov,,,,https://legislature.maine.gov/house/house/Repository/MemberProfiles/1a8dbf21-c24a-4e1c-89e3-53030c1ecfe5_Supica.jpg,https://legislature.maine.gov/house/house/MemberProfiles/Details/1438;https://legislature.maine.gov/housedems/supical/index.html;https://www.maine.gov/housedems/supical,https://ballotpedia.org/Laura_Supica;https://en.wikipedia.org/wiki/Laura_Supica;https://justfacts.votesmart.org/candidate/biography/187634/laura-supica;https://legislature.maine.gov/house/house/MemberProfiles/Details/1438;https://legislature.maine.gov/house/house/MemberProfiles/ListAlpha;https://legislature.maine.gov/housedems/supical/index.html;https://www.linkedin.com/in/laura-supica-b64201197;https://www.maine.gov/housedems/supical,,,,,,,,,,,
ocd-person/5df4dc20-8fb9-432c-8844-c72a66a325d6,Laurel Libby,Republican,90,lower,Laurel,Libby,Female,laurel.libby@legislature.maine.gov,,1981-05-15,,https://legislature.maine.gov/house/house/Repository/MemberProfiles/12533ded-aef6-4f67-a45a-d9c25b51d38a_Libby.jpg,https://legislature.maine.gov/house/house/MemberProfiles/Details/1423;https://mainehousegop.org/members/libby-laurel/,https://ballotpedia.org/Laurel_Libby;https://en.wikipedia.org/wiki/Laurel_Libby;https://justfacts.votesmart.org/candidate/biography/192645/laurel-libby;https://legislature.maine.gov/house/house/MemberProfiles/Details/1423;https://legislature.maine.gov/house/house/MemberProfiles/ListAlpha;https://mainehousegop.org/members/libby-laurel;https://www.linkedin.com/in/laurel-libby-7991a69,,,,,,,,,,,
ocd-person/051d0089-f1cc-4523-a48d-ae98700165f8,Laurie Osher,Democratic,25,lower,Laurie,Osher,Female,laurie.osher@legislature.maine.gov,,1960-06-08,,https://legislature.maine.gov/house/house/Repository/MemberProfiles/62af6ace-cea8-45d3-b863-ada1f65c3a25_Osher.jpg,https://legislature.maine.gov/house/house/MemberProfiles/Details/1436;https://legislature.maine.gov/housedems/osherl/index.html;https://www.maine.gov/housedems/osherl,https://ballotpedia.org/Laurie_Osher;https://en.wikipedia.org/wiki/Laurie_Osher;https://legislature.maine.gov/house/house/MemberProfiles/Details/1436;https://legislature.maine.gov/house/house/MemberProfiles/ListAlpha;https://legislature.maine.gov/housedems/osherl/index.html;https://www.linkedin.com/in/laurie-osher-3686694a;https://www.maine.gov/housedems/osherl,,,,,,,,,,,
ocd-person/12fc57e0-db0e-4112-a7c0-226b952a11b8,Liz Caruso,Republican,72,lower,Liz,Caruso,Female,elizabeth.caruso@legislature.maine.gov,,1969-11-02,,https://s3.amazonaws.com/ballotpedia-api4/files/thumbs/200/300/ecaruso.jpg,https://legislature.maine.gov/house/house/MemberProfiles/Details/3123;https://mainehousegop.org/members/caruso-elizabeth/,https://ballotpedia.org/Elizabeth_Caruso;https://en.wikipedia.org/wiki/Elizabeth_Caruso;https://justfacts.votesmart.org/candidate/203884/elizabeth-caruso;https://legislature.maine.gov/house/house/MemberProfiles/Details/3123;https://mainehousegop.org/members/caruso-elizabeth;https://www.linkedin.com/in/elizabeth-caruso-99b4957b,,,,,,,,,,,
ocd-person/3cdb36ad-77a1-401d-8479-630ae970300b,Lori Gramlich,Democratic,131,lower,Lori,Gramlich,Female,lori.gramlich@legislature.maine.gov,,,,https://legislature.maine.gov/house/house/Repository/MemberProfiles/d346883e-e53b-4578-bd40-44eb245624e9_gramlich.jpg,https://legislature.maine.gov/house/house/MemberProfiles/Details/1342,https://ballotpedia.org/Lori_Gramlich;https://en.wikipedia.org/wiki/Lori_Gramlich;https://justfacts.votesmart.org/candidate/biography/181163/lori-gramlich;https://legislature.maine.gov/house/house/MemberProfiles/Details/1342;https://legislature.maine.gov/house/house/MemberProfiles/ListAlpha;https://www.linkedin.com/in/lori-k-gramlich-8285766,,,,,,,,,,,
ocd-person/85c0e0b8-2654-4da5-96e6-8745ec68d0af,Lucas Lanigan,Republican,141,lower,Lucas,Lanigan,Male,lucas.lanigan@legislature.maine.gov,,1979-01-29,,https://legislature.maine.gov/house/house/Repository/MemberProfiles/beba31fd-c03d-41e8-91d9-97bf04b13254_LANIGAN.jpg,https://legislature.maine.gov/house/house/MemberProfiles/Details/1481;https://mainehousegop.org/members/lanigan-lucas/,https://ballotpedia.org/Lucas_Lanigan;https://en.wikipedia.org/wiki/Lucas_Lanigan;https://justfacts.votesmart.org/candidate/203866/lucas-lanigan;https://legislature.maine.gov/house/house/MemberProfiles/Details/1481;https://legislature.maine.gov/house/house/MemberProfiles/ListAlpha;https://mainehousegop.org/members/lanigan-lucas;https://www.linkedin.com/in/lucas-lanigan-37178424,,,,,,,,,,,
ocd-person/1f33e4be-1228-4c31-9b0f-c79012be9d07,Lucien Daigle,Republican,1,lower,Lucien,Daigle,Male,lucien.daigle@legislature.maine.gov,,,,,https://legislature.maine.gov/house/house/memberprofiles/Details/3106;https://mainehousegop.org/members/daigle-lucien/,https://ballotpedia.org/Lucien_Daigle;https://en.wikipedia.org/wiki/Lucien_Daigle;https://legislature.maine.gov/house/house/memberprofiles/Details/3106;https://mainehousegop.org/members/daigle-lucien;https://www.linkedin.com/in/lucien-daigle-49566a6b,,,,,,,,,,,
ocd-person/b795e4ca-6b0d-4101-902d-8db5c1b54485,Lydia Crafts,Democratic,46,lower,Lydia,Crafts,Female,lydia.crafts@legislature.maine.gov,,,,https://legislature.maine.gov/house/house/Repository/MemberProfiles/aee526c2-f213-42e1-b859-11325b8c555a_Crafts.jpg,https://legislature.maine.gov/house/house/MemberProfiles/Details/1429;https://legislature.maine.gov/housedems/craftsl/index.html;https://www.maine.gov/housedems/craftsl,https://ballotpedia.org/Lydia_Crafts;https://en.wikipedia.org/wiki/Lydia_Crafts;https://legislature.maine.gov/house/house/MemberProfiles/Details/1429;https://legislature.maine.gov/house/house/MemberProfiles/ListAlpha;https://legislature.maine.gov/housedems/craftsl/index.html;https://www.linkedin.com/in/lydia-crafts-612b77190;https://www.maine.gov/housedems/craftsl,,,,,,,,,,,
ocd-person/61ef08d1-e345-42af-a56e-4fcd5076f0f5,Lynn Copeland,Democratic,130,lower,Lynn,Copeland,Female,lynn.copeland@legislature.maine.gov,,1960-11-06,,https://legislature.maine.gov/house/house/Repository/MemberProfiles/df46c4c5-9e8b-4b1d-85e2-a4f88aec8b09_Copeland.jpg,https://legislature.maine.gov/house/house/MemberProfiles/Details/1410;https://legislature.maine.gov/housedems/copelandl/index.html;https://www.maine.gov/housedems/copelandl,https://ballotpedia.org/Lynn_Copeland;https://en.wikipedia.org/wiki/Lynn_Copeland;https://legislature.maine.gov/house/house/MemberProfiles/Details/1410;https://legislature.maine.gov/house/house/MemberProfiles/ListAlpha;https://legislature.maine.gov/housedems/copelandl/index.html;https://www.linkedin.com/in/lynn-copeland-6a211613;https://www.maine.gov/housedems/copelandl,,,,,,,,,,,
ocd-person/0bb988f9-6dca-4fd8-ac06-3603af31094f,Mana Abdi,Democratic,95,lower,Mana,Abdi,Female,mana.abdi@legislature.maine.gov,,,,https://legislature.maine.gov/house/house/Repository/MemberProfiles/0b0aefe9-d3ab-435e-bf39-4028eaabde3a_MABDI.jpg,https://legislature.maine.gov/house/house/MemberProfiles/Details/1492;https://legislature.maine.gov/housedems/abdi/index.html;https://www.maine.gov/housedems/abdi,https://ballotpedia.org/Mana_Abdi;https://en.wikipedia.org/wiki/Mana_Abdi;https://legislature.maine.gov/house/house/MemberProfiles/Details/1492;https://legislature.maine.gov/house/house/MemberProfiles/ListAlpha;https://legislature.maine.gov/housedems/abdi/index.html;https://www.linkedin.com/in/mana-abdi-78a809122;https://www.maine.gov/housedems/abdi,,,,,,,,,,,
ocd-person/48305a9e-8f2a-4cea-8689-b93491c82ad5,Marc Malon,Democratic,133,lower,Marc,Malon,Male,marc.malon@legislature.maine.gov,,,,https://legislature.maine.gov/house/house/Repository/MemberProfiles/24740258-3b61-4d37-9179-239dbb5b64ee_MMALON.jpg,https://legislature.maine.gov/house/house/MemberProfiles/Details/1478;https://legislature.maine.gov/housedems/malon/index.html,https://ballotpedia.org/Marc_Malon;https://en.wikipedia.org/wiki/Marc_Malon;https://legislature.maine.gov/house/house/MemberProfiles/Details/1478;https://legislature.maine.gov/house/house/MemberProfiles/ListAlpha;https://legislature.maine.gov/housedems/malon/index.html;https://www.linkedin.com/in/marcmalon2,,,,,,,,,,,
ocd-person/062977a2-a482-4c4f-b053-75cae4bdce31,Peggy Rotundo,Democratic,21,upper,Peggy,Rotundo,Female,margaret.rotundo@legislature.maine.gov,,1949-07-16,,https://legislature.maine.gov/uploads/visual_edit/rotundo.jpg,https://legislature.maine.gov/District21;https://legislature.maine.gov/district21;https://www.mainesenate.org/senator/senator/senator-margaret-rotundo/,https://ballotpedia.org/Margaret_Rotundo;https://en.wikipedia.org/wiki/Peggy_Rotundo;https://legislature.maine.gov/district21;https://legislature.maine.gov/District21;https://legislature.maine.gov/uploads/visual_edit/131-senator-contact-information-2.xlsx;https://www.mainesenate.org/senator/senator/senator-margaret-rotundo,,,,,,,,,,,
ocd-person/24bd9e6e-f10d-4e0d-a4b1-72bbe45f4e0d,Marianne Moore,Republican,6,upper,Marianne,Moore,Female,marianne.moore@legislature.maine.gov,,,,https://legislature.maine.gov/uploads/visual_edit/moore-5x7.jpg,https://legislature.maine.gov/District-6;https://legislature.maine.gov/District6;https://mesenategop.com/your-senators/senator-marianne-moore/;https://www.mesenategop.com/blog/home/your-senators/senator-marianne-moore/,https://ballotpedia.org/Marianne_Moore;https://en.wikipedia.org/wiki/Marianne_Moore_(politician);https://justfacts.votesmart.org/candidate/biography/170470/marianne-moore;https://legislature.maine.gov/District-6;https://legislature.maine.gov/District6;https://legislature.maine.gov/uploads/visual_edit/130th-senate-contact-information-as-of-31221.xlsx;https://legislature.maine.gov/uploads/visual_edit/131-senator-contact-information-2.xlsx;https://mesenategop.com/your-senators/senator-marianne-moore,,,,,,,,,,,
ocd-person/0e9ec0ba-18f6-4dd5-90c2-5893f0216138,Mark Cooper,Republican,107,lower,Mark,Cooper,Male,mark.cooper@legislature.maine.gov,,,,https://lh6.googleusercontent.com/iaonAoAk251JqJvVIy5Mb5RzkB2TaV80v3kPPIyh9QsEUa6LefrloPQmmNsjIFVWjom2_C0ai8RxEIy-YP66n6Hqermn--5WbOkpn_emAgPiyCCVZ2tPGnAJZ3mow20oBA=w1280,https://legislature.maine.gov/house/house/MemberProfiles/Details/3132;https://mainehousegop.org/members/cooper-mark/,https://ballotpedia.org/Mark_Cooper_(Maine);https://en.wikipedia.org/wiki/Mark_Cooper_(politician);https://legislature.maine.gov/house/house/MemberProfiles/Details/3132;https://mainehousegop.org/members/cooper-mark;https://www.linkedin.com/in/mark-cooper-9911a920,,,,,,,,,,,
ocd-person/134a1697-216a-4761-827f-840f72c640a0,Mark Blier,Republican,138,lower,Mark,Blier,Male,mark.blier@legislature.maine.gov,,,,https://legislature.maine.gov/house/house/Repository/MemberProfiles/0b41e77d-6373-4758-bc30-be7babfa921e_BlierNEW.jpg,https://legislature.maine.gov/house/house/MemberProfiles/Details/1344;https://mainehousegop.org/members/blier-mark/,https://ballotpedia.org/Mark_Blier;https://justfacts.votesmart.org/candidate/biography/181175/mark-blier;https://legislature.maine.gov/house/house/MemberProfiles/Details/1344;https://legislature.maine.gov/house/house/MemberProfiles/ListAlpha;https://mainehousegop.org/members/blier-mark;https://www.linkedin.com/in/mark-blier-47aba5104,,,,,,,,,,,
ocd-person/ce4a4a85-e41d-410f-bfba-07f7f5b9dee0,Mark Lawrence,Democratic,35,upper,Mark,Lawrence,Male,mark.lawrence@legislature.maine.gov,,1958-06-27,,https://legislature.maine.gov/uploads/visual_edit/lawrence-5x7-1.jpg,https://legislature.maine.gov/District-35;https://legislature.maine.gov/District35;https://legislature.maine.gov/district35;https://www.mainesenate.org/senator/senator/mark-lawrence/,https://ballotpedia.org/Mark_Lawrence_(Maine);https://en.wikipedia.org/wiki/Mark_Lawrence_(politician);https://legislature.maine.gov/District-35;https://legislature.maine.gov/district35;https://legislature.maine.gov/District35;https://legislature.maine.gov/uploads/visual_edit/130th-senate-contact-information-as-of-31221.xlsx;https://legislature.maine.gov/uploads/visual_edit/131-senator-contact-information-2.xlsx;https://www.linkedin.com/in/mark-lawrence-37319841;https://www.mainesenate.org/senator/senator/mark-lawrence,,,,,,,,,,,
ocd-person/a3a29593-781a-462d-93cc-685be03b3b56,Mark Babin,Republican,3,lower,Mark,Babin,Male,mark.babin@legislature.maine.gov,,,,https://legislature.maine.gov/house/house/Repository/MemberProfiles/05fa532f-1a27-4521-af69-ceecf5c3311e_BABIN.jpg,https://legislature.maine.gov/house/house/MemberProfiles/Details/1455;https://mainehousegop.org/members/babin-mark/,https://ballotpedia.org/Mark_Babin;https://en.wikipedia.org/wiki/Mark_Babin;https://justfacts.votesmart.org/candidate/biography/203733/mark-babin;https://legislature.maine.gov/house/house/MemberProfiles/Details/1455;https://legislature.maine.gov/house/house/MemberProfiles/ListAlpha;https://mainehousegop.org/members/babin-mark,,,,,,,,,,,
ocd-person/d16d8ff0-3e6f-4970-9baf-767c9eb09fab,Mark Walker,Republican,84,lower,Mark,Walker,Male,mark.walker@legislature.maine.gov,,,,https://legislature.maine.gov/house/house/Repository/MemberProfiles/006156d6-d589-47bc-a865-871a85279134_MWALKER.jpg,https://legislature.maine.gov/house/house/MemberProfiles/Details/1487;https://mainehousegop.org/members/walker-mark/,https://ballotpedia.org/Mark_Walker_(Maine_State_House_candidate);https://en.wikipedia.org/wiki/Mark_Walker_(Maine_politician);https://legislature.maine.gov/house/house/MemberProfiles/Details/1487;https://legislature.maine.gov/house/house/MemberProfiles/ListAlpha;https://mainehousegop.org/members/walker-mark,,,,,,,,,,,
ocd-person/9b3c17b4-3c7a-4f8d-96bb-8215a385fdd2,Marshall Archer,Democratic,129,lower,Marshall,Archer,Male,marshall.archer@legislature.maine.gov,,,,"https://static.wixstatic.com/media/5f6ec7_b6a4675891d74ce79ddda0199423840c~mv2.jpg/v1/fill/w_453,h_453,al_c,q_80,usm_0.66_1.00_0.01,enc_avif,quality_auto/36802673_10216176856237143_8803646993508.jpg",https://legislature.maine.gov/house/house/MemberProfiles/Details/3139;https://www.maine.gov/housedems/node/4077,https://ballotpedia.org/Marshall_Archer;https://en.wikipedia.org/wiki/Marshall_Archer;https://legislature.maine.gov/house/house/MemberProfiles/Details/3139;https://www.linkedin.com/in/marshallarcher;https://www.maine.gov/housedems/node/4077,,,,,,,,,,,
ocd-person/ef0c0f85-eacc-4f97-9dba-d0781c40f274,Marygrace Cimino,Republican,83,lower,Marygrace,Cimino,Female,marygrace.cimino@legislature.maine.gov,,,,,https://legislature.maine.gov/house/house/MemberProfiles/Details/3127;https://mainehousegop.org/members/cimino-marygrace/,https://ballotpedia.org/Marygrace_Cimino;https://en.wikipedia.org/wiki/Marygrace_Cimino;https://legislature.maine.gov/house/house/MemberProfiles/Details/3127;https://mainehousegop.org/members/cimino-marygrace;https://www.linkedin.com/in/marygrace-cimino-2aa88a1b,,,,,,,,,,,
ocd-person/95538c83-57ab-4334-92a9-1991de0c3c9f,Mathew McIntyre,Republican,18,lower,Mathew,McIntyre,Male,mathew.mcintyre@legislature.maine.gov,,,,,https://legislature.maine.gov/house/house/MemberProfiles/Details/3111;https://mainehousegop.org/members/mcintyre-mathew/,https://ballotpedia.org/Mathew_McIntyre;https://en.wikipedia.org/wiki/Mathew_McIntyre;https://justfacts.votesmart.org/candidate/biography/215811/mathew-mcintyre;https://legislature.maine.gov/house/house/MemberProfiles/Details/3111;https://legislature.maine.gov/house/house/memberprofiles/Details/3111;https://mainehousegop.org/members/mcintyre-mathew;https://www.mainelegislature.org/house/house/MemberProfiles/Details/3111,,,,,,,,,,,
ocd-person/dec943c1-07d5-479a-972f-a3c1cc6a2714,Matt Beck,Democratic,122,lower,Matt,Beck,Male,matthew.beck@legislature.maine.gov,,,,https://legislature.maine.gov/house/house/Repository/MemberProfiles/10b00e2f-ff9f-4f15-b72a-1b8ed89dc9a8_BECK.jpg,https://legislature.maine.gov/house/house/MemberProfiles/Details/1509,https://ballotpedia.org/Matthew_Beck;https://en.wikipedia.org/wiki/Matthew_D._Beck;https://legislature.maine.gov/house/house/MemberProfiles/Details/1509;https://www.linkedin.com/in/matthew-beck-640a526;https://www.mattbeckformaine.org/about,,,,,,,,,,,
ocd-person/7f03a30f-5a77-49b2-8c92-57f7a4238052,Matt Moonen,Democratic,117,lower,Matt,Moonen,Male,matt.moonen@legislature.maine.gov,,1984-05-09,,https://legislature.maine.gov/house/house/Repository/MemberProfiles/5ce2da1b-2227-407f-8f25-9cc5647cf4c5_moonen.jpg,https://legislature.maine.gov/house/house/MemberProfiles/Details/118,https://ballotpedia.org/Matthew_Moonen;https://en.wikipedia.org/wiki/Matt_Moonen;https://justfacts.votesmart.org/candidate/biography/137356/matt-moonen;https://legislature.maine.gov/house/house/MemberProfiles/Details/118;https://legislature.maine.gov/house/house/MemberProfiles/ListAlpha;https://www.linkedin.com/in/mattmoonen,,,,,,,,,,,
ocd-person/863a9ef0-5916-40d6-9929-7a7b498af0ec,Mattie Daughtry,Democratic,23,upper,Mattie,Daughtry,Female,mattie.daughtry@legislature.maine.gov,,,,https://legislature.maine.gov/uploads/visual_edit/daughtry-matthea-2.jpg,https://legislature.maine.gov/District-24;https://legislature.maine.gov/District23;https://legislature.maine.gov/district23;https://www.mainesenate.org/senator/senator/mattie-daughtry/,https://ballotpedia.org/Matthea_Daughtry;https://en.wikipedia.org/wiki/Mattie_Daughtry;https://justfacts.votesmart.org/candidate/biography/142892/mattie-daughtry;https://legislature.maine.gov/District-24;https://legislature.maine.gov/district23;https://legislature.maine.gov/District23;https://legislature.maine.gov/uploads/visual_edit/130th-senate-contact-information-as-of-31221.xlsx;https://legislature.maine.gov/uploads/visual_edit/131-senator-contact-information-2.xlsx;https://www.linkedin.com/in/matthea-daughtry-094a8851;https://www.mainesenate.org/senator/senator/mattie-daughtry,,,,,,,,,,,
ocd-person/f4b39a4f-3a31-4e15-9b0a-459cb260f535,Matt Harrington,Republican,33,upper,Matt,Harrington,Male,matthew.harrington@legislature.maine.gov,,,,https://legislature.maine.gov/uploads/visual_edit/harrington-matt.jpg,https://legislature.maine.gov/District33;https://legislature.maine.gov/district33;https://legislature.maine.gov/house/house/MemberProfiles/Details/83;https://mesenategop.com/your-senators/senator-matt-harrington/,https://ballotpedia.org/Matthew_Harrington_(Maine);https://en.wikipedia.org/wiki/Matthew_Harrington_(politician);https://justfacts.votesmart.org/candidate/biography/155022/matt-harrington;https://legislature.maine.gov/district33;https://legislature.maine.gov/District33;https://legislature.maine.gov/house/house/MemberProfiles/Details/83;https://legislature.maine.gov/house/house/MemberProfiles/ListAlpha;https://legislature.maine.gov/uploads/visual_edit/131-senator-contact-information-2.xlsx;https://mesenategop.com/your-senators/senator-matt-harrington;https://www.linkedin.com/in/matt-harrington-9b593999,,,,,,,,,,,
ocd-person/efda26eb-c8f7-443c-a963-95419878a856,Melanie Sachs,Democratic,102,lower,Melanie,Sachs,Female,melanie.sachs@legislature.maine.gov,,,,https://legislature.maine.gov/house/house/Repository/MemberProfiles/5e4515a3-52f4-43e9-beaa-2fe8ac45c90d_Sachs.jpg,https://legislature.maine.gov/house/house/MemberProfiles/Details/1420;https://legislature.maine.gov/housedems/sachsm/index.html;https://www.maine.gov/housedems/sachsm,https://ballotpedia.org/Melanie_Sachs;https://en.wikipedia.org/wiki/Melanie_Sachs;https://legislature.maine.gov/house/house/MemberProfiles/Details/1420;https://legislature.maine.gov/house/house/MemberProfiles/ListAlpha;https://legislature.maine.gov/housedems/sachsm/index.html;https://www.maine.gov/housedems/sachsm,,,,,,,,,,,
ocd-person/b0c25078-ee4b-4638-9523-17997681a6e7,Michael Brennan,Democratic,115,lower,Michael,Brennan,Male,michael.brennan@legislature.maine.gov,,,,https://legislature.maine.gov/house/house/Repository/MemberProfiles/3626b818-d26c-4777-99c6-0a04ef459fc3_brennan.jpg,https://legislature.maine.gov/house/house/MemberProfiles/Details/1350,https://ballotpedia.org/Michael_Brennan_(Maine);https://en.wikipedia.org/wiki/Michael_F._Brennan;https://justfacts.votesmart.org/candidate/biography/6602/michael-brennan;https://legislature.maine.gov/house/house/MemberProfiles/Details/1350;https://legislature.maine.gov/house/house/MemberProfiles/ListAlpha,,,,,,,,,,,
ocd-person/feb330d7-8122-4547-b38a-38279732a9ce,Michael Lemelin,Republican,53,lower,Michael,Lemelin,Male,michael.lemelin@legislature.maine.gov,,,,https://legislature.maine.gov/house/house/Repository/MemberProfiles/2f05ff55-e46c-41ce-b4b9-5d144bc7b7ee_LemelinNEW.jpg,https://legislature.maine.gov/house/house/MemberProfiles/Details/1428;https://mainehousegop.org/members/lemelin-michael/,https://ballotpedia.org/Michael_Lemelin;https://en.wikipedia.org/wiki/Michael_Lemelin;https://justfacts.votesmart.org/candidate/biography/181242/michael-lemelin;https://legislature.maine.gov/house/house/MemberProfiles/Details/1428;https://legislature.maine.gov/house/house/MemberProfiles/ListAlpha;https://mainehousegop.org/members/lemelin-michael;https://www.linkedin.com/in/michael-lemelin-6a151a12,,,,,,,,,,,
ocd-person/fc107a79-150e-414f-b796-960c96d75eb6,Mike Soboleski,Republican,73,lower,Mike,Soboleski,Male,michael.soboleski@legislature.maine.gov,,,,https://legislature.maine.gov/house/house/Repository/MemberProfiles/cb4e1505-8bc4-478c-a23c-d677f2d58e50_MSOBOLESKI.jpg,https://legislature.maine.gov/house/house/MemberProfiles/Details/1482;https://mainehousegop.org/members/soboleski-michael/,https://ballotpedia.org/Michael_Soboleski;https://en.wikipedia.org/wiki/Mike_Soboleski;https://justfacts.votesmart.org/candidate/biography/203798/michael-soboleski;https://legislature.maine.gov/house/house/MemberProfiles/Details/1482;https://legislature.maine.gov/house/house/MemberProfiles/ListAlpha;https://mainehousegop.org/members/soboleski-michael;https://mikesoboleski.com/meet-mike,,,,,,,,,,,
ocd-person/a18c5356-5572-4a99-8a7c-e86105afb821,Mike Tipping,Democratic,8,upper,Mike,Tipping,Male,mike.tipping@legislature.maine.gov,,,,https://legislature.maine.gov/uploads/visual_edit/tipping-1.jpg,https://legislature.maine.gov/District8;https://legislature.maine.gov/district8;https://www.mainesenate.org/senator/senator/senator-mike-tipping/,https://ballotpedia.org/Mike_Tipping;https://en.wikipedia.org/wiki/Mike_Tipping;https://legislature.maine.gov/district8;https://legislature.maine.gov/District8;https://legislature.maine.gov/uploads/visual_edit/131-senator-contact-information-2.xlsx;https://www.linkedin.com/in/mike-tipping-467b8a1a,,,,,,,,,,,
ocd-person/c3185181-4ae9-42ce-8bf5-9a2f04c2422b,Mike Lajoie,Democratic,96,lower,Mike,Lajoie,Male,michel.lajoie@legislature.maine.gov,,,,https://legislature.maine.gov/house/house/Repository/MemberProfiles/5dfb974c-7ace-4bd3-86bf-d975d1ac8aa1_lajoma.jpg,https://legislature.maine.gov/house/house/MemberProfiles/Details/212,https://ballotpedia.org/Michel_Lajoie;https://en.wikipedia.org/wiki/Mike_Lajoie;https://legislature.maine.gov/house/house/MemberProfiles/Details/212;https://legislature.maine.gov/house/house/MemberProfiles/ListAlpha;https://www.linkedin.com/in/michel-mike-lajoie-7619185b,,,,,,,,,,,
ocd-person/e26fdc8a-3099-4ea4-ad2d-1ccdc45ce1e6,Michele Meyer,Democratic,150,lower,Michele,Meyer,Female,michele.meyer@legislature.maine.gov,,,,https://legislature.maine.gov/house/house/Repository/MemberProfiles/b1004d88-844a-4d6d-9e4a-e6a329b430c9_meyer.jpg,https://legislature.maine.gov/house/house/MemberProfiles/Details/1337,https://ballotpedia.org/Michele_Meyer_(Maine);https://en.wikipedia.org/wiki/Michele_Meyer;https://justfacts.votesmart.org/candidate/biography/181154/michele-meyer;https://legislature.maine.gov/house/house/MemberProfiles/Details/1337;https://legislature.maine.gov/house/house/MemberProfiles/ListAlpha,,,,,,,,,,,
ocd-person/0b6557f4-ce52-460b-99af-ec88b847d81a,Michelle Boyer,Democratic,123,lower,Michelle,Boyer,Female,michelle.boyer@legislature.maine.gov,,,,https://boyer.mainecandidate.com/images/2080.jpg,https://legislature.maine.gov/house/house/MemberProfiles/Details/3138;https://www.maine.gov/housedems/node/4079,https://ballotpedia.org/Michelle_Boyer;https://en.wikipedia.org/wiki/Michelle_Boyer;https://justfacts.votesmart.org/candidate/biography/216033/michelle-boyer;https://legislature.maine.gov/house/house/MemberProfiles/Details/3138;https://www.congressweb.com/aamft/legislators/info/mbr_id/3556;https://www.linkedin.com/in/michelle-boyer-62033614;https://www.maine.gov/housedems/node/4079,,,,,,,,,,,
ocd-person/a2494f1d-e78d-4a29-b631-5c40b3fe43d8,Mike Lance,Republican,79,lower,Mike,Lance,Male,michael.lance@legislature.maine.gov,,,,,https://legislature.maine.gov/house/house/MemberProfiles/Details/3125;https://mainehousegop.org/members/lance-michael/,https://ballotpedia.org/Michael_Lance;https://en.wikipedia.org/wiki/Michael_Lance;https://legislature.maine.gov/house/house/MemberProfiles/Details/3125;https://mainehousegop.org/members/lance-michael;https://www.linkedin.com/in/michael-lance-68b341108,,,,,,,,,,,
ocd-person/648b245c-8c13-4caf-944c-f775ff48aab2,Mike Ray,Democratic,40,lower,Mike,Ray,Male,michael.ray@legislature.maine.gov,,,,https://d34zq6icsxu12y.cloudfront.net/assets/uploads/Mike%20Ray%20%20%20%20D%20Ray%20%20%20%20Maine.png,https://legislature.maine.gov/house/house/MemberProfiles/Details/3114;https://www.maine.gov/housedems/node/4093,https://ballotpedia.org/D._Ray;https://en.wikipedia.org/wiki/Michael_Ray_(politician);https://legislature.maine.gov/house/house/MemberProfiles/Details/3114;https://www.maine.gov/housedems/node/4093,,,,,,,,,,,
ocd-person/35363ed2-34d2-4f93-bbce-2b0fe26d962e,Morgan Rielly,Democratic,127,lower,Morgan,Rielly,Male,morgan.rielly@legislature.maine.gov,,,,https://legislature.maine.gov/house/house/Repository/MemberProfiles/81d0ef8c-588c-417c-84c1-77b41cad5120_RiellyNEW.jpg,https://legislature.maine.gov/house/house/MemberProfiles/Details/1414;https://legislature.maine.gov/housedems/riellym/index.html;https://www.maine.gov/housedems/riellym,https://ballotpedia.org/Morgan_Rielly;https://en.wikipedia.org/wiki/Morgan_Rielly_(politician);https://legislature.maine.gov/house/house/MemberProfiles/Details/1414;https://legislature.maine.gov/house/house/MemberProfiles/ListAlpha;https://legislature.maine.gov/housedems/riellym/index.html;https://www.linkedin.com/in/morgan-rielly-056ab4a9;https://www.maine.gov/housedems/riellym,,,,,,,,,,,
ocd-person/bed16528-b0ae-40e0-89a0-7303b946fb71,Nate Wadsworth,Republican,82,lower,Nate,Wadsworth,Male,nathan.wadsworth@legislature.maine.gov,,,,,https://legislature.maine.gov/house/house/MemberProfiles/Details/46;https://mainehousegop.org/members/wadsworth-nathan/,https://ballotpedia.org/Nathan_Wadsworth;https://en.wikipedia.org/wiki/Nathan_Wadsworth;https://justfacts.votesmart.org/candidate/biography/151518/nathan-wadsworth;https://legislature.maine.gov/house/house/MemberProfiles/Details/46;https://mainehousegop.org/members/wadsworth-nathan;https://www.linkedin.com/in/nate-wadsworth-088ab112,,,,,,,,,,,
ocd-person/69e87146-73a0-434e-9cbb-8d7c80e7ce30,Nathan Carlow,Republican,137,lower,Nathan,Carlow,Male,nathan.carlow@legislature.maine.gov,,1999-05-18,,https://legislature.maine.gov/house/house/Repository/MemberProfiles/a06a6e19-aeb1-4d9f-b827-7ff997065c8d_CarlowNEW.jpg,https://legislature.maine.gov/house/house/MemberProfiles/Details/1411;https://mainehousegop.org/members/carlow-nathan/,https://ballotpedia.org/Nathan_Carlow;https://carlowforhouse.wordpress.com/meet-nathan;https://en.wikipedia.org/wiki/Nathan_Carlow;https://justfacts.votesmart.org/candidate/biography/192695/nathan-carlow;https://legislature.maine.gov/house/house/MemberProfiles/Details/1411;https://legislature.maine.gov/house/house/MemberProfiles/ListAlpha;https://mainehousegop.org/members/carlow-nathan;https://www.linkedin.com/in/nathan-carlow-830a7b143,,,,,,,,,,,
ocd-person/e53a09e6-a38e-4622-97e4-c40bf2d93faa,Nicole Grohoski,Democratic,7,upper,Nicole,Grohoski,Female,nicole.grohoski@legislature.maine.gov,,,,https://legislature.maine.gov/uploads/visual_edit/senator-grohoski-photo-web.jpg,https://legislature.maine.gov/district-7;https://legislature.maine.gov/District7;https://legislature.maine.gov/district7;https://legislature.maine.gov/house/house/MemberProfiles/Details/1387;https://www.mainesenate.org/senator/senator/nicole-grohoski/,https://ballotpedia.org/Nicole_Grohoski;https://en.wikipedia.org/wiki/Nicole_Grohoski;https://legislature.maine.gov/district-7;https://legislature.maine.gov/district7;https://legislature.maine.gov/District7;https://legislature.maine.gov/house/house/MemberProfiles/Details/1387;https://legislature.maine.gov/house/house/MemberProfiles/ListAlpha;https://legislature.maine.gov/uploads/visual_edit/131-senator-contact-information-2.xlsx,,,,,,,,,,,
ocd-person/a1ab39cd-e95b-4f16-9fdc-9f7d2685fc45,Nina Milliken,Democratic,16,lower,Nina,Milliken,Female,nina.milliken@legislature.maine.gov,,,,https://legislature.maine.gov/house/house/Repository/MemberProfiles/d61581cd-0cf9-4ffa-a29e-f767f25dec5f_NMILLIKEN.jpg,https://legislature.maine.gov/house/house/MemberProfiles/Details/1462;https://legislature.maine.gov/housedems/milliken/index.html;https://www.maine.gov/housedems/milliken,https://ballotpedia.org/Nina_Milliken;https://en.wikipedia.org/wiki/Nina_Milliken;https://legislature.maine.gov/house/house/MemberProfiles/Details/1462;https://legislature.maine.gov/house/house/MemberProfiles/ListAlpha;https://legislature.maine.gov/housedems/milliken/index.html;https://www.maine.gov/housedems/milliken,,,,,,,,,,,
ocd-person/a3686503-340d-4f8b-91d3-6f8de4d8a55d,Parnell Terry,Democratic,108,lower,Parnell,Terry,Male,parnell.terry@legislature.maine.gov,,,,https://parnellterry.mainecandidate.com/images/2143.jpg,https://legislature.maine.gov/house/house/MemberProfiles/Details/3133;https://www.maine.gov/housedems/node/4095,https://ballotpedia.org/Parnell_Terry;https://en.wikipedia.org/wiki/Parnell_Terry;https://justfacts.votesmart.org/candidate/biography/216020/parnell-terry;https://legislature.maine.gov/house/house/MemberProfiles/Details/3133;https://www.maine.gov/housedems/node/4095,,,,,,,,,,,
ocd-person/ff5fbabd-df54-46a9-a36c-e78dad524105,Paul Flynn,Republican,63,lower,Paul,Flynn,Male,paul.flynn@legislature.maine.gov,,,,,https://legislature.maine.gov/house/house/MemberProfiles/Details/3120;https://mainehousegop.org/members/flynn-paul/,https://ballotpedia.org/Paul_Flynn;https://en.wikipedia.org/wiki/Paul_Flynn_(American_politician);https://legislature.maine.gov/house/house/MemberProfiles/Details/3120;https://mainehousegop.org/members/flynn-paul,,,,,,,,,,,
ocd-person/dac0a6d5-74a6-4948-8e27-cd036a44668d,Peter Wood,Republican,81,lower,Peter,Wood,Male,peter.wood@legislature.maine.gov,,,,https://i0.wp.com/mainehousegop.org/wp-content/uploads/2024/11/Wood_p.jpg?fit=600%2C800&ssl=1,https://legislature.maine.gov/house/house/MemberProfiles/Details/3126;https://mainehousegop.org/members/wood-peter/,https://ballotpedia.org/Peter_Wood;https://en.wikipedia.org/wiki/Peter_Wood_(American_politician);https://justfacts.votesmart.org/candidate/biography/215993/peter-wood;https://legislature.maine.gov/house/house/MemberProfiles/Details/3126;https://mainehousegop.org/members/wood-peter,,,,,,,,,,,
ocd-person/522f7557-1c06-451b-9c81-78080fc5c21c,Poppy Arford,Democratic,101,lower,Poppy,Arford,Female,poppy.arford@legislature.maine.gov,,,,https://legislature.maine.gov/house/house/Repository/MemberProfiles/e67bda1d-1bd9-46a4-8dca-4c3616a20dfa_ArfordNEW.jpg,https://legislature.maine.gov/house/house/MemberProfiles/Details/1421;https://legislature.maine.gov/housedems/arfordp/index.html;https://www.maine.gov/housedems/arfordp,https://ballotpedia.org/Poppy_Arford;https://legislature.maine.gov/house/house/MemberProfiles/Details/1421;https://legislature.maine.gov/house/house/MemberProfiles/ListAlpha;https://legislature.maine.gov/housedems/arfordp/index.html;https://www.maine.gov/housedems/arfordp,,,,,,,,,,,
ocd-person/d2a31aea-936e-459b-85e8-a031ba2756e9,Quentin Chapman,Republican,88,lower,Quentin,Chapman,Male,quentin.chapman@legislature.maine.gov,,,,https://assets.civicengine.com/uploads/candidate/headshot/813522/813522.jpg,https://legislature.maine.gov/house/house/MemberProfiles/Details/3129;https://mainehousegop.org/members/chapman-quentin/,https://ballotpedia.org/Quentin_Chapman;https://en.wikipedia.org/wiki/Quentin_Chapman;https://j.futurefacts.votesmart.io/candidate/biography/216001/quentin-chapman;https://legislature.maine.gov/house/house/MemberProfiles/Details/3129;https://mainehousegop.org/members/chapman-quentin;https://www.congressweb.com/aam/legislators/info/mbr_id/3521;https://www.linkedin.com/in/quentin-chapman-06448b89,,,,,,,,,,,
ocd-person/b61923e6-c463-4df4-95b2-117d74c030bd,Rachel Henderson,Republican,78,lower,Rachel,Henderson,Female,rachel.henderson@legislature.maine.gov,,,,https://legislature.maine.gov/house/house/Repository/MemberProfiles/7c8fd3af-5878-4aea-91fe-0faa167ad005_HENDERSON.jpg,https://legislature.maine.gov/house/house/MemberProfiles/Details/1484;https://mainehousegop.org/members/henderson-rachel/,https://ballotpedia.org/Rachel_Ann_Henderson;https://en.wikipedia.org/wiki/Rachel_A._Henderson;https://justfacts.votesmart.org/candidate/biography/210197/rachel-henderson;https://legislature.maine.gov/house/house/MemberProfiles/Details/1484;https://legislature.maine.gov/house/house/MemberProfiles/ListAlpha;https://mainehousegop.org/members/henderson-rachel,,,,,,,,,,,
ocd-person/a3fd29b8-0e0e-4559-a71f-6f7cf20be60f,Rachel Talbot Ross,Democratic,28,upper,Rachel,Talbot Ross,Female,rachel.talbotross@legislature.maine.gov,,,,https://legislature.maine.gov/house/house/Repository/MemberProfiles/5a851e9e-6f42-4467-adb4-dbfc44dee0ad_talbr_[1].jpg,https://legislature.maine.gov/District28;https://legislature.maine.gov/house/house/MemberProfiles/Details/56;https://legislature.maine.gov/housedems/talbotrossr/index.html;https://www.mainesenate.org/senator/senator/rachel-talbot-ross/,https://ballotpedia.org/Rachel_Talbot_Ross;https://en.wikipedia.org/wiki/Rachel_Talbot_Ross;https://legislature.maine.gov/District28;https://legislature.maine.gov/house/house/MemberProfiles/Details/56;https://legislature.maine.gov/house/house/MemberProfiles/ListAlpha;https://legislature.maine.gov/housedems/talbotrossr/index.html;https://www.linkedin.com/in/rachel-talbot-ross-3b33681;https://www.mainesenate.org/senator/senator/rachel-talbot-ross,,,,,,,,,,,
ocd-person/ef82117f-6819-4f84-92dc-a49bebded523,Rafael Macias,Democratic,51,lower,Rafael,Macias,Male,rafael.macias@legislature.maine.gov,,,,https://assets.civicengine.com/uploads/candidate/headshot/813482/813482.jpg,https://legislature.maine.gov/house/house/MemberProfiles/Details/3116;https://www.maine.gov/housedems/node/4107,https://ballotpedia.org/Rafael_Macias;https://en.wikipedia.org/wiki/Rafael_Macias;https://legislature.maine.gov/house/house/MemberProfiles/Details/3116;https://www.linkedin.com/in/rafaelmacias1;https://www.maine.gov/housedems/node/4107;https://www.rafaelmacias.com,,,,,,,,,,,
ocd-person/abfa3321-4f0f-42a1-81ef-25b5d7bbfd3e,Randall Greenwood,Republican,56,lower,Randall,Greenwood,Male,randall.greenwood@legislature.maine.gov,,,,https://legislature.maine.gov/house/house/Repository/MemberProfiles/46650f82-b988-4d47-8cb9-0a5abc26a0a2_Greenwood.jpg,https://legislature.maine.gov/house/house/MemberProfiles/Details/208;https://mainehousegop.org/members/greenwood-randall/,https://ballotpedia.org/Randall_Greenwood;https://legislature.maine.gov/house/house/MemberProfiles/Details/208;https://legislature.maine.gov/house/house/MemberProfiles/ListAlpha;https://mainehousegop.org/members/greenwood-randall,,,,,,,,,,,
ocd-person/8a7d14ca-669e-4984-8a28-0086e2b9b2ae,Randy Hall,Republican,74,lower,Randy,Hall,Male,randall.hall@legislature.maine.gov,,,,https://legislature.maine.gov/house/house/Repository/MemberProfiles/34a33c5a-2116-406e-8a63-e77dbb049077_hall.jpg,https://legislature.maine.gov/house/house/MemberProfiles/Details/1375;https://mainehousegop.org/members/hall-randall/,https://ballotpedia.org/Randall_Hall;https://legislature.maine.gov/house/house/MemberProfiles/Details/1375;https://legislature.maine.gov/house/house/MemberProfiles/ListAlpha;https://mainehousegop.org/members/hall-randall,,,,,,,,,,,
ocd-person/76ab2f9a-14e8-4eb5-ae0e-1a26e4a3a04c,Reagan Paul,Republican,37,lower,Reagan,Paul,Female,reagan.paul@legislature.maine.gov,,,,https://legislature.maine.gov/house/house/Repository/MemberProfiles/7b5328a9-249c-464f-b943-d0fa3fe16d1c_RPAUL.jpg,https://legislature.maine.gov/house/house/MemberProfiles/Details/1496;https://mainehousegop.org/members/paul-reagan/,https://ballotpedia.org/Reagan_Paul;https://en.wikipedia.org/wiki/Reagan_Paul;https://justfacts.votesmart.org/candidate/biography/203764/reagan-paul;https://legislature.maine.gov/house/house/MemberProfiles/Details/1496;https://legislature.maine.gov/house/house/MemberProfiles/ListAlpha;https://mainehousegop.org/members/paul-reagan;https://reaganformaine.com/about;https://www.congressweb.com/aamft/legislators/info/mbr_id/3470,,,,,,,,,,,
ocd-person/4276be86-7dfa-4817-9792-52622b93ff40,Rick Bennett,Independent,18,upper,Rick,Bennett,Male,richard.bennett@legislature.maine.gov,,1963-05-24,,https://legislature.maine.gov/uploads/visual_edit/bennett-5x7.jpg,https://legislature.maine.gov/District-19;https://legislature.maine.gov/District18;https://mesenategop.com/senator-rick-bennett/;https://mesenategop.com/your-senators/senator-rick-bennett/,https://ballotpedia.org/Richard_Bennett_(Maine);https://en.wikipedia.org/wiki/Richard_A._Bennett;https://justfacts.votesmart.org/candidate/biography/10747/rick-bennett;https://legislature.maine.gov/District-19;https://legislature.maine.gov/District18;https://legislature.maine.gov/uploads/visual_edit/130th-senate-contact-information-as-of-31221.xlsx;https://legislature.maine.gov/uploads/visual_edit/131-senator-contact-information-2.xlsx;https://mesenategop.com/your-senators/senator-rick-bennett;https://valueedgeadvisors.com/principals/ceo-richard-a-bennett;https://www.linkedin.com/in/richard-bennett-2148197,,,,,,,,,,,
ocd-person/6c313875-2dc9-4ef5-b869-c3cc0b7d5c97,Rick Mason,Republican,97,lower,Rick,Mason,Male,richard.mason@legislature.maine.gov,,,,https://legislature.maine.gov/house/house/Repository/MemberProfiles/00d3edf9-afa9-42a9-894e-6f123441a00b_MasonNEW.jpg,https://legislature.maine.gov/house/house/MemberProfiles/Details/158;https://mainehousegop.org/members/mason-richard/,https://ballotpedia.org/Richard_Mason;https://en.wikipedia.org/wiki/Rick_Mason;https://justfacts.votesmart.org/candidate/biography/176815/rick-mason;https://legislature.maine.gov/house/house/MemberProfiles/Details/158;https://legislature.maine.gov/house/house/MemberProfiles/ListAlpha;https://mainehousegop.org/members/mason-richard,,,,,,,,,,,
ocd-person/0f9ba178-89fb-439e-afa2-c327414d966d,Dick Campbell,Republican,19,lower,Dick,Campbell,Male,richard.campbell@legislature.maine.gov,,1949-08-25,,https://legislature.maine.gov/house/house/Repository/MemberProfiles/8be4f86f-6d8b-4193-a213-a97eb6b5ac5b_camprh.jpg,https://legislature.maine.gov/house/house/MemberProfiles/Details/21;https://mainehousegop.org/members/campbell-richard/,https://ballotpedia.org/Richard_Campbell_(Maine);https://en.wikipedia.org/wiki/Richard_H._Campbell;https://justfacts.votesmart.org/candidate/biography/6606/richard-campbell;https://legislature.maine.gov/house/house/MemberProfiles/Details/21;https://legislature.maine.gov/house/house/MemberProfiles/ListAlpha;https://mainehousegop.org/members/campbell-richard,,,,,,,,,,,
ocd-person/ec504278-9872-4842-a99c-80b31e563707,Dick Bradstreet,Republican,15,upper,Dick,Bradstreet,Male,dick.bradstreet@legislature.maine.gov,,,,https://legislature.maine.gov/house/house/Repository/MemberProfiles/25f23c49-eaab-420a-8fdd-b4d2afb931bc_bradrt.jpg,https://legislature.maine.gov/District15;https://legislature.maine.gov/house/house/MemberProfiles/Details/18;https://mesenategop.com/your-senators/senator-richard-bradstreet/,https://ballotpedia.org/Richard_Bradstreet;https://en.wikipedia.org/wiki/Richard_Bradstreet;https://justfacts.votesmart.org/candidate/biography/170234/dick-bradstreet;https://legislature.maine.gov/District15;https://legislature.maine.gov/house/house/MemberProfiles/Details/18;https://legislature.maine.gov/house/house/MemberProfiles/ListAlpha;https://mesenategop.com/your-senators/senator-richard-bradstreet;https://www.linkedin.com/in/dick-bradstreet-a184b056,,,,,,,,,,,
ocd-person/8292a538-3cda-492f-8686-da248f432df3,Bob Foley,Republican,145,lower,Bob,Foley,Male,robert.foley@legislature.maine.gov,,,,http://www.maine.gov/legis/house/photo128/folera.jpg,https://legislature.maine.gov/house/house/MemberProfiles/Details/64;https://mainehousegop.org/members/foley-robert/;https://www.maine.gov/legis/house/hsebios/folera.htm,https://ballotpedia.org/Robert_Foley;https://en.wikipedia.org/wiki/Robert_Foley_(American_politician);https://justfacts.votesmart.org/candidate/biography/151401/robert-foley;https://legislature.maine.gov/house/house/MemberProfiles/Details/64;https://mainehousegop.org/members/foley-robert;https://www.linkedin.com/in/robert-foley-64326732;https://www.maine.gov/legis/house/hsebios/folera.htm,,,,,,,,,,,
ocd-person/32f4600c-1bc1-4758-8d94-69878c863e00,Bob Nutting,Republican,66,lower,Bob,Nutting,Male,robert.nutting@legislature.maine.gov,,1947-03-18,,https://legislature.maine.gov/house/house/Repository/MemberProfiles/10857e45-bb21-4dfb-92af-ab7059898dbe_nuttrw.jpg,https://legislature.maine.gov/house/house/MemberProfiles/Details/218;https://mainehousegop.org/members/nutting-robert/;https://www.maine.gov/legis/house/hsebios/nuttrw.htm,https://ballotpedia.org/Robert_Nutting;https://en.wikipedia.org/wiki/Robert_Nutting_(politician);https://legislature.maine.gov/house/house/MemberProfiles/Details/218;https://legislature.maine.gov/house/house/MemberProfiles/ListAlpha;https://mainehousegop.org/members/nutting-robert;https://www.maine.gov/legis/house/dist_mem.htm;https://www.maine.gov/legis/house/hsebios/nuttrw.htm,,,,,,,,,,,
ocd-person/c76a67f9-4d87-4a73-8d89-eea7cd8a3a98,Roger Albert,Republican,2,lower,Roger,Albert,Male,roger.albert@legislature.maine.gov,,,,https://legislature.maine.gov/house/house/Repository/MemberProfiles/ce15102a-72b1-4d16-adcc-ec90fdd077e0_ALBERT.jpg,https://legislature.maine.gov/house/house/MemberProfiles/Details/1454;https://mainehousegop.org/members/albert-roger/,https://ballotpedia.org/Roger_Albert;https://en.wikipedia.org/wiki/Roger_Albert;https://legislature.maine.gov/house/house/MemberProfiles/Details/1454;https://legislature.maine.gov/house/house/MemberProfiles/ListAlpha;https://mainehousegop.org/members/albert-roger;https://www.linkedin.com/in/roger-c-albert-391010100,,,,,,,,,,,
ocd-person/df555146-b927-4268-b8cf-d3d7b0848b14,Rolf Olsen,Republican,86,lower,Rolf,Olsen,Male,rolf.olsen@legislature.maine.gov,,,,,https://legislature.maine.gov/house/house/MemberProfiles/Details/3128;https://mainehousegop.org/members/olsen-rolf/,https://ballotpedia.org/Rolf_Olsen_Jr.;https://en.wikipedia.org/wiki/Rolf_Olsen_(American_politician);https://legislature.maine.gov/house/house/MemberProfiles/Details/3128;https://mainehousegop.org/members/olsen-rolf;https://www.linkedin.com/in/rolf-olsen-41953aa,,,,,,,,,,,
ocd-person/6e471a24-9252-4c4d-aff6-a00c0c84604d,Russ White,Republican,13,lower,Russ,White,Male,russell.white@legislature.maine.gov,,,,https://i0.wp.com/mainehousegop.org/wp-content/uploads/2024/11/White_p.jpg?fit=600%2C800&ssl=1,https://legislature.maine.gov/house/house/MemberProfiles/Details/3108;https://mainehousegop.org/members/white-russell/,https://ballotpedia.org/Russell_White;https://en.wikipedia.org/wiki/Russell_White_(American_politician);https://justfacts.votesmart.org/candidate/biography/215808/russ-white;https://legislature.maine.gov/house/house/MemberProfiles/Details/3108;https://mainehousegop.org/members/white-russell;https://www.linkedin.com/in/russell-white-35aba564,,,,,,,,,,,
ocd-person/fa3e8ae3-757e-44fb-9451-6bf381d748ce,Russell Black,Republican,5,upper,Russell,Black,Male,russell.black@legislature.maine.gov,,,,https://legislature.maine.gov/uploads/visual_edit/black-5x7.jpg,https://legislature.maine.gov/District-17;https://legislature.maine.gov/District5;https://mesenategop.com/your-senators/senator-russell-black/,https://ballotpedia.org/Russell_Black;https://en.wikipedia.org/wiki/Russell_Black;https://justfacts.votesmart.org/candidate/biography/121044/russell-black;https://legislature.maine.gov/District-17;https://legislature.maine.gov/District5;https://legislature.maine.gov/uploads/visual_edit/130th-senate-contact-information-as-of-31221.xlsx;https://legislature.maine.gov/uploads/visual_edit/131-senator-contact-information-2.xlsx,,,,,,,,,,,
ocd-person/b890f601-0023-4d87-acf7-a4db5cbf2b62,Ryan Fecteau,Democratic,132,lower,Ryan,Fecteau,Male,ryan.fecteau@legislature.maine.gov,,1992-09-18,,https://legislature.maine.gov/house/house/Repository/MemberProfiles/af773fba-d491-4e93-8680-460d93e4a3aa_FecteauRNEW.jpg,https://legislature.maine.gov/house/house/MemberProfiles/Details/63;https://www.maine.gov/housedems/node/4087,https://ballotpedia.org/Ryan_Fecteau;https://en.wikipedia.org/wiki/Ryan_Fecteau;https://justfacts.votesmart.org/candidate/biography/151397/ryan-fecteau;https://legislature.maine.gov/house/house/MemberProfiles/Details/63;https://legislature.maine.gov/house/house/MemberProfiles/ListAlpha;https://www.linkedin.com/in/ryanfecteau;https://www.maine.gov/housedems/node/4087,,,,,,,,,,,
ocd-person/d91a8965-c40d-481f-af61-5acb9b953fd3,Sally Cluchey,Democratic,52,lower,Sally,Cluchey,Female,sally.cluchey@legislature.maine.gov,,,,https://legislature.maine.gov/house/house/Repository/MemberProfiles/c6886b51-5eda-49d0-b7ad-a5315555764c_SCLUCHEY.jpg,https://legislature.maine.gov/house/house/MemberProfiles/Details/1501;https://legislature.maine.gov/housedems/clucheys;https://legislature.maine.gov/housedems/clucheys/index.html;https://sallycluchey.com/;https://www.maine.gov/housedems/clucheys,https://ballotpedia.org/Sally_Cluchey;https://en.wikipedia.org/wiki/Sally_Cluchey;https://legislature.maine.gov/house/house/MemberProfiles/Details/1501;https://legislature.maine.gov/house/house/MemberProfiles/ListAlpha;https://legislature.maine.gov/housedems/clucheys;https://legislature.maine.gov/housedems/clucheys/index.html;https://sallycluchey.com;https://www.linkedin.com/in/sallycluchey;https://www.maine.gov/housedems/clucheys,,,,,,,,,,,
ocd-person/59c5505d-902d-4b6a-b3d5-8e036e640348,Sam Zager,Democratic,116,lower,Sam,Zager,Male,sam.zager@legislature.maine.gov,,,,https://legislature.maine.gov/house/house/Repository/MemberProfiles/b6cd2a0d-2b96-4103-a43b-bea5aef4a435_Zager.jpg,https://legislature.maine.gov/house/house/MemberProfiles/Details/1418;https://legislature.maine.gov/housedems/zagers/index.html;https://www.maine.gov/housedems/zagers,https://ballotpedia.org/Samuel_Zager;https://en.wikipedia.org/wiki/Samuel_Zager;https://legislature.maine.gov/house/house/MemberProfiles/Details/1418;https://legislature.maine.gov/house/house/MemberProfiles/ListAlpha;https://legislature.maine.gov/housedems/zagers/index.html;https://www.linkedin.com/in/sam-zager-5158605;https://www.maine.gov/housedems/zagers,,,,,,,,,,,
ocd-person/07984348-1057-4adf-9816-8407548bdb35,Scott Harriman,Democratic,94,lower,Scott,Harriman,Male,scott.harriman@legislature.maine.gov,,,,,https://legislature.maine.gov/house/MemberProfiles/Details/3141;https://www.maine.gov/housedems/node/4715,https://ballotpedia.org/Scott_Harriman;https://en.wikipedia.org/wiki/Scott_Harriman;https://justfacts.votesmart.org/candidate/biography/211233/scott-harriman;https://legislature.maine.gov/house/MemberProfiles/Details/3141;https://www.linkedin.com/in/harrimanscott;https://www.maine.gov/housedems/node/4715,,,,,,,,,,,
ocd-person/73dfc0b1-9ce4-4d8e-8119-1dc7396fbb2c,Scott Cyrway,Republican,16,upper,Scott,Cyrway,Male,scott.cyrway@legislature.maine.gov,,,,https://legislature.maine.gov/uploads/visual_edit/cyrway-5x7-1.jpg,https://legislature.maine.gov/District-16;https://legislature.maine.gov/District16;https://legislature.maine.gov/house/house/MemberProfiles/Details/1506;https://mainehousegop.org/members/cyrway-scott/;https://mesenategop.com/your-senators/scott-cyrway/;https://mesenategop.com/your-senators/senator-scott-cyrway/,https://ballotpedia.org/Scott_Cyrway;https://en.wikipedia.org/wiki/Scott_Cyrway;https://justfacts.votesmart.org/candidate/biography/155345/scott-cyrway;https://legislature.maine.gov/District-16;https://legislature.maine.gov/District16;https://legislature.maine.gov/house/house/MemberProfiles/Details/1506;https://legislature.maine.gov/uploads/visual_edit/130th-senate-contact-information-as-of-31221.xlsx;https://mainehousegop.org/members/cyrway-scott;https://mesenategop.com/your-senators/scott-cyrway,,,,,,,,,,,
ocd-person/9db9a9ba-552e-446f-b5a3-58f74596a115,Sean Faircloth,Democratic,24,lower,Sean,Faircloth,Male,sean.faircloth@legislature.maine.gov,,1960-05-23,,,https://legislature.maine.gov/house/house/MemberProfiles/Details/430;https://www.maine.gov/housedems/node/4205,https://ballotpedia.org/Sean_Faircloth;https://en.wikipedia.org/wiki/Sean_Faircloth;https://legislature.maine.gov/house/house/MemberProfiles/Details/430;https://www.linkedin.com/in/sean-faircloth-a1511a22;https://www.linkedin.com/in/sean-faircloth-b25155155;https://www.maine.gov/housedems/node/4205,,,,,,,,,,,
ocd-person/05a89099-12b0-46b5-9f6e-002e1e621583,Sharon Frost,Independent,58,lower,Sharon,Frost,Female,sharon.frost@legislature.maine.gov,,,,https://frost.mainecandidate.com/images/2105.jpg,https://legislature.maine.gov/house/house/MemberProfiles/Details/3117,https://ballotpedia.org/Sharon_Frost;https://en.wikipedia.org/wiki/Sharon_Frost;https://legislature.maine.gov/house/house/MemberProfiles/Details/3117,,,,,,,,,,,
ocd-person/7498179f-e3de-47b7-9aee-9abee716522a,Sheila Lyman,Republican,76,lower,Sheila,Lyman,Female,sheila.lyman@legislature.maine.gov,,,,https://legislature.maine.gov/house/house/Repository/MemberProfiles/07bd7878-b32c-4a23-b44a-9f56e3353fdf_LymanNEW.jpg,https://legislature.maine.gov/house/house/MemberProfiles/Details/1424;https://mainehousegop.org/members/lyman-sheila/,https://ballotpedia.org/Sheila_Lyman;https://en.wikipedia.org/wiki/Sheila_Lyman;https://justfacts.votesmart.org/candidate/192639/sheila-lyman;https://legislature.maine.gov/house/house/MemberProfiles/Details/1424;https://legislature.maine.gov/house/house/MemberProfiles/ListAlpha;https://mainehousegop.org/members/lyman-sheila;https://www.linkedin.com/in/sheila-lyman-b6019121b,,,,,,,,,,,
ocd-person/2c48b67e-10dd-4162-af2b-add94f3bc728,Shelley Rudnicki,Republican,67,lower,Shelley,Rudnicki,Female,shelley.rudnicki@legislature.maine.gov,,,,https://legislature.maine.gov/house/house/Repository/MemberProfiles/f5ef18ca-04bc-4226-a57d-0857e0087153_rudnicki.jpg,https://legislature.maine.gov/house/house/MemberProfiles/Details/1371;https://mainehousegop.org/members/rudnicki-shelley/,https://ballotpedia.org/Shelley_Rudnicki;https://en.wikipedia.org/wiki/Shelley_Rudnicki;https://legislature.maine.gov/house/house/MemberProfiles/Details/1371;https://legislature.maine.gov/house/house/MemberProfiles/ListAlpha;https://mainehousegop.org/members/rudnicki-shelley;https://www.linkedin.com/in/shelley-rudnicki-4948541a,,,,,,,,,,,
ocd-person/140459ab-ba63-410a-819c-aec28c2f2f66,Sophie Warren,Democratic,124,lower,Sophie,Warren,Female,sophia.warren@legislature.maine.gov,,,,https://legislature.maine.gov/house/house/Repository/MemberProfiles/cf752b53-787f-40ea-980b-165536a3a6c7_Warren.jpg,https://legislature.maine.gov/house/house/MemberProfiles/Details/1413,https://ballotpedia.org/Sophia_Warren;https://en.wikipedia.org/wiki/Sophia_Warren;https://legislature.maine.gov/house/house/MemberProfiles/Details/1413;https://legislature.maine.gov/house/house/MemberProfiles/ListAlpha;https://www.linkedin.com/in/sophiabaileywarren,,,,,,,,,,,
ocd-person/3439fe0c-fb43-4977-ac8c-1dd1f8f10e96,Stacey Guerin,Republican,4,upper,Stacey,Guerin,Female,stacey.guerin@legislature.maine.gov,,,,https://legislature.maine.gov/uploads/visual_edit/guerin-headshot-outdoors-rgb.jpg,https://legislature.maine.gov/District-10;https://legislature.maine.gov/District4;https://legislature.maine.gov/district4;https://mesenategop.com/your-senators/senator-stacey-guerin/,https://ballotpedia.org/Stacey_Guerin;https://en.wikipedia.org/wiki/Stacey_Guerin;https://justfacts.votesmart.org/candidate/biography/120954/stacey-guerin;https://legislature.maine.gov/District-10;https://legislature.maine.gov/district4;https://legislature.maine.gov/District4;https://legislature.maine.gov/uploads/visual_edit/130th-senate-contact-information-as-of-31221.xlsx;https://legislature.maine.gov/uploads/visual_edit/131-senator-contact-information-2.xlsx;https://mesenategop.com/your-senators/senator-stacey-guerin;https://www.linkedin.com/in/staceyguerin,,,,,,,,,,,
ocd-person/b060c143-2734-491d-b28f-f6e4e2c77cb8,Stacy Brenner,Democratic,30,upper,Stacy,Brenner,Female,stacy.brenner@legislature.maine.gov,,,,https://legislature.maine.gov/uploads/visual_edit/brenner-1022x1024.jpg,https://legislature.maine.gov/District-30;https://legislature.maine.gov/District30;https://legislature.maine.gov/district30;https://www.mainesenate.org/senator/senator/stacy-brenner/,https://ballotpedia.org/Stacy_Brenner;https://en.wikipedia.org/wiki/Stacy_Brenner;https://justfacts.votesmart.org/candidate/biography/192722/stacy-brenner;https://legislature.maine.gov/District-30;https://legislature.maine.gov/district30;https://legislature.maine.gov/District30;https://legislature.maine.gov/uploads/visual_edit/130th-senate-contact-information-as-of-31221.xlsx;https://legislature.maine.gov/uploads/visual_edit/131-senator-contact-information-2.xlsx;https://www.linkedin.com/in/stacy-brenner-64b4ba5;https://www.linkedin.com/in/stacy-brenner-6a4b3b253;https://www.mainesenate.org/senator/senator/stacy-brenner,,,,,,,,,,,
ocd-person/94645c8f-f06c-485e-b5fa-797e3590ea30,Steve Wood,Republican,92,lower,Steve,Wood,Male,stephen.wood@legislature.maine.gov,,1962-11-15,,https://legislature.maine.gov/house/house/Repository/MemberProfiles/1e90c36e-1b64-464a-8371-c4bb4bad5925_woodsj[1].jpg,https://legislature.maine.gov/house/house/MemberProfiles/Details/40;https://mainehousegop.org/members/wood-stephen/,https://ballotpedia.org/Stephen_Wood;https://en.wikipedia.org/wiki/Stephen_J._Wood;https://legislature.maine.gov/house/house/MemberProfiles/Details/40;https://legislature.maine.gov/house/house/MemberProfiles/ListAlpha;https://mainehousegop.org/members/wood-stephen,,,,,,,,,,,
ocd-person/4cd1a303-929b-43fe-b92c-1cca8a89d302,Steve Bishop,Republican,17,lower,Steve,Bishop,Male,steven.bishop@legislature.maine.gov,,,,https://bishopforus.com/wp-content/uploads/2024/03/Steve-Bishop-e1711465002356.jpeg,https://legislature.maine.gov/house/house/memberprofiles/Details/3110;https://mainehousegop.org/members/bishop-steve/,https://ballotpedia.org/Steven_Bishop;https://en.wikipedia.org/wiki/Steven_Bishop_(politician);https://legislature.maine.gov/house/house/memberprofiles/Details/3110;https://mainehousegop.org/members/bishop-steve,,,,,,,,,,,
ocd-person/fb8f35c6-65a4-42d0-9009-3def6dcc62cb,Steve Bunker,Democratic,75,lower,Steve,Bunker,Male,stephan.bunker@legislature.maine.gov,,,,https://dailybulldog.com/wp-content/uploads/2024/01/SteveB2-300x300.jpg,https://legislature.maine.gov/house/house/MemberProfiles/Details/3124;https://www.maine.gov/housedems/node/4081,https://ballotpedia.org/Stephan_Bunker;https://en.wikipedia.org/wiki/Stephan_Bunker;https://legislature.maine.gov/house/house/MemberProfiles/Details/3124;https://www.linkedin.com/in/stephan-bunker-19023a6b;https://www.maine.gov/housedems/node/4081,,,,,,,,,,,
ocd-person/7d5a163c-a37a-48be-9a3f-2e4b54e3fdd6,Steven Foster,Republican,32,lower,Steven,Foster,Male,steven.foster@legislature.maine.gov,,,,https://legislature.maine.gov/house/house/Repository/MemberProfiles/dc1e3209-322d-403d-b1b6-6290ee06199b_Foster.jpg,https://legislature.maine.gov/house/house/MemberProfiles/Details/1370;https://mainehousegop.org/members/foster-steven/,https://ballotpedia.org/Steven_Foster_(Maine);https://en.wikipedia.org/wiki/Steven_D._Foster;https://justfacts.votesmart.org/candidate/biography/181262/steven-foster;https://legislature.maine.gov/house/house/MemberProfiles/Details/1370;https://legislature.maine.gov/house/house/MemberProfiles/ListAlpha;https://mainehousegop.org/members/foster-steven;https://www.congressweb.com/aam/legislators/info/mbr_id/3465,,,,,,,,,,,
ocd-person/2c0651f3-bbea-49c8-9da3-a713953ff4d8,Sue Bernard,Republican,1,upper,Sue,Bernard,Female,susan.bernard@legislature.maine.gov,,,,,https://legislature.maine.gov/DIstrict1;https://mesenategop.com/your-senators/susan-bernard/,https://ballotpedia.org/Susan_Bernard;https://en.wikipedia.org/wiki/Susan_Bernard_(politician);https://justfacts.votesmart.org/candidate/biography/192486/susan-bernard;https://legislature.maine.gov/DIstrict1;https://mesenategop.com/your-senators/susan-bernard;https://www.linkedin.com/in/sue-bernard-79b34068,,,,,,,,,,,
ocd-person/d43df0c7-0dfd-4640-9881-f37611c15830,Sue Salisbury,Democratic,128,lower,Sue,Salisbury,Female,suzanne.salisbury@legislature.maine.gov,,,,https://legislature.maine.gov/house/house/Repository/MemberProfiles/51e7366f-0985-40da-ad18-0933d15e2d99_SalisburyNEW.jpg,https://legislature.maine.gov/house/house/MemberProfiles/Details/1415;https://legislature.maine.gov/housedems/salisburys/index.html;https://www.maine.gov/housedems/salisburys,https://ballotpedia.org/Suzanne_Salisbury;https://en.wikipedia.org/wiki/Suzanne_Salisbury;https://justfacts.votesmart.org/candidate/biography/151493/sue-salisbury;https://legislature.maine.gov/house/house/MemberProfiles/Details/1415;https://legislature.maine.gov/house/house/MemberProfiles/ListAlpha;https://legislature.maine.gov/housedems/salisburys/index.html;https://www.linkedin.com/in/suesalisbury;https://www.maine.gov/housedems/salisburys,,,,,,,,,,,
ocd-person/444d3040-a7ee-4559-8d5f-bfc515617605,Tammy Schmersal-Burgess,Republican,77,lower,Tammy,Schmersal-Burgess,Female,tammy.schmersal-burgess@legislature.maine.gov,,,,https://legislature.maine.gov/house/house/Repository/MemberProfiles/c0bba107-42c6-442e-aea6-3cdc8e53c9eb_TBURGESS.jpg,https://legislature.maine.gov/house/house/MemberProfiles/Details/1483;https://mainehousegop.org/members/schmersal-burgess-tammy/,https://ballotpedia.org/Tammy_Schmersal-Burgess;https://en.wikipedia.org/wiki/Tammy_Schmersal-Burgess;https://legislature.maine.gov/house/house/MemberProfiles/Details/1483;https://legislature.maine.gov/house/house/MemberProfiles/ListAlpha;https://mainehousegop.org/members/schmersal-burgess-tammy,,,,,,,,,,,
ocd-person/194ff967-ad0b-4f2d-8cb7-ef1e062b235c,Tavis Hasenfus,Democratic,57,lower,Tavis,Hasenfus,Male,tavis.hasenfus@legislature.maine.gov,,,,https://legislature.maine.gov/house/house/Repository/MemberProfiles/7caf9ecd-04e1-4e00-b772-b38616cac2ab_HasenfusNEW.jpg,https://legislature.maine.gov/house/house/MemberProfiles/Details/1427;https://legislature.maine.gov/housedems/hasenfust/index.html;https://www.maine.gov/housedems/hasenfust,https://ballotpedia.org/Tavis_Hasenfus;https://justfacts.votesmart.org/candidate/192633/tavis-hasenfus;https://legislature.maine.gov/house/house/MemberProfiles/Details/1427;https://legislature.maine.gov/house/house/MemberProfiles/ListAlpha;https://legislature.maine.gov/housedems/hasenfust/index.html;https://www.linkedin.com/in/tavis-hasenfus-39a1a169;https://www.maine.gov/housedems/hasenfust,,,,,,,,,,,
ocd-person/0d692e7b-535a-498b-8072-a258806fecb4,Teresa Pierce,Democratic,25,upper,Teresa,Pierce,Female,teresa.pierce@legislature.maine.gov,,,,https://legislature.maine.gov/uploads/visual_edit/pierce-web-748x1024.jpg,https://legislature.maine.gov/District25;https://legislature.maine.gov/district25;https://legislature.maine.gov/house/house/MemberProfiles/Details/130;https://www.mainesenate.org/senator/senator/senator-teresa-pierce/,https://ballotpedia.org/Teresa_Pierce;https://en.wikipedia.org/wiki/Teresa_Pierce;https://legislature.maine.gov/district25;https://legislature.maine.gov/District25;https://legislature.maine.gov/house/house/MemberProfiles/Details/130;https://legislature.maine.gov/house/house/MemberProfiles/ListAlpha;https://legislature.maine.gov/uploads/visual_edit/131-senator-contact-information-2.xlsx;https://www.linkedin.com/in/teresa-pierce-a5649617;https://www.mainesenate.org/senator/senator/senator-teresa-pierce,,,,,,,,,,,
ocd-person/be3df38c-150a-4e3c-8c16-6e97bdbeadc4,Thomas Lavigne,Republican,148,lower,Thomas,Lavigne,Male,thomas.lavigne@legislature.maine.gov,,,,https://legislature.maine.gov/house/house/Repository/MemberProfiles/fc7494df-6e51-45a2-9716-43f8d0f0b162_LAVIGNE.jpg,https://legislature.maine.gov/house/house/MemberProfiles/Details/1472;https://mainehousegop.org/members/lavigne-thomas/,https://ballotpedia.org/Thomas_Lavigne;https://en.wikipedia.org/wiki/Thomas_Lavigne;https://legislature.maine.gov/house/house/MemberProfiles/Details/1472;https://legislature.maine.gov/house/house/MemberProfiles/ListAlpha;https://mainehousegop.org/members/lavigne-thomas;https://www.linkedin.com/in/thomas-lavigne-a34646162,,,,,,,,,,,
ocd-person/524f6cce-8333-442a-aff3-2e92bd9df894,Tiffany Roberts,Democratic,149,lower,Tiffany,Roberts,Female,tiffany.roberts@legislature.maine.gov,,,,https://legislature.maine.gov/house/house/Repository/MemberProfiles/524ac892-9d68-4268-8883-b94a2e993161_Roberts.jpg,https://legislature.maine.gov/house/house/MemberProfiles/Details/1385,https://ballotpedia.org/Tiffany_Roberts-Lovell;https://en.wikipedia.org/wiki/Tiffany_Roberts_(politician);https://justfacts.votesmart.org/candidate/biography/183643/tiffany-roberts;https://legislature.maine.gov/house/house/MemberProfiles/Details/1385;https://legislature.maine.gov/house/house/MemberProfiles/ListAlpha;https://www.maine.gov/housedems/robertst,,,,,,,,,,,
ocd-person/2ffd13d7-b22a-4bea-8bc0-eaa6c0a53c17,Tiffany Strout,Republican,11,lower,Tiffany,Strout,Female,tiffany.strout@legislature.maine.gov,,,,https://legislature.maine.gov/house/house/Repository/MemberProfiles/0cea9b69-973d-411d-bbd7-b5c6e1e6d559_TSTROUT.jpg,https://legislature.maine.gov/house/house/MemberProfiles/Details/1459;https://mainehousegop.org/members/strout-tiffany/,https://ballotpedia.org/Tiffany_Strout;https://en.wikipedia.org/wiki/Tiffany_Strout;https://legislature.maine.gov/house/house/MemberProfiles/Details/1459;https://legislature.maine.gov/house/house/MemberProfiles/ListAlpha;https://mainehousegop.org/members/strout-tiffany;https://www.linkedin.com/in/tiffany-strout-59921927,,,,,,,,,,,
ocd-person/2e5b6467-1014-4771-9aae-2c401029ed01,Timmy Guerrette,Republican,4,lower,Timmy,Guerrette,Male,timothy.guerrette@legislature.maine.gov,,,,https://legislature.maine.gov/house/house/Repository/MemberProfiles/140ecd56-dda0-495a-8f55-a372f209dcea_TGUERRETTE.jpg,https://legislature.maine.gov/house/house/MemberProfiles/Details/1456;https://mainehousegop.org/members/guerrette-timothy/,https://ballotpedia.org/Timothy_Guerrette;https://en.wikipedia.org/wiki/Timothy_Guerrette;https://justfacts.votesmart.org/candidate/biography/170032/timothy-guerrette;https://legislature.maine.gov/house/house/MemberProfiles/Details/1456;https://legislature.maine.gov/house/house/MemberProfiles/ListAlpha;https://mainehousegop.org/members/guerrette-timothy,,,,,,,,,,,
ocd-person/2715d740-16c6-49ec-9224-d3d9a24e47ee,Tim Nangle,Democratic,26,upper,Tim,Nangle,Male,timothy.nangle@legislature.maine.gov,,,,https://legislature.maine.gov/uploads/visual_edit/nangle.jpg,https://legislature.maine.gov/District26;https://legislature.maine.gov/district26;https://www.mainesenate.org/senator/senator/tim-nangle/,https://ballotpedia.org/Timothy_Nangle;https://en.wikipedia.org/wiki/Tim_Nangle;https://legislature.maine.gov/district26;https://legislature.maine.gov/District26;https://legislature.maine.gov/uploads/visual_edit/131-senator-contact-information-2.xlsx;https://www.linkedin.com/in/tim-nangle;https://www.mainesenate.org/senator/senator/tim-nangle,,,,,,,,,,,
ocd-person/10c768fb-c5ef-448e-9759-d76f6c313909,Traci Gere,Democratic,134,lower,Traci,Gere,Female,traci.gere@legislature.maine.gov,,,,https://legislature.maine.gov/house/house/Repository/MemberProfiles/593607d8-2dcf-4adc-8351-ebf61eeda842_Gere2021.jpg,https://legislature.maine.gov/house/house/MemberProfiles/Details/1408;https://legislature.maine.gov/housedems/geret/index.html;https://www.maine.gov/housedems/geret,https://ballotpedia.org/Traci_Gere;https://en.wikipedia.org/wiki/Traci_Gere;https://legislature.maine.gov/house/house/MemberProfiles/Details/1408;https://legislature.maine.gov/house/house/MemberProfiles/ListAlpha;https://legislature.maine.gov/housedems/geret/index.html;https://www.linkedin.com/in/traci-gere-7190341;https://www.maine.gov/housedems/geret,,,,,,,,,,,
ocd-person/3853d2fe-2580-4041-abb1-b4136172e9c0,Tracy Quint,Republican,8,lower,Tracy,Quint,Female,tracy.quint@legislature.maine.gov,,,,https://legislature.maine.gov/house/house/Repository/MemberProfiles/a2caf281-9523-418e-b5a2-1a0635438985_QuintNEW.jpg,https://legislature.maine.gov/house/house/MemberProfiles/Details/1443;https://legislature.maine.gov/house/MemberProfiles/Details/1443;https://mainehousegop.org/members/quint-tracy/,https://ballotpedia.org/Tracy_Quint;https://en.wikipedia.org/wiki/Tracy_Quint;https://justfacts.votesmart.org/candidate/biography/195351/tracy-quint;https://legislature.maine.gov/house/house/MemberProfiles/Details/1443;https://legislature.maine.gov/house/house/MemberProfiles/ListAlpha;https://legislature.maine.gov/house/MemberProfiles/Details/1443;https://mainehousegop.org/members/quint-tracy,,,,,,,,,,,
ocd-person/0842c8ba-66a3-4896-aede-def84a65605b,Valli Geiger,Democratic,42,lower,Valli,Geiger,Female,valli.geiger@legislature.maine.gov,,,,https://legislature.maine.gov/house/house/Repository/MemberProfiles/b7429307-4ee4-4919-b291-30007ac4f3d6_GeigerNEW.jpg,https://legislature.maine.gov/house/house/MemberProfiles/Details/1430;https://legislature.maine.gov/housedems/geigerv/index.html;https://www.maine.gov/housedems/geigerv,https://ballotpedia.org/Valli_Geiger;https://en.wikipedia.org/wiki/Valli_Geiger;https://justfacts.votesmart.org/candidate/biography/192619/valli-geiger;https://legislature.maine.gov/house/house/MemberProfiles/Details/1430;https://legislature.maine.gov/house/house/MemberProfiles/ListAlpha;https://legislature.maine.gov/housedems/geigerv/index.html;https://www.linkedin.com/in/valli-geiger-10a76a46;https://www.maine.gov/housedems/geigerv,,,,,,,,,,,
ocd-person/6ec04f29-e02d-4c39-96e8-e9ed823437e7,Vicki Doudera,Democratic,41,lower,Vicki,Doudera,Female,vicki.doudera@legislature.maine.gov,,,,https://legislature.maine.gov/house/house/Repository/MemberProfiles/b23e405e-96d3-42e0-8cea-8c5bb8949003_Doudera.jpg,https://legislature.maine.gov/house/house/MemberProfiles/Details/1365,https://ballotpedia.org/Victoria_Doudera;https://en.wikipedia.org/wiki/Victoria_Doudera;https://justfacts.votesmart.org/candidate/biography/181250/victoria-doudera;https://legislature.maine.gov/house/house/MemberProfiles/Details/1365;https://legislature.maine.gov/house/house/MemberProfiles/ListAlpha,,,,,,,,,,,
ocd-person/3fbfa65e-661c-4b82-a754-9ae0c6956797,Ed Crockett,Independent,112,lower,Ed,Crockett,Male,ed.crockett@legislature.maine.gov,,,,https://legislature.maine.gov/house/house/Repository/MemberProfiles/ff383c77-b5c1-424d-9de3-1e8a5603b1c9_crockett.jpg,https://legislature.maine.gov/house/house/MemberProfiles/Details/1351,https://ballotpedia.org/W._Edward_Crockett;https://en.wikipedia.org/wiki/W._Edward_Crockett;https://legislature.maine.gov/house/house/MemberProfiles/Details/1351;https://legislature.maine.gov/house/house/MemberProfiles/ListAlpha;https://www.linkedin.com/in/ed-crockett-3ba03443,,,,,,,,,,,
ocd-person/7dea9101-48ec-4f1a-871e-a4f1c98b8914,Gerry Runte,Democratic,146,lower,Gerry,Runte,Male,gerry.runte@legislature.maine.gov,,,,https://legislature.maine.gov/house/house/Repository/MemberProfiles/a2caaeac-ae5a-4ffd-b7a6-45e1840bba4b_RUNTE.jpg,https://legislature.maine.gov/house/house/MemberProfiles/Details/1470;https://legislature.maine.gov/house/MemberProfiles/Details/1470;https://legislature.maine.gov/housedems/runte/index.html;https://www.maine.gov/housedems/runte,https://ballotpedia.org/Walter_Runte_Jr.;https://en.wikipedia.org/wiki/Walter_Runte;https://justfacts.votesmart.org/candidate/biography/203874/walter-runte;https://legislature.maine.gov/house/house/MemberProfiles/Details/1470;https://legislature.maine.gov/house/house/MemberProfiles/ListAlpha;https://legislature.maine.gov/house/MemberProfiles/Details/1470;https://legislature.maine.gov/housedems/runte/index.html;https://www.congressweb.com/bha/legislators/info/mbr_id/3579;https://www.linkedin.com/in/gerry-runte-4349b26;https://www.maine.gov/housedems/runte,,,,,,,,,,,
ocd-person/674df0e4-1997-4d43-b377-274485c0cd42,Wayne Farrin,Democratic,47,lower,Wayne,Farrin,Male,wayne.farrin@legislature.maine.gov,,,,https://i0.wp.com/lincolncountydemocrats.com/wp-content/uploads/Farrin-headshot.jpg?fit=400%2C400&ssl=1,https://legislature.maine.gov/house/house/MemberProfiles/Details/3115;https://www.maine.gov/housedems/node/4083,https://ballotpedia.org/Wayne_Farrin;https://en.wikipedia.org/wiki/Wayne_Farrin;https://justfacts.votesmart.org/candidate/biography/192626/wayne-farrin;https://legislature.maine.gov/house/house/MemberProfiles/Details/3115;https://www.linkedin.com/in/wayne-farrin-64a77133;https://www.maine.gov/housedems/node/4083,,,,,,,,,,,
ocd-person/8a75e2da-2389-4052-9592-1e607ba2dfc1,Wayne Parry,Republican,140,lower,Wayne,Parry,Male,wayne.parry@legislature.maine.gov,,1963-05-15,,https://legislature.maine.gov/house/house/Repository/MemberProfiles/64b98aaf-c97d-41c4-88d7-3139d1d72339_Parry.jpg,https://legislature.maine.gov/house/house/MemberProfiles/Details/124;https://mainehousegop.org/members/parry-wayne/,https://ballotpedia.org/Wayne_Parry;https://en.wikipedia.org/wiki/Wayne_Parry;https://justfacts.votesmart.org/candidate/biography/103647/wayne-parry;https://legislature.maine.gov/house/house/MemberProfiles/Details/124;https://legislature.maine.gov/house/house/MemberProfiles/ListAlpha;https://mainehousegop.org/members/parry-wayne,,,,,,,,,,,
ocd-person/76a9907f-f257-4621-b176-8e911bb8cf35,Will Tuell,Republican,10,lower,Will,Tuell,Male,william.tuell@legislature.maine.gov,,,,,https://legislature.maine.gov/house/house/MemberProfiles/Details/49;https://mainehousegop.org/members/tuell-william/,https://ballotpedia.org/William_Tuell;https://en.wikipedia.org/wiki/William_Tuell;https://justfacts.votesmart.org/candidate/biography/149293/will-tuell;https://legislature.maine.gov/house/house/MemberProfiles/Details/49;https://mainehousegop.org/members/tuell-william,,,,,,,,,,,
ocd-person/30ae681d-e01b-4305-9c6e-60df2e62b49b,Bill Pluecker,Independent,44,lower,Bill,Pluecker,Male,bill.pluecker@legislature.maine.gov,,,,https://legislature.maine.gov/house/house/Repository/MemberProfiles/592ffe4b-8d79-4017-bf5c-d39d0730d8aa_pluecker.jpg,https://legislature.maine.gov/house/house/MemberProfiles/Details/1383;https://legislature.maine.gov/representative-bill-pluecker;https://www.mainelegislature.org/house/house/MemberProfiles/Details/1383,https://ballotpedia.org/William_Pluecker;https://billpluecker.com;https://en.wikipedia.org/wiki/William_Pluecker;https://justfacts.votesmart.org/candidate/biography/183608/bill-pluecker;https://legislature.maine.gov/house/house/MemberProfiles/Details/1383;https://legislature.maine.gov/house/house/MemberProfiles/ListAlpha;https://legislature.maine.gov/representative-bill-pluecker;https://www.mainelegislature.org/house/house/MemberProfiles/Details/1383,,,,,,,,,,,
ocd-person/44cd2c44-aa58-4129-bc5f-eefc64bf836f,Bill Bridgeo,Democratic,60,lower,Bill,Bridgeo,Male,william.bridgeo@legislature.maine.gov,,,,https://legislature.maine.gov/house/house/Repository/MemberProfiles/3f618227-f773-43c5-9a0e-d081871faa0e_WBRIDGEO.jpg,https://legislature.maine.gov/house/house/MemberProfiles/Details/1504;https://legislature.maine.gov/housedems/bridgeo;https://legislature.maine.gov/housedems/bridgeo/index.html;https://www.maine.gov/housedems/bridgeo,https://ballotpedia.org/William_Bridgeo;https://bridgeo.mainecandidate.com;https://en.wikipedia.org/wiki/William_Bridgeo;https://legislature.maine.gov/house/house/MemberProfiles/Details/1504;https://legislature.maine.gov/house/house/MemberProfiles/ListAlpha;https://legislature.maine.gov/housedems/bridgeo;https://legislature.maine.gov/housedems/bridgeo/index.html;https://www.maine.gov/housedems/bridgeo,,,,,,,,,,,
ocd-person/17a906a0-129a-46f8-b12e-22910db55dbf,Yusuf Yusuf,Democratic,118,lower,Yusuf,Yusuf,Male,yusuf.yusuf@legislature.maine.gov,,,,https://images.squarespace-cdn.com/content/v1/5bca0b3d2727be3db78cf3a5/e4b97ccb-1fff-4f93-97de-366a951e649e/Yusuf+Yusuf.jpg?format=500w,https://legislature.maine.gov/house/house/MemberProfiles/Details/3137;https://www.maine.gov/housedems/node/4121,https://ballotpedia.org/Yusuf_Yusuf;https://en.wikipedia.org/wiki/Yusuf_Yusuf;https://justfacts.votesmart.org/candidate/biography/216027/yusuf-yusuf;https://legislature.maine.gov/house/house/MemberProfiles/Details/3137;https://www.maine.gov/housedems/node/4121,,,,,,,,,,,
