id,name,current_party,current_district,current_chamber,given_name,family_name,gender,email,biography,birth_date,death_date,image,links,sources,capitol_address,capitol_voice,capitol_fax,district_address,district_voice,district_fax,twitter,youtube,instagram,facebook,wikidata
ocd-person/09493dc0-a224-4cf6-a859-1384ffeda8a0,Aisha Gomez,Democratic-Farmer-Labor,62A,lower,Aisha,Gomez,Female,rep.aisha.gomez@house.mn.gov,,1981-07-22,,https://www.house.mn.gov/hinfo/memberimgls94/62A.gif?v=112221,https://www.house.mn.gov/members/profile/15531,https://ballotpedia.org/Aisha_Gomez;https://en.wikipedia.org/wiki/Aisha_Gomez;https://justfacts.votesmart.org/candidate/biography/183855/aisha-gomez;https://www.house.leg.state.mn.us/members/hmem.asp;https://www.house.mn.gov/members/profile/15531;https://www.linkedin.com/in/aisha-gomez-7011bb4a,,,,,,,,,,,
ocd-person/1a50d8e6-64c4-4c8f-87ee-dedde17c1c2c,Alex Falconer,Democratic-Farmer-Labor,49A,lower,Alex,Falconer,Male,rep.alex.falconer@house.mn.gov,,1980-08-30,,https://www.house.mn.gov/hinfo/memberimgls94/49A.gif?v=112221,https://www.house.mn.gov/members/profile/15630,https://ballotpedia.org/Alex_Falconer;https://en.wikipedia.org/wiki/Alex_Falconer_(American_politician);https://justfacts.votesmart.org/candidate/218820/alex-falconer;https://www.house.mn.gov/members/profile/15630;https://www.linkedin.com/in/alexanderfalconer,,,,,,,,,,,
ocd-person/c5f2a744-0a3e-481f-9224-e4d5a58b9c9d,Alice Mann,Democratic-Farmer-Labor,50,upper,Alice,Mann,Female,sen.alice.mann@senate.mn,,,,https://www.senate.mn/graphics/50Mann.jpg,https://www.senate.mn/members/member_bio.html?mem_id=1270,https://ballotpedia.org/Alice_Mann;https://en.wikipedia.org/wiki/Alice_Mann_(politician);https://justfacts.votesmart.org/candidate/biography/183826/alice-mann;https://www.senate.mn/api/members;https://www.senate.mn/members/member_bio.html?mem_id=1270,,,,,,,,,,,
ocd-person/5604b347-d9b5-40b6-844d-8bc5246283d3,Liish Kozlowski,Democratic-Farmer-Labor,8B,lower,Liish,Kozlowski,X,rep.alicia.kozlowski@house.mn.gov,,1988-01-12,,https://www.house.mn.gov/hinfo/memberimgls94/08B.gif?v=112221,https://www.house.mn.gov/members/profile/15595,https://ballotpedia.org/Alicia_Kozlowski;https://en.wikipedia.org/wiki/Alicia_Kozlowski;https://justfacts.votesmart.org/candidate/207774/liish-kozlowski;https://www.house.leg.state.mn.us/members/hmem.asp;https://www.house.mn.gov/members/profile/15595;https://www.linkedin.com/in/aliciakozlowski,,,,,,,,,,,
ocd-person/8300aa36-f818-4ae8-ad31-f9373e396e08,Amanda Hemmingsen-Jaeger,Democratic-Farmer-Labor,47,upper,Amanda,Hemmingsen-Jaeger,Female,sen.amanda.hemmingsen.jaeger@mnsenate.gov,,,,https://www.senate.mn/graphics/47Hemmingsen-Jaeger.jpg,https://www.house.mn.gov/members/profile/15620;https://www.senate.mn/members/member_bio.html?mem_id=1278,https://ballotpedia.org/Amanda_Hemmingsen-Jaeger;https://en.wikipedia.org/wiki/Amanda_Hemmingsen-Jaeger;https://justfacts.votesmart.org/candidate/biography/208047/amanda-hemmingsen-jaeger;https://www.house.leg.state.mn.us/members/hmem.asp;https://www.house.mn.gov/members/profile/15620;https://www.linkedin.com/in/amanda-hemmingsen-jaeger-b881a067;https://www.senate.mn/members/member_bio.html?mem_id=1278,,,,,,,,,,,
ocd-person/aabdca28-85ec-41e4-be90-726acaaa0cff,Andrew Mathews,Republican,27,upper,Andrew,Mathews,Male,sen.andrew.mathews@senate.mn,,,,https://www.senate.mn/graphics/15Mathews.jpg,https://www.senate.mn/members/member_bio.html?mem_id=1222,https://ballotpedia.org/Andrew_Mathews;https://en.wikipedia.org/wiki/Andrew_Mathews_(politician);https://justfacts.votesmart.org/candidate/biography/171355/andrew-mathews;https://www.linkedin.com/in/andrew-mathews-37619919;https://www.senate.mn/api/members;https://www.senate.mn/members/index.php;https://www.senate.mn/members/list.csv;https://www.senate.mn/members/member_bio.html?mem_id=1222,,,,,,,,,,,
ocd-person/bba68b5b-90ac-4465-bdd2-fdf23c33b87a,Andrew Myers,Republican,45A,lower,Andrew,Myers,Male,rep.andrew.myers@house.mn.gov,,1979-05-18,,https://www.house.mn.gov/hinfo/memberimgls94/45A.gif?v=112221,https://www.house.mn.gov/members/profile/15618,https://ballotpedia.org/Andrew_Myers;https://ballotpedia.org/Andrew_Myers_(Minnesota);https://en.wikipedia.org/wiki/Andrew_Myers_(Minnesota_politician);https://justfacts.votesmart.org/candidate/biography/194131/andrew-myers;https://www.house.leg.state.mn.us/members/hmem.asp;https://www.house.mn.gov/members/profile/15618;https://www.linkedin.com/in/andrew-myers-ab33a87,,,,,,,,,,,
ocd-person/3e1cd4f3-2c37-4531-b2cb-ca875c82d773,Andrew Lang,Republican,16,upper,Andrew,Lang,Male,sen.andrew.lang@senate.mn,,,,https://www.senate.mn/graphics/16Lang.jpg,https://www.senate.mn/members/member_bio.html?mem_id=1223,https://ballotpedia.org/Andrew_Lang;https://en.wikipedia.org/wiki/Andrew_Lang_(Minnesota_politician);https://justfacts.votesmart.org/candidate/biography/171360/andrew-lang;https://www.senate.mn/api/members;https://www.senate.mn/members/index.php;https://www.senate.mn/members/list.csv;https://www.senate.mn/members/member_bio.html?mem_id=1223,,,,,,,,,,,
ocd-person/41cf59c9-a2c3-442d-85f1-7d6ec8de1a97,Andy Smith,Democratic-Farmer-Labor,25B,lower,Andy,Smith,Male,rep.andy.smith@house.mn.gov,,1991-05-24,,https://www.house.mn.gov/hinfo/memberimgls94/25B.gif?v=112221,https://www.house.mn.gov/members/profile/15606,https://ballotpedia.org/Andrew_Smith_(Minnesota_House_District_25B_candidate);https://ballotpedia.org/Andy_Smith_(Minnesota);https://en.wikipedia.org/wiki/Andy_Smith_(Minnesota_politician);https://justfacts.votesmart.org/candidate/biography/208017/andrew-smith;https://www.house.leg.state.mn.us/members/hmem.asp;https://www.house.mn.gov/members/profile/15606,,,,,,,,,,,
ocd-person/ec588921-873b-4335-8fa1-2e3485008d3e,Ann Rest,Democratic-Farmer-Labor,43,upper,Ann,Rest,Female,sen.ann.rest@senate.mn,,1942-04-24,,https://www.senate.mn/graphics/43Rest.jpg,https://www.senate.mn/members/member_bio.html?mem_id=1051,https://ballotpedia.org/Ann_Rest;https://en.wikipedia.org/wiki/Ann_Rest;https://justfacts.votesmart.org/candidate/biography/3841/ann-rest;https://www.google.com/url?sa=t&rct=j&q=&esrc=s&source=web&cd=&ved=2ahUKEwiH-o_buqH8AhVcDkQIHf27BTUQFnoECBwQAQ&url=https%3A%2F%2Fwww.lrl.mn.gov%2Flegdb%2Ffulldetail%3Fid%3D10558&usg=AOvVaw1C1mauRjiid2O4kS3-BNW-;https://www.linkedin.com/in/ann-rest-02760516;https://www.senate.mn/api/members;https://www.senate.mn/members/index.php;https://www.senate.mn/members/list.csv;https://www.senate.mn/members/member_bio.html?mem_id=1051,,,,,,,,,,,
ocd-person/4749e0fb-4f41-46e3-a8b4-19fdbbbde113,Ann Johnson Stewart,Democratic-Farmer-Labor,45,upper,Ann,Johnson Stewart,Female,sen.ann.johnson.stewart@senate.mn,,1964-07-27,,https://www.senate.mn/graphics/45Johnson_Stewart.jpg,https://www.senate.mn/members/member_bio.html?mem_id=1243;https://www.senate.mn/members/member_bio.html?member_id=1243,https://ballotpedia.org/Ann_Johnson_Stewart;https://en.wikipedia.org/wiki/Ann_Johnson_Stewart;https://justfacts.votesmart.org/candidate/biography/194078/ann-johnson-stewart;https://www.linkedin.com/in/ann-johnson-stewart-1973a67;https://www.senate.mn/api/members;https://www.senate.mn/members/index.php;https://www.senate.mn/members/list.csv;https://www.senate.mn/members/member_bio.html?member_id=1243,,,,,,,,,,,
ocd-person/8c85da58-235b-4769-be5f-dcf5b7c66c75,Anquam Mahamoud,Democratic-Farmer-Labor,62B,lower,Anquam,Mahamoud,Female,rep.anquam.mahamoud@house.mn.gov,,,,https://www.house.mn.gov/hinfo/memberimgls94/62B.gif?v=112221,https://www.house.mn.gov/members/profile/15639;https://www.lrl.mn.gov/legdb/fulldetail?ID=15639,https://ballotpedia.org/Anquam_Mahamoud;https://en.wikipedia.org/wiki/Anquam_Mahamoud;https://justfacts.votesmart.org/candidate/biography/218855/anquam-mahamoud;https://www.house.mn.gov/members/profile/15639;https://www.linkedin.com/in/anquam-mahamoud;https://www.lrl.mn.gov/legdb/fulldetail?ID=15639,,,,,,,,,,,
ocd-person/20c89480-8cde-4106-8b3d-54183371960a,Aric Putnam,Democratic-Farmer-Labor,14,upper,Aric,Putnam,Male,sen.aric.putnam@senate.mn,,1972-07-07,,https://www.senate.mn/graphics/14PutnamAric.jpg,https://www.senate.mn/members/member_bio.html?mem_id=1249,https://ballotpedia.org/Aric_Putnam;https://en.wikipedia.org/wiki/Aric_Putnam;https://justfacts.votesmart.org/candidate/171487/aric-putnam;https://www.linkedin.com/in/aric-putnam-51792779;https://www.senate.mn/api/members;https://www.senate.mn/members/index.php;https://www.senate.mn/members/list.csv;https://www.senate.mn/members/member_bio.html?mem_id=1249,,,,,,,,,,,
ocd-person/9f56bc31-f522-4e29-af62-cdc616babc88,Athena Hollins,Democratic-Farmer-Labor,66B,lower,Athena,Hollins,Female,rep.athena.hollins@house.mn.gov,,1983-10-18,,https://www.house.mn.gov/hinfo/memberimgls94/66B.gif?v=112221,https://www.house.leg.state.mn.us/members/profile/15553;https://www.house.mn.gov/members/profile/15553,https://ballotpedia.org/Athena_Hollins;https://en.wikipedia.org/wiki/Athena_Hollins;https://justfacts.votesmart.org/candidate/194059/athena-hollins;https://www.house.leg.state.mn.us/members/hmem.asp;https://www.house.mn.gov/members/profile/15553;https://www.linkedin.com/in/athena-hollins-93573943,,,,,,,,,,,
ocd-person/f8d52f8b-1b8c-454d-87be-42edd3100511,Ben Bakeberg,Republican,54B,lower,Ben,Bakeberg,Male,rep.ben.bakeberg@house.mn.gov,,1978-07-15,,https://www.house.mn.gov/hinfo/memberimgls94/54B.gif?v=112221,https://www.house.mn.gov/members/profile/15569,https://ballotpedia.org/Ben_Bakeberg;https://benbakebergmn.com/about;https://en.wikipedia.org/wiki/Ben_Bakeberg;https://justfacts.votesmart.org/candidate/biography/208061/ben-bakeberg;https://www.benbakebergmn.com/about;https://www.house.leg.state.mn.us/members/hmem.asp;https://www.house.mn.gov/members/profile/15569;https://www.linkedin.com/in/ben-bakeberg-53883610b,,,,MN,612-433-3696,,,,,,
ocd-person/f5597924-50c0-4bfc-bd63-3d3b814274f8,Ben Davis,Republican,6A,lower,Ben,Davis,Male,rep.ben.davis@house.mn.gov,,1977-05-24,,https://www.house.mn.gov/hinfo/memberimgls94/06A.gif?v=112221,https://www.house.mn.gov/members/profile/15594,https://ballotpedia.org/Ben_Davis;https://en.wikipedia.org/wiki/Ben_Davis_(Minnesota_politician);https://justfacts.votesmart.org/candidate/207769/ben-davis;https://www.house.leg.state.mn.us/members/hmem.asp;https://www.house.mn.gov/members/profile/15594,,,,,,,,,,,
ocd-person/354e366b-b9b5-46b4-b9ce-f3d96f508ceb,Bernie Perryman,Republican,14A,lower,Bernie,Perryman,Female,rep.bernie.perryman@house.mn.gov,,1959-01-08,,https://www.house.mn.gov/hinfo/memberimgls94/14A.gif?v=112221,https://www.house.mn.gov/members/profile/15599,https://ballotpedia.org/Bernie_Perryman;https://en.wikipedia.org/wiki/Bernie_Perryman;https://www.house.leg.state.mn.us/members/hmem.asp;https://www.house.mn.gov/members/profile/15599;https://www.linkedin.com/in/bernie-perryman-452aba38,,,,MN,320-292-5960,,,,,,
ocd-person/971431ad-1fdb-49e5-9cf0-57cfff1645a8,Bianca Virnig,Democratic-Farmer-Labor,52B,lower,Bianca,Virnig,Female,rep.bianca.virnig@house.mn.gov,,,,https://www.house.mn.gov/hinfo/memberimgls94/52B.gif?v=112221,https://www.house.mn.gov/members/profile/15625,https://ballotpedia.org/Bianca_Ward_Virnig;https://en.wikipedia.org/wiki/Bianca_Virnig;https://justfacts.votesmart.org/candidate/biography/212785/bianca-virnig;https://www.biancavirnig.com/about-5;https://www.house.mn.gov/members/profile/15625;https://www.linkedin.com/in/bianca-w-1ba9773,,,,,,,,,,,
ocd-person/8a84172a-6b96-4b28-a9ab-bf11625528a3,Bidal Duran,Republican,2A,lower,Bidal,Duran,Male,rep.bidal.duran@house.mn.gov,,1985-07-16,,https://www.house.mn.gov/hinfo/memberimgls94/02A.gif?v=112221,https://www.house.mn.gov/members/profile/15629,https://ballotpedia.org/Bidal_Duran;https://en.wikipedia.org/wiki/Bidal_Duran_Jr.;https://justfacts.votesmart.org/candidate/biography/218702/bidal-duran-jr;https://www.house.mn.gov/members/profile/15629;https://www.linkedin.com/in/bidal-duran-b7969048,,,,,,,,,,,
ocd-person/05fb3c26-0704-49c8-8eb6-8c624b752434,Bill Lieske,Republican,58,upper,Bill,Lieske,Male,sen.bill.lieske@senate.mn,,,,https://www.senate.mn/graphics/58Lieske.jpg,https://www.senate.mn/members/member_bio.html?mem_id=1272;https://www.senate.mn/members/member_bio.html?member_id=1272,https://ballotpedia.org/Bill_Lieske;https://en.wikipedia.org/wiki/Bill_Lieske;https://justfacts.votesmart.org/candidate/207872/bill-lieske;https://www.senate.mn/api/members;https://www.senate.mn/members/member_bio.html?mem_id=1272;https://www.senate.mn/members/member_bio.html?member_id=1272,,,,,,,,,,,
ocd-person/f839da78-1e9c-4e4b-b1d7-d203970ec6b2,Bill Weber,Republican,21,upper,Bill,Weber,Male,sen.bill.weber@senate.mn,,1956-04-03,,https://www.senate.mn/graphics/22Weber.jpg,https://www.senate.mn/members/member_bio.html?mem_id=1199,https://ballotpedia.org/Bill_Weber;https://en.wikipedia.org/wiki/Bill_Weber_(Minnesota_politician);https://en.wikipedia.org/wiki/Bill_Weber_(politician);https://justfacts.votesmart.org/candidate/68614/bill-weber;https://justfacts.votesmart.org/candidate/biography/68614/bill-weber;https://www.linkedin.com/in/bill-weber-63134a62;https://www.senate.mn/api/members;https://www.senate.mn/members/index.php;https://www.senate.mn/members/list.csv;https://www.senate.mn/members/member_bio.html?mem_id=1199,,,,,,,,,,,
ocd-person/ad3245d1-b310-4d50-8290-e642d078f661,Bjorn Olson,Republican,22A,lower,Bjorn,Olson,Male,rep.bjorn.olson@house.mn.gov,,1991-01-13,,https://www.house.mn.gov/hinfo/memberimgls94/22A.gif?v=112221,https://www.house.mn.gov/members/profile/15544,https://ballotpedia.org/Bjorn_Olson;https://en.wikipedia.org/wiki/Bjorn_Olson;https://justfacts.votesmart.org/candidate/biography/194224/bjorn-olson;https://www.house.leg.state.mn.us/members/hmem.asp;https://www.house.mn.gov/members/profile/15544,,,,,,,,,,,
ocd-person/fe6a11bc-199d-467e-9447-3999c8250490,Bobbie Harder,Republican,17B,lower,Bobbie,Harder,Female,rep.bobbie.harder@house.mn.gov,,,,https://www.house.mn.gov/hinfo/memberimgls94/17B.gif?v=112221,https://www.house.mn.gov/members/profile/15601,https://ballotpedia.org/Bobbie_Harder;https://en.wikipedia.org/wiki/Bobbie_Harder;https://justfacts.votesmart.org/candidate/biography/159993/bobbie-harder;https://www.house.leg.state.mn.us/members/hmem.asp;https://www.house.mn.gov/members/profile/15601,,,,,,,,,,,
ocd-person/c7436be4-472a-4d5e-82f5-f46359395d3a,Bobby Joe Champion,Democratic-Farmer-Labor,59,upper,Bobby Joe,Champion,Male,sen.bobby.champion@senate.mn,,1963-12-17,,https://www.senate.mn/graphics/59Champion.jpg,https://www.senate.mn/members/member_bio.html?mem_id=1212;https://www.thechampion4change.com/,https://ballotpedia.org/Bobby_Joe_Champion;https://champion4change.org;https://en.wikipedia.org/wiki/Bobby_Joe_Champion;https://justfacts.votesmart.org/candidate/biography/109081/bobby-joe-champion;https://www.senate.mn/api/members;https://www.senate.mn/members/index.php;https://www.senate.mn/members/list.csv;https://www.senate.mn/members/member_bio.html?mem_id=1212;https://www.thechampion4change.com;https://www.thechampion4change.com/about,,,,,,,,,,,
ocd-person/7536b66f-54fe-436e-ba03-83291c3c8d12,Bonnie Westlin,Democratic-Farmer-Labor,42,upper,Bonnie,Westlin,Female,sen.bwestlin@senate.mn,,,,https://www.senate.mn/graphics/42Westlin.jpg,https://www.senate.mn/members/member_bio.html?mem_id=1266,https://ballotpedia.org/Bonnie_Westlin;https://en.wikipedia.org/wiki/Bonnie_Westlin;https://justfacts.votesmart.org/candidate/biography/171396/bonnie-westlin;https://www.linkedin.com/in/bonniewestlin;https://www.senate.mn/api/members;https://www.senate.mn/members/member_bio.html?mem_id=1266,,,,,,,,,,,
ocd-person/05f634e6-f8d3-4983-9604-dfc8dddc574e,Brad Tabke,Democratic-Farmer-Labor,54A,lower,Brad,Tabke,Male,rep.brad.tabke@house.mn.gov,,1979-05-11,,https://www.house.mn.gov/hinfo/memberimgls94/54A.gif?v=112221,https://www.house.mn.gov/members/profile/15523,https://ballotpedia.org/Brad_Tabke;https://en.wikipedia.org/wiki/Brad_Tabke;https://justfacts.votesmart.org/candidate/biography/143691/brad-tabke;https://www.house.leg.state.mn.us/members/hmem.asp;https://www.house.mn.gov/members/profile/15523;https://www.linkedin.com/in/btabke,,,,,,,,,,,
ocd-person/372ff500-488c-4bf6-9557-6b5824c6e193,Brion Curran,Democratic-Farmer-Labor,36B,lower,Brion,Curran,X,rep.brion.curran@house.mn.gov,,1985-05-27,,https://www.house.mn.gov/hinfo/memberimgls94/36B.gif?v=112221,https://www.house.mn.gov/members/profile/15614,https://ballotpedia.org/Brion_Curran;https://en.wikipedia.org/wiki/Brion_Curran;https://justfacts.votesmart.org/candidate/biography/208034/brion-curran;https://www.house.leg.state.mn.us/members/hmem.asp;https://www.house.mn.gov/members/profile/15614;https://www.linkedin.com/in/bmc0000,,,,,,,,,,,
ocd-person/b135d3fd-c3cd-4bb5-a0b8-eefef669aada,Bryan Lawrence,Republican,27B,lower,Bryan,Lawrence,Male,rep.bryan.lawrence@house.mn.gov,,1970-06-28,,https://www.house.mn.gov/hinfo/memberimgls94/27B.gif?v=112221,https://www.house.mn.gov/members/profile/15626,https://ballotpedia.org/Bryan_Lawrence;https://en.wikipedia.org/wiki/Bryan_Lawrence_(politician);https://justfacts.votesmart.org/candidate/biography/13459/bryan-lawrence;https://www.house.mn.gov/members/profile/15626,,,,,,,,,,,
ocd-person/57b9021d-f5b7-4f80-a82d-a93ca9a123d0,Cal Bahr,Republican,31,upper,Cal,Bahr,Male,sen.cal.bahr@senate.mn,,1962-07-17,,https://www.senate.mn/graphics/31Bahr.jpg,https://www.senate.mn/members/member_bio.html?mem_id=1261,https://ballotpedia.org/Calvin_Bahr;https://en.wikipedia.org/wiki/Cal_Bahr;https://justfacts.votesmart.org/candidate/biography/171539/cal-bahr;https://www.house.leg.state.mn.us/members/hmem.asp;https://www.linkedin.com/in/calvin-bahr-b92b9446;https://www.senate.mn/api/members;https://www.senate.mn/members/member_bio.html?mem_id=1261,,,,,,,,,,,
ocd-person/0fcdf023-48a4-4f62-92d0-0be6715bf229,Cal Warwas,Republican,7B,lower,Cal,Warwas,Male,rep.cal.warwas@house.mn.gov,,1976-09-01,,https://www.house.mn.gov/hinfo/memberimgls94/07B.gif?v=112221,https://www.house.mn.gov/members/profile/15648;https://www.lrl.mn.gov/legdb/fulldetail?ID=15648,https://ballotpedia.org/Cal_Warwas;https://justfacts.votesmart.org/candidate/218714/cal-warwas;https://www.house.mn.gov/members/profile/15648;https://www.linkedin.com/in/cal-warwas-15460187;https://www.lrl.mn.gov/legdb/fulldetail?ID=15648,,,,,,,,,,,
ocd-person/69ac712d-4de2-448a-8b84-ef07b4c4e423,Carla Nelson,Republican,24,upper,Carla,Nelson,Female,sen.carla.nelson@senate.mn,,1957-05-22,,https://www.senate.mn/graphics/24Nelson.jpg,https://www.senate.mn/members/member_bio.html?mem_id=1178,https://ballotpedia.org/Carla_Nelson;https://en.wikipedia.org/wiki/Carla_Nelson;https://justfacts.votesmart.org/candidate/biography/38565/carla-nelson;https://www.linkedin.com/in/carla-nelson-1b182311;https://www.senate.mn/api/members;https://www.senate.mn/members/index.php;https://www.senate.mn/members/list.csv;https://www.senate.mn/members/member_bio.html?mem_id=1178,,,,,,,,,,,
ocd-person/bfa93ce5-99ed-4840-9d49-c3531a6e7742,Carlie Kotyza-Witthuhn,Democratic-Farmer-Labor,49B,lower,Carlie,Kotyza-Witthuhn,Female,rep.carlie.kotyza-witthuhn@house.mn.gov,,,,https://www.house.mn.gov/hinfo/memberimgls94/49B.gif?v=112221,https://www.house.mn.gov/members/profile/15515,https://ballotpedia.org/Carlie_Kotyza-Witthuhn;https://en.wikipedia.org/wiki/Carlie_Kotyza-Witthuhn;https://justfacts.votesmart.org/candidate/biography/183813/carlie-kotyza-witthuhn;https://www.house.leg.state.mn.us/members/hmem.asp;https://www.house.mn.gov/members/profile/15515;https://www.linkedin.com/in/carliekw,,,,,,,,,,,
ocd-person/31bf14e3-fcde-4b2f-b2c4-1dd47b9a260b,Cedrick Frazier,Democratic-Farmer-Labor,43A,lower,Cedrick,Frazier,Male,rep.cedrick.frazier@house.mn.gov,,1979-04-28,,https://www.house.mn.gov/hinfo/memberimgls94/43A.gif?v=112221,https://www.house.mn.gov/members/profile/15548,https://ballotpedia.org/Cedrick_Frazier;https://en.wikipedia.org/wiki/Cedrick_Frazier;https://justfacts.votesmart.org/candidate/biography/194187/cedrick-frazier;https://www.house.leg.state.mn.us/members/hmem.asp;https://www.house.mn.gov/members/profile/15548;https://www.linkedin.com/in/cedrick-r-frazier-m-a-j-d-80874ba;https://www.linkedin.com/in/cedrickfrazier,,,,,,,,,,,
ocd-person/ec1171fd-3b90-4137-b01d-041f905c642d,Cheryl Youakim,Democratic-Farmer-Labor,46B,lower,Cheryl,Youakim,Female,rep.cheryl.youakim@house.mn.gov,,1969-05-29,,https://www.house.mn.gov/hinfo/memberimgls94/46B.gif?v=112221,https://www.house.mn.gov/members/profile/15450,https://ballotpedia.org/Cheryl_Youakim;https://en.wikipedia.org/wiki/Cheryl_Youakim;https://justfacts.votesmart.org/candidate/152915/cheryl-youakim;https://www.house.leg.state.mn.us/members/hmem.asp;https://www.house.mn.gov/members/profile/15450;https://www.linkedin.com/in/cheryl-youakim-3ba07389,,,,,,,,,,,
ocd-person/d9abe93e-6eba-4658-a0cd-68610585606b,Chris Swedzinski,Republican,15A,lower,Chris,Swedzinski,Male,rep.chris.swedzinski@house.mn.gov,,1978-05-10,,https://www.house.mn.gov/hinfo/memberimgls94/15A.gif?v=112221,https://www.house.mn.gov/members/profile/15369,https://ballotpedia.org/Chris_Swedzinski;https://en.wikipedia.org/wiki/Chris_Swedzinski;https://www.house.leg.state.mn.us/members/hmem.asp;https://www.house.mn.gov/members/profile/15369,,,,MN,507-829-7754,,,,,,
ocd-person/9afffc3e-2fd8-404c-beeb-5bf3e17397ce,Clare Oumou Verbeten,Democratic-Farmer-Labor,66,upper,Clare,Oumou Verbeten,Female,sen.clare.oumou.verbeten@senate.mn,,1995-03-16,,https://www.senate.mn/graphics/66OumouVerbeten.jpg,https://www.senate.mn/members/member_bio.html?mem_id=1274,https://ballotpedia.org/Clare_Oumou_Verbeten;https://en.wikipedia.org/wiki/Clare_Oumou_Verbeten;https://justfacts.votesmart.org/candidate/biography/207890/clare-verbeten;https://www.linkedin.com/in/clareverbeten;https://www.senate.mn/api/members;https://www.senate.mn/members/member_bio.html?mem_id=1274,,,,,,,,,,,
ocd-person/4dc8ff31-159a-457a-9551-a897d222f87e,Scott Dibble,Democratic-Farmer-Labor,61,upper,Scott,Dibble,Male,sen.scott.dibble@senate.mn,,1965-08-27,,https://www.senate.mn/graphics/61Dibble.jpg,https://www.senate.mn/members/member_bio.html?mem_id=1010,https://ballotpedia.org/Scott_Dibble;https://en.wikipedia.org/wiki/Scott_Dibble_(politician);https://justfacts.votesmart.org/candidate/biography/54751/scott-dibble;https://www.linkedin.com/in/scott-dibble-b352585;https://www.senate.mn/api/members;https://www.senate.mn/members/index.php;https://www.senate.mn/members/list.csv;https://www.senate.mn/members/member_bio.html?mem_id=1010,,,,,,,,,,,
ocd-person/57755948-5912-49c5-b8b7-65c110ae44d9,Dan Wolgamott,Democratic-Farmer-Labor,14B,lower,Dan,Wolgamott,Male,rep.dan.wolgamott@house.mn.gov,,1990-10-24,,https://www.house.mn.gov/hinfo/memberimgls94/14B.gif?v=112221,https://www.house.mn.gov/members/profile/15499,https://ballotpedia.org/Dan_Wolgamott;https://en.wikipedia.org/wiki/Dan_Wolgamott;https://justfacts.votesmart.org/candidate/biography/152827/dan-wolgamott;https://www.house.leg.state.mn.us/members/hmem.asp;https://www.house.mn.gov/members/profile/15499,,,,MN,320-828-2632,,,,,,
ocd-person/04242ba4-8fb4-4306-98d2-cae358d8e532,Danny Nadeau,Republican,34A,lower,Danny,Nadeau,Male,rep.danny.nadeau@house.mn.gov,,1965-05-15,,https://www.house.mn.gov/hinfo/memberimgls94/34A.gif?v=112221,https://www.house.mn.gov/members/profile/15612,https://ballotpedia.org/Danny_Nadeau;https://en.wikipedia.org/wiki/Danny_Nadeau;https://justfacts.votesmart.org/candidate/biography/208031/danny-nadeau;https://www.house.leg.state.mn.us/members/hmem.asp;https://www.house.mn.gov/members/profile/15612;https://www.linkedin.com/in/dannynadeau,,,,,,,,,,,
ocd-person/c0275aeb-e2ff-44c7-b4ab-cae4bf495d84,Dave Baker,Republican,16B,lower,Dave,Baker,Male,rep.dave.baker@house.mn.gov,,1962-03-27,,https://www.house.mn.gov/hinfo/memberimgls94/16B.gif?v=112221,https://www.house.mn.gov/members/profile/15429,https://ballotpedia.org/Dave_Baker_(Minnesota);https://en.wikipedia.org/wiki/Dave_Baker_(Minnesota_politician);https://justfacts.votesmart.org/candidate/biography/152840/dave-baker;https://www.house.leg.state.mn.us/members/hmem.asp;https://www.house.mn.gov/members/profile/15429;https://www.linkedin.com/in/dave-baker-61189217,,,,,,,,,,,
ocd-person/a8c6c773-371b-4df9-a57a-5d2565c7b876,Dave Pinto,Democratic-Farmer-Labor,64B,lower,Dave,Pinto,Male,rep.dave.pinto@house.mn.gov,,1972-04-12,,https://www.house.mn.gov/hinfo/memberimgls94/64B.gif?v=112221,https://www.house.mn.gov/members/profile/15444,https://ballotpedia.org/Dave_Pinto;https://en.wikipedia.org/wiki/Dave_Pinto;https://justfacts.votesmart.org/candidate/biography/152837/dave-pinto;https://www.house.leg.state.mn.us/members/hmem.asp;https://www.house.mn.gov/members/profile/15444;https://www.linkedin.com/in/davepinto,,,,,,,,,,,
ocd-person/0d187b4d-c15c-487e-9602-541bd7dd948a,David Gottfried,Democratic-Farmer-Labor,40B,lower,David,Gottfried,Male,rep.david.gottfried@house.mn.gov,,,,https://www.house.mn.gov/hinfo/memberimgls94/40B.gif?v=112221,https://www.house.mn.gov/members/profile/15650,https://ballotpedia.org/David_Gottfried;https://en.wikipedia.org/wiki/David_Gottfried_(politician);https://justfacts.votesmart.org/candidate/biography/220705/david-gottfried;https://www.house.mn.gov/members/profile/15650;https://www.linkedin.com/in/davidegottfried,,,,,,,,,,,
ocd-person/f4047f6d-971d-41be-bbce-e15dac5829ae,Dawn Gillman,Republican,17A,lower,Dawn,Gillman,Female,rep.dawn.gillman@house.mn.gov,,1973-10-08,,https://www.house.mn.gov/hinfo/memberimgls94/17A.gif?v=112221,https://www.house.mn.gov/members/profile/15600,https://ballotpedia.org/Dawn_Gillman;https://en.wikipedia.org/wiki/Dawn_Gillman;https://justfacts.votesmart.org/candidate/biography/207908/dawn-gillman;https://www.house.leg.state.mn.us/members/hmem.asp;https://www.house.mn.gov/members/profile/15600;https://www.linkedin.com/in/dawn-gillman-88349459,,,,,,,,,,,
ocd-person/2c27d592-c50b-45ae-b62a-ff657c828a5c,Doron Clark,Democratic-Farmer-Labor,60,upper,Doron,Clark,Male,sen.doron.clark@senate.mn,,1977-12-31,,https://www.senate.mn/graphics/60Clark.jpg,https://www.senate.mn/members/member_bio.html?mem_id=1275,https://ballotpedia.org/Doron_Clark;https://en.wikipedia.org/wiki/Doron_Clark;https://justfacts.votesmart.org/candidate/220698/doron-clark;https://www.linkedin.com/in/doronclark;https://www.senate.mn/members/member_bio.html?mem_id=1275,,,,,,,,,,,
ocd-person/7eb10c5c-1b6e-4ee2-9dac-589e3db32f49,Drew Roach,Republican,58B,lower,Drew,Roach,Male,rep.drew.roach@house.mn.gov,,1985-01-29,,https://www.house.mn.gov/hinfo/memberimgls94/58B.gif?v=112221,https://www.house.mn.gov/members/profile/15642;https://www.lrl.mn.gov/legdb/fulldetail?ID=15642,https://ballotpedia.org/Drew_Roach;https://en.wikipedia.org/wiki/Drew_Roach;https://justfacts.votesmart.org/candidate/biography/218845/drew-roach;https://www.house.mn.gov/members/profile/15642;https://www.lrl.mn.gov/legdb/fulldetail?ID=15642,,,,MN,612-296-4237,,,,,,
ocd-person/6652aa40-32c5-4430-bbf6-707a0b8a1f56,Duane Quam,Republican,24A,lower,Duane,Quam,Male,rep.duane.quam@house.mn.gov,,1960-07-02,,https://www.house.mn.gov/hinfo/memberimgls94/24A.gif?v=112221,https://www.house.mn.gov/members/profile/15366,https://ballotpedia.org/Duane_Quam;https://en.wikipedia.org/wiki/Duane_Quam;https://justfacts.votesmart.org/candidate/biography/123232/duane-quam;https://www.house.leg.state.mn.us/members/hmem.asp;https://www.house.mn.gov/members/profile/15366;https://www.linkedin.com/in/drquam,,,,,,,,,,,
ocd-person/f27e2742-5c0f-4dba-a37f-76592f91f6f0,Elliott Engen,Republican,36A,lower,Elliott,Engen,Male,rep.elliott.engen@house.mn.gov,,1998-10-06,,https://www.house.mn.gov/hinfo/memberimgls94/36A.gif?v=112221,https://www.house.mn.gov/members/profile/15613,https://ballotpedia.org/Elliott_Engen;https://en.wikipedia.org/wiki/Elliott_Engen;https://justfacts.votesmart.org/candidate/biography/194169/elliott-engen;https://www.house.leg.state.mn.us/members/hmem.asp;https://www.house.mn.gov/members/profile/15613;https://www.linkedin.com/in/elliott-engen-871543223,,,,,,,,,,,
ocd-person/f38e8115-610c-4e22-b9cb-80bd96311410,Emma Greenman,Democratic-Farmer-Labor,63B,lower,Emma,Greenman,Female,rep.emma.greenman@house.mn.gov,,,,https://www.house.mn.gov/hinfo/memberimgls94/63B.gif?v=112221,https://www.house.mn.gov/members/profile/15552,https://ballotpedia.org/Emma_Greenman;https://en.wikipedia.org/wiki/Emma_Greenman;https://justfacts.votesmart.org/candidate/biography/194130/emma-greenman;https://www.house.leg.state.mn.us/members/hmem.asp;https://www.house.mn.gov/members/profile/15552;https://www.linkedin.com/in/emmagreenman,,,,,,,,,,,
ocd-person/a9040c8f-56d4-4ad9-83f5-e6f1216e7a5e,Eric Lucero,Republican,30,upper,Eric,Lucero,Male,sen.eric.lucero@senate.mn,,,,https://www.senate.mn/graphics/30Lucero.jpg,https://www.senate.mn/members/member_bio.html?mem_id=1260,https://ballotpedia.org/Eric_Lucero_(Minnesota);https://en.wikipedia.org/wiki/Eric_Lucero;https://justfacts.votesmart.org/candidate/biography/152881/eric-lucero;https://www.house.leg.state.mn.us/members/hmem.asp;https://www.linkedin.com/in/ericlucero;https://www.senate.mn/api/members;https://www.senate.mn/members/member_bio.html?mem_id=1260,,,,,,,,,,,
ocd-person/f520232e-1086-4353-b904-9ff7a89ba5e8,Eric Pratt,Republican,54,upper,Eric,Pratt,Male,sen.eric.pratt@mnsenate.gov,,1964-01-23,,https://www.senate.mn/graphics/55Pratt.jpg,https://www.senate.mn/members/member_bio.html?mem_id=1210,https://ballotpedia.org/Eric_Pratt;https://en.wikipedia.org/wiki/Eric_Pratt;https://justfacts.votesmart.org/candidate/biography/140917/eric-pratt;https://www.linkedin.com/in/ericprattmn;https://www.senate.mn/api/members;https://www.senate.mn/members/index.php;https://www.senate.mn/members/list.csv;https://www.senate.mn/members/member_bio.html?mem_id=1210,,,,,,,,,,,
ocd-person/e62d342c-ae38-4607-88d7-3a7f3f7e248b,Erica Schwartz,Republican,18A,lower,Erica,Schwartz,Female,rep.erica.schwartz@house.mn.gov,,,,https://www.house.mn.gov/hinfo/memberimgls94/18A.gif?v=112221,https://www.house.mn.gov/members/profile/15644;https://www.lrl.mn.gov/legdb/fulldetail?ID=15644,https://ballotpedia.org/Erica_Schwartz;https://en.wikipedia.org/wiki/Erica_Schwartz_(politician);https://justfacts.votesmart.org/candidate/biography/218768/erica-schwartz;https://www.house.mn.gov/members/profile/15644;https://www.lrl.mn.gov/legdb/fulldetail?ID=15644,,,,,,,,,,,
ocd-person/5233b98b-0b6d-47c9-9fc0-9218a592f8d8,Erin Maye Quade,Democratic-Farmer-Labor,56,upper,Erin,Maye Quade,Female,sen.erin.mayequade@senate.mn,,1986-05-12,,https://www.senate.mn/graphics/56MayeQuade.jpg,https://erinmayequade.com/;https://www.senate.mn/members/member_bio.html?mem_id=1271,https://ballotpedia.org/Erin_Maye_Quade;https://en.wikipedia.org/wiki/Erin_Maye_Quade;https://erinmayequade.com;https://erinmayequade.com/meet-erin;https://www.linkedin.com/in/erin-maye-81547b7;https://www.senate.mn/api/members;https://www.senate.mn/members/member_bio.html?mem_id=1271,,,,,,,,,,,
ocd-person/0d6f7edf-eae0-441d-8089-84472ce1f36f,Erin Koegel,Democratic-Farmer-Labor,39A,lower,Erin,Koegel,Female,rep.erin.koegel@house.mn.gov,,1982-04-06,,https://www.house.mn.gov/hinfo/memberimgls94/39A.gif?v=112221,https://www.house.mn.gov/members/profile/15465,https://ballotpedia.org/Erin_Koegel;https://en.wikipedia.org/wiki/Erin_Koegel;https://justfacts.votesmart.org/candidate/biography/171555/erin-koegel;https://www.house.leg.state.mn.us/members/hmem.asp;https://www.house.mn.gov/members/profile/15465;https://www.linkedin.com/in/erinkoegel,,,,,,,,,,,
ocd-person/81828030-d1b8-4641-8692-8148fca58b28,Erin Murphy,Democratic-Farmer-Labor,64,upper,Erin,Murphy,Female,sen.erin.murphy@senate.mn,,1960-03-13,,https://www.senate.mn/graphics/64MurphyErin.jpg,https://www.senate.mn/members/member_bio.html?mem_id=1248,https://ballotpedia.org/Erin_Murphy_(Minnesota);https://en.wikipedia.org/wiki/Erin_Murphy_%28politician%29;https://en.wikipedia.org/wiki/Erin_Murphy_(Minnesota_politician);https://justfacts.votesmart.org/candidate/65842/erin-murphy;https://www.senate.mn/api/members;https://www.senate.mn/members/index.php;https://www.senate.mn/members/list.csv;https://www.senate.mn/members/member_bio.html?mem_id=1248,,,,,,,,,,,
ocd-person/b140f0d2-f803-4118-9c6c-72aa322ec3bb,Esther Agbaje,Democratic-Farmer-Labor,59B,lower,Esther,Agbaje,Female,rep.esther.agbaje@house.mn.gov,,1985-03-19,,https://www.house.mn.gov/hinfo/memberimgls94/59B.gif,https://www.house.mn.gov/members/profile/15551,https://ballotpedia.org/Esther_Agbaje;https://en.wikipedia.org/wiki/Esther_Agbaje;https://justfacts.votesmart.org/candidate/194194/esther-agbaje;https://www.house.leg.state.mn.us/members/hmem.asp;https://www.house.mn.gov/members/profile/15551;https://www.linkedin.com/in/esther-agbaje-b5b3158,,,,,,,,,,,
ocd-person/d0e94ca0-b600-4567-88ee-34a861ca38aa,Ethan Cha,Democratic-Farmer-Labor,47B,lower,Ethan,Cha,Male,rep.ethan.cha@house.mn.gov,,,,https://www.house.mn.gov/hinfo/memberimgls94/47B.gif?v=112221,https://www.house.mn.gov/members/profile/15621,https://ballotpedia.org/Ethan_Cha;https://en.wikipedia.org/wiki/Ethan_Cha;https://justfacts.votesmart.org/candidate/biography/208048/ethan-cha;https://www.house.leg.state.mn.us/members/hmem.asp;https://www.house.mn.gov/members/profile/15621,,,,,,,,,,,
ocd-person/5644f3f8-6394-4ab6-9619-7ab6702b37ea,Foung Hawj,Democratic-Farmer-Labor,67,upper,Foung,Hawj,Male,sen.foung.hawj@senate.mn,,,,https://www.senate.mn/graphics/67Hawj.jpg,https://www.senate.mn/members/member_bio.html?mem_id=1213,https://ballotpedia.org/Foung_Hawj;https://en.wikipedia.org/wiki/Foung_Hawj;https://justfacts.votesmart.org/candidate/biography/123032/foung-hawj;https://www.linkedin.com/in/foung-hawj-97985846;https://www.senate.mn/api/members;https://www.senate.mn/members/index.php;https://www.senate.mn/members/list.csv;https://www.senate.mn/members/member_bio.html?mem_id=1213,,,,,,,,,,,
ocd-person/d8da71a7-c99b-4510-8abc-2d8e78db3fff,Fue Lee,Democratic-Farmer-Labor,59A,lower,Fue,Lee,Male,rep.fue.lee@house.mn.gov,,1991-08-26,,https://www.house.mn.gov/hinfo/memberimgls94/59A.gif?v=112221,https://www.house.mn.gov/members/profile/15468,https://ballotpedia.org/Fue_Lee;https://en.wikipedia.org/wiki/Fue_Lee;https://justfacts.votesmart.org/candidate/biography/171626/fue-lee;https://www.house.leg.state.mn.us/members/hmem.asp;https://www.house.mn.gov/members/profile/15468;https://www.linkedin.com/in/fue-lee-69982853,,,,,,,,,,,
ocd-person/d1b377a1-8caa-4e37-999b-83ef8a1bf92c,Gary Dahms,Republican,15,upper,Gary,Dahms,Male,sen.gary.dahms@mnsenate.gov,,1947-01-14,,https://www.senate.mn/graphics/16Dahms.jpg,https://www.senate.mn/members/member_bio.html?mem_id=1174,https://ballotpedia.org/Gary_Dahms;https://en.wikipedia.org/wiki/Gary_Dahms;https://justfacts.votesmart.org/candidate/biography/111351/gary-dahms;https://www.linkedin.com/in/gary-dahms-3b289984;https://www.senate.mn/api/members;https://www.senate.mn/members/index.php;https://www.senate.mn/members/list.csv;https://www.senate.mn/members/member_bio.html?mem_id=1174,,,,,,,,,,,
ocd-person/d3857eb4-0ec5-4406-840a-e338aad6a238,Gene Dornink,Republican,23,upper,Gene,Dornink,Male,sen.gene.dornink@mnsenate.gov,,1962-12-30,,https://www.senate.mn/graphics/27DorninkGene.jpg,https://www.senate.mn/members/member_bio.html?mem_id=1250,https://ballotpedia.org/Gene_Dornink;https://en.wikipedia.org/wiki/Gene_Dornink;https://justfacts.votesmart.org/candidate/biography/171382/gene-dornink;https://www.senate.mn/api/members;https://www.senate.mn/members/index.php;https://www.senate.mn/members/list.csv;https://www.senate.mn/members/member_bio.html?mem_id=1250,,,,,,,,,,,
ocd-person/2cb0f6d7-006d-4f7a-a1a3-218eff6016aa,Ginny Klevorn,Democratic-Farmer-Labor,42B,lower,Ginny,Klevorn,Female,rep.ginny.klevorn@house.mn.gov,,,,https://www.house.mn.gov/hinfo/memberimgls94/42B.gif?v=112221,https://www.ginnyklevorn.com/;https://www.house.mn.gov/members/profile/15512,https://ballotpedia.org/Ginny_Klevorn;https://en.wikipedia.org/wiki/Ginny_Klevorn;https://justfacts.votesmart.org/candidate/biography/171580/ginny-klevorn;https://www.ginnyklevorn.com;https://www.ginnyklevorn.com/meet-ginny;https://www.house.leg.state.mn.us/members/hmem.asp;https://www.house.mn.gov/members/profile/15512,,,,,,,,,,,
ocd-person/7a52595e-fa21-4e21-88d6-b03e4d9f1f77,Glenn Gruenhagen,Republican,17,upper,Glenn,Gruenhagen,Male,sen.glenn.gruenhagen@senate.mn,,1952-02-01,,https://www.senate.mn/graphics/17Gruenhagen.jpg,https://www.senate.mn/members/member_bio.html?mem_id=1257,https://ballotpedia.org/Glenn_Gruenhagen;https://en.wikipedia.org/wiki/Glenn_Gruenhagen;https://justfacts.votesmart.org/candidate/biography/123208/glenn-gruenhagen;https://www.glenngruenhagen.com;https://www.house.leg.state.mn.us/members/hmem.asp;https://www.linkedin.com/in/glenn-gruenhagen-58110034;https://www.senate.mn/api/members;https://www.senate.mn/members/member_bio.html?mem_id=1257,,,,,,,,,,,
ocd-person/6a13cdd4-3646-4fe9-a2a3-5f1399c2c146,Grant Hauschild,Democratic-Farmer-Labor,3,upper,Grant,Hauschild,Male,sen.grant.hauschild@senate.mn,,,,https://www.senate.mn/graphics/03Hauschild.jpg,https://www.senate.mn/members/member_bio.html?mem_id=1252,https://ballotpedia.org/Grant_Hauschild_(Minnesota);https://en.wikipedia.org/wiki/Grant_Hauschild;https://justfacts.votesmart.org/candidate/biography/170724/grant-hauschild;https://www.linkedin.com/in/granthauschild;https://www.senate.mn/api/members;https://www.senate.mn/members/member_bio.html?mem_id=1252,,,,,,,,,,,
ocd-person/5bf21441-27fe-4f78-8fc1-83ca3ee5700d,Greg Davids,Republican,26B,lower,Greg,Davids,Male,rep.greg.davids@house.mn.gov,,1958-08-28,,https://www.house.mn.gov/hinfo/memberimgls94/26B.gif?v=112221,https://www.house.mn.gov/members/profile/10123,https://ballotpedia.org/Greg_Davids;https://en.wikipedia.org/wiki/Greg_Davids;https://justfacts.votesmart.org/candidate/biography/3761/greg-davids;https://www.house.leg.state.mn.us/members/hmem.asp;https://www.house.mn.gov/members/profile/10123,,,,,,,,,,,
ocd-person/371f41ef-a432-4880-950b-f3ac4b17d02f,Harry Niska,Republican,31A,lower,Harry,Niska,Male,rep.harry.niska@house.mn.gov,,,,https://www.house.mn.gov/hinfo/memberimgls94/31A.gif?v=112221,https://www.house.mn.gov/members/profile/15608,https://ballotpedia.org/Harry_Niska;https://en.wikipedia.org/wiki/Harry_Niska;https://justfacts.votesmart.org/candidate/biography/208024/harry-niska;https://www.house.leg.state.mn.us/members/hmem.asp;https://www.house.mn.gov/members/profile/15608;https://www.linkedin.com/in/harry-niska-6647847,,,,,,,,,,,
ocd-person/9411a121-c47d-431a-b407-88ff5c891c5f,Heather Gustafson,Democratic-Farmer-Labor,36,upper,Heather,Gustafson,Female,sen.heather.gustafson@senate.mn,,,,https://www.senate.mn/graphics/36Gustafson.jpg,https://www.senate.mn/members/member_bio.html?mem_id=1263,https://ballotpedia.org/Heather_Gustafson;https://en.wikipedia.org/wiki/Heather_Gustafson;https://justfacts.votesmart.org/candidate/biography/207838/heather-gustafson;https://www.senate.mn/api/members;https://www.senate.mn/members/member_bio.html?mem_id=1263,,,,,,,,,,,
ocd-person/3ace0851-830e-42a1-8390-27c1142f2367,Heather Keeler,Democratic-Farmer-Labor,4A,lower,Heather,Keeler,Female,rep.heather.keeler@house.mn.gov,,1981-12-18,,https://www.house.mn.gov/hinfo/memberimgls94/04A.gif?v=112221,https://www.house.mn.gov/members/profile/15539,https://ballotpedia.org/Heather_Keeler;https://en.wikipedia.org/wiki/Heather_Keeler;https://justfacts.votesmart.org/candidate/194060/heather-keeler;https://www.house.leg.state.mn.us/members/hmem.asp;https://www.house.mn.gov/members/profile/15539;https://www.linkedin.com/in/heather-keeler-1b3864121,,,,,,,,,,,
ocd-person/05831ea3-3480-4a57-a5ea-a1844a554301,Huldah Hiltsley,Democratic-Farmer-Labor,38A,lower,Huldah,Hiltsley,Female,rep.huldah.momanyi-hiltsley@house.mn.gov,,,,https://www.house.mn.gov/hinfo/memberimgls94/38A.gif?v=112221,https://www.house.mn.gov/members/profile/15634,https://ballotpedia.org/Huldah_Hiltsley;https://en.wikipedia.org/wiki/Huldah_Momanyi;https://justfacts.votesmart.org/candidate/biography/207843/huldah-momanyi-hiltsley;https://www.house.mn.gov/members/profile/15634;https://www.linkedin.com/in/hhiltsley,,,,MN,612-703-5729,,,,,,
ocd-person/a916d408-21ae-4eee-a2d7-c8019478f521,Isaac Schultz,Republican,10B,lower,Isaac,Schultz,Male,rep.isaac.schultz@house.mn.gov,,1991-03-11,,https://www.house.mn.gov/hinfo/memberimgls94/10B.gif?v=112221,https://www.house.mn.gov/members/profile/15597,https://ballotpedia.org/Isaac_Schultz;https://en.wikipedia.org/wiki/Isaac_Schultz;https://justfacts.votesmart.org/candidate/biography/207780/isaac-schultz;https://www.house.leg.state.mn.us/members/hmem.asp;https://www.house.mn.gov/members/profile/15597;https://www.linkedin.com/in/isaacschultz,,,,,,,,,,,
ocd-person/b6ea5e13-3aad-438c-bed0-749a9bff80c3,Jamie Long,Democratic-Farmer-Labor,61B,lower,Jamie,Long,Male,rep.jamie.long@house.mn.gov,,1981-12-19,,https://www.house.mn.gov/hinfo/memberimgls94/61B.gif?v=112221,https://www.house.mn.gov/members/profile/15529,https://ballotpedia.org/Jamie_Long;https://en.wikipedia.org/wiki/Jamie_Long;https://justfacts.votesmart.org/candidate/183847/jamie-long;https://www.house.leg.state.mn.us/members/hmem.asp;https://www.house.mn.gov/members/profile/15529;https://www.linkedin.com/in/jamiemlong,,,,,,,,,,,
ocd-person/f15c0d42-4380-4f9b-b66d-14ffe61e1a40,Jason Rarick,Republican,11,upper,Jason,Rarick,Male,sen.jason.rarick@mnsenate.gov,,1969-10-21,,https://www.senate.mn/graphics/11Rarick.jpg,https://www.mnsenaterepublicans.com/jason-rarick/;https://www.senate.mn/members/member_bio.html?mem_id=1240,https://ballotpedia.org/Jason_Rarick;https://en.wikipedia.org/wiki/Jason_Rarick;https://justfacts.votesmart.org/candidate/152816/jason-rarick;https://www.mnsenaterepublicans.com/jason-rarick;https://www.mnsenaterepublicans.com/jason-rarick/;https://www.senate.mn/api/members;https://www.senate.mn/members/index.php;https://www.senate.mn/members/list.csv;https://www.senate.mn/members/member_bio.html?mem_id=1240,,,,,,,,,,,
ocd-person/8892bfba-9b17-4378-8c85-f2d73d2b88ac,Jay Xiong,Democratic-Farmer-Labor,67B,lower,Jay,Xiong,Male,rep.jay.xiong@house.mn.gov,,,,https://www.house.mn.gov/hinfo/memberimgls94/67B.gif?v=112221,https://www.house.mn.gov/members/profile/15533,https://ballotpedia.org/Jay_Xiong;https://en.wikipedia.org/wiki/Jay_Xiong;https://justfacts.votesmart.org/candidate/biography/183862/jay-xiong;https://www.house.leg.state.mn.us/members/hmem.asp;https://www.house.mn.gov/members/profile/15533,,,,,,,,,,,
ocd-person/edcf7ea6-b735-46b3-9d50-fa189cda6e8d,Jeff Backer,Republican,9A,lower,Jeff,Backer,Male,rep.jeff.backer@house.mn.gov,,1967-01-03,,https://www.house.mn.gov/hinfo/memberimgls94/09A.gif?v=112221,https://www.house.mn.gov/members/profile/15428,https://ballotpedia.org/Jeff_Backer;https://en.wikipedia.org/wiki/Jeff_Backer;https://justfacts.votesmart.org/candidate/biography/122963/jeff-backer;https://www.house.leg.state.mn.us/members/hmem.asp;https://www.house.mn.gov/members/profile/15428;https://www.linkedin.com/in/jeff-backer-7381275a,,,,,,,,,,,
ocd-person/f6aa30f5-2e66-44ae-8de0-352c64ddafe8,Jeff Dotseth,Republican,11A,lower,Jeff,Dotseth,Male,rep.jeff.dotseth@house.mn.gov,,,,https://www.house.mn.gov/hinfo/memberimgls94/11A.gif?v=112221,https://www.house.mn.gov/members/profile/15598,https://ballotpedia.org/Jeff_Dotseth;https://en.wikipedia.org/wiki/Jeff_Dotseth;https://justfacts.votesmart.org/candidate/biography/183718/jeff-dotseth;https://www.house.leg.state.mn.us/members/hmem.asp;https://www.house.mn.gov/members/profile/15598;https://www.linkedin.com/in/jeff-dotseth-701b2411,,,,,,,,,,,
ocd-person/971dbd16-363f-4151-a75c-306746aec18e,Jeff Howe,Republican,13,upper,Jeff,Howe,Male,sen.jeff.howe@senate.mn,,1959-06-15,,https://www.senate.mn/graphics/13Howe.jpg,https://www.senate.mn/members/member_bio.html?mem_id=1239,https://ballotpedia.org/Jeff_Howe;https://en.wikipedia.org/wiki/Jeff_Howe;https://justfacts.votesmart.org/candidate/140969/jeff-howe;https://www.linkedin.com/in/jeff-howe-60987281;https://www.senate.mn/api/members;https://www.senate.mn/members/index.php;https://www.senate.mn/members/list.csv;https://www.senate.mn/members/member_bio.html?mem_id=1239,,,,,,,,,,,
ocd-person/72c6929c-a329-4613-99a0-5e339f5a045f,Jeff Witte,Republican,57B,lower,Jeff,Witte,Male,rep.jeff.witte@house.mn.gov,,1965-12-26,,https://www.house.mn.gov/hinfo/memberimgls94/57B.gif?v=112221,https://www.house.mn.gov/members/profile/15570,https://ballotpedia.org/Jeff_Witte_(Minnesota);https://en.wikipedia.org/wiki/Jeff_Witte;https://justfacts.votesmart.org/candidate/biography/208068/jeff-witte;https://www.house.leg.state.mn.us/members/hmem.asp;https://www.house.mn.gov/members/profile/15570;https://www.linkedin.com/in/jeff-witte-86755235,,,,,,,,,,,
ocd-person/8d0a69ec-1301-4df5-9676-86720555ea7c,Jen McEwen,Democratic-Farmer-Labor,8,upper,Jen,McEwen,Female,sen.jennifer.mcewen@senate.mn,,,,https://www.senate.mn/graphics/07McEwenJen.jpg,https://www.senate.mn/members/member_bio.html?mem_id=1241,https://ballotpedia.org/Jen_McEwen;https://en.wikipedia.org/wiki/Jen_McEwen;https://justfacts.votesmart.org/candidate/biography/194018/jen-mcewen;https://www.linkedin.com/in/jennifer-mcewen-aa13a6b8;https://www.senate.mn/api/members;https://www.senate.mn/members/index.php;https://www.senate.mn/members/list.csv;https://www.senate.mn/members/member_bio.html?mem_id=1241,,,,,,,,,,,
ocd-person/f0824aef-4692-46c8-bafa-f19a01a9d716,Jeremy Miller,Republican,26,upper,Jeremy,Miller,Male,sen.jeremy.miller@mnsenate.gov,,1983-02-09,,https://www.senate.mn/graphics/26Miller.jpg,https://www.senate.mn/members/member_bio.html?mem_id=1179,https://ballotpedia.org/Jeremy_Miller_(Minnesota);https://en.wikipedia.org/wiki/Jeremy_Miller_(politician);https://justfacts.votesmart.org/candidate/biography/122993/jeremy-miller;https://www.linkedin.com/in/jeremy-miller-2b39a9168;https://www.senate.mn/api/members;https://www.senate.mn/members/index.php;https://www.senate.mn/members/list.csv;https://www.senate.mn/members/member_bio.html?mem_id=1179,,,,,,,,,,,
ocd-person/5099a61c-2d2a-41d0-a03d-ccbbb0edbf15,Jess Hanson,Democratic-Farmer-Labor,55A,lower,Jess,Hanson,Female,rep.jessica.hanson@house.mn.gov,,1986-09-13,,https://www.house.mn.gov/hinfo/memberimgls94/55A.gif?v=112221,https://www.house.mn.gov/members/profile/15563,https://ballotpedia.org/Jessica_Hanson;https://en.wikipedia.org/wiki/Jessica_Hanson;https://justfacts.votesmart.org/candidate/biography/194236/jessica-hanson;https://www.house.leg.state.mn.us/members/hmem.asp;https://www.house.mn.gov/members/profile/15563;https://www.linkedin.com/in/jessicahanson13,,,,MN,651-271-9344,,,,,,
ocd-person/fc189dd9-b597-4744-86d3-ac315b93a3f3,Jim Abeler,Republican,35,upper,Jim,Abeler,Male,sen.jim.abeler@senate.mn,,1954-05-18,,https://www.senate.mn/graphics/35Abeler.jpg,https://www.senate.mn/members/member_bio.html?mem_id=1216,https://ballotpedia.org/Jim_Abeler;https://en.wikipedia.org/wiki/Jim_Abeler;https://justfacts.votesmart.org/candidate/biography/20208/jim-abeler-ii;https://www.linkedin.com/in/jim-abeler-99b8ba76;https://www.senate.mn/api/members;https://www.senate.mn/members/index.php;https://www.senate.mn/members/list.csv;https://www.senate.mn/members/member_bio.html?mem_id=1216,,,,,,,,,,,
ocd-person/ac087885-bab6-4fbf-b88a-daf71262c8b6,Jim Carlson,Democratic-Farmer-Labor,52,upper,Jim,Carlson,Male,sen.jim.carlson@senate.mn,,1947-02-17,,https://www.senate.mn/graphics/51Carlson.jpg,https://www.senate.mn/members/member_bio.html?mem_id=1140,https://ballotpedia.org/Jim_Carlson;https://en.wikipedia.org/wiki/Jim_Carlson_(Minnesota_politician);https://justfacts.votesmart.org/candidate/biography/38829/jim-carlson;https://www.linkedin.com/in/jim-carlson-18b4101;https://www.senate.mn/api/members;https://www.senate.mn/members/index.php;https://www.senate.mn/members/list.csv;https://www.senate.mn/members/member_bio.html?mem_id=1140,,,,,,,,,,,
ocd-person/0897d40e-d8b4-4b1e-b0cf-e0ae4e9685f2,Jim Joy,Republican,4B,lower,Jim,Joy,Male,rep.jim.joy@house.mn.gov,,1977-04-18,,https://www.house.mn.gov/hinfo/memberimgls94/04B.gif?v=112221,https://www.house.leg.state.mn.us/members/profile/15591;https://www.house.mn.gov/members/profile/15591,https://ballotpedia.org/Jim_Joy;https://en.wikipedia.org/wiki/Jim_Joy;https://justfacts.votesmart.org/candidate/207764/jim-joy;https://www.house.leg.state.mn.us/members/hmem.asp;https://www.house.mn.gov/members/profile/15591;https://www.linkedin.com/in/james-joy-baa70780,,,,,,,,,,,
ocd-person/d7012c12-e223-4409-823b-ba3e55be6677,Jim Nash,Republican,48A,lower,Jim,Nash,Male,rep.jim.nash@house.mn.gov,,1967-09-23,,https://www.house.mn.gov/hinfo/memberimgls94/48A.gif?v=112221,https://www.house.mn.gov/members/profile/15441,https://ballotpedia.org/Jim_Nash_(Minnesota);https://en.wikipedia.org/wiki/Jim_Nash_(politician);https://justfacts.votesmart.org/candidate/152912/jim-nash;https://www.house.leg.state.mn.us/members/hmem.asp;https://www.house.mn.gov/members/profile/15441;https://www.linkedin.com/in/jim-nash-09bb3b3,,,,,,,,,,,
ocd-person/a2fed609-2172-4740-b9f3-f00a6da4716d,Jimmy Gordon,Republican,28A,lower,Jimmy,Gordon,Male,rep.jimmy.gordon@house.mn.gov,,,,https://www.house.mn.gov/hinfo/memberimgls94/28A.gif?v=112221,https://www.house.mn.gov/members/profile/15632;https://www.lrl.mn.gov/legdb/fulldetail?ID=15632,https://ballotpedia.org/James_Gordon_(Minnesota);https://en.wikipedia.org/wiki/Jimmy_Gordon_(politician);https://justfacts.votesmart.org/candidate/biography/218790/james-gordon;https://www.house.mn.gov/members/profile/15632;https://www.lrl.mn.gov/legdb/fulldetail?ID=15632,,,,,,,,,,,
ocd-person/6292245e-1db4-4a8e-ba2a-a036e7b68044,Joe McDonald,Republican,29A,lower,Joe,McDonald,Male,rep.joe.mcdonald@house.mn.gov,,1966-07-21,,https://www.house.mn.gov/hinfo/memberimgls94/29A.gif?v=112221,https://www.house.mn.gov/members/profile/15360,https://ballotpedia.org/Joe_McDonald;https://en.wikipedia.org/wiki/Joe_McDonald_(politician);https://justfacts.votesmart.org/candidate/biography/125675/joe-mcdonald;https://www.house.leg.state.mn.us/members/hmem.asp;https://www.house.mn.gov/members/profile/15360;https://www.linkedin.com/in/joe-mcdonald-924ab854,,,,,,,,,,,
ocd-person/f08531c2-0974-4606-ab08-f5453ff76edd,Joe Schomacker,Republican,29A,lower,Joe,Schomacker,Male,rep.joe.schomacker@house.mn.gov,,1986-03-25,,https://www.house.mn.gov/hinfo/memberimgls94/21A.gif?v=112221,https://www.house.mn.gov/members/profile/15367,https://ballotpedia.org/Joe_Schomacker;https://en.wikipedia.org/wiki/Joe_Schomacker;https://justfacts.votesmart.org/candidate/biography/123181/joe-schomacker;https://www.house.leg.state.mn.us/members/hmem.asp;https://www.house.mn.gov/members/profile/15367;https://www.linkedin.com/in/schomacker,,,,,,,,,,,
ocd-person/b31cb55a-94ea-4f44-a4b9-8003b32c749a,John Hoffman,Democratic-Farmer-Labor,34,upper,John,Hoffman,Male,sen.john.hoffman@senate.mn,,1965-01-17,,https://www.senate.mn/graphics/36Hoffman.jpg,https://www.senate.mn/members/member_bio.html?mem_id=1205,https://ballotpedia.org/John_Hoffman_(Minnesota);https://en.wikipedia.org/wiki/John_Hoffman_(Minnesota_politician);https://en.wikipedia.org/wiki/John_Hoffman_(politician);https://justfacts.votesmart.org/candidate/140901/john-hoffman;https://www.johnhoffmanmn.com;https://www.johnhoffmanmn.com/about-john/biography;https://www.linkedin.com/in/jhoffman1;https://www.senate.mn/api/members;https://www.senate.mn/members/index.php;https://www.senate.mn/members/list.csv;https://www.senate.mn/members/member_bio.html?mem_id=1205,,,,,,,,,,,
ocd-person/c86f501e-0b47-4e57-8f5a-d7d0be2392af,John Burkel,Republican,1A,lower,John,Burkel,Male,rep.john.burkel@house.mn.gov,,1967-04-06,,https://www.house.mn.gov/hinfo/memberimgls94/01A.gif,https://www.house.mn.gov/members/profile/15538,https://ballotpedia.org/John_Burkel;https://en.wikipedia.org/wiki/John_Burkel;https://justfacts.votesmart.org/candidate/194044/john-burkel;https://www.house.leg.state.mn.us/members/hmem.asp;https://www.house.mn.gov/members/profile/15538;https://www.linkedin.com/in/john-burkel-4938b810,,,,,,,,,,,
ocd-person/5d8ac115-4a2b-4f0f-b70a-c1df26184891,John Huot,Democratic-Farmer-Labor,56B,lower,John,Huot,Male,rep.john.huot@house.mn.gov,,1965-05-23,,https://www.house.mn.gov/hinfo/memberimgls94/56B.gif?v=112221,https://www.house.mn.gov/members/profile/15527,https://ballotpedia.org/John_Huot;https://en.wikipedia.org/wiki/John_Huot;https://justfacts.votesmart.org/candidate/biography/171622/john-huot;https://www.house.leg.state.mn.us/members/hmem.asp;https://www.house.mn.gov/members/profile/15527;https://www.linkedin.com/in/john-d-huot-9684366,,,,,,,,,,,
ocd-person/4acf27d9-edd4-4f04-97c7-164390a5664b,John Marty,Democratic-Farmer-Labor,40,upper,John,Marty,Male,sen.john.mcguire@senate.mn,,1956-11-01,,https://www.senate.mn/graphics/40Marty.jpg,https://www.johnmarty.org/;https://www.senate.mn/members/member_bio.html?mem_id=1035,https://ballotpedia.org/John_Marty;https://en.wikipedia.org/wiki/John_Marty;https://justfacts.votesmart.org/candidate/biography/3909/john-marty;https://www.johnmarty.org;https://www.johnmarty.org/meet-john;https://www.linkedin.com/in/senatormarty;https://www.senate.mn/api/members;https://www.senate.mn/members/index.php;https://www.senate.mn/members/list.csv;https://www.senate.mn/members/member_bio.html?mem_id=1035,,,,,,,,,,,
ocd-person/f6b649e0-5359-4d22-8ff0-6ca017bc5e23,John Jasinski,Republican,19,upper,John,Jasinski,Male,sen.john.jasinski@senate.mn,,1966-06-24,,https://www.senate.mn/graphics/24Jasinski.jpg,https://www.senate.mn/members/member_bio.html?mem_id=1227,https://ballotpedia.org/John_Jasinski;https://en.wikipedia.org/wiki/John_Jasinski_(politician);https://justfacts.votesmart.org/candidate/171379/john-jasinski;https://www.linkedin.com/in/john-jasinski-60578228;https://www.senate.mn/api/members;https://www.senate.mn/members/index.php;https://www.senate.mn/members/list.csv;https://www.senate.mn/members/member_bio.html?mem_id=1227,,,,,,,,,,,
ocd-person/8c4ed90f-f243-43f1-b205-0edd374777d8,Jon Koznick,Republican,57A,lower,Jon,Koznick,Male,rep.jon.koznick@house.mn.gov,,1972-07-04,,https://www.house.mn.gov/hinfo/memberimgls94/57A.gif?v=112221,https://www.house.mn.gov/members/profile/15436,https://ballotpedia.org/Jon_Koznick;https://en.wikipedia.org/wiki/Jon_Koznick;https://justfacts.votesmart.org/candidate/biography/152876/jon-koznick;https://www.house.leg.state.mn.us/members/hmem.asp;https://www.house.mn.gov/members/profile/15436;https://www.linkedin.com/in/jon-koznick-b8a3397,,,,,,,,,,,
ocd-person/4c3116e2-98db-4367-b543-a12220c9b12f,Jordan Rasmusson,Republican,9,upper,Jordan,Rasmusson,Male,sen.jordan.rasmusson@senate.mn,,1993-04-23,,https://www.senate.mn/graphics/09Rasmusson.jpg,https://www.senate.mn/members/member_bio.html?mem_id=1255,https://ballotpedia.org/Jordan_Rasmusson;https://en.wikipedia.org/wiki/Jordan_Rasmusson;https://justfacts.votesmart.org/candidate/194138/jordan-rasmusson;https://www.house.leg.state.mn.us/members/hmem.asp;https://www.linkedin.com/in/jordan-rasmusson-57134710;https://www.senate.mn/api/members;https://www.senate.mn/members/member_bio.html?mem_id=1255,,,,,,,,,,,
ocd-person/18549c8f-0d80-4c2f-bdcc-f3762c3acb19,Josh Heintzeman,Republican,6B,lower,Josh,Heintzeman,Male,rep.josh.heintzeman@house.mn.gov,,1977-12-05,,https://www.house.mn.gov/hinfo/memberimgls94/06B.gif?v=112221,https://www.house.mn.gov/members/profile/15435,https://ballotpedia.org/Josh_Heintzeman;https://en.wikipedia.org/wiki/Josh_Heintzeman;https://justfacts.votesmart.org/candidate/152810/josh-heintzeman;https://www.house.leg.state.mn.us/members/hmem.asp;https://www.house.mn.gov/members/profile/15435;https://www.linkedin.com/in/josh-heintzeman-50b00199,,,,MN,218-820-5674,,,,,,
ocd-person/4558fb30-435a-4fde-acdd-bdcc82c7da45,Josiah Hill,Democratic-Farmer-Labor,33B,lower,Josiah,Hill,Male,rep.josiah.hill@house.mn.gov,,1976-12-15,,https://www.house.mn.gov/hinfo/memberimgls94/33B.gif?v=112221,https://www.house.mn.gov/members/profile/15611,https://ballotpedia.org/Josiah_Hill;https://en.wikipedia.org/wiki/Josiah_Hill;https://justfacts.votesmart.org/candidate/biography/194071/josiah-hill;https://www.house.leg.state.mn.us/members/hmem.asp;https://www.house.mn.gov/members/profile/15611;https://www.linkedin.com/in/josiah-hill-28064a15b,,,,,,,,,,,
ocd-person/4ca681ca-58ab-4d75-b7ef-8d255f858d62,Judy Seeberger,Democratic-Farmer-Labor,41,upper,Judy,Seeberger,Female,sen.judy.seeberger@senate.mn,,,,https://www.senate.mn/graphics/41Seeberger.jpg,https://www.senate.mn/members/member_bio.html?mem_id=1265,https://ballotpedia.org/Judy_Seeberger;https://en.wikipedia.org/wiki/Judy_Seeberger;https://justfacts.votesmart.org/candidate/biography/207848/judy-seeberger;https://www.linkedin.com/in/judy-seeberger-95382122;https://www.senate.mn/api/members;https://www.senate.mn/members/member_bio.html?mem_id=1265,,,,,,,,,,,
ocd-person/62a79a93-6117-4f36-87ef-f4058c34142a,Julia Coleman,Republican,48,upper,Julia,Coleman,Female,sen.julia.coleman@mnsenate.gov,,,,https://www.senate.mn/graphics/47ColemanJulia.jpg,https://www.senate.mn/members/member_bio.html?mem_id=1244,https://ballotpedia.org/Julia_Coleman;https://justfacts.votesmart.org/candidate/194080/julia-coleman;https://www.linkedin.com/in/julia-coleman-496a53158;https://www.senate.mn/api/members;https://www.senate.mn/members/index.php;https://www.senate.mn/members/list.csv;https://www.senate.mn/members/member_bio.html?mem_id=1244,,,,,,,,,,,
ocd-person/15f0a29b-674a-4146-8a93-019c9a3f305e,Julie Greene,Democratic-Farmer-Labor,50A,lower,Julie,Greene,Female,rep.julie.greene@house.mn.gov,,1972-02-16,,https://www.house.mn.gov/hinfo/memberimgls94/50A.gif?v=112221,https://www.house.mn.gov/members/profile/15633;https://www.lrl.mn.gov/legdb/fulldetail?ID=15633,https://ballotpedia.org/Julie_Greene;https://en.wikipedia.org/wiki/Julie_Greene_(politician);https://justfacts.votesmart.org/candidate/218823/julie-greene;https://www.house.mn.gov/members/profile/15633;https://www.lrl.mn.gov/legdb/fulldetail?ID=15633,,,,,,,,,,,
ocd-person/1912cdc1-267c-4d36-acec-08896502658e,Kaela Berg,Democratic-Farmer-Labor,55B,lower,Kaela,Berg,Female,rep.kaela.berg@house.mn.gov,,1973-09-15,,https://www.house.mn.gov/hinfo/memberimgls94/55B.gif,https://www.house.mn.gov/members/profile/15550,https://ballotpedia.org/Kaela_Berg;https://en.wikipedia.org/wiki/Kaela_Berg;https://justfacts.votesmart.org/candidate/194235/kaela-berg;https://www.house.leg.state.mn.us/members/hmem.asp;https://www.house.mn.gov/members/profile/15550;https://www.linkedin.com/in/kaela-berg-62735118,,,,,,,,,,,
ocd-person/ecea4720-d4e0-4c21-a4dd-76cdb54023d2,Kari Rehrauer,Democratic-Farmer-Labor,35B,lower,Kari,Rehrauer,Female,rep.kari.rehrauer@house.mn.gov,,1975-12-08,,https://www.house.mn.gov/hinfo/memberimgls94/35B.gif?v=112221,https://www.house.mn.gov/members/profile/15640;https://www.lrl.mn.gov/legdb/fulldetail?ID=15640,https://ballotpedia.org/Kari_Rehrauer;https://en.wikipedia.org/wiki/Kari_Rehrauer;https://justfacts.votesmart.org/candidate/biography/199343/kari-rehrauer;https://www.house.mn.gov/members/profile/15640;https://www.linkedin.com/in/kari-rehrauer-b734741a3;https://www.lrl.mn.gov/legdb/fulldetail?ID=15640,,,,,,,,,,,
ocd-person/dde8cf7d-52c2-48e5-bf65-f0fe2477713c,Karin Housley,Republican,33,upper,Karin,Housley,Female,sen.karin.housley@senate.mn,,1964-01-20,,https://www.senate.mn/graphics/39Housley.jpg,https://www.senate.mn/members/member_bio.html?mem_id=1214,https://ballotpedia.org/Karin_Housley;https://en.wikipedia.org/wiki/Karin_Housley;https://justfacts.votesmart.org/candidate/123021/karin-housley;https://www.linkedin.com/in/karinhousley;https://www.senate.mn/api/members;https://www.senate.mn/members/index.php;https://www.senate.mn/members/list.csv;https://www.senate.mn/members/member_bio.html?mem_id=1214,,,,,,,,,,,
ocd-person/12252e69-5ffb-459b-a84e-333af1219f94,Katie Jones,Democratic-Farmer-Labor,61A,lower,Katie,Jones,Female,rep.katie.jones@house.mn.gov,,1987-08-27,,https://www.house.mn.gov/hinfo/memberimgls94/61A.gif?v=112221,https://www.house.mn.gov/members/profile/15638;https://www.lrl.mn.gov/legdb/fulldetail?ID=15638,https://ballotpedia.org/Katie_Jones_(Minnesota);https://en.wikipedia.org/wiki/Katie_Jones_(politician);https://justfacts.votesmart.org/candidate/biography/218850/katie-jones;https://www.house.mn.gov/members/profile/15638;https://www.linkedin.com/in/katiejonesmpls;https://www.lrl.mn.gov/legdb/fulldetail?ID=15638,,,,,,,,,,,
ocd-person/939c0bab-e76d-443f-b46b-7f98d05036e2,Keith Allen,Republican,19A,lower,Keith,Allen,Male,rep.keith.allen@house.mn.gov,,1977-07-27,,https://www.house.mn.gov/hinfo/memberimgls94/19A.gif,https://www.house.mn.gov/members/profile/15627,https://ballotpedia.org/Keith_Allen;https://ballotpedia.org/Keith_Allen_(Minnesota);https://en.wikipedia.org/wiki/Keith_Allen_(Minnesota_politician);https://justfacts.votesmart.org/candidate/biography/218769/keith-allen;https://www.house.mn.gov/members/profile/15627;https://www.linkedin.com/in/keith-allen-a3560711,,,,,,,,,,,
ocd-person/3eb5eb9d-cd17-4a48-ac4c-4f7a7b8e133e,Kelly Moller,Democratic-Farmer-Labor,40A,lower,Kelly,Moller,Female,rep.kelly.moller@house.mn.gov,,1973-02-01,,https://www.house.mn.gov/hinfo/memberimgls94/40A.gif?v=112221,https://www.house.mn.gov/members/profile/15511,https://ballotpedia.org/Kelly_Moller;https://en.wikipedia.org/wiki/Kelly_Moller;https://justfacts.votesmart.org/candidate/biography/183801/kelly-moller;https://www.house.leg.state.mn.us/members/hmem.asp;https://www.house.mn.gov/members/profile/15511,,,,,,,,,,,
ocd-person/4d922135-f178-4e50-8439-ebbf47cf025c,Keri Heintzeman,Republican,6,upper,Keri,Heintzeman,Female,sen.keri.heintzeman@mnsenate.gov,,1980-06-27,,https://www.senate.mn/graphics/06Heintzeman.jpg,https://www.senate.mn/members/member_bio.html?mem_id=1276,https://ballotpedia.org/Keri_Heintzeman;https://en.wikipedia.org/wiki/Keri_Heintzeman;https://justfacts.votesmart.org/candidate/222639/keri-heintzeman;https://www.linkedin.com/in/keri-heintzeman-a29b53128;https://www.senate.mn/members/member_bio.html?mem_id=1276,,,,,,,,,,,
ocd-person/6902f219-7571-4bf1-a0af-ffa9eae2c23f,Kim Hicks,Democratic-Farmer-Labor,25A,lower,Kim,Hicks,Female,rep.kim.hicks@house.mn.gov,,1982-12-20,,https://www.house.mn.gov/hinfo/memberimgls94/25A.gif?v=112221,https://www.house.mn.gov/members/profile/15605,https://ballotpedia.org/Kim_Hicks;https://en.wikipedia.org/wiki/Kim_Hicks;https://justfacts.votesmart.org/candidate/biography/194219/kim-hicks;https://www.house.leg.state.mn.us/members/hmem.asp;https://www.house.mn.gov/members/profile/15605;https://www.linkedin.com/in/kimberly-hicks-3135951a3,,,,,,,,,,,
ocd-person/d9b75b0d-6065-4efc-81e2-03084dee070a,Krista Knudsen,Republican,5A,lower,Krista,Knudsen,Female,rep.krista.knudsen@house.mn.gov,,1979-12-28,,https://www.house.mn.gov/hinfo/memberimgls94/05A.gif?v=112221,https://www.house.mn.gov/members/profile/15592,https://ballotpedia.org/Krista_Knudsen;https://en.wikipedia.org/wiki/Krista_Knudsen;https://justfacts.votesmart.org/candidate/207766/krista-knudsen;https://www.house.leg.state.mn.us/members/hmem.asp;https://www.house.mn.gov/members/profile/15592;https://www.linkedin.com/in/krista-knudsen-110440b2,,,,,,,,,,,
ocd-person/ed73b309-bb2f-4805-a33b-a3fb760e6664,Kristi Pursell,Democratic-Farmer-Labor,58A,lower,Kristi,Pursell,Female,rep.kristi.pursell@house.mn.gov,,1981-02-09,,https://www.house.mn.gov/hinfo/memberimgls94/58A.gif?v=112221,https://www.house.mn.gov/members/profile/15571,https://ballotpedia.org/Kristi_Pursell;https://en.wikipedia.org/wiki/Kristi_Pursell;https://justfacts.votesmart.org/candidate/biography/208070/kristi-pursell;https://www.house.leg.state.mn.us/members/hmem.asp;https://www.house.mn.gov/members/profile/15571;https://www.linkedin.com/in/kristi-pursell-37895b9a,,,,,,,,,,,
ocd-person/ad111cf3-f5f9-4e94-a087-dc39ce1fb136,Kristin Bahner,Democratic-Farmer-Labor,37B,lower,Kristin,Bahner,Female,rep.kristin.bahner@house.mn.gov,,1972-08-15,,https://www.house.mn.gov/hinfo/memberimgls94/37B.gif,https://www.house.mn.gov/members/profile/15505,https://ballotpedia.org/Kristin_Bahner;https://en.wikipedia.org/wiki/Kristin_Bahner;https://justfacts.votesmart.org/candidate/biography/171548/kristin-bahner;https://www.house.leg.state.mn.us/members/hmem.asp;https://www.house.mn.gov/members/profile/15505;https://www.linkedin.com/in/kristinbahner,,,,,,,,,,,
ocd-person/d32d0b31-20af-4068-a5bd-42fd0a072ded,Kristin Robbins,Republican,37A,lower,Kristin,Robbins,Female,rep.kristin.robbins@house.mn.gov,,1968-04-29,,https://www.house.mn.gov/hinfo/memberimgls94/37A.gif?v=112221,https://www.house.mn.gov/members/profile/15504,https://ballotpedia.org/Kristin_Robbins;https://en.wikipedia.org/wiki/Kristin_Robbins;https://justfacts.votesmart.org/candidate/biography/183783/kristin-robbins;https://www.house.leg.state.mn.us/members/hmem.asp;https://www.house.mn.gov/members/profile/15504,,,,,,,,,,,
ocd-person/a4451923-cc1b-4d5d-9c14-5c50062335a2,Larry Kraft,Democratic-Farmer-Labor,46A,lower,Larry,Kraft,Male,rep.larry.kraft@house.mn.gov,,1966-01-24,,https://www.house.mn.gov/hinfo/memberimgls94/46A.gif?v=112221,https://www.house.mn.gov/members/profile/15619,https://ballotpedia.org/Larry_Kraft;https://en.wikipedia.org/wiki/Larry_Kraft;https://justfacts.votesmart.org/candidate/biography/199244/larry-kraft;https://www.house.leg.state.mn.us/members/hmem.asp;https://www.house.mn.gov/members/profile/15619;https://www.linkedin.com/in/larrykraft1,,,,MN,952-715-7535,,,,,,
ocd-person/afff2a0a-1b2d-480e-a90d-8609842f0927,Leigh Finke,Democratic-Farmer-Labor,66A,lower,Leigh,Finke,Female,rep.leigh.finke@house.mn.gov,,,,https://www.house.mn.gov/hinfo/memberimgls94/66A.gif?v=112221,https://www.house.mn.gov/members/profile/15575,https://ballotpedia.org/Leigh_Finke;https://en.wikipedia.org/wiki/Leigh_Finke;https://justfacts.votesmart.org/candidate/208084/leigh-finke;https://www.house.leg.state.mn.us/members/hmem.asp;https://www.house.mn.gov/members/profile/15575;https://www.linkedin.com/in/leigh-finke-87966124,,,,,,,,,,,
ocd-person/00240593-7a31-4725-8c31-c723115732bb,Leon Lillie,Democratic-Farmer-Labor,44B,lower,Leon,Lillie,Male,rep.leon.lillie@house.mn.gov,,,,https://www.house.mn.gov/hinfo/memberimgls94/44B.gif?v=112221,https://www.house.mn.gov/members/profile/12269,https://ballotpedia.org/Leon_Lillie;https://en.wikipedia.org/wiki/Leon_Lillie;https://justfacts.votesmart.org/candidate/biography/38900/leon-lillie;https://www.house.leg.state.mn.us/members/hmem.asp;https://www.house.mn.gov/members/profile/12269,,,,,,,,,,,
ocd-person/39814623-d268-47a1-8dcd-78e3ae1a33cf,Lindsey Port,Democratic-Farmer-Labor,55,upper,Lindsey,Port,Female,sen.lindsey.port@senate.mn,,,,https://www.senate.mn/graphics/56PortLindsey.jpg,https://www.senate.mn/members/member_bio.html?mem_id=1245,https://ballotpedia.org/Lindsey_Port;https://justfacts.votesmart.org/candidate/biography/171617/lindsey-port;https://www.linkedin.com/in/lindsey-port-060999166;https://www.senate.mn/api/members;https://www.senate.mn/members/index.php;https://www.senate.mn/members/list.csv;https://www.senate.mn/members/member_bio.html?mem_id=1245,,,,,,,,,,,
ocd-person/7b7b8d46-05d4-4285-b728-abcad1a430d5,Lisa Demuth,Republican,13A,lower,Lisa,Demuth,Female,rep.lisa.demuth@house.mn.gov,,1967-02-10,,https://www.house.mn.gov/hinfo/memberimgls93/13A.gif?v=032323,https://www.house.mn.gov/members/profile/15498,https://ballotpedia.org/Lisa_Demuth;https://en.wikipedia.org/wiki/Lisa_Demuth;https://justfacts.votesmart.org/candidate/biography/183728/lisa-demuth;https://www.house.leg.state.mn.us/members/hmem.asp;https://www.house.mn.gov/members/profile/15498,,,,,,,,,,,
ocd-person/26ed75ae-3230-4e92-82a3-486bd76e1893,Liz Boldon,Democratic-Farmer-Labor,25,upper,Liz,Boldon,Female,sen.liz.boldon@senate.mn,,1979-03-22,,https://www.senate.mn/graphics/25Boldon.jpg,https://lizboldon.com/;https://www.senate.mn/members/member_bio.html?mem_id=1259,https://ballotpedia.org/Liz_Boldon;https://en.wikipedia.org/wiki/Liz_Boldon;https://justfacts.votesmart.org/candidate/biography/194218/liz-boldon;https://lizboldon.com;https://lizboldon.com/about;https://www.house.leg.state.mn.us/members/hmem.asp;https://www.linkedin.com/in/sen-liz-boldon-rn-msn-8a137b9b;https://www.senate.mn/api/members;https://www.senate.mn/members/member_bio.html?mem_id=1259,,,,,,,,,,,
ocd-person/f9dbe591-5c2d-4a25-836a-ae05863b40ff,Liz Lee,Democratic-Farmer-Labor,67A,lower,Liz,Lee,Female,rep.liz.lee@house.mn.gov,,,,https://www.house.mn.gov/hinfo/memberimgls94/67A.gif?v=112221,https://www.house.mn.gov/members/profile/15576,https://ballotpedia.org/Liz_Lee;https://en.wikipedia.org/wiki/Liz_Lee_(politician);https://justfacts.votesmart.org/candidate/208087/liz-lee;https://www.house.leg.state.mn.us/members/hmem.asp;https://www.house.mn.gov/members/profile/15576;https://www.linkedin.com/in/kaozouapalee,,,,,,,,,,,
ocd-person/e57307af-8e06-4c44-997d-a2cad2cdb231,Liz Reyer,Democratic-Farmer-Labor,52A,lower,Liz,Reyer,Female,rep.liz.reyer@house.mn.gov,,,,https://www.house.mn.gov/hinfo/memberimgls94/52A.gif?v=112221,https://www.house.leg.state.mn.us/members/profile/15549;https://www.house.mn.gov/members/profile/15549,https://ballotpedia.org/Liz_Reyer;https://en.wikipedia.org/wiki/Liz_Reyer;https://justfacts.votesmart.org/candidate/194258/liz-reyer;https://www.house.leg.state.mn.us/members/hmem.asp;https://www.house.leg.state.mn.us/members/profile/15549;https://www.house.mn.gov/members/profile/15549;https://www.linkedin.com/in/liz-reyer,,,,,,,,,,,
ocd-person/75e19dbb-1f4b-4ace-b87e-201e445d25b4,Lucy Rehm,Democratic-Farmer-Labor,48B,lower,Lucy,Rehm,Female,rep.lucy.rehm@house.mn.gov,,,,https://www.house.mn.gov/hinfo/memberimgls94/48B.gif?v=112221,https://www.house.mn.gov/members/profile/15622,https://ballotpedia.org/Lucille_Rehm;https://en.wikipedia.org/wiki/Lucy_Rehm;https://justfacts.votesmart.org/candidate/208050/lucy-rehm;https://www.house.leg.state.mn.us/members/hmem.asp;https://www.house.mn.gov/members/profile/15622;https://www.linkedin.com/in/lucy-rehm-b4284616,,,,,,,,,,,
ocd-person/b0d93fc5-2efc-4908-aceb-7b2fc208b34d,Luke Frederick,Democratic-Farmer-Labor,18B,lower,Luke,Frederick,Male,rep.luke.frederick@house.mn.gov,,,,https://www.house.mn.gov/hinfo/memberimgls94/18B.gif?v=112221,https://www.house.mn.gov/members/profile/15542,https://ballotpedia.org/Luke_Frederick;https://en.wikipedia.org/wiki/Luke_Frederick;https://justfacts.votesmart.org/candidate/biography/194250/luke-frederick;https://www.house.leg.state.mn.us/members/hmem.asp;https://www.house.mn.gov/members/profile/15542;https://www.linkedin.com/in/luke-frederick-5354261b3,,,,,,,,,,,
ocd-person/d1c094c0-6184-49e4-a18a-d5b900caca1b,María Isa Pérez-Vega,Democratic-Farmer-Labor,65B,lower,María Isa,Pérez-Vega,Female,rep.maria.isa.perez-vega@house.mn.gov,,1987-05-01,,https://www.house.mn.gov/hinfo/memberimgls94/65B.gif?v=112221,https://www.house.mn.gov/members/profile/15574,https://ballotpedia.org/Maria_Isa_P%C3%A9rez-Hedges;https://en.wikipedia.org/wiki/Mar%C3%ADa_Isa_P%C3%A9rez-Vega;https://justfacts.votesmart.org/candidate/208082/maria-perez-vega;https://www.house.leg.state.mn.us/members/hmem.asp;https://www.house.mn.gov/members/profile/15574;https://www.linkedin.com/in/mariaisa,,,,,,,,,,,
ocd-person/0682bc6b-e4f2-427a-917b-96fbc49bb741,Marion Rarick,Republican,29B,lower,Marion,Rarick,Female,rep.marion.rarick@house.mn.gov,,1969-07-01,,https://www.house.mn.gov/hinfo/memberimgls94/29B.gif?v=112221,https://www.house.mn.gov/members/profile/15409,https://ballotpedia.org/Marion_O%27Neill;https://ballotpedia.org/Marion_Rarick;https://en.wikipedia.org/wiki/Marion_O%27Neill;https://justfacts.votesmart.org/candidate/biography/141007/marion-rarick;https://www.house.leg.state.mn.us/members/hmem.asp;https://www.house.mn.gov/members/profile/15409;https://www.linkedin.com/in/marion-o-neill-99285442,,,,,,,,,,,
ocd-person/9837607c-b08b-4742-ad5f-3e8f72f8b7b4,Marj Fogelman,Republican,21B,lower,Marj,Fogelman,Female,rep.marj.fogelman@house.mn.gov,,1972-06-10,,https://www.house.mn.gov/hinfo/memberimgls94/21B.gif?v=112221,https://www.house.mn.gov/members/profile/15604,https://ballotpedia.org/Marj_Fogelman;https://en.wikipedia.org/wiki/Marj_Fogelman;https://justfacts.votesmart.org/candidate/biography/207918/marj-fogelman;https://www.house.leg.state.mn.us/members/hmem.asp;https://www.house.mn.gov/members/profile/15604,,,,,,,,,,,
ocd-person/de9b28f6-a2a8-4edd-98cb-2b3ff2e6382c,Mark Johnson,Republican,1,upper,Mark,Johnson,Male,sen.mark.johnson@senate.mn,,,,https://www.senate.mn/graphics/01Johnson.jpg,https://www.senate.mn/members/member_bio.html?mem_id=1217,https://ballotpedia.org/Mark_Johnson_(Minnesota);https://en.wikipedia.org/wiki/Mark_Johnson_(Minnesota_politician);https://justfacts.votesmart.org/candidate/biography/171332/mark-johnson;https://www.senate.mn/api/members;https://www.senate.mn/members/index.php;https://www.senate.mn/members/list.csv;https://www.senate.mn/members/member_bio.html?mem_id=1217,,,,,,,,,,,
ocd-person/f20a4255-6c65-4091-a0f5-aea70f133cdb,Mark Koran,Republican,28,upper,Mark,Koran,Male,sen.mark.koran@senate.mn,,1964-04-01,,https://www.senate.mn/graphics/32Koran.jpg,https://www.markkoranmn.com/;https://www.senate.mn/members/member_bio.html?mem_id=1228,https://ballotpedia.org/Mark_Koran;https://en.wikipedia.org/wiki/Mark_Koran;https://justfacts.votesmart.org/candidate/171390/mark-koran;https://www.linkedin.com/in/markkoran;https://www.markkoranmn.com;https://www.markkoranmn.com/about;https://www.senate.mn/api/members;https://www.senate.mn/members/index.php;https://www.senate.mn/members/list.csv;https://www.senate.mn/members/member_bio.html?mem_id=1228,,,,,,,,,,,
ocd-person/1acddc90-d32a-4495-a769-27f8b57193b7,Mary Clardy,Democratic-Farmer-Labor,53A,lower,Mary,Clardy,Female,rep.mary.frances.clardy@house.mn.gov,,1958-11-15,,https://www.house.mn.gov/hinfo/memberimgls94/53A.gif?v=112221,https://www.house.mn.gov/members/profile/15568,https://ballotpedia.org/Mary_Frances_Clardy;https://en.wikipedia.org/wiki/Mary_Frances_Clardy;https://justfacts.votesmart.org/candidate/biography/208057/mary-clardy;https://www.house.leg.state.mn.us/members/hmem.asp;https://www.house.mn.gov/members/profile/15568;https://www.linkedin.com/in/mary-frances-clardy-ab1a7915,,,,,,,,,,,
ocd-person/1b284763-8577-49ab-b641-f4f079196646,Mary Franson,Republican,12B,lower,Mary,Franson,Female,rep.mary.franson@house.mn.gov,,1977-03-01,,https://www.house.mn.gov/hinfo/memberimgls94/12B.gif?v=112221,https://www.house.mn.gov/members/profile/15347,https://ballotpedia.org/Mary_Franson;https://en.wikipedia.org/wiki/Mary_Franson;https://justfacts.votesmart.org/candidate/biography/123109/mary-franson;https://www.house.leg.state.mn.us/members/hmem.asp;https://www.house.mn.gov/members/profile/15347;https://www.linkedin.com/in/mary-franson-4868981,,,,,,,,,,,
ocd-person/2795e0ed-3a02-4afc-8836-f5c3c067139c,Mary Kunesh-Podein,Democratic-Farmer-Labor,39,upper,Mary,Kunesh-Podein,Female,sen.mary.kunesh@senate.mn,,1960-11-20,,https://www.senate.mn/graphics/41KuneshPodeinMary.jpg,https://www.senate.mn/members/member_bio.html?mem_id=1242,https://ballotpedia.org/Mary_Kunesh-Podein;https://en.wikipedia.org/wiki/Mary_Kunesh-Podein;https://justfacts.votesmart.org/candidate/biography/171572/mary-kunesh;https://www.linkedin.com/in/mary-kunesh-5903b410;https://www.senate.mn/api/members;https://www.senate.mn/members/index.php;https://www.senate.mn/members/list.csv;https://www.senate.mn/members/member_bio.html?mem_id=1242,,,,,,,,,,,
ocd-person/cbab855f-4a47-4afd-b74a-468a4545b82b,Matt Bliss,Republican,2B,lower,Matt,Bliss,Male,rep.matt.bliss@house.mn.gov,,,,https://www.house.mn.gov/hinfo/memberimgls94/02B.gif?v=112221,https://www.house.mn.gov/members/profile/15458,https://ballotpedia.org/Matt_Bliss;https://en.wikipedia.org/wiki/Matt_Bliss;https://justfacts.votesmart.org/candidate/biography/171445/matt-bliss;https://www.house.leg.state.mn.us/members/hmem.asp;https://www.house.mn.gov/members/profile/15458;https://www.linkedin.com/in/matt-bliss-4aa454160;https://www.linkedin.com/in/matthew-bliss-9414624b,,,,,,,,,,,
ocd-person/a4b21c2d-d3fe-41dc-9614-0ff80878850c,Matt Klein,Democratic-Farmer-Labor,53,upper,Matt,Klein,Male,sen.matt.klein@senate.mn,,1967-09-29,,https://www.senate.mn/graphics/52Klein.jpg,https://www.senate.mn/members/member_bio.html?mem_id=1235,https://ballotpedia.org/Matt_Klein;https://en.wikipedia.org/wiki/Matt_Klein;https://www.linkedin.com/in/matthewklein000;https://www.senate.mn/api/members;https://www.senate.mn/members/index.php;https://www.senate.mn/members/list.csv;https://www.senate.mn/members/member_bio.html?mem_id=1235,,,,,,,,,,,
ocd-person/662f07d4-7dd5-4549-bded-c8b5a200e054,Matt Norris,Democratic-Farmer-Labor,32B,lower,Matt,Norris,Male,rep.matt.norris@house.mn.gov,,1988-12-03,,https://www.house.mn.gov/hinfo/memberimgls94/32B.gif?v=112221,https://www.house.mn.gov/members/profile/15609,https://ballotpedia.org/Matt_Norris;https://en.wikipedia.org/wiki/Matt_Norris_(Minnesota_politician);https://justfacts.votesmart.org/candidate/biography/208027/matt-norris;https://www.house.leg.state.mn.us/members/hmem.asp;https://www.house.mn.gov/members/profile/15609;https://www.linkedin.com/in/matt-norris-83514644,,,,,,,,,,,
ocd-person/afca05de-e5ff-4b1c-b38c-444f37b92687,Max Rymer,Republican,28B,lower,Max,Rymer,Male,rep.max.rymer@house.mn.gov,,1991-01-09,,https://www.house.mn.gov/hinfo/memberimgls94/28B.gif?v=112221,https://www.house.mn.gov/members/profile/15643,https://ballotpedia.org/Max_Rymer;https://justfacts.votesmart.org/candidate/biography/171595/max-rymer;https://www.house.mn.gov/members/profile/15643;https://www.linkedin.com/in/maxrymer,,,,MN,612-354-6164,,,,,,
ocd-person/8164812a-be9a-44e0-bf42-741cb4a01e2c,Meg Luger-Nikolai,Democratic-Farmer-Labor,64A,lower,Meg,Luger-Nikolai,Female,rep.meg.luger-nikolai@house.mn.gov,,,,https://www.house.mn.gov/hinfo/memberimgls94/64A.gif?v=012126,https://www.house.mn.gov/members/profile/15654,https://ballotpedia.org/Meg_Luger-Nikolai;https://en.wikipedia.org/wiki/Meg_Luger-Nikolai;https://www.house.mn.gov/members/profile/15654;https://www.linkedin.com/in/meg-luger-nikolai-47a1a96,,,,,,,,,,,
ocd-person/d2fb6801-379e-481c-9313-2ac099d3a775,Melissa Wiklund,Democratic-Farmer-Labor,51,upper,Melissa,Wiklund,Female,sen.melissa.wiklund@senate.mn,,,,https://www.senate.mn/graphics/50Wiklund.jpg,https://www.senate.mn/members/member_bio.html?mem_id=1209,https://ballotpedia.org/Melissa_Halvorson_Wiklund;https://en.wikipedia.org/wiki/Melissa_Halvorson_Wiklund;https://justfacts.votesmart.org/candidate/biography/140913/melissa-wiklund;https://www.linkedin.com/in/melissa-halvorson-wiklund-5a812610;https://www.senate.mn/api/members;https://www.senate.mn/members/index.php;https://www.senate.mn/members/list.csv;https://www.senate.mn/members/member_bio.html?mem_id=1209,,,,,,,,,,,
ocd-person/3a76623e-d295-4c58-be60-fd37a285a39b,Michael Kreun,Republican,32,upper,Michael,Kreun,Male,sen.michael.kreun@senate.mn,,1976-01-01,,https://www.senate.mn/graphics/32Kreun.jpg,https://www.senate.mn/members/member_bio.html?mem_id=1262,https://ballotpedia.org/Michael_Kreun;https://en.wikipedia.org/wiki/Michael_Kreun;https://justfacts.votesmart.org/candidate/207831/michael-kreun;https://www.linkedin.com/in/michael-kreun-1457353b;https://www.senate.mn/api/members;https://www.senate.mn/members/member_bio.html?mem_id=1262,,,,,,,,,,,
ocd-person/8910b3db-698e-4019-b976-0ee19ecb8ca0,Mike Howard,Democratic-Farmer-Labor,51A,lower,Mike,Howard,Male,rep.michael.howard@house.mn.gov,,1983-02-17,,https://www.house.mn.gov/hinfo/memberimgls94/51A.gif?v=112221,https://www.house.mn.gov/members/profile/15518,https://ballotpedia.org/Michael_Howard_(Minnesota);https://en.wikipedia.org/wiki/Michael_Howard_(American_politician);https://justfacts.votesmart.org/candidate/biography/160310/michael-howard;https://www.house.leg.state.mn.us/members/hmem.asp;https://www.house.mn.gov/members/profile/15518;https://www.linkedin.com/in/michael-howard-376aa55,,,,,,,,,,,
ocd-person/4815983e-d0b9-4ebc-855f-bb9eac8aa5ae,Mike Freiberg,Democratic-Farmer-Labor,43B,lower,Mike,Freiberg,Male,rep.mike.freiberg@house.mn.gov,,1976-09-23,,https://www.house.mn.gov/hinfo/memberimgls94/43B.gif?v=112221,https://www.house.mn.gov/members/profile/15398,https://ballotpedia.org/Mike_Freiberg;https://en.wikipedia.org/wiki/Mike_Freiberg;https://justfacts.votesmart.org/candidate/141051/mike-freiberg;https://www.house.leg.state.mn.us/members/hmem.asp;https://www.house.mn.gov/members/profile/15398,,,,,,,,,,,
ocd-person/564bbace-b157-416d-ae59-81cd8a1fbaf8,Mike Holmstrom,Republican,29,upper,Mike,Holmstrom,Male,sen.michael.holmstrom@mnsenate.gov,,1994-02-17,,https://www.senate.mn/graphics/29Holmstrom.jpg,https://www.senate.mn/members/member_bio.html?mem_id=1277,https://ballotpedia.org/Michael_Holmstrom_Jr.;https://justfacts.votesmart.org/candidate/biography/227571/michael-holmstrom;https://www.linkedin.com/in/michael-holmstrom-jr-373797a4;https://www.senate.mn/members/member_bio.html?mem_id=1277,,,,,,,,,,,
ocd-person/4c34f3d9-8890-4145-8a96-92ab23f046c0,Mike Wiener,Republican,5B,lower,Mike,Wiener,Male,rep.mike.wiener@house.mn.gov,,,,https://www.house.mn.gov/hinfo/memberimgls94/05B.gif?v=112221,https://www.house.mn.gov/members/profile/15593,https://ballotpedia.org/Mike_Wiener;https://en.wikipedia.org/wiki/Mike_Wiener;https://justfacts.votesmart.org/candidate/207768/mike-wiener;https://www.house.leg.state.mn.us/members/hmem.asp;https://www.house.mn.gov/members/profile/15593,,,,,,,,,,,
ocd-person/591ea10b-1362-434e-90be-2db0877a0e9c,Mohamud Noor,Democratic-Farmer-Labor,60B,lower,Mohamud,Noor,Male,rep.mohamud.noor@house.mn.gov,,,,https://www.house.mn.gov/hinfo/memberimgls94/60B.gif?v=112221,https://www.house.mn.gov/members/profile/15528,https://ballotpedia.org/Mohamud_Noor;https://en.wikipedia.org/wiki/Mohamud_Noor;https://justfacts.votesmart.org/candidate/152863/mohamud-noor;https://www.house.leg.state.mn.us/members/hmem.asp;https://www.house.mn.gov/members/profile/15528;https://www.linkedin.com/in/mohamud-noor-571792144,,,,,,,,,,,
ocd-person/1b1055a8-959c-452c-a2a8-106a4ccef20d,Natalie Zeleznikar,Republican,3B,lower,Natalie,Zeleznikar,Female,rep.natalie.zeleznikar@house.mn.gov,,,,https://www.house.mn.gov/hinfo/memberimgls94/03B.gif?v=112221,https://www.house.mn.gov/members/profile/15624,https://ballotpedia.org/Natalie_Zeleznikar;https://en.wikipedia.org/wiki/Natalie_Zeleznikar;https://justfacts.votesmart.org/candidate/207762/natalie-zeleznikar;https://natalieforhouse.com/about;https://www.house.leg.state.mn.us/members/hmem.asp;https://www.house.mn.gov/members/profile/15624;https://www.linkedin.com/in/natalie-zeleznikar-2942a6151;https://www.nataliezeleznikar.com,,,,,,,,,,,
ocd-person/63b26a4d-ae7c-4267-89ab-dfa4a1f341ad,Nathan Coulter,Democratic-Farmer-Labor,51B,lower,Nathan,Coulter,Male,rep.nathan.coulter@house.mn.gov,,1986-03-09,,https://www.house.mn.gov/hinfo/memberimgls94/51B.gif?v=112221,https://www.house.mn.gov/members/profile/15567,https://ballotpedia.org/Nathan_Coulter;https://en.wikipedia.org/wiki/Nathan_Coulter;https://justfacts.votesmart.org/candidate/187694/nathan-coulter;https://www.house.leg.state.mn.us/members/hmem.asp;https://www.house.mn.gov/members/profile/15567;https://www.linkedin.com/in/nathan-coulter-834773b,,,,,,,,,,,
ocd-person/172cb289-beec-4bc1-8627-f027f2cd3769,Nathan Nelson,Republican,11B,lower,Nathan,Nelson,Male,rep.nathan.nelson@house.mn.gov,,1979-01-17,,https://www.house.mn.gov/hinfo/memberimgls94/11B.gif?v=112221,https://www.house.mn.gov/members/profile/15534,https://ballotpedia.org/Nathan_Nelson;https://en.wikipedia.org/wiki/Nathan_Nelson_(politician);https://justfacts.votesmart.org/candidate/biography/186184/nathan-nelson;https://www.house.leg.state.mn.us/members/hmem.asp;https://www.house.mn.gov/members/profile/15534,,,,,,,,,,,
ocd-person/7eaf40ec-f926-4992-8962-65b90846ef80,Nathan Wesenberg,Republican,10,upper,Nathan,Wesenberg,Male,sen.nathan.wesenberg@mnsenate.gov,,,,https://www.senate.mn/graphics/10Wesenberg.jpg,https://www.senate.mn/members/member_bio.html?mem_id=1256,https://ballotpedia.org/Nathan_Wesenberg;https://en.wikipedia.org/wiki/Nathan_Wesenberg;https://justfacts.votesmart.org/candidate/207797/nathan-wesenberg;https://www.linkedin.com/in/nathan-wesenberg-83916b86;https://www.senate.mn/api/members;https://www.senate.mn/members/member_bio.html?mem_id=1256,,,,,,,,,,,
ocd-person/764db471-e56d-4ef0-9df8-4e7a164c3b7e,Ned Carroll,Democratic-Farmer-Labor,42A,lower,Ned,Carroll,Male,rep.ned.carroll@house.mn.gov,,,,https://www.house.mn.gov/hinfo/memberimgls93/42A.gif?v=112221,https://www.house.mn.gov/members/profile/15617,https://ballotpedia.org/Ned_Carroll;https://en.wikipedia.org/wiki/Ned_Carroll;https://justfacts.votesmart.org/candidate/biography/160306/ned-carroll;https://www.house.leg.state.mn.us/members/hmem.asp;https://www.house.mn.gov/members/profile/15617;https://www.linkedin.com/in/ned-carroll-18101821,,,,,,,,,,,
ocd-person/55a02119-b43d-4b39-a19b-07411c5ec7c9,Nick Frentz,Democratic-Farmer-Labor,18,upper,Nick,Frentz,Male,sen.nick.frentz@senate.mn,,1963-06-29,,https://www.senate.mn/graphics/19Frentz.jpg,https://www.senate.mn/members/member_bio.html?mem_id=1224,https://ballotpedia.org/Nick_Frentz;https://en.wikipedia.org/wiki/Nick_Frentz;https://justfacts.votesmart.org/candidate/biography/171364/nick-frentz;https://www.linkedin.com/in/frentzlaw;https://www.senate.mn/api/members;https://www.senate.mn/members/index.php;https://www.senate.mn/members/list.csv;https://www.senate.mn/members/member_bio.html?mem_id=1224,,,,,,,,,,,
ocd-person/171224fc-8a8d-4516-aa87-a2f5bcf1ea46,Nolan West,Republican,32A,lower,Nolan,West,Male,rep.nolan.west@house.mn.gov,,1990-09-30,,https://www.house.mn.gov/hinfo/memberimgls94/32A.gif?v=112221,https://www.house.mn.gov/members/profile/15476,https://ballotpedia.org/Nolan_West;https://en.wikipedia.org/wiki/Nolan_West;https://justfacts.votesmart.org/candidate/biography/171557/nolan-west;https://www.house.leg.state.mn.us/members/hmem.asp;https://www.house.mn.gov/members/profile/15476;https://www.linkedin.com/in/nolanwestformn,,,,,,,,,,,
ocd-person/04eeaa61-ee3c-4e36-88f2-b415660175eb,Omar Fateh,Democratic-Farmer-Labor,62,upper,Omar,Fateh,Male,sen.omar.fateh@senate.mn,,1990-04-19,,https://www.senate.mn/graphics/62FatehOmar.jpg,https://www.senate.mn/members/member_bio.html?mem_id=1247,https://ballotpedia.org/Omar_Fateh;https://en.wikipedia.org/wiki/Omar_Fateh;https://justfacts.votesmart.org/candidate/biography/183849/omar-fateh;https://www.senate.mn/api/members;https://www.senate.mn/members/index.php;https://www.senate.mn/members/list.csv;https://www.senate.mn/members/member_bio.html?mem_id=1247,,,,,,,,,,,
ocd-person/26c19220-1368-4453-81c9-3b0c395e3949,Pam Altendorf,Republican,20A,lower,Pam,Altendorf,Female,rep.pam.altendorf@house.mn.gov,,1972-11-17,,https://www.house.mn.gov/hinfo/memberimgls94/20A.gif,https://www.house.mn.gov/members/profile/15602,https://ballotpedia.org/Pam_Altendorf;https://en.wikipedia.org/wiki/Pam_Altendorf;https://justfacts.votesmart.org/candidate/biography/207913/pam-altendorf;https://www.house.leg.state.mn.us/members/hmem.asp;https://www.house.mn.gov/members/profile/15602;https://www.linkedin.com/in/pam-altendorf-0561852b,,,,,,,,,,,
ocd-person/71df2690-6a54-4452-960a-54a5b6540bc7,Patty Mueller,Republican,23B,lower,Patty,Mueller,Female,rep.patricia.mueller@house.mn.gov,,1981-03-28,,https://www.house.mn.gov/hinfo/memberimgls94/23B.gif?v=112221,https://www.house.mn.gov/members/profile/15561,https://ballotpedia.org/Patricia_Mueller;https://en.wikipedia.org/wiki/Patricia_Mueller;https://justfacts.votesmart.org/candidate/biography/194177/patricia-mueller;https://www.house.leg.state.mn.us/members/hmem.asp;https://www.house.mn.gov/members/profile/15561;https://www.linkedin.com/in/dr-patricia-mueller-ed-d-56138b15b,,,,,,,,,,,
ocd-person/4bab18ef-55dc-44bf-adfe-8dbdf9488a09,Patti Anderson,Republican,33A,lower,Patti,Anderson,Female,rep.patti.anderson@house.mn.gov,,1966-06-04,,https://www.house.mn.gov/hinfo/memberimgls94/33A.gif,https://www.house.mn.gov/members/profile/15610,https://ballotpedia.org/Patti_Anderson;https://en.wikipedia.org/wiki/Patricia_Anderson;https://justfacts.votesmart.org/candidate/183792/patti-anderson;https://www.house.leg.state.mn.us/members/hmem.asp;https://www.house.mn.gov/members/profile/15610;https://www.linkedin.com/in/patandersonmn;https://www.linkedin.com/in/patti-anderson-7592a87,,,,,,,,,,,
ocd-person/b393cb61-cb71-4cd0-8132-6e21c2a7202d,Patty Acomb,Democratic-Farmer-Labor,45B,lower,Patty,Acomb,Female,rep.patty.acomb@house.mn.gov,,1965-09-28,,https://www.house.mn.gov/hinfo/memberimgls94/45B.gif,https://www.house.mn.gov/members/profile/15513,https://ballotpedia.org/Patty_Acomb;https://en.wikipedia.org/wiki/Patty_Acomb;https://justfacts.votesmart.org/candidate/biography/143648/patty-acomb;https://www.house.leg.state.mn.us/members/hmem.asp;https://www.house.mn.gov/members/profile/15513;https://www.linkedin.com/in/patty-acomb-a2140167,,,,,,,,,,,
ocd-person/ab35dde5-226a-4427-9344-c74d8291a75f,Paul Anderson,Republican,12A,lower,Paul,Anderson,Male,rep.paul.anderson@house.mn.gov,,1951-06-15,,https://www.house.mn.gov/hinfo/memberimgls94/12A.gif?v=112221,https://www.house.mn.gov/members/profile/15301,https://ballotpedia.org/Paul_Anderson_(Minnesota);https://en.wikipedia.org/wiki/Paul_Anderson_(Minnesota_state_representative);https://justfacts.votesmart.org/candidate/biography/110598/paul-anderson;https://www.house.leg.state.mn.us/members/hmem.asp;https://www.house.mn.gov/members/profile/15301,,,,,,,,,,,
ocd-person/fde08265-b73e-4a4b-ba87-d90d71319640,Paul Utke,Republican,5,upper,Paul,Utke,Male,sen.paul.utke@mnsenate.gov,,1956-12-03,,https://www.senate.mn/graphics/02Utke.jpg,https://www.senate.mn/members/member_bio.html?mem_id=1218,https://ballotpedia.org/Paul_Utke;https://en.wikipedia.org/wiki/Paul_Utke;https://justfacts.votesmart.org/candidate/biography/171335/paul-utke;https://www.linkedin.com/in/paul-utke-15730a47;https://www.senate.mn/api/members;https://www.senate.mn/members/index.php;https://www.senate.mn/members/list.csv;https://www.senate.mn/members/member_bio.html?mem_id=1218,,,,,,,,,,,
ocd-person/3e0eb8aa-b66c-4b30-9a0e-f1326c6f0589,Paul Novotny,Republican,30B,lower,Paul,Novotny,Male,rep.paul.novotny@house.mn.gov,,1966-05-26,,https://www.house.mn.gov/hinfo/memberimgls94/30B.gif?v=112221,https://www.house.mn.gov/members/profile/15536,https://ballotpedia.org/Paul_Novotny;https://en.wikipedia.org/wiki/Paul_Novotny;https://justfacts.votesmart.org/candidate/biography/188706/paul-novotny;https://www.house.leg.state.mn.us/members/hmem.asp;https://www.house.mn.gov/members/profile/15536,,,,,,,,,,,
ocd-person/380875c6-dc4c-4062-8c2d-f5b80dd64c4c,Paul Torkelson,Republican,15B,lower,Paul,Torkelson,Male,rep.paul.torkelson@house.mn.gov,,1952-07-12,,https://www.house.mn.gov/hinfo/memberimgls94/15B.gif?v=112221,https://www.house.mn.gov/members/profile/15304,https://ballotpedia.org/Paul_Torkelson;https://en.wikipedia.org/wiki/Paul_Torkelson;https://justfacts.votesmart.org/candidate/biography/109197/paul-torkelson;https://www.house.leg.state.mn.us/members/hmem.asp;https://www.house.mn.gov/members/profile/15304;https://www.linkedin.com/in/paul-torkelson-778b1711,,,,,,,,,,,
ocd-person/16c8390c-93c6-403e-83d4-5ff1a81fe4aa,Peggy Bennett,Republican,23A,lower,Peggy,Bennett,Female,rep.peggy.bennett@house.mn.gov,,1958-07-03,,https://www.house.mn.gov/hinfo/memberimgls93/23A.jpg,https://www.house.mn.gov/members/profile/15430,https://ballotpedia.org/Peggy_Bennett;https://en.wikipedia.org/wiki/Peggy_Bennett;https://justfacts.votesmart.org/candidate/biography/152868/peggy-bennett;https://www.house.leg.state.mn.us/members/hmem.asp;https://www.house.mn.gov/members/profile/15430;https://www.linkedin.com/in/peggy-bennett-8ab40591,,,,,,,,,,,
ocd-person/75f1b339-bd9f-4f7c-820b-75812553bde0,Peggy Scott,Republican,31B,lower,Peggy,Scott,Female,rep.peggy.scott@house.mn.gov,,,,https://www.house.mn.gov/hinfo/memberimgls94/31B.gif?v=112221,https://www.house.mn.gov/members/profile/15314,https://ballotpedia.org/Peggy_Scott;https://en.wikipedia.org/wiki/Peggy_Scott_(politician);https://justfacts.votesmart.org/candidate/biography/109239/peggy-scott;https://www.house.leg.state.mn.us/members/hmem.asp;https://www.house.mn.gov/members/profile/15314;https://www.linkedin.com/in/peggy-scott-55a66b44,,,,,,,,,,,
ocd-person/fb643600-2577-4561-a902-6f158a5c40e4,Pete Johnson,Democratic-Farmer-Labor,8A,lower,Pete,Johnson,Male,rep.pete.johnson@house.mn.gov,,1978-09-03,,https://www.house.mn.gov/hinfo/memberimgls94/08A.gif?v=112221,https://www.house.mn.gov/members/profile/15636;https://www.lrl.mn.gov/legdb/fulldetail?ID=15636,https://ballotpedia.org/Pete_Johnson_(Minnesota);https://en.wikipedia.org/wiki/Peter_Johnson_(Minnesota_politician);https://justfacts.votesmart.org/candidate/biography/218717/pete-johnson;https://www.house.mn.gov/members/profile/15636;https://www.linkedin.com/in/pete-johnson-10017b88;https://www.lrl.mn.gov/legdb/fulldetail?ID=15636,,,,,,,,,,,
ocd-person/929dc6f7-63f4-4a9d-ba24-6ab8c5964acf,Peter Fischer,Democratic-Farmer-Labor,44A,lower,Peter,Fischer,Male,rep.peter.fischer@house.mn.gov,,1958-06-21,,https://www.house.mn.gov/hinfo/memberimgls94/44A.gif?v=112221,https://www.house.mn.gov/members/profile/15396,https://ballotpedia.org/Peter_Fischer;https://en.wikipedia.org/wiki/Peter_Fischer_(politician);https://justfacts.votesmart.org/candidate/141045/peter-fischer;https://www.fischerforrep.com/meet-peter;https://www.house.leg.state.mn.us/members/hmem.asp;https://www.house.mn.gov/members/profile/15396,,,,,,,,,,,
ocd-person/f9fb7c65-e0ab-484c-8517-b20267cc3f07,Rich Draheim,Republican,22,upper,Rich,Draheim,Male,sen.rich.draheim@mnsenate.gov,,,,https://www.senate.mn/graphics/20Draheim.jpg,https://www.senate.mn/members/member_bio.html?mem_id=1225,https://ballotpedia.org/Rich_Draheim;https://en.wikipedia.org/wiki/Rich_Draheim;https://justfacts.votesmart.org/candidate/biography/171366/rich-draheim;https://www.linkedin.com/in/rich-draheim-631a15a;https://www.senate.mn/api/members;https://www.senate.mn/members/index.php;https://www.senate.mn/members/list.csv;https://www.senate.mn/members/member_bio.html?mem_id=1225,,,,,,,,,,,
ocd-person/c41944c1-d89b-4c3f-a76f-d5c58d0a507f,Rick Hansen,Democratic-Farmer-Labor,53B,lower,Rick,Hansen,Male,rep.rick.hansen@house.mn.gov,,1963-03-01,,https://www.house.mn.gov/hinfo/memberimgls94/53B.gif?v=112221,https://www.house.mn.gov/members/profile/12282,https://ballotpedia.org/Rick_Hansen_(Minnesota);https://en.wikipedia.org/wiki/Rick_Hansen_(politician);https://justfacts.votesmart.org/candidate/biography/38981/rick-hansen;https://www.house.leg.state.mn.us/members/hmem.asp;https://www.house.mn.gov/members/profile/12282,,,,,,,,,,,
ocd-person/e783687f-ea0d-480a-a1ff-3072f491fb44,Ripper Repinski,Republican,26A,lower,Ripper,Repinski,Male,rep.aaron.repinski@house.mn.gov,,,,https://www.house.mn.gov/hinfo/memberimgls94/26A.gif?v=112221,https://www.house.mn.gov/members/profile/15641;https://www.lrl.mn.gov/legdb/fulldetail?ID=15641,https://ballotpedia.org/Aaron_Repinski;https://en.wikipedia.org/wiki/Aaron_Repinski;https://justfacts.votesmart.org/candidate/biography/218785/aaron-repinski;https://www.house.mn.gov/members/profile/15641;https://www.linkedin.com/in/aaron-repinski-30471318;https://www.lrl.mn.gov/legdb/fulldetail?ID=15641,,,,,,,,,,,
ocd-person/f2b7f80c-abb4-4204-839f-eb9a4de6dbab,Robert Bierman,Democratic-Farmer-Labor,56A,lower,Robert,Bierman,Male,rep.robert.bierman@house.mn.gov,,1960-09-29,,https://www.house.mn.gov/hinfo/memberimgls94/56A.gif,https://www.house.mn.gov/members/profile/15526,https://ballotpedia.org/Robert_Bierman;https://en.wikipedia.org/wiki/Robert_Bierman_(politician);https://justfacts.votesmart.org/candidate/biography/183828/robert-bierman;https://www.house.leg.state.mn.us/members/hmem.asp;https://www.house.mn.gov/members/profile/15526,,,,,,,,,,,
ocd-person/9cdb9977-9923-4124-ae93-c45e28f1f51c,Rob Farnsworth,Republican,7,upper,Rob,Farnsworth,Male,sen.robert.farnsworth@senate.mn,,,,https://www.senate.mn/graphics/07Farnsworth.jpg,https://www.senate.mn/members/member_bio.html?mem_id=1254,https://ballotpedia.org/Robert_Farnsworth;https://en.wikipedia.org/wiki/Robert_Farnsworth_(politician);https://justfacts.votesmart.org/candidate/171450/robert-farnsworth;https://www.senate.mn/api/members;https://www.senate.mn/members/member_bio.html?mem_id=1254,,,,,,,,,,,
ocd-person/b8c303a5-0a73-4a26-8071-be5a9dcf113a,Rob Kupec,Democratic-Farmer-Labor,4,upper,Rob,Kupec,Male,sen.robert.kupec@senate.mn,,1968-11-27,,https://www.senate.mn/graphics/04Kupec.jpg,https://www.senate.mn/members/member_bio.html?mem_id=1253,https://ballotpedia.org/Rob_Kupec;https://en.wikipedia.org/wiki/Rob_Kupec;https://justfacts.votesmart.org/candidate/207783/rob-kupec;https://www.linkedin.com/in/robert-kupec-833b1192;https://www.senate.mn/api/members;https://www.senate.mn/members/member_bio.html?mem_id=1253,,,,,,,,,,,
ocd-person/e7b3aed7-aa50-4c4b-bd53-eacc60e53ba8,Roger Skraba,Republican,3A,lower,Roger,Skraba,Male,rep.roger.skraba@house.mn.gov,,1961-11-29,,https://www.house.mn.gov/hinfo/memberimgls94/03A.gif?v=112221,https://www.house.mn.gov/members/profile/15623,https://ballotpedia.org/Roger_Skraba;https://en.wikipedia.org/wiki/Roger_Skraba;https://justfacts.votesmart.org/candidate/biography/38907/roger-skraba;https://www.house.leg.state.mn.us/members/hmem.asp;https://www.house.mn.gov/members/profile/15623;https://www.linkedin.com/in/roger-skraba,,,,,,,,,,,
ocd-person/3059daef-810c-4917-b6fa-c059312f97bf,Ron Kresha,Republican,10A,lower,Ron,Kresha,Male,rep.ron.kresha@house.mn.gov,,1969-12-16,,https://www.house.mn.gov/hinfo/memberimgls94/10A.gif?v=112221,https://www.house.mn.gov/members/profile/15404,https://ballotpedia.org/Ron_Kresha;https://en.wikipedia.org/wiki/Ron_Kresha;https://justfacts.votesmart.org/candidate/biography/140955/ron-kresha;https://www.house.leg.state.mn.us/members/hmem.asp;https://www.house.mn.gov/members/profile/15404;https://www.linkedin.com/in/ronkresha,,,,,,,,,,,
ocd-person/834a2c10-beb0-454e-8e08-619309d8a08a,Ron Latz,Democratic-Farmer-Labor,46,upper,Ron,Latz,Male,sen.ron.latz@senate.mn,,1963-08-09,,https://www.senate.mn/graphics/46Latz.jpg,https://www.senate.mn/members/member_bio.html?mem_id=1102,https://en.wikipedia.org/wiki/Ron_Latz;https://justfacts.votesmart.org/candidate/38473/ron-latz;https://www.linkedin.com/in/ronald-latz-87920244;https://www.senate.mn/api/members;https://www.senate.mn/members/index.php;https://www.senate.mn/members/list.csv;https://www.senate.mn/members/member_bio.html?mem_id=1102,,,,,,,,,,,
ocd-person/1ff5f689-18c9-4d74-970f-c289f915dc6a,Samakab Hussein,Democratic-Farmer-Labor,65A,lower,Samakab,Hussein,Male,rep.samakab.hussein@house.mn.gov,,1980-10-12,,https://www.house.mn.gov/hinfo/memberimgls94/65A.gif?v=112221,https://www.house.mn.gov/members/profile/15573,https://ballotpedia.org/Samakab_Hussein;https://en.wikipedia.org/wiki/Samakab_Hussein;https://justfacts.votesmart.org/candidate/208078/samakab-hussein;https://www.house.leg.state.mn.us/members/hmem.asp;https://www.house.mn.gov/members/profile/15573;https://www.linkedin.com/in/samakab-hussein-a7b7a4244,,,,,,,,,,,
ocd-person/74dec7df-a9b9-48aa-9fae-bbe45990f4f5,Samantha Sencer-Mura,Democratic-Farmer-Labor,63A,lower,Samantha,Sencer-Mura,Female,rep.samantha.sencer-mura@house.mn.gov,,1989-02-02,,https://www.house.mn.gov/hinfo/memberimgls94/63A.gif?v=112221,https://www.house.mn.gov/members/profile/15572,https://ballotpedia.org/Samantha_Sencer-Mura;https://en.wikipedia.org/wiki/Samantha_Sencer-Mura;https://justfacts.votesmart.org/candidate/biography/208074/samantha-sencer-mura;https://www.house.leg.state.mn.us/members/hmem.asp;https://www.house.mn.gov/members/profile/15572;https://www.linkedin.com/in/samantha-sencer-mura-07b6b176;https://www.sencermuraconsulting.com,,,,,,,,,,,
ocd-person/3f73ba2f-f038-47ff-b721-27118592b691,Samantha Vang,Democratic-Farmer-Labor,38B,lower,Samantha,Vang,Female,rep.samantha.vang@house.mn.gov,,,,https://www.house.mn.gov/hinfo/memberimgls94/38B.gif?v=112221,https://www.house.mn.gov/members/profile/15510,https://ballotpedia.org/Samantha_Vang;https://en.wikipedia.org/wiki/Samantha_Vang;https://justfacts.votesmart.org/candidate/biography/183797/samantha-vang;https://www.house.leg.state.mn.us/members/hmem.asp;https://www.house.mn.gov/members/profile/15510;https://www.linkedin.com/in/samantha-vang-1b597073,,,,,,,,,,,
ocd-person/94c52434-9616-43bd-863b-9481943dedb1,Sandra Feist,Democratic-Farmer-Labor,39B,lower,Sandra,Feist,Female,rep.sandra.feist@house.mn.gov,,,,https://www.house.mn.gov/hinfo/memberimgls94/39B.gif?v=112221,https://www.house.mn.gov/members/profile/15547,https://ballotpedia.org/Sandra_Feist;https://en.wikipedia.org/wiki/Sandra_Feist;https://justfacts.votesmart.org/candidate/biography/194173/sandra-feist;https://www.house.leg.state.mn.us/members/hmem.asp;https://www.house.mn.gov/members/profile/15547;https://www.linkedin.com/in/sandra-feist-5374276,,,,,,,,,,,
ocd-person/0b83a916-567b-4d36-843f-17d8f5e13b8d,Sandy Pappas,Democratic-Farmer-Labor,65,upper,Sandy,Pappas,Female,sen.sandra.parry@senate.mn,,1949-06-15,,https://www.senate.mn/graphics/65Pappas.jpg,https://www.senate.mn/members/member_bio.html?mem_id=1046,https://ballotpedia.org/Sandra_Pappas;https://en.wikipedia.org/wiki/Sandy_Pappas;https://justfacts.votesmart.org/candidate/biography/3921/sandra-pappas;https://www.linkedin.com/in/sandy-pappas-81572118;https://www.senate.mn/api/members;https://www.senate.mn/members/index.php;https://www.senate.mn/members/list.csv;https://www.senate.mn/members/member_bio.html?mem_id=1046,,,,,,,,,,,
ocd-person/18e1e0aa-a224-4772-b4d1-11c7a9ed510f,Scott Van Binsbergen,Republican,16A,lower,Scott,Van Binsbergen,Male,rep.scott.vanbinsbergen@house.mn.gov,,,,https://www.house.mn.gov/hinfo/memberimgls94/16A.gif?v=112221,https://www.house.mn.gov/members/profile/15647;https://www.lrl.mn.gov/legdb/fulldetail?ID=15647,https://ballotpedia.org/Scott_Van_Binsbergen;https://justfacts.votesmart.org/candidate/biography/68738/scott-van-binsbergen;https://www.house.mn.gov/members/profile/15647;https://www.linkedin.com/in/scott-van-binsbergen-51675635;https://www.lrl.mn.gov/legdb/fulldetail?ID=15647,,,,,,,,,,,
ocd-person/204ac87d-7f04-4b49-adc4-658faec7d413,Shane Mekeland,Republican,27A,lower,Shane,Mekeland,Male,rep.shane.mekeland@house.mn.gov,,1969-07-28,,https://www.house.mn.gov/hinfo/memberimgls94/27A.gif?v=112221,https://www.house.mn.gov/members/profile/15500,https://ballotpedia.org/Shane_Mekeland;https://en.wikipedia.org/wiki/Shane_Mekeland;https://justfacts.votesmart.org/candidate/biography/183734/shane-mekeland;https://www.house.leg.state.mn.us/members/hmem.asp;https://www.house.mn.gov/members/profile/15500;https://www.linkedin.com/in/shane-mekeland-19820090,,,,,,,,,,,
ocd-person/0b860ed2-515a-4212-81ab-cc27b5e16223,Shelley Buck,Democratic-Farmer-Labor,47A,lower,Shelley,Buck,Female,rep.shelley.buck@house.mn.gov,,,,https://www.house.mn.gov/hinfo/memberimgls94/47A.gif?v=012126,https://www.house.mn.gov/members/profile/15655,https://ballotpedia.org/Shelley_Buck;https://en.wikipedia.org/wiki/Shelley_Buck;https://www.house.mn.gov/members/profile/15655;https://www.linkedin.com/in/shelley-buck-pte-wicota-6a53b35a,,,,,,,,,,,
ocd-person/2e342c55-f56d-4895-9dd2-ef1271f784c0,Spencer Igo,Republican,7A,lower,Spencer,Igo,Male,rep.spencer.igo@house.mn.gov,,1996-03-26,,https://www.house.mn.gov/hinfo/memberimgls94/07A.gif?v=112221,https://www.house.mn.gov/members/profile/15540,https://ballotpedia.org/Spencer_Igo;https://en.wikipedia.org/wiki/Spencer_Igo;https://justfacts.votesmart.org/candidate/194065/spencer-igo;https://www.house.leg.state.mn.us/members/hmem.asp;https://www.house.mn.gov/members/profile/15540;https://www.linkedin.com/in/spencer-igo-2a291114b,,,,MN,218-244-1295,,,,,,
ocd-person/e67843ce-752d-4cc0-abb9-4a45b8b8fdca,Steve Cwodzinski,Democratic-Farmer-Labor,49,upper,Steve,Cwodzinski,Male,sen.steve.cwodzinski@senate.mn,,1958-09-08,,https://www.senate.mn/graphics/49Cwodzinski.jpg,https://www.senate.mn/members/member_bio.html?mem_id=1234,https://ballotpedia.org/Steve_Cwodzinski;https://en.wikipedia.org/wiki/Steve_Cwodzinski;https://justfacts.votesmart.org/candidate/171409/steve-cwodzinski;https://www.senate.mn/api/members;https://www.senate.mn/members/index.php;https://www.senate.mn/members/list.csv;https://www.senate.mn/members/member_bio.html?mem_id=1234,,,,,,,,,,,
ocd-person/a947d529-ab68-4ae8-b1e8-7ff012dde193,Steve Drazkowski,Republican,20,upper,Steve,Drazkowski,Male,sen.steve.drazkowski@senate.mn,,1964-11-27,,https://www.senate.mn/graphics/20Drazkowski.jpg,https://www.senate.mn/members/member_bio.html?mem_id=1258,https://ballotpedia.org/Steve_Drazkowski;https://en.wikipedia.org/wiki/Steve_Drazkowski;https://justfacts.votesmart.org/candidate/biography/65586/steve-drazkowski;https://www.house.leg.state.mn.us/members/hmem.asp;https://www.linkedin.com/in/stevedrazkowski;https://www.senate.mn/api/members;https://www.senate.mn/members/member_bio.html?mem_id=1258,,,,,,,,,,,
ocd-person/b867618c-7a49-4cb3-94ac-b5836ae8dedf,Steve Elkins,Democratic-Farmer-Labor,50B,lower,Steve,Elkins,Male,rep.steve.elkins@house.mn.gov,,1952-04-17,,https://www.house.mn.gov/hinfo/memberimgls94/50B.gif?v=112221,https://www.house.mn.gov/members/profile/15517,https://ballotpedia.org/Steve_Elkins;https://en.wikipedia.org/wiki/Steve_Elkins_(politician);https://justfacts.votesmart.org/candidate/biography/77012/steve-elkins;https://www.house.leg.state.mn.us/members/hmem.asp;https://www.house.mn.gov/members/profile/15517;https://www.linkedin.com/in/stelkins,,,,,,,,,,,
ocd-person/23bda6c1-1fa1-4d42-9b6c-8c76d1d91227,Steve Gander,Republican,1B,lower,Steve,Gander,Male,rep.steve.gander@house.mn.gov,,1961-08-27,,https://www.house.mn.gov/hinfo/memberimgls94/01B.gif?v=112221,https://www.house.mn.gov/members/profile/15631,https://ballotpedia.org/Steve_Gander;https://en.wikipedia.org/wiki/Steve_Gander;https://justfacts.votesmart.org/candidate/218700/steve-gander;https://www.house.mn.gov/members/profile/15631;https://www.linkedin.com/in/steve-gander-b6538811,,,,MN,218-773-3447,,,,,,
ocd-person/9d8b9b67-e74b-4e7f-92d5-52e3c0907f1d,Steve Green,Republican,2,upper,Steve,Green,Male,sen.steve.green@mnsenate.gov,,1960-05-28,,https://www.senate.mn/graphics/02Green.jpg,https://www.senate.mn/members/member_bio.html?mem_id=1251,https://ballotpedia.org/Steve_Green_(Minnesota);https://en.wikipedia.org/wiki/Steve_Green_(politician);https://justfacts.votesmart.org/candidate/biography/109054/steve-green;https://www.house.leg.state.mn.us/members/hmem.asp;https://www.senate.mn/api/members;https://www.senate.mn/members/member_bio.html?mem_id=1251,,,,,,,,,,,
ocd-person/3c90edec-1bce-4197-8e1c-cc840102c7a9,Steve Jacob,Republican,20B,lower,Steve,Jacob,Male,rep.steven.jacob@house.mn.gov,,1966-06-13,,https://www.house.mn.gov/hinfo/memberimgls94/20B.gif?v=112221,https://www.house.mn.gov/members/profile/15603,https://ballotpedia.org/Steven_Jacob;https://en.wikipedia.org/wiki/Steven_Jacob;https://justfacts.votesmart.org/candidate/biography/207916/steven-jacob;https://www.house.leg.state.mn.us/members/hmem.asp;https://www.house.mn.gov/members/profile/15603;https://www.linkedin.com/in/steve-jacob-84613260,,,,,,,,,,,
ocd-person/bd086574-4116-4b0a-ad6b-7c0352293f06,Susan Pha,Democratic-Farmer-Labor,38,upper,Susan,Pha,Female,sen.susan.pha@senate.mn,,,,https://www.senate.mn/graphics/38Pha.jpg,https://www.senate.mn/members/member_bio.html?mem_id=1264,https://ballotpedia.org/Susan_Pha;https://en.wikipedia.org/wiki/Susan_Pha;https://justfacts.votesmart.org/candidate/199097/susan-pha;https://www.linkedin.com/in/susan-kaying-pha-0b01588;https://www.senate.mn/api/members;https://www.senate.mn/members/member_bio.html?mem_id=1264,,,,,,,,,,,
ocd-person/e60bb3ff-5164-4d6d-9029-d2e3d2ac69a0,Sydney Jordan,Democratic-Farmer-Labor,60A,lower,Sydney,Jordan,Female,rep.sydney.jordan@house.mn.gov,,1990-10-01,,https://www.house.mn.gov/hinfo/memberimgls94/60A.gif?v=112221,https://www.house.mn.gov/members/profile/15535,https://ballotpedia.org/Sydney_Jordan;https://en.wikipedia.org/wiki/Sydney_Jordan_(politician);https://justfacts.votesmart.org/candidate/188492/sydney-jordan;https://www.house.leg.state.mn.us/members/hmem.asp;https://www.house.mn.gov/members/profile/15535;https://www.linkedin.com/in/sydney-jordan-78b22371,,,,,,,,,,,
ocd-person/9e7eca64-ff97-48f2-8887-916e50d917cd,Terry Stier,Republican,22B,lower,Terry,Stier,Male,rep.terry.stier@house.mn.gov,,1978-07-25,,https://www.house.mn.gov/hinfo/memberimgls94/22B.gif?v=112221,https://www.house.mn.gov/members/profile/15646;https://www.lrl.mn.gov/legdb/fulldetail?ID=15646,https://ballotpedia.org/Terry_Stier;https://en.wikipedia.org/wiki/Terry_Stier;https://justfacts.votesmart.org/candidate/biography/218778/terry-stier;https://www.house.mn.gov/members/profile/15646;https://www.linkedin.com/in/terry-m-stier-b0729457;https://www.lrl.mn.gov/legdb/fulldetail?ID=15646,,,,MN,952-292-0638,,,,,,
ocd-person/015d0cf4-9742-4050-8084-a62be4107f2e,Tim O'Driscoll,Republican,13B,lower,Tim,O'Driscoll,Male,rep.tim.odriscoll@house.mn.gov,,1964-04-22,,https://www.house.mn.gov/hinfo/memberimgls94/13B.gif?v=112221,https://www.house.mn.gov/members/profile/15364,https://ballotpedia.org/Tim_O%27Driscoll;https://en.wikipedia.org/wiki/Tim_O%27Driscoll;https://justfacts.votesmart.org/candidate/biography/123119/tim-odriscoll;https://www.house.leg.state.mn.us/members/hmem.asp;https://www.house.mn.gov/members/profile/15364,,,,,,,,,,,
ocd-person/ed6e8851-f7a8-41af-b2b6-570bd2004587,Tina Liebling,Democratic-Farmer-Labor,24B,lower,Tina,Liebling,Female,rep.tina.liebling@house.mn.gov,,,,https://www.house.mn.gov/hinfo/memberimgls94/24B.gif?v=112221,https://www.house.mn.gov/members/profile/12268,https://ballotpedia.org/Tina_Liebling;https://en.wikipedia.org/wiki/Tina_Liebling;https://justfacts.votesmart.org/candidate/biography/38468/tina-liebling;https://www.house.leg.state.mn.us/members/hmem.asp;https://www.house.mn.gov/members/profile/12268;https://www.linkedin.com/in/tina-liebling-786427151,,,,,,,,,,,
ocd-person/05de7bba-70ee-4848-b0ec-d67354b6073a,Tom Dippel,Republican,41B,lower,Tom,Dippel,Male,rep.tom.dippel@house.mn.gov,,1982-05-19,,https://www.house.mn.gov/hinfo/memberimgls94/41B.gif?v=112221,https://www.house.mn.gov/members/profile/15628,https://ballotpedia.org/Tom_Dippel;https://en.wikipedia.org/wiki/Tom_Dippel;https://justfacts.votesmart.org/candidate/biography/207847/tom-dippel;https://www.house.mn.gov/members/profile/15628;https://www.linkedin.com/in/tom-dippel-b649206,,,,,,,,,,,
ocd-person/a798a6be-e28f-447c-b9ce-ffd7bf9a0ed4,Tom Murphy,Republican,9B,lower,Tom,Murphy,Male,rep.tom.murphy@house.mn.gov,,1962-04-19,,https://www.house.mn.gov/hinfo/memberimgls94/09B.gif?v=112221,https://www.house.mn.gov/members/profile/15596,https://ballotpedia.org/Tom_Murphy_(Minnesota);https://en.wikipedia.org/wiki/Tom_Murphy_(Minnesota_politician);https://justfacts.votesmart.org/candidate/207776/tom-murphy;https://www.house.leg.state.mn.us/members/hmem.asp;https://www.house.mn.gov/members/profile/15596,,,,MN,218-640-1707,,,,,,
ocd-person/2989633c-a60b-4337-972d-49941a4db1b6,Tom Sexton,Republican,19B,lower,Tom,Sexton,Male,rep.tom.sexton@house.mn.gov,,1963-02-15,,https://www.house.mn.gov/hinfo/memberimgls94/19B.gif?v=112221,https://www.house.mn.gov/members/profile/15645;https://www.lrl.mn.gov/legdb/fulldetail?ID=15645,https://ballotpedia.org/Tom_Sexton;https://en.wikipedia.org/wiki/Thomas_Sexton_(Minnesota_politician);https://justfacts.votesmart.org/candidate/biography/218772/thomas-sexton;https://www.house.mn.gov/members/profile/15645;https://www.linkedin.com/in/tom-sexton-111b5116;https://www.lrl.mn.gov/legdb/fulldetail?ID=15645,,,,,,,,,,,
ocd-person/1c19414e-994b-46d4-8971-432ed482ca39,Torrey Westrom,Republican,12,upper,Torrey,Westrom,Male,sen.torrey.westrom@mnsenate.gov,,1973-03-27,,https://www.senate.mn/graphics/12Westrom.jpg,https://www.senate.mn/members/member_bio.html?mem_id=1197,https://ballotpedia.org/Torrey_Westrom;https://en.wikipedia.org/wiki/Torrey_Westrom;https://justfacts.votesmart.org/candidate/biography/13444/torrey-westrom;https://www.linkedin.com/in/torrey-office-68626281;https://www.senate.mn/api/members;https://www.senate.mn/members/index.php;https://www.senate.mn/members/list.csv;https://www.senate.mn/members/member_bio.html?mem_id=1197,,,,,,,,,,,
ocd-person/5d9e1da5-ecf9-45d9-b104-7d1238032aff,Tou Xiong,Democratic-Farmer-Labor,44,upper,Tou,Xiong,Male,sen.tou.xiong@senate.mn,,,,https://www.senate.mn/graphics/44Xiong.jpg,https://www.senate.mn/members/member_bio.html?mem_id=1267,https://ballotpedia.org/Tou_Xiong;https://en.wikipedia.org/wiki/Tou_Xiong;https://justfacts.votesmart.org/candidate/biography/173949/tou-xiong;https://www.house.leg.state.mn.us/members/hmem.asp;https://www.linkedin.com/in/tou-xiong-159b0475;https://www.linkedin.com/in/tou-xiong-b03b731a7;https://www.senate.mn/api/members;https://www.senate.mn/members/member_bio.html?mem_id=1267,,,,,,,,,,,
ocd-person/0b721953-c642-4b33-b203-5eb3f3da210b,Walter Hudson,Republican,30A,lower,Walter,Hudson,Male,rep.walter.hudson@house.mn.gov,,,,https://www.house.mn.gov/hinfo/memberimgls94/30A.gif?v=112221,https://www.house.mn.gov/members/profile/15607,https://ballotpedia.org/Walter_Hudson;https://en.wikipedia.org/wiki/Walter_Hudson_(Minnesota_politician);https://justfacts.votesmart.org/candidate/biography/208022/walter-hudson;https://www.house.leg.state.mn.us/members/hmem.asp;https://www.house.mn.gov/members/profile/15607;https://www.linkedin.com/in/walterhudson,,,,,,,,,,,
ocd-person/dc676c57-0779-4d0e-9ba4-a07d7034dfa1,Warren Limmer,Republican,37,upper,Warren,Limmer,Male,sen.warren.limmer@senate.mn,,1955-01-24,,https://www.senate.mn/graphics/37Limmer.jpg,https://www.senate.mn/members/member_bio.html?mem_id=1032,https://ballotpedia.org/Warren_Limmer;https://en.wikipedia.org/wiki/Warren_Limmer;https://justfacts.votesmart.org/candidate/3908/warren-limmer;https://www.linkedin.com/in/warren-limmer-a64b877;https://www.senate.mn/api/members;https://www.senate.mn/members/index.php;https://www.senate.mn/members/list.csv;https://www.senate.mn/members/member_bio.html?mem_id=1032,,,,,,,,,,,
ocd-person/0926949b-8d9e-4fc0-b860-7662f46afdc6,Wayne Johnson,Republican,41A,lower,Wayne,Johnson,Male,rep.wayne.johnson@house.mn.gov,,,,https://www.house.mn.gov/hinfo/memberimgls94/41A.gif?v=112221,https://www.house.mn.gov/members/profile/15637,https://ballotpedia.org/Wayne_Johnson_(Minnesota);https://en.wikipedia.org/wiki/Wayne_Johnson_(Minnesota_politician);https://justfacts.votesmart.org/candidate/biography/187703/wayne-johnson;https://www.house.mn.gov/members/profile/15637;https://www.linkedin.com/in/wayne-johnson-04638810,,,,,,,,,,,
ocd-person/622e5358-869c-4d25-b6ed-e5425ca56caa,Xp Lee,Democratic-Farmer-Labor,34B,lower,Xp,Lee,Male,rep.xp.lee@house.mn.gov,,,,https://www.house.mn.gov/hinfo/memberimgls94/34B.gif?v=112221,https://www.house.mn.gov/members/profile/15652,https://ballotpedia.org/Xp_Lee;https://en.wikipedia.org/wiki/Xp_Lee;https://justfacts.votesmart.org/candidate/biography/226798/xp-lee;https://www.house.mn.gov/members/profile/15652;https://www.linkedin.com/in/xiongpaolee,,,,,,,,,,,
ocd-person/acacede0-a09a-45b9-8990-646dfa5bd59a,Zach Duckworth,Republican,57,upper,Zach,Duckworth,Male,sen.zach.duckworth@senate.mn,,1987-07-01,,https://www.senate.mn/graphics/58DuckworthZach.jpg,https://www.senate.mn/members/member_bio.html?mem_id=1246,https://ballotpedia.org/Zach_Duckworth;https://en.wikipedia.org/wiki/Zach_Duckworth;https://justfacts.votesmart.org/candidate/biography/194113/zach-duckworth;https://www.linkedin.com/in/zachduckworth;https://www.senate.mn/api/members;https://www.senate.mn/members/index.php;https://www.senate.mn/members/list.csv;https://www.senate.mn/members/member_bio.html?mem_id=1246,,,,,,,,,,,
ocd-person/ed5f1cc0-ff12-461e-9016-0ef27f180430,Zack Stephenson,Democratic-Farmer-Labor,35A,lower,Zack,Stephenson,Male,rep.zack.stephenson@house.mn.gov,,1984-07-18,,https://www.house.mn.gov/hinfo/memberimgls94/35A.gif?v=112221,https://www.house.mn.gov/members/profile/15507,https://ballotpedia.org/Zack_Stephenson;https://en.wikipedia.org/wiki/Zack_Stephenson;https://justfacts.votesmart.org/candidate/biography/183789/zack-stephenson;https://www.house.leg.state.mn.us/members/hmem.asp;https://www.house.mn.gov/members/profile/15507;https://www.linkedin.com/in/zackstephenson,,,,,,,,,,,
ocd-person/332e30b5-dc8d-4074-9c16-6e2a6255d135,Zaynab Mohamed,Democratic-Farmer-Labor,63,upper,Zaynab,Mohamed,Female,sen.zaynab.mohamed@senate.mn,,1997-05-04,,https://www.senate.mn/graphics/63Mohamed.jpg,https://www.senate.mn/members/member_bio.html?mem_id=1273,https://ballotpedia.org/Zaynab_Mohamed;https://en.wikipedia.org/wiki/Zaynab_Mohamed;https://justfacts.votesmart.org/candidate/207883/zaynab-mohamed;https://www.linkedin.com/in/zaynab-mohamed-161323157;https://www.senate.mn/api/members;https://www.senate.mn/members/member_bio.html?mem_id=1273,,,,,,,,,,,
