id,name,current_party,current_district,current_chamber,given_name,family_name,gender,email,biography,birth_date,death_date,image,links,sources,capitol_address,capitol_voice,capitol_fax,district_address,district_voice,district_fax,twitter,youtube,instagram,facebook,wikidata
ocd-person/ba6eb394-0402-49ba-9917-c5618d8a1589,Aaron Crossley,Democratic,29,lower,Aaron,Crossley,Male,aaron.crossley@house.mo.gov,,,,https://house.mo.gov/MemberPhoto.aspx?id=2366,https://house.mo.gov/MemberDetails.aspx?district=29;https://house.mo.gov/MemberDetails.aspx?year=2023&code=R&district=029;https://house.mo.gov/MemberDetails.aspx?year=2023&code=R&district=29,https://ballotpedia.org/Aaron_Crossley;https://en.wikipedia.org/wiki/Aaron_Crossley;https://house.mo.gov/memberdetails.aspx?district=029;https://house.mo.gov/MemberDetails.aspx?district=29;https://house.mo.gov/MemberDetails.aspx?year=2023&code=R&district=029;https://house.mo.gov/MemberDetails.aspx?year=2023&code=R&district=29;https://justfacts.votesmart.org/candidate/biography/205695/aaron-crossley;https://www.linkedin.com/in/aaron-crossley,,,,,,,,,,,
ocd-person/f436aa10-c006-4128-9748-050bf50c4e21,Adam Schnelting,Republican,23,upper,Adam,Schnelting,Male,adam.schnelting@senate.mo.gov,,,,https://house.mo.gov/MemberPhoto.aspx?id=2087,https://house.mo.gov/MemberDetails.aspx?district=069;https://house.mo.gov/MemberDetails.aspx?year=2021&code=R&district=104;https://house.mo.gov/MemberDetails.aspx?year=2023&code=R&district=069;https://www.house.mo.gov/MemberDetails.aspx?district=104;https://www.senate.mo.gov/Senators/Member/23;https://www.senate.mo.gov/Senators/Member?id=6375,https://ballotpedia.org/Adam_Schnelting;https://en.wikipedia.org/wiki/Adam_Schnelting;https://house.mo.gov/MemberDetails.aspx?district=069;https://house.mo.gov/MemberDetails.aspx?year=2021&code=R&district=104;https://house.mo.gov/MemberDetails.aspx?year=2023&code=R&district=069;https://house.mo.gov/MemberGridCluster.aspx;https://justfacts.votesmart.org/candidate/biography/169769/adam-schnelting;https://www.house.mo.gov/MemberDetails.aspx?district=104;https://www.senate.mo.gov/Senators/Member/23;https://www.senate.mo.gov/Senators/Member?id=6375,,,,,,,,,,,
ocd-person/f2e657d5-999a-4d77-98e3-b06a7c3771f4,Adrian Plank,Democratic,47,lower,Adrian,Plank,Male,adrian.plank@house.mo.gov,,,,https://house.mo.gov/MemberPhoto.aspx?id=2395,https://house.mo.gov/MemberDetails.aspx?district=047;https://house.mo.gov/MemberDetails.aspx?year=2023&code=R&district=047,https://ballotpedia.org/Adrian_Plank;https://en.wikipedia.org/wiki/Adrian_Plank;https://house.mo.gov/MemberDetails.aspx?district=047;https://house.mo.gov/MemberDetails.aspx?district=047&;https://house.mo.gov/MemberDetails.aspx?year=2023&code=R&district=047;https://justfacts.votesmart.org/candidate/biography/183217/adrian-plank;https://www.adrianplank.com/bio;https://www.linkedin.com/in/adrian-plank-936487123,,,,,,,,,,,
ocd-person/b11b5a8d-08e8-4cf3-802c-42a842102cfa,Alex Riley,Republican,134,lower,Alex,Riley,Male,alex.riley@house.mo.gov,,,,https://house.mo.gov/MemberPhoto.aspx?id=2232,https://house.mo.gov/MemberDetails.aspx?district=134;https://house.mo.gov/MemberDetails.aspx?year=2021&code=R&district=134;https://house.mo.gov/MemberDetails.aspx?year=2023&code=R&district=134,https://ballotpedia.org/Alex_Riley;https://en.wikipedia.org/wiki/Alex_Riley_(politician);https://house.mo.gov/MemberDetails.aspx?district=134;https://house.mo.gov/memberdetails.aspx?district=134;https://house.mo.gov/MemberDetails.aspx?year=2021&code=R&district=134;https://house.mo.gov/MemberDetails.aspx?year=2023&code=R&district=134;https://justfacts.votesmart.org/candidate/biography/193401/alex-riley;https://www.linkedin.com/in/alex-riley-69334570,,,,,,,,,,,
ocd-person/048bc29f-0bab-4fa1-8a1e-647b0eba4dcd,Angela Mosley,Democratic,13,upper,Angela,Mosley,Female,angela.mosley@senate.mo.gov,,,,https://www.senate.mo.gov/21web/wp-content/uploads/2020/12/Mosley2021-200x300.jpg,https://www.senate.mo.gov/mem13;https://www.senate.mo.gov/Senators/Member/13;https://www.senate.mo.gov/Senators/Member?id=20,https://ballotpedia.org/Angela_Mosley;https://en.wikipedia.org/wiki/Angela_Mosley;https://www.senate.mo.gov/mem13;https://www.senate.mo.gov/senators-listing;https://www.senate.mo.gov/senators-listing/;https://www.senate.mo.gov/Senators/Member/13;https://www.senate.mo.gov/Senators/Member?id=20,,,,,,,,,,,
ocd-person/fff43ce1-d209-4556-ba74-32f9ba46d3c0,Ann Kelley,Republican,127,lower,Ann,Kelley,Female,ann.kelley@house.mo.gov,,,,https://house.mo.gov/MemberPhoto.aspx?id=2051,https://house.mo.gov/memberdetails.aspx?district=127;https://house.mo.gov/MemberDetails.aspx?year=2021&code=R&district=127;https://house.mo.gov/MemberDetails.aspx?year=2023&code=R&district=127;https://www.house.mo.gov/MemberDetails.aspx?district=127,https://ballotpedia.org/Ann_Kelley;https://en.wikipedia.org/wiki/Ann_Kelley_(politician);https://house.mo.gov/memberdetails.aspx?district=127;https://house.mo.gov/MemberDetails.aspx?year=2021&code=R&district=127;https://house.mo.gov/MemberDetails.aspx?year=2023&code=R&district=127;https://house.mo.gov/MemberGridCluster.aspx;https://justfacts.votesmart.org/candidate/biography/183349/ann-kelley;https://www.house.mo.gov/MemberDetails.aspx?district=127,,,,,,,,,,,
ocd-person/a5cc5083-e44a-4379-b4db-74c4a930821b,Anthony Ealy,Democratic,36,lower,Anthony,Ealy,Male,anthony.ealy@house.mo.gov,,,,https://house.mo.gov/MemberPhoto.aspx?id=2384,https://house.mo.gov/MemberDetails.aspx?district=36;https://house.mo.gov/MemberDetails.aspx?year=2023&code=R&district=036;https://house.mo.gov/MemberDetails.aspx?year=2023&code=R&district=36,https://ballotpedia.org/Anthony_Ealy;https://house.mo.gov/MemberDetails.aspx?district=36;https://house.mo.gov/MemberDetails.aspx?year=2023&code=R&district=036;https://house.mo.gov/MemberDetails.aspx?year=2023&code=R&district=36;https://justfacts.votesmart.org/candidate/biography/205703/anthony-ealy;https://www.linkedin.com/in/anthonyealyjr,,,,,,,,,,,
ocd-person/1ff1dec0-c449-4ff8-aa22-0830817c2070,Ashley Aune,Democratic,14,lower,Ashley,Aune,Female,ashley.aune@house.mo.gov,,,,https://house.mo.gov/MemberPhoto.aspx?id=2210,https://house.mo.gov/MemberDetails.aspx?district=014;https://house.mo.gov/MemberDetails.aspx?year=2021&code=R&district=014;https://house.mo.gov/MemberDetails.aspx?year=2023&code=R&district=014,https://ballotpedia.org/Ashley_Aune;https://en.wikipedia.org/wiki/Ashley_Aune;https://house.mo.gov/MemberDetails.aspx?district=014;https://house.mo.gov/MemberDetails.aspx?year=2021&code=R&district=014;https://house.mo.gov/MemberDetails.aspx?year=2023&code=R&district=014;https://justfacts.votesmart.org/candidate/biography/193275/ashley-aune;https://www.linkedin.com/in/theashleyaune,,,,,,,,,,,
ocd-person/de8806cc-fa03-4745-ae1e-198c56492f9a,Barbara Washington,Democratic,9,upper,Barbara,Washington,Female,barbara.washington@senate.mo.gov,,,,,https://www.house.mo.gov/MemberDetails.aspx?district=23;https://www.senate.mo.gov/mem09;https://www.senate.mo.gov/Senators/Member/09;https://www.senate.mo.gov/Senators/Member?id=31,https://ballotpedia.org/Barbara_Anne_Washington;https://en.wikipedia.org/wiki/Barbara_Washington;https://house.mo.gov/MemberGridCluster.aspx;https://justfacts.votesmart.org/candidate/biography/176775/barbara-washington;https://www.house.mo.gov/MemberDetails.aspx?district=23;https://www.linkedin.com/in/barbara-washington-1582259;https://www.senate.mo.gov/mem09;https://www.senate.mo.gov/senators-listing;https://www.senate.mo.gov/senators-listing/;https://www.senate.mo.gov/Senators/Member/09;https://www.senate.mo.gov/Senators/Member?id=31,,,,,,,,,,,
ocd-person/54f9145f-2529-448e-8238-b00d049a782c,Barry Hovis,Republican,146,lower,Barry,Hovis,Male,barry.hovis@house.mo.gov,,,,https://house.mo.gov/MemberPhoto.aspx?id=2129,https://house.mo.gov/MemberDetails.aspx?district=146;https://house.mo.gov/MemberDetails.aspx?year=2021&code=R&district=146;https://house.mo.gov/MemberDetails.aspx?year=2023&code=R&district=146;https://www.house.mo.gov/MemberDetails.aspx?district=146,https://en.wikipedia.org/wiki/Barry_Hovis;https://house.mo.gov/MemberDetails.aspx?district=146;https://house.mo.gov/MemberDetails.aspx?year=2021&code=R&district=146;https://house.mo.gov/MemberDetails.aspx?year=2023&code=R&district=146;https://house.mo.gov/MemberGridCluster.aspx;https://justfacts.votesmart.org/candidate/biography/183414/barry-hovis;https://www.friendsofbarryhovis.com/meet-barry;https://www.house.mo.gov/MemberDetails.aspx?district=146;https://www.linkedin.com/in/barry-hovis-492603166,,,,,,,,,,,
ocd-person/483aaa6b-d64a-48d0-8bc4-bca6c252f8dc,Becky Laubinger,Republican,117,lower,Becky,Laubinger,Female,becky.laubinger@house.mo.gov,,,,,https://house.mo.gov/MemberDetails.aspx?&district=117,https://ballotpedia.org/Becky_Laubinger;https://en.wikipedia.org/wiki/Becky_Laubinger;https://house.mo.gov/MemberDetails.aspx?&code=R&district=117;https://house.mo.gov/MemberDetails.aspx?&district=117;https://justfacts.votesmart.org/candidate/biography/217734/becky-laubinger,,,,,,,,,,,
ocd-person/c44ce433-7957-40b8-98dd-221b2f7d1436,Ben Brown,Republican,26,upper,Ben,Brown,Male,ben.brown@senate.mo.gov,,,,https://www.senate.mo.gov/WebPhotos/SenatorPortraits/Brown26.jpg,https://www.senate.mo.gov/Senators/Member/26;https://www.senate.mo.gov/Senators/Member?id=271,https://ballotpedia.org/Ben_Brown_(Missouri);https://en.wikipedia.org/wiki/Ben_Brown_(politician);https://justfacts.votesmart.org/candidate/205662/ben-brown;https://www.linkedin.com/in/benjamin-brown-88474328;https://www.senate.mo.gov/senators/index;https://www.senate.mo.gov/Senators/Member/26;https://www.senate.mo.gov/Senators/Member?id=271,,,,,,,,,,,
ocd-person/1f082953-c9f5-4a72-a281-cdb9fe4bda5e,Ben Keathley,Republican,101,lower,Ben,Keathley,Male,ben.keathley@house.mo.gov,,,,https://house.mo.gov/MemberPhoto.aspx?id=2389,https://house.mo.gov/MemberDetails.aspx?district=101;https://house.mo.gov/MemberDetails.aspx?year=2023&code=R&district=101;https://house.mo.gov/MemberDetails.aspx?year=2024&code=R&district=101,https://ballotpedia.org/Ben_Keathley;https://en.wikipedia.org/wiki/Ben_Keathley;https://house.mo.gov/MemberDetails.aspx?district=101;https://house.mo.gov/MemberDetails.aspx?year=2023&code=R&district=101;https://house.mo.gov/MemberDetails.aspx?year=2024&code=R&district=101;https://justfacts.votesmart.org/candidate/biography/205766/ben-keathley;https://www.linkedin.com/in/benkeath,,,,,,,,,,,
ocd-person/9c485ac1-4ad5-4466-9392-a9014827ef56,Bennie Cook,Republican,143,lower,Bennie,Cook,Male,bennie.cook@house.mo.gov,,,,https://house.mo.gov/MemberPhoto.aspx?id=2235,https://house.mo.gov/MemberDetails.aspx?district=143;https://house.mo.gov/MemberDetails.aspx?year=2023&code=R&district=143,https://ballotpedia.org/Bennie_Cook;https://en.wikipedia.org/wiki/Bennie_Cook;https://house.mo.gov/MemberDetails.aspx?district=143;https://house.mo.gov/MemberDetails.aspx?year=2023&code=R&district=143;https://justfacts.votesmart.org/candidate/biography/193409/bennie-cook,,,,,,,,,,,
ocd-person/55b3b80d-f69c-4f9f-aaed-4d1e5cd2634d,Betsy Fogle,Democratic,135,lower,Betsy,Fogle,Female,betsy.fogle@house.mo.gov,,,,https://house.mo.gov/MemberPhoto.aspx?id=2233,https://house.mo.gov/memberdetails.aspx?district=135;https://house.mo.gov/MemberDetails.aspx?year=2021&code=R&district=135;https://house.mo.gov/MemberDetails.aspx?year=2023&code=R&district=135,https://ballotpedia.org/Betsy_Fogle;https://en.wikipedia.org/wiki/Betsy_Fogle;https://house.mo.gov/memberdetails.aspx?district=135;https://house.mo.gov/MemberDetails.aspx?year=2021&code=R&district=135;https://house.mo.gov/MemberDetails.aspx?year=2023&code=R&district=135,,,,,,,,,,,
ocd-person/7472aac6-4730-456b-8e2f-3b79e45da74c,Bill Allen,Republican,17,lower,Bill,Allen,Male,bill.allen@house.mo.gov,,,,https://house.mo.gov/MemberPhoto.aspx?id=2377,https://house.mo.gov/memberdetails.aspx?district=017;https://house.mo.gov/MemberDetails.aspx?year=2023&code=R&district=017,https://ballotpedia.org/Bill_Allen_(Missouri);https://en.wikipedia.org/wiki/Bill_Allen_(Missouri_politician);https://house.mo.gov/memberdetails.aspx?district=017;https://house.mo.gov/MemberDetails.aspx?year=2023&code=R&district=017;https://justfacts.votesmart.org/candidate/biography/205684/bill-allen;https://www.linkedin.com/in/bill-allen-ph-d-130243141,,,,,,,,,,,
ocd-person/28245e55-fddc-46db-85a7-ce9ca55da6d7,Bill Falkner,Republican,10,lower,Bill,Falkner,Male,bill.falkner@house.mo.gov,,1959-07-12,,https://house.mo.gov/MemberPhoto.aspx?id=2062,https://house.mo.gov/memberdetails.aspx?district=010;https://house.mo.gov/MemberDetails.aspx?year=2021&code=R&district=010;https://house.mo.gov/MemberDetails.aspx?year=2023&code=R&district=010;https://www.house.mo.gov/MemberDetails.aspx?district=10,https://ballotpedia.org/Bill_Falkner;https://en.wikipedia.org/wiki/Bill_Falkner;https://house.mo.gov/memberdetails.aspx?district=010;https://house.mo.gov/MemberDetails.aspx?district=010;https://house.mo.gov/MemberDetails.aspx?year=2021&code=R&district=010;https://house.mo.gov/MemberDetails.aspx?year=2023&code=R&district=010;https://house.mo.gov/MemberGridCluster.aspx;https://justfacts.votesmart.org/candidate/biography/75375/bill-falkner;https://www.house.mo.gov/MemberDetails.aspx?district=10,,,,,,,,,,,
ocd-person/6b7c5c9c-05ba-4a2e-8f23-117edbf2969b,Bill Hardwick,Republican,121,lower,Bill,Hardwick,Male,bill.hardwick@house.mo.gov,,,,https://house.mo.gov/MemberPhoto.aspx?id=2253,https://house.mo.gov/MemberDetails.aspx?district=121;https://house.mo.gov/MemberDetails.aspx?year=2023&code=R&district=121,https://ballotpedia.org/Bill_Hardwick;https://en.wikipedia.org/wiki/Bill_Hardwick;https://house.mo.gov/MemberDetails.aspx?district=121;https://house.mo.gov/MemberDetails.aspx?year=2023&code=R&district=121;https://justfacts.votesmart.org/candidate/biography/193382/bill-hardwick;https://www.linkedin.com/in/bill-hardwick-56535555,,,,,,,,,,,
ocd-person/21a85544-7b2f-4d34-9654-a1ebfaa34881,Bill Irwin,Republican,55,lower,Bill,Irwin,Male,bill.irwin@house.mo.gov,,,,https://images.squarespace-cdn.com/content/v1/64e208458934da6e60e3a002/211532ff-154d-44d5-84d6-5cd347f4aaba/Irwin+4+Congress+office.jpg?format=2500w,https://house.mo.gov/MemberDetails.aspx?district=055,https://ballotpedia.org/William_Irwin_(Missouri);https://house.mo.gov/MemberDetails.aspx?district=055;https://justfacts.votesmart.org/candidate/biography/205857/william-irwin,,,,,,,,,,,
ocd-person/720cb5cb-6d39-4cdf-be60-020493ac19d9,Bill Lucas,Republican,115,lower,Bill,Lucas,Male,william.lucas@house.mo.gov,,,,,https://house.mo.gov/MemberDetails.aspx?&district=115,https://ballotpedia.org/Bill_Lucas;https://house.mo.gov/MemberDetails.aspx?&district=115,,,,,,,,,,,
ocd-person/d9dd5492-e605-4fc6-a18a-8772a7682a08,Bill Owen,Republican,131,lower,Bill,Owen,Male,bill.owen@house.mo.gov,,,,https://house.mo.gov/MemberPhoto.aspx?id=2231,https://house.mo.gov/MemberDetails.aspx?district=131;https://house.mo.gov/MemberDetails.aspx?year=2021&code=R&district=131;https://house.mo.gov/MemberDetails.aspx?year=2023&code=R&district=131,https://ballotpedia.org/Bill_Owen;https://ballotpedia.org/Bill_Owen_(Missouri);https://en.wikipedia.org/wiki/Bill_Owen_(politician);https://house.mo.gov/MemberDetails.aspx?district=131;https://house.mo.gov/memberdetails.aspx?district=131&;https://house.mo.gov/MemberDetails.aspx?year=2021&code=R&district=131;https://house.mo.gov/MemberDetails.aspx?year=2023&code=R&district=131;https://justfacts.votesmart.org/candidate/biography/193398/bill-owen,,,,,,,,,,,
ocd-person/163f458d-ad80-4bad-9223-69e1f6fec4d2,Bishop Davidson,Republican,130,lower,Bishop,Davidson,Male,bishop.davidson@house.mo.gov,,1995-04-13,,https://house.mo.gov/MemberPhoto.aspx?id=2230,https://house.mo.gov/MemberDetails.aspx?district=130;https://house.mo.gov/MemberDetails.aspx?year=2021&code=R&district=130;https://house.mo.gov/MemberDetails.aspx?year=2023&code=R&district=130,https://ballotpedia.org/Bishop_Davidson;https://en.wikipedia.org/wiki/Bishop_Davidson_(politician);https://house.mo.gov/MemberDetails.aspx?district=130;https://house.mo.gov/MemberDetails.aspx?year=2021&code=R&district=130;https://house.mo.gov/MemberDetails.aspx?year=2023&code=R&district=130;https://www.linkedin.com/in/bishop-davidson-88b87a8a,,,,,,,,,,,
ocd-person/4d763e2a-ab08-46ea-8561-9b3b74b34971,Bob Bromley,Republican,162,lower,Bob,Bromley,Male,bob.bromley@house.mo.gov,,,,https://house.mo.gov/MemberPhoto.aspx?id=2074,https://house.mo.gov/MemberDetails.aspx?district=162;https://house.mo.gov/MemberDetails.aspx?year=2021&code=R&district=162;https://house.mo.gov/MemberDetails.aspx?year=2023&code=R&district=162;https://www.house.mo.gov/MemberDetails.aspx?district=162,https://ballotpedia.org/Robert_Bromley;https://en.wikipedia.org/wiki/Bob_Bromley_(Missouri_politician);https://house.mo.gov/MemberDetails.aspx?district=162;https://house.mo.gov/MemberDetails.aspx?year=2021&code=R&district=162;https://house.mo.gov/MemberDetails.aspx?year=2023&code=R&district=162;https://house.mo.gov/MemberGridCluster.aspx;https://justfacts.votesmart.org/candidate/biography/183497/robert-bromley;https://www.house.mo.gov/MemberDetails.aspx?district=162,,,,,,,,,,,
ocd-person/b2f744fa-f71d-4865-a704-afcd3d030ff7,Bob Titus,Republican,139,lower,Bob,Titus,Male,bob.titus@house.mo.gov,,,,https://house.mo.gov/MemberPhoto.aspx?id=2369,https://house.mo.gov/MemberDetails.aspx?district=139;https://house.mo.gov/MemberDetails.aspx?year=2023&code=R&district=139,https://ballotpedia.org/Bob_Titus;https://house.mo.gov/MemberDetails.aspx?district=139;https://house.mo.gov/MemberDetails.aspx?year=2023&code=R&district=139;https://www.linkedin.com/in/bobtitusagency,,,,,,,,,,,
ocd-person/e0e9f47c-af7c-45f3-9d7e-1a158a19b362,Brad Banderman,Republican,119,lower,Brad,Banderman,Male,brad.banderman@house.mo.gov,,,,https://house.mo.gov/MemberPhoto.aspx?id=2379,https://house.mo.gov/MemberDetails.aspx?district=119;https://house.mo.gov/MemberDetails.aspx?year=2023&code=R&district=119,https://ballotpedia.org/Brad_Banderman;https://en.wikipedia.org/wiki/Brad_Banderman;https://house.mo.gov/MemberDetails.aspx?district=119;https://house.mo.gov/MemberDetails.aspx?year=2023&code=R&district=119;https://justfacts.votesmart.org/candidate/biography/205788/brad-banderman,,,,,,,,,,,
ocd-person/8f5928b4-5528-4506-8075-4e69c5864b42,Brad Christ,Republican,96,lower,Brad,Christ,Male,brad.christ@house.mo.gov,,1983-09-14,,https://house.mo.gov/MemberPhoto.aspx?id=2374,https://house.mo.gov/MemberDetails.aspx?district=096;https://house.mo.gov/MemberDetails.aspx?year=2023&code=R&district=096,https://ballotpedia.org/Brad_Christ;https://en.wikipedia.org/wiki/Brad_Christ;https://house.mo.gov/MemberDetails.aspx?district=096;https://house.mo.gov/MemberDetails.aspx?year=2023&code=R&district=096;https://justfacts.votesmart.org/candidate/biography/205760/brad-christ;https://www.linkedin.com/in/brad-christ,,,,,,,,,,,
ocd-person/9f6b3ff8-f439-44d0-bdf7-315451e52cb7,Brad Hudson,Republican,33,upper,Brad,Hudson,Male,brad.hudson@senate.mo.gov,,,,https://house.mo.gov/MemberPhoto.aspx?id=2081,https://house.mo.gov/memberdetails.aspx?district=138;https://house.mo.gov/MemberDetails.aspx?year=2021&code=R&district=138;https://house.mo.gov/MemberDetails.aspx?year=2023&code=R&district=138;https://www.house.mo.gov/MemberDetails.aspx?district=138;https://www.senate.mo.gov/Senators/Member/33;https://www.senate.mo.gov/Senators/Member?id=6377,https://ballotpedia.org/Brad_Hudson;https://en.wikipedia.org/wiki/Brad_Hudson;https://house.mo.gov/memberdetails.aspx?district=138;https://house.mo.gov/MemberDetails.aspx?year=2021&code=R&district=138;https://house.mo.gov/MemberDetails.aspx?year=2023&code=R&district=138;https://house.mo.gov/MemberGridCluster.aspx;https://justfacts.votesmart.org/candidate/biography/183395/brad-hudson;https://www.brad4mo.com/meet-brad;https://www.house.mo.gov/MemberDetails.aspx?district=138;https://www.senate.mo.gov/Senators/Member/33;https://www.senate.mo.gov/Senators/Member?id=6377,,,,,,,,,,,
ocd-person/4cfed488-abe6-46e5-a3aa-55a73e2984ca,Brad Pollitt,Republican,52,lower,Brad,Pollitt,Male,bradley.pollitt@house.mo.gov,,,,https://house.mo.gov/MemberPhoto.aspx?id=2073,https://house.mo.gov/MemberDetails.aspx?district=052;https://house.mo.gov/MemberDetails.aspx?year=2021&code=R&district=052;https://house.mo.gov/MemberDetails.aspx?year=2023&code=R&district=052;https://house.mo.gov/MemberDetails.aspx?year=2023&code=R&district=52;https://house.mo.gov/MemberDetails.aspx?year=2024&code=R&district=052;https://www.house.mo.gov/MemberDetails.aspx?district=52,https://ballotpedia.org/Bradley_Pollitt;https://en.wikipedia.org/wiki/Brad_Pollitt;https://house.mo.gov/MemberDetails.aspx?district=052;https://house.mo.gov/MemberDetails.aspx?year=2021&code=R&district=052;https://house.mo.gov/MemberDetails.aspx?year=2023&code=R&district=052;https://house.mo.gov/MemberDetails.aspx?year=2023&code=R&district=52;https://house.mo.gov/MemberDetails.aspx?year=2024&code=R&district=052;https://house.mo.gov/MemberGridCluster.aspx;https://justfacts.votesmart.org/candidate/biography/183221/bradley-pollitt;https://www.house.mo.gov/MemberDetails.aspx?district=52,,,,,,,,,,,
ocd-person/18f02633-c607-4c80-9088-742b28a49122,Brandon Phelps,Republican,54,lower,Brandon,Phelps,Male,brandon.phelps@house.mo.gov,,,,,https://house.mo.gov/MemberDetails.aspx?district=054;https://house.mo.gov/MemberDetails.aspx?district=054&year=2024,https://ballotpedia.org/Brandon_Phelps_(Missouri);https://en.wikipedia.org/wiki/Brandon_Phelps_(Missouri_politician);https://house.mo.gov/MemberDetails.aspx?district=054;https://house.mo.gov/MemberDetails.aspx?district=054&;https://house.mo.gov/MemberDetails.aspx?district=054&year=2024;https://justfacts.votesmart.org/candidate/biography/217673/brandon-phelps,,,,,,,,,,,
ocd-person/b7d28fcb-9563-420c-91bb-01d3202124fd,Brenda Shields,Republican,11,lower,Brenda,Shields,Female,brenda.shields@house.mo.gov,,,,https://house.mo.gov/MemberPhoto.aspx?id=2093,https://house.mo.gov/MemberDetails.aspx?district=011;https://house.mo.gov/MemberDetails.aspx?year=2021&code=R&district=011;https://house.mo.gov/MemberDetails.aspx?year=2023&code=R&district=011;https://www.house.mo.gov/MemberDetails.aspx?district=11,https://ballotpedia.org/Brenda_Shields;https://en.wikipedia.org/wiki/Brenda_Shields;https://house.mo.gov/MemberDetails.aspx?district=011;https://house.mo.gov/MemberDetails.aspx?year=2021&code=R&district=011;https://house.mo.gov/MemberDetails.aspx?year=2023&code=R&district=011;https://house.mo.gov/MemberGridCluster.aspx;https://www.house.mo.gov/MemberDetails.aspx?district=11,,,,,,,,,,,
ocd-person/83283f83-e8d3-4e03-949c-1bdfae4bfd7f,Brian Seitz,Republican,156,lower,Brian,Seitz,Male,brian.seitz@house.mo.gov,,1961-07-08,,https://house.mo.gov/MemberPhoto.aspx?id=2240,https://house.mo.gov/MemberDetails.aspx?district=156;https://house.mo.gov/MemberDetails.aspx?year=2021&code=R&district=156;https://house.mo.gov/MemberDetails.aspx?year=2023&code=R&district=156,https://ballotpedia.org/Brian_Seitz;https://en.wikipedia.org/wiki/Brian_Seitz;https://house.mo.gov/MemberDetails.aspx?district=156;https://house.mo.gov/MemberDetails.aspx?year=2021&code=R&district=156;https://house.mo.gov/MemberDetails.aspx?year=2023&code=R&district=156;https://justfacts.votesmart.org/candidate/biography/193300/brian-seitz,,,,,,,,,,,
ocd-person/4f5340d3-7637-4eb2-be68-890073af50af,Brian Williams,Democratic,14,upper,Brian,Williams,Male,brian.williams@senate.mo.gov,,,,https://www.senate.mo.gov/19web/wp-content/uploads/2019/05/Williams2019-200x300.jpg,https://www.senate.mo.gov/mem14;https://www.senate.mo.gov/Senators/Member/14;https://www.senate.mo.gov/Senators/Member?id=34,https://ballotpedia.org/Brian_Williams_(Missouri);https://en.wikipedia.org/wiki/Brian_Williams_(Missouri_politician);https://www.senate.mo.gov/mem14;https://www.senate.mo.gov/senators-listing;https://www.senate.mo.gov/senators-listing/;https://www.senate.mo.gov/Senators/Member/14;https://www.senate.mo.gov/Senators/Member?id=34,,,,,,,,,,,
ocd-person/d29468e7-eb61-45e7-89ad-4dfb93a0baf2,Bridget Moore,Democratic,93,lower,Bridget,Moore,Female,bridget.walshmoore@house.mo.gov,,,,https://house.mo.gov/MemberPhoto.aspx?id=2248,https://house.mo.gov/MemberDetails.aspx?district=093;https://house.mo.gov/MemberDetails.aspx?year=2021&code=R&district=093;https://house.mo.gov/MemberDetails.aspx?year=2023&code=R&district=093,https://ballotpedia.org/Bridget_Walsh_Moore;https://en.wikipedia.org/wiki/Bridget_Walsh_Moore;https://house.mo.gov/MemberDetails.aspx?district=093;https://house.mo.gov/MemberDetails.aspx?year=2021&code=R&district=093;https://house.mo.gov/MemberDetails.aspx?year=2023&code=R&district=093;https://www.linkedin.com/in/bridget-walsh-moore-3a1a3415,,,,,,,,,,,
ocd-person/d01a9b1a-a262-4d27-9de9-b7ad0ff8c7f0,Bruce Sassmann,Republican,61,lower,Bruce,Sassmann,Male,bruce.sassmann@house.mo.gov,,1950-08-11,,https://house.mo.gov/MemberPhoto.aspx?id=2222,https://house.mo.gov/MemberDetails.aspx?district=061;https://house.mo.gov/MemberDetails.aspx?year=2021&code=R&district=062;https://house.mo.gov/MemberDetails.aspx?year=2023&code=R&district=061,https://ballotpedia.org/Bruce_Sassmann;https://en.wikipedia.org/wiki/Bruce_Sassmann;https://house.mo.gov/MemberDetails.aspx?district=061;https://house.mo.gov/MemberDetails.aspx?year=2021&code=R&district=062;https://house.mo.gov/MemberDetails.aspx?year=2023&code=R&district=061;https://justfacts.votesmart.org/candidate/biography/139198/bruce-sassmann,,,,,,,,,,,
ocd-person/06f2e023-3786-4c2f-b057-fd9087a6a1db,Bryant Wolfin,Republican,145,lower,Bryant,Wolfin,Male,bryant.wolfin@house.mo.gov,,,,https://s3.amazonaws.com/ballotpedia-api4/files/thumbs/200/300/Bryant_Wolfin.jpg,https://house.mo.gov/MemberDetails.aspx?district=145,https://ballotpedia.org/Bryant_Wolfin;https://house.mo.gov/MemberDetails.aspx?district=145;https://www.linkedin.com/in/bryant-wolfin-0baba684,,,,,,,,,,,
ocd-person/89ef08d6-96fd-4d5f-9a48-d8093ba60052,Burt Whaley,Republican,138,lower,Burt,Whaley,Male,burt.whaley@house.mo.gov,,1963-12-03,,https://storage.googleapis.com/enview-dev-public-general/legislative-people-photos/164677.jpg,https://house.mo.gov/MemberDetails.aspx?district=138,https://ballotpedia.org/Burt_Whaley;https://en.wikipedia.org/wiki/Burt_Whaley;https://house.mo.gov/MemberDetails.aspx?district=138;https://house.mo.gov/MemberDetails.aspx?year=2026&district=138&code=;https://justfacts.votesmart.org/candidate/biography/217759/burt-whaley,,,,,,,,,,,
ocd-person/08f76b3a-4317-4d18-a44b-f2d6a673f1e3,Cameron Parker,Republican,150,lower,Cameron,Parker,Female,cameron.parker@house.mo.gov,,,,https://house.mo.gov/MemberPhoto.aspx?id=2393,https://house.mo.gov/MemberDetails.aspx?district=150;https://house.mo.gov/MemberDetails.aspx?year=2023&code=R&district=150,https://ballotpedia.org/Cameron_Bunting_Parker;https://house.mo.gov/MemberDetails.aspx?district=150;https://house.mo.gov/MemberDetails.aspx?year=2023&code=R&district=150;https://justfacts.votesmart.org/candidate/biography/205817/cameron-parker;https://www.linkedin.com/in/cameron-bunting-parker-0a143a125,,,,,,,,,,,
ocd-person/34df0cd7-f366-4d01-a1e7-d6241e34deec,Carolyn Caton,Republican,33,lower,Carolyn,Caton,Female,carolyn.caton@house.mo.gov,,,,,https://house.mo.gov/MemberDetails.aspx?district=033;https://house.mo.gov/MemberDetails.aspx?year=2025&code=R&district=033,https://ballotpedia.org/Carolyn_Caton;https://house.mo.gov/MemberDetails.aspx?district=033;https://house.mo.gov/MemberDetails.aspx?year=2025&code=R&district=033;https://justfacts.votesmart.org/candidate/biography/216998/carolyn-caton;https://www.linkedin.com/in/carolyn-caton-829a838,,,,,,,,,,,
ocd-person/0d50b579-ab89-4b9c-ae24-eb0d4216f3bd,Cathy Loy,Republican,163,lower,Cathy,Loy,Female,cathyjo.loy@house.mo.gov,,1961-05-19,,https://s3.amazonaws.com/ballotpedia-api4/files/thumbs/200/300/CathyLoy2024.jpg,https://house.mo.gov/MemberDetails.aspx?district=163;https://house.mo.gov/MemberDetails.aspx?year=2025&code=R&district=163,https://ballotpedia.org/Cathy_Loy;https://en.wikipedia.org/wiki/Cathy_Jo_Loy;https://house.mo.gov/MemberDetails.aspx?district=163;https://house.mo.gov/MemberDetails.aspx?year=2025&code=R&district=163;https://justfacts.votesmart.org/candidate/biography/217791/cathy-jo-loy;https://www.linkedin.com/in/cathy-jo-loy,,,,,,,,,,,
ocd-person/66b84db3-dd1a-4c94-8a78-bbf219068347,Cecelie Williams,Republican,111,lower,Cecelie,Williams,Female,cecelie.williams@house.mo.gov,,1980-10-21,,https://bloximages.newyork1.vip.townnews.com/myleaderpaper.com/content/tncms/assets/v3/editorial/5/41/5413b724-454a-11ef-9a7c-074f5d50855a/669985197fe04.image.jpg?resize=500%2C500,https://house.mo.gov/MemberDetails.aspx?district=111;https://house.mo.gov/MemberDetails.aspx?year=2025&code=R&district=111,https://ballotpedia.org/Cecelie_Williams;https://house.mo.gov/MemberDetails.aspx?district=111;https://house.mo.gov/MemberDetails.aspx?year=2025&code=R&district=111;https://justfacts.votesmart.org/candidate/biography/205782/cecelie-williams;https://www.linkedin.com/in/cecelie-williams-83a07473,,,,,,,,,,,
ocd-person/b1fb2c50-2091-4264-abed-e89079479bc0,Chad Perkins,Republican,40,lower,Chad,Perkins,Male,chad.perkins@house.mo.gov,,1978-06-22,,https://house.mo.gov/MemberPhoto.aspx?id=2207,https://house.mo.gov/MemberDetails.aspx?&district=40;https://house.mo.gov/MemberDetails.aspx?year=2021&code=R&district=040;https://house.mo.gov/MemberDetails.aspx?year=2023&code=R&district=040;https://house.mo.gov/MemberDetails.aspx?year=2023&code=R&district=40,https://ballotpedia.org/Chad_Perkins_(Missouri);https://en.wikipedia.org/wiki/Chad_Perkins;https://house.mo.gov/MemberDetails.aspx?&district=40;https://house.mo.gov/MemberDetails.aspx?year=2021&code=R&district=040;https://house.mo.gov/MemberDetails.aspx?year=2023&code=R&district=040;https://house.mo.gov/MemberDetails.aspx?year=2023&code=R&district=40;https://justfacts.votesmart.org/candidate/biography/193313/chad-perkins,,,,,,,,,,,
ocd-person/ef435f26-5456-4e1b-9d53-16d972983db0,Chanel Mosley,Democratic,75,lower,Chanel,Mosley,Female,chanel.mosley@house.mo.gov,,,,,https://house.mo.gov/MemberDetails.aspx?&district=075,https://ballotpedia.org/Chanel_Mosley;https://house.mo.gov/MemberDetails.aspx?&district=075,,,,,,,,,,,
ocd-person/43f13a74-64cd-41b6-b03a-51af80dbfc10,Chris Brown,Republican,16,lower,Chris,Brown,Male,chris.brown@house.mo.gov,,,,https://house.mo.gov/MemberPhoto.aspx?id=2212,https://house.mo.gov/MemberDetails.aspx?district=016;https://house.mo.gov/MemberDetails.aspx?year=2021&code=R&district=016;https://house.mo.gov/MemberDetails.aspx?year=2023&code=R&district=016,https://ballotpedia.org/Chris_Brown_(Missouri_House_of_Representatives_District_16_candidate);https://en.wikipedia.org/wiki/Chris_Brown_(Missouri_politician);https://house.mo.gov/MemberDetails.aspx?district=016;https://house.mo.gov/MemberDetails.aspx?year=2021&code=R&district=016;https://house.mo.gov/MemberDetails.aspx?year=2023&code=R&district=016;https://justfacts.votesmart.org/candidate/biography/193276/chris-brown,,,,,,,,,,,
ocd-person/075c14fd-b8dd-433d-ae30-69fb9d210979,Chris Warwick,Republican,128,lower,Chris,Warwick,Male,christopher.warwick@house.mo.gov,,,,https://storage.googleapis.com/enview-dev-public-general/legislative-people-photos/164674.jpg,https://house.mo.gov/memberdetails.aspx?district=128,https://ballotpedia.org/Christopher_Warwick;https://house.mo.gov/memberdetails.aspx?district=128;https://www.linkedin.com/in/chris-warwick-812388153,,,,,,,,,,,
ocd-person/77b71863-3523-489a-a6a8-953ffa0d8955,Cindy O'Laughlin,Republican,18,upper,Cindy,O'Laughlin,Female,cindy.olaughlin@senate.mo.gov,,,,https://www.senate.mo.gov/19web/wp-content/uploads/2019/09/OLaughlin2019-200x300.jpg,https://www.senate.mo.gov/mem18;https://www.senate.mo.gov/Senators/Member/18;https://www.senate.mo.gov/Senators/Member?id=21,https://ballotpedia.org/Cindy_O%27Laughlin;https://en.wikipedia.org/wiki/Cindy_O%27Laughlin;https://justfacts.votesmart.org/candidate/biography/183129/cindy-olaughlin;https://www.linkedin.com/in/cindy-o-laughlin-bba1ba125;https://www.senate.mo.gov/mem18;https://www.senate.mo.gov/senators-listing;https://www.senate.mo.gov/senators-listing/;https://www.senate.mo.gov/Senators/Member/18;https://www.senate.mo.gov/Senators/Member?id=21,,,,,,,,,,,
ocd-person/0c02ea62-5611-4292-bf13-316c50c3a866,Colin Wellenkamp,Republican,105,lower,Colin,Wellenkamp,Male,colin.wellenkamp@house.mo.gov,,,,https://encrypted-tbn0.gstatic.com/images?q=tbn:ANd9GcRX0dvieAKQKNkpNLYf1CfTOGpW1d2Fr9PPxQ&s,https://house.mo.gov/MemberDetails.aspx?district=105;https://house.mo.gov/MemberDetails.aspx?year=2025&code=R&district=105,https://ballotpedia.org/Colin_Wellenkamp;https://house.mo.gov/MemberDetails.aspx?district=105;https://house.mo.gov/MemberDetails.aspx?year=2025&code=R&district=105;https://www.linkedin.com/in/colin-wellenkamp-063bb77,,,,,,,,,,,
ocd-person/a4d25b21-09c7-49d8-aaca-a07a18dad245,Connie Steinmetz,Democratic,87,lower,Connie,Steinmetz,Female,connie.steinmetz@house.mo.gov,,1960-08-19,,https://s3.amazonaws.com/ballotpedia-api4/files/thumbs/200/300/Connie_Steinmetz.jpg,https://house.mo.gov/MemberDetails.aspx?district=087;https://house.mo.gov/MemberDetails.aspx?year=2025&code=R&district=087,https://ballotpedia.org/Connie_Steinmetz;https://house.mo.gov/MemberDetails.aspx?district=087;https://house.mo.gov/MemberDetails.aspx?year=2025&code=R&district=087;https://www.linkedin.com/in/connie-steinmetz-0b631725,,,,,,,,,,,
ocd-person/c5e38dee-7f82-4795-a134-b984b6878458,Curtis Trent,Republican,20,upper,Curtis,Trent,Male,curtis.trent@senate.mo.gov,,1983-07-04,,,https://www.senate.mo.gov/Senators/Member/20;https://www.senate.mo.gov/Senators/Member?id=275,https://ballotpedia.org/Curtis_Trent;https://en.wikipedia.org/wiki/Curtis_Trent;https://justfacts.votesmart.org/candidate/biography/169927/curtis-trent;https://www.linkedin.com/in/curtis-trent-a75a6629;https://www.senate.mo.gov/Senators/Member/20;https://www.senate.mo.gov/Senators/Member?id=275,,,,,,,,,,,
ocd-person/616dd247-4438-44de-97b4-cd3a5a3e554d,Dale Wright,Republican,116,lower,Dale,Wright,Male,dale.wright@house.mo.gov,,,,https://house.mo.gov/MemberPhoto.aspx?id=2095,https://house.mo.gov/MemberDetails.aspx?district=116;https://house.mo.gov/MemberDetails.aspx?year=2021&code=R&district=116;https://house.mo.gov/MemberDetails.aspx?year=2023&code=R&district=116;https://www.house.mo.gov/MemberDetails.aspx?district=116,https://ballotpedia.org/Dale_Wright;https://en.wikipedia.org/wiki/Dale_Wright_(politician);https://house.mo.gov/MemberDetails.aspx?district=116;https://house.mo.gov/MemberDetails.aspx?year=2021&code=R&district=116;https://house.mo.gov/MemberDetails.aspx?year=2023&code=R&district=116;https://house.mo.gov/MemberGridCluster.aspx;https://justfacts.votesmart.org/candidate/biography/183318/dale-wright;https://www.house.mo.gov/MemberDetails.aspx?district=116;https://www.linkedin.com/in/dale-wright-b5903619,,,,,,,,,,,
ocd-person/0f4f5a2e-bc86-4c2a-9ab1-041d1c844283,Dane Diehl,Republican,125,lower,Dane,Diehl,Male,dane.diehl@house.mo.gov,,,,https://house.mo.gov/MemberPhoto.aspx?id=2370,https://house.mo.gov/MemberDetails.aspx?district=125;https://house.mo.gov/MemberDetails.aspx?year=2023&code=R&district=125,https://ballotpedia.org/Dane_Diehl;https://en.wikipedia.org/wiki/Dane_Diehl;https://house.mo.gov/MemberDetails.aspx?district=125;https://house.mo.gov/MemberDetails.aspx?year=2023&code=R&district=125;https://justfacts.votesmart.org/candidate/biography/205796/dane-diehl,,,,,,,,,,,
ocd-person/ace530aa-6fbb-40a0-b91e-94820a287b2e,Danny Busick,Republican,3,lower,Danny,Busick,Male,danny.busick@house.mo.gov,,,,https://house.mo.gov/MemberPhoto.aspx?id=2069,https://house.mo.gov/MemberDetails.aspx?district=003;https://house.mo.gov/MemberDetails.aspx?year=2021&code=R&district=003;https://house.mo.gov/MemberDetails.aspx?year=2023&code=R&district=003;https://house.mo.gov/MemberDetails.aspx?year=2023&code=R&district=3;https://house.mo.gov/MemberDetails.aspx?year=2024&code=R&district=003;https://www.house.mo.gov/MemberDetails.aspx?district=3,https://ballotpedia.org/Danny_Busick;https://en.wikipedia.org/wiki/Danny_Busick;https://house.mo.gov/MemberDetails.aspx?&code=R&district=003;https://house.mo.gov/MemberDetails.aspx?district=003;https://house.mo.gov/MemberDetails.aspx?year=2021&code=R&district=003;https://house.mo.gov/MemberDetails.aspx?year=2023&code=R&district=003;https://house.mo.gov/MemberDetails.aspx?year=2024&code=R&district=003;https://house.mo.gov/MemberGridCluster.aspx;https://justfacts.votesmart.org/candidate/biography/89783/danny-busick;https://www.house.mo.gov/MemberDetails.aspx?district=3;https://www.linkedin.com/in/busick-danny-36365746,,,,,,,,,,,
ocd-person/1cd15a85-b074-4d67-8fcd-1cbccfc924f4,Darin Chappell,Republican,137,lower,Darin,Chappell,Male,darin.chappell@house.mo.gov,,,,https://house.mo.gov/MemberPhoto.aspx?id=2362,https://house.mo.gov/MemberDetails.aspx?district=137;https://house.mo.gov/MemberDetails.aspx?year=2023&code=R&district=137,https://ballotpedia.org/Darin_Chappell;https://en.wikipedia.org/wiki/Darin_Chappell;https://house.mo.gov/MemberDetails.aspx?district=137;https://house.mo.gov/MemberDetails.aspx?district=137&;https://house.mo.gov/MemberDetails.aspx?year=2023&code=R&district=137;https://justfacts.votesmart.org/candidate/biography/124763/darin-chappell,,,,,,,,,,,
ocd-person/841b8b5c-a701-43c0-bb81-8e9515e61ea0,Dave Griffith,Republican,60,lower,Dave,Griffith,Male,dave.griffith@house.mo.gov,,,,https://house.mo.gov/MemberPhoto.aspx?id=2052,https://house.mo.gov/MemberDetails.aspx?district=060;https://house.mo.gov/MemberDetails.aspx?year=2021&code=R&district=060;https://house.mo.gov/MemberDetails.aspx?year=2023&code=R&district=060;https://www.house.mo.gov/MemberDetails.aspx?district=60,https://ballotpedia.org/Dave_Griffith;https://en.wikipedia.org/wiki/Dave_Griffith;https://house.mo.gov/MemberDetails.aspx?district=060;https://house.mo.gov/MemberDetails.aspx?year=2021&code=R&district=060;https://house.mo.gov/MemberDetails.aspx?year=2023&code=R&district=060;https://house.mo.gov/MemberGridCluster.aspx;https://justfacts.votesmart.org/candidate/biography/132545/dave-griffith;https://www.house.mo.gov/MemberDetails.aspx?district=60;https://www.linkedin.com/in/griffith-david-72b5976b,,,,,,,,,,,
ocd-person/49609474-e343-4c1d-8e6b-677f31c228b7,Dave Hinman,Republican,103,lower,Dave,Hinman,Male,dave.hinman@house.mo.gov,,,,https://house.mo.gov/MemberPhoto.aspx?id=2357,https://house.mo.gov/MemberDetails.aspx?\district=103;https://house.mo.gov/MemberDetails.aspx?year=2023&code=R&district=103,https://ballotpedia.org/Dave_Hinman;https://en.wikipedia.org/wiki/Dave_Hinman;https://house.mo.gov/MemberDetails.aspx?\district=103;https://house.mo.gov/MemberDetails.aspx?year=2023&code=R&district=103;https://justfacts.votesmart.org/candidate/biography/159907/dave-hinman;https://www.linkedin.com/in/dave-hinman-010a5029b,,,,,,,,,,,
ocd-person/6db49039-f2b0-42ea-990d-92ffef2494c3,David Casteel,Republican,97,lower,David,Casteel,Male,david.casteel@house.mo.gov,,,,https://house.mo.gov/MemberPhoto.aspx?id=2383,https://house.mo.gov/MemberDetails.aspx?district=097;https://house.mo.gov/MemberDetails.aspx?year=2023&code=R&district=097;https://house.mo.gov/MemberDetails.aspx?year=2023&code=R&district=97;https://house.mo.gov/MemberDetails.aspx?year=2025&code=R&district=097,https://ballotpedia.org/David_Casteel;https://en.wikipedia.org/wiki/David_Casteel;https://house.mo.gov/MemberDetails.aspx?district=097;https://house.mo.gov/memberdetails.aspx?district=097;https://house.mo.gov/MemberDetails.aspx?year=2023&code=R&district=097;https://house.mo.gov/MemberDetails.aspx?year=2023&code=R&district=97;https://house.mo.gov/MemberDetails.aspx?year=2025&code=R&district=097;https://justfacts.votesmart.org/candidate/biography/205762/david-casteel;https://www.linkedin.com/in/david-casteel-a1444048,,,,,,,,,,,
ocd-person/3055e426-4c34-404c-b286-820e978cb05c,David Dolan,Republican,148,lower,David,Dolan,Male,david.dolan@house.mo.gov,,,,https://storage.googleapis.com/enview-dev-public-general/legislative-people-photos/167282.jpg,https://house.mo.gov/MemberDetails.aspx?district=148,https://ballotpedia.org/David_A._Dolan;https://house.mo.gov/MemberDetails.aspx?district=148;https://justfacts.votesmart.org/candidate/biography/217772/david-dolan,,,,,,,,,,,
ocd-person/2f4b4782-bc17-40fd-88b7-53840c68ee3a,David Gregory,Republican,15,upper,David,Gregory,Male,david.gregory@senate.mo.gov,,,,https://house.mo.gov/MemberPhoto.aspx?id=1943,https://house.mo.gov/MemberDetails.aspx?year=2021&code=R&district=096;https://senate.mo.gov/Senators/Member/15;https://www.house.mo.gov/MemberDetails.aspx?district=96;https://www.senate.mo.gov/Senators/Member?id=6371,https://ballotpedia.org/David_Gregory;https://en.wikipedia.org/wiki/David_Gregory_(politician);https://house.mo.gov/MemberDetails.aspx?year=2021&code=R&district=096;https://house.mo.gov/MemberGridCluster.aspx;https://justfacts.votesmart.org/candidate/key-votes/169808/david-gregory/61/national-security;https://senate.mo.gov/Senators/Member/15;https://www.house.mo.gov/MemberDetails.aspx?district=96;https://www.linkedin.com/in/david-gregory-86ab511aa;https://www.senate.mo.gov/Senators/Member?id=6371,,,,,,,,,,,
ocd-person/c509449e-070c-462c-810e-f14315c9df42,David Smith,Democratic,46,lower,David,Smith,Male,david.smith@house.mo.gov,,,,https://house.mo.gov/MemberPhoto.aspx?id=2290,https://house.mo.gov/MemberDetails.aspx?district=046;https://house.mo.gov/MemberDetails.aspx?year=2023&code=R&district=046,https://ballotpedia.org/David_T._Smith_(Missouri);https://en.wikipedia.org/wiki/David_Tyson_Smith;https://house.mo.gov/MemberDetails.aspx?district=046;https://house.mo.gov/MemberDetails.aspx?year=2023&code=R&district=046,,,,,,,,,,,
ocd-person/f3250139-5c42-40d9-b535-2e7137f83f1e,Dean VanSchoiack,Republican,9,lower,Dean,VanSchoiack,Male,dean.vanschoiack@house.mo.gov,,,,https://house.mo.gov/MemberPhoto.aspx?id=2243,https://house.mo.gov/MemberDetails.aspx?district=9;https://house.mo.gov/MemberDetails.aspx?year=2021&code=R&district=009;https://house.mo.gov/MemberDetails.aspx?year=2023&code=R&district=009;https://house.mo.gov/MemberDetails.aspx?year=2023&code=R&district=9,https://ballotpedia.org/Dean_VanSchoiack;https://deanvan.com;https://en.wikipedia.org/wiki/Dean_Van_Schoiack;https://house.mo.gov/MemberDetails.aspx?district=9;https://house.mo.gov/MemberDetails.aspx?year=2021&code=R&district=009;https://house.mo.gov/MemberDetails.aspx?year=2023&code=R&district=009;https://house.mo.gov/MemberDetails.aspx?year=2023&code=R&district=9;https://justfacts.votesmart.org/candidate/biography/193267/dean-vanschoiack;https://www.linkedin.com/in/dean-vanschoiack-6b55742b,,,,,,,,,,,
ocd-person/b24e59bc-bc91-456f-9b96-bd1f501c1d49,Deanna Self,Republican,64,lower,Deanna,Self,Female,deanna.self@house.mo.gov,,1962-01-01,,https://s3.amazonaws.com/ballotpedia-api4/files/thumbs/200/300/DeannaSelf.jpg,https://house.mo.gov/MemberDetails.aspx?&district=064,https://ballotpedia.org/Deanna_Self;https://house.mo.gov/MemberDetails.aspx?&district=064;https://justfacts.votesmart.org/candidate/biography/205738/deanna-self;https://www.linkedin.com/in/deannaself,,,,,,,,,,,
ocd-person/4a6e4da5-0cbd-4033-89a3-5bd749b37108,Del Taylor,Democratic,84,lower,Del,Taylor,Male,del.taylor@house.mo.gov,,,,https://house.mo.gov/MemberPhoto.aspx?id=2400,https://house.mo.gov/MemberDetails.aspx?district=084;https://house.mo.gov/MemberDetails.aspx?year=2023&code=R&district=084,https://ballotpedia.org/Del_Taylor;https://en.wikipedia.org/wiki/Del_Taylor;https://house.mo.gov/MemberDetails.aspx?district=084;https://house.mo.gov/MemberDetails.aspx?year=2023&code=R&district=084;https://justfacts.votesmart.org/candidate/biography/205748/delbret-taylor;https://www.linkedin.com/in/delbret-taylor-27b02152,,,,,,,,,,,
ocd-person/914b9a95-6dd2-4d1d-8dc4-eed597b02e53,Dirk Deaton,Republican,159,lower,Dirk,Deaton,Male,dirk.deaton@house.mo.gov,,1994-06-14,,https://house.mo.gov/MemberPhoto.aspx?id=2090,https://house.mo.gov/MemberDetails.aspx?district=159;https://house.mo.gov/MemberDetails.aspx?year=2021&code=R&district=159;https://house.mo.gov/MemberDetails.aspx?year=2023&code=R&district=159;https://www.house.mo.gov/MemberDetails.aspx?district=159,https://ballotpedia.org/Dirk_Deaton;https://en.wikipedia.org/wiki/Dirk_Deaton;https://house.mo.gov/MemberDetails.aspx?district=159;https://house.mo.gov/MemberDetails.aspx?year=2021&code=R&district=159;https://house.mo.gov/MemberDetails.aspx?year=2023&code=R&district=159;https://house.mo.gov/MemberGridCluster.aspx;https://justfacts.votesmart.org/candidate/biography/183481/dirk-deaton;https://www.house.mo.gov/MemberDetails.aspx?district=159,,,,,,,,,,,
ocd-person/af64f0a2-f3ff-4c6d-b24f-62c3941d1da4,Don Mayhew,Republican,124,lower,Don,Mayhew,Male,don.mayhew@house.mo.gov,,,,https://house.mo.gov/MemberPhoto.aspx?id=2082,https://house.mo.gov/MemberDetails.aspx?district=124;https://house.mo.gov/MemberDetails.aspx?year=2021&code=R&district=121;https://house.mo.gov/MemberDetails.aspx?year=2023&code=R&district=124;https://www.house.mo.gov/MemberDetails.aspx?district=121,https://ballotpedia.org/Don_Mayhew_(Missouri);https://en.wikipedia.org/wiki/Don_Mayhew;https://house.mo.gov/MemberDetails.aspx?district=124;https://house.mo.gov/MemberDetails.aspx?year=2021&code=R&district=121;https://house.mo.gov/MemberDetails.aspx?year=2023&code=R&district=124;https://house.mo.gov/MemberGridCluster.aspx;https://justfacts.votesmart.org/candidate/biography/183326/don-mayhew;https://www.house.mo.gov/MemberDetails.aspx?district=121;https://www.linkedin.com/in/donald-mayhew-ab383a2b,,,,,,,,,,,
ocd-person/fb57ce9b-bd82-4f93-8774-2cfef191289a,Donna Barnes,Democratic,28,lower,Donna,Barnes,Female,donna.barnes@house.mo.gov,,,,,https://house.mo.gov/MemberDetails.aspx?district=028;https://house.mo.gov/MemberDetails.aspx?year=2025&code=R&district=028,https://ballotpedia.org/Donna_Barnes_(Missouri);https://en.wikipedia.org/wiki/Donna_Barnes;https://house.mo.gov/MemberDetails.aspx?district=028;https://house.mo.gov/MemberDetails.aspx?year=2025&code=R&district=028;https://justfacts.votesmart.org/candidate/biography/216993/donna-barnes;https://www.linkedin.com/in/donna-sims-barnes-146b5874,,,,,,,,,,,
ocd-person/f6f3c354-c65e-4d9a-a713-5fce1ad2c403,Doug Beck,Democratic,1,upper,Doug,Beck,Male,doug.beck@senate.mo.gov,,,,https://www.senate.mo.gov/21web/wp-content/uploads/2020/12/Beck2021-683x1024.jpg,https://www.house.mo.gov/MemberDetails.aspx?district=92;https://www.senate.mo.gov/mem01/;https://www.senate.mo.gov/Senators/Member/01;https://www.senate.mo.gov/Senators/Member?id=3,https://ballotpedia.org/Doug_Beck;https://en.wikipedia.org/wiki/Doug_Beck;https://house.mo.gov/MemberGridCluster.aspx;https://justfacts.votesmart.org/candidate/biography/175849/doug-beck;https://www.house.mo.gov/MemberDetails.aspx?district=92;https://www.linkedin.com/in/doug-beck-ab3993153;https://www.senate.mo.gov/mem01;https://www.senate.mo.gov/mem01/;https://www.senate.mo.gov/senators-listing;https://www.senate.mo.gov/senators-listing/;https://www.senate.mo.gov/Senators/Member/01;https://www.senate.mo.gov/Senators/Member?id=3,,,,,,,,,,,
ocd-person/c2ccbec5-9ad2-4210-9029-3c9968b72d2f,Doug Clemens,Democratic,72,lower,Doug,Clemens,Male,doug.clemens@house.mo.gov,,1968-04-21,,https://house.mo.gov/MemberPhoto.aspx?id=2060,https://house.mo.gov/MemberDetails.aspx?district=072;https://house.mo.gov/MemberDetails.aspx?year=2021&code=R&district=072;https://house.mo.gov/MemberDetails.aspx?year=2023&code=R&district=072;https://www.house.mo.gov/MemberDetails.aspx?district=72,https://ballotpedia.org/Doug_Clemens;https://en.wikipedia.org/wiki/Doug_Clemens_(politician);https://house.mo.gov/MemberDetails.aspx?district=072;https://house.mo.gov/MemberDetails.aspx?year=2021&code=R&district=072;https://house.mo.gov/MemberDetails.aspx?year=2023&code=R&district=072;https://house.mo.gov/MemberGridCluster.aspx;https://justfacts.votesmart.org/candidate/biography/124096/doug-clemens;https://www.house.mo.gov/MemberDetails.aspx?district=72;https://www.linkedin.com/in/douglas-clemens-120320a,,,,,,,,,,,
ocd-person/f3eb420f-df97-4edf-b8c9-e0fa231c6860,Doyle Justus,Republican,41,lower,Doyle,Justus,Male,doyle.justus@house.mo.gov,,,,https://house.mo.gov/MemberPhoto.aspx?id=2364,https://house.mo.gov/MemberDetails.aspx?district=41;https://house.mo.gov/MemberDetails.aspx?year=2023&code=R&district=041;https://house.mo.gov/MemberDetails.aspx?year=2023&code=R&district=41,https://ballotpedia.org/Doyle_Justus;https://en.wikipedia.org/wiki/Doyle_Justus;https://house.mo.gov/MemberDetails.aspx?district=41;https://house.mo.gov/MemberDetails.aspx?year=2023&code=R&district=041;https://house.mo.gov/MemberDetails.aspx?year=2023&code=R&district=41;https://justfacts.votesmart.org/candidate/biography/205708/doyle-justus;https://www.linkedin.com/in/doyle-justus-8b7452113,,,,,,,,,,,
ocd-person/c53c50aa-49b2-415a-9a50-eb947daf3d7f,Ed Lewis,Republican,6,lower,Ed,Lewis,Male,ed.lewis@house.mo.gov,,,,https://house.mo.gov/MemberPhoto.aspx?id=2244,https://house.mo.gov/MemberDetails.aspx?district=006;https://house.mo.gov/MemberDetails.aspx?year=2021&code=R&district=006;https://house.mo.gov/MemberDetails.aspx?year=2023&code=R&district=006,https://ballotpedia.org/Ed_Lewis;https://en.wikipedia.org/wiki/Ed_Lewis_(Missouri_politician);https://house.mo.gov/MemberDetails.aspx?district=006;https://house.mo.gov/MemberDetails.aspx?year=2021&code=R&district=006;https://house.mo.gov/MemberDetails.aspx?year=2023&code=R&district=006;https://justfacts.votesmart.org/candidate/biography/193261/ed-lewis;https://www.linkedin.com/in/ed-lewis-b5377411a,,,,,,,,,,,
ocd-person/f7c7d32d-5d88-489a-9adf-76c9837b3272,Emily Weber,Democratic,24,lower,Emily,Weber,Female,emily.weber@house.mo.gov,,,,https://house.mo.gov/MemberPhoto.aspx?id=2246,https://house.mo.gov/MemberDetails.aspx?district=024;https://house.mo.gov/MemberDetails.aspx?year=2021&code=R&district=024;https://house.mo.gov/MemberDetails.aspx?year=2023&code=R&district=024,https://ballotpedia.org/Emily_Weber;https://en.wikipedia.org/wiki/Emily_Weber;https://house.mo.gov/MemberDetails.aspx?district=024;https://house.mo.gov/memberdetails.aspx?district=024;https://house.mo.gov/MemberDetails.aspx?year=2021&code=R&district=024;https://house.mo.gov/MemberDetails.aspx?year=2023&code=R&district=024;https://justfacts.votesmart.org/candidate/biography/193288/emily-weber;https://www.linkedin.com/in/emily-weber-4877279,,,,,,,,,,,
ocd-person/76bc7488-cc9e-4b47-91da-4557fb577ff5,Eric Woods,Democratic,18,lower,Eric,Woods,Male,eric.woods@house.mo.gov,,,,https://house.mo.gov/MemberPhoto.aspx?id=2367,https://house.mo.gov/MemberDetails.aspx?district=018;https://house.mo.gov/MemberDetails.aspx?year=2023&code=R&district=018,https://house.mo.gov/MemberDetails.aspx?district=018;https://house.mo.gov/MemberDetails.aspx?year=2023&code=R&district=018;https://www.linkedin.com/in/eric-woods-13743549,,,,,,,,,,,
ocd-person/5e3e358e-622b-462c-ba56-ea42bf7c1fc2,George Hruza,Republican,89,lower,George,Hruza,Male,george.hruza@house.mo.gov,,1956-04-26,,https://s3.amazonaws.com/ballotpedia-api4/files/thumbs/200/300/GeorgeHruza2023.jpg,https://house.mo.gov/MemberDetails.aspx?district=089,https://ballotpedia.org/George_Hruza;https://en.wikipedia.org/wiki/George_J._Hruza;https://house.mo.gov/MemberDetails.aspx?district=089;https://house.mo.gov/memberdetails.aspx?district=089;https://justfacts.votesmart.org/candidate/biography/205659/george-hruza;https://www.linkedin.com/in/georgehruza,,,,,,,,,,,
ocd-person/d6be1f75-f237-41ad-af36-a7d1c6e3a9c6,Greg Sharpe,Republican,4,lower,Greg,Sharpe,Male,greg.sharpe@house.mo.gov,,,,https://house.mo.gov/MemberPhoto.aspx?id=2086,https://house.mo.gov/MemberDetails.aspx?district=004;https://house.mo.gov/MemberDetails.aspx?year=2021&code=R&district=004;https://house.mo.gov/MemberDetails.aspx?year=2023&code=R&district=004;https://www.house.mo.gov/MemberDetails.aspx?district=4,https://ballotpedia.org/Greg_Sharpe;https://en.wikipedia.org/wiki/Greg_Sharpe;https://house.mo.gov/MemberDetails.aspx?district=004;https://house.mo.gov/MemberDetails.aspx?year=2021&code=R&district=004;https://house.mo.gov/MemberDetails.aspx?year=2023&code=R&district=004;https://house.mo.gov/MemberGridCluster.aspx;https://www.house.mo.gov/MemberDetails.aspx?district=4,,,,,,,,,,,
ocd-person/ec53a7aa-4a63-4c8f-8f74-8002d5c654e5,Gregg Bush,Democratic,50,lower,Gregg,Bush,Male,gregg.bush@house.mo.gov,,,,https://s3.amazonaws.com/ballotpedia-api4/files/thumbs/200/300/GreggBush24.jpeg,https://house.mo.gov/MemberDetails.aspx?district=050;https://house.mo.gov/MemberDetails.aspx?year=2025&code=R&district=050,https://ballotpedia.org/Gregg_Bush;https://house.mo.gov/MemberDetails.aspx?district=050;https://house.mo.gov/MemberDetails.aspx?year=2025&code=R&district=050,,,,,,,,,,,
ocd-person/a9a55831-48ad-4f2e-b548-0b7652b2b681,Hardy Billington,Republican,152,lower,Hardy,Billington,Male,hardy.billington@house.mo.gov,,,,https://house.mo.gov/MemberPhoto.aspx?id=2058,https://house.mo.gov/MemberDetails.aspx?district=152;https://house.mo.gov/MemberDetails.aspx?year=2021&code=R&district=152;https://house.mo.gov/MemberDetails.aspx?year=2023&code=R&district=152;https://www.house.mo.gov/MemberDetails.aspx?district=152,https://ballotpedia.org/Hardy_Billington;https://en.wikipedia.org/wiki/Hardy_Billington;https://house.mo.gov/MemberDetails.aspx?district=152;https://house.mo.gov/MemberDetails.aspx?year=2021&code=R&district=152;https://house.mo.gov/MemberDetails.aspx?year=2023&code=R&district=152;https://house.mo.gov/MemberGridCluster.aspx;https://justfacts.votesmart.org/candidate/biography/124784/hardy-billington;https://www.house.mo.gov/MemberDetails.aspx?district=152,,,,,,,,,,,
ocd-person/c47d84db-02de-4687-bd5b-c6dbc71cc8c4,Holly Jones,Republican,88,lower,Holly,Jones,Female,holly.jones@house.mo.gov,,,,https://house.mo.gov/MemberPhoto.aspx?id=2388,https://house.mo.gov/MemberDetails.aspx?district=088;https://house.mo.gov/MemberDetails.aspx?year=2023&code=R&district=088,https://ballotpedia.org/Holly_Jones_(Missouri);https://en.wikipedia.org/wiki/Holly_Jones_(politician);https://house.mo.gov/MemberDetails.aspx?&district=088;https://house.mo.gov/MemberDetails.aspx?district=088;https://house.mo.gov/MemberDetails.aspx?year=2023&code=R&district=088;https://justfacts.votesmart.org/candidate/biography/205751/holly-jones;https://www.linkedin.com/in/holly-m-jones-61658018,,,,,,,,,,,
ocd-person/b93bdb73-001b-43ed-a436-99ad2efe4937,Ian Mackey,Democratic,99,lower,Ian,Mackey,Male,ian.mackey@house.mo.gov,,1986-12-01,,https://house.mo.gov/MemberPhoto.aspx?id=2080,https://house.mo.gov/MemberDetails.aspx?district=099;https://house.mo.gov/MemberDetails.aspx?year=2021&code=R&district=087;https://house.mo.gov/MemberDetails.aspx?year=2023&code=R&district=099;https://www.house.mo.gov/MemberDetails.aspx?district=87,https://ballotpedia.org/Ian_Mackey;https://en.wikipedia.org/wiki/Ian_Mackey;https://house.mo.gov/MemberDetails.aspx?district=099;https://house.mo.gov/MemberDetails.aspx?year=2021&code=R&district=087;https://house.mo.gov/MemberDetails.aspx?year=2023&code=R&district=099;https://house.mo.gov/MemberGridCluster.aspx;https://justfacts.votesmart.org/candidate/biography/183274/ian-mackey;https://www.house.mo.gov/MemberDetails.aspx?district=87;https://www.imackey.com/meet-ian,,,,,,,,,,,
ocd-person/b7335950-e605-45b7-9c64-1e725315deca,Jaclyn Zimmermann,Democratic,98,lower,Jaclyn,Zimmermann,Female,jaclyn.zimmermann@house.mo.gov,,1979-11-20,,https://s3.amazonaws.com/ballotpedia-api4/files/thumbs/200/300/JaclynZimmerman2024.JPG,https://house.mo.gov/MemberDetails.aspx?district=098;https://house.mo.gov/MemberDetails.aspx?year=2025&code=R&district=098,https://ballotpedia.org/Jaclyn_Zimmermann;https://en.wikipedia.org/wiki/Jaclyn_Zimmermann;https://house.mo.gov/MemberDetails.aspx?&district=098;https://house.mo.gov/MemberDetails.aspx?district=098;https://house.mo.gov/MemberDetails.aspx?year=2025&code=R&district=098;https://justfacts.votesmart.org/candidate/biography/217712/jaclyn-zimmermann;https://www.linkedin.com/in/jaclyn-zimmermann-13a19522;https://www.mopoliticalconsulting.com/jaclyn-zimmermann;https://www.ponderzimmermann.com/lawyers/jaclyn-zimmermann,,,,,,,,,,,
ocd-person/87967de8-0f0d-45d5-9248-2767f9157d7b,Jamie Burger,Republican,27,upper,Jamie,Burger,Male,jamie.burger@senate.mo.gov,,1957-10-02,,https://house.mo.gov/MemberPhoto.aspx?id=2237,https://house.mo.gov/MemberDetails.aspx?district=148;https://house.mo.gov/MemberDetails.aspx?year=2021&code=R&district=148;https://house.mo.gov/MemberDetails.aspx?year=2023&code=R&district=148;https://www.senate.mo.gov/Senators/Member/27;https://www.senate.mo.gov/Senators/Member?id=6376,https://ballotpedia.org/Jamie_Burger;https://en.wikipedia.org/wiki/Jamie_Burger;https://house.mo.gov/MemberDetails.aspx?district=148;https://house.mo.gov/MemberDetails.aspx?year=2021&code=R&district=148;https://house.mo.gov/MemberDetails.aspx?year=2023&code=R&district=148;https://justfacts.votesmart.org/candidate/biography/89858/jamie-burger;https://www.senate.mo.gov/Senators/Member/27;https://www.senate.mo.gov/Senators/Member?id=6376,,,,,,,,,,,
ocd-person/1235305e-980d-4eb8-8743-8d0d8a455c4e,Jamie Ray Gragg,Republican,140,lower,Jamie Ray,Gragg,Male,jamieray.gragg@house.mo.gov,,,,https://house.mo.gov/MemberPhoto.aspx?id=2386,https://house.mo.gov/MemberDetails.aspx?district=140;https://house.mo.gov/MemberDetails.aspx?year=2023&code=R&district=140,https://ballotpedia.org/Jamie_Ray_Gragg;https://en.wikipedia.org/wiki/Jamie_Gragg;https://house.mo.gov/MemberDetails.aspx?&code=R&district=140;https://house.mo.gov/MemberDetails.aspx?district=140;https://house.mo.gov/MemberDetails.aspx?year=2023&code=R&district=140;https://justfacts.votesmart.org/candidate/biography/193405/jamie-gragg,,,,,,,,,,,
ocd-person/87d06121-1f5c-49ed-88dc-f5c70e88533e,Jason Bean,Republican,25,upper,Jason,Bean,Male,jason.bean@senate.mo.gov,,,,https://www.senate.mo.gov/21web/wp-content/uploads/2020/12/Bean-200x300.jpg,https://www.senate.mo.gov/mem25;https://www.senate.mo.gov/Senators/Member/25;https://www.senate.mo.gov/Senators/Member?id=2,https://ballotpedia.org/Jason_Bean;https://en.wikipedia.org/wiki/Jason_Bean;https://justfacts.votesmart.org/candidate/biography/193257/jason-bean;https://www.senate.mo.gov/mem25;https://www.senate.mo.gov/senators-listing;https://www.senate.mo.gov/senators-listing/;https://www.senate.mo.gov/Senators/Member/25;https://www.senate.mo.gov/Senators/Member?id=2,,,,,,,,,,,
ocd-person/100ec26e-d90f-4707-822c-db61c8f1b370,Jeff Coleman,Republican,32,lower,Jeff,Coleman,Male,jeff.coleman@house.mo.gov,,1963-05-20,,https://house.mo.gov/MemberPhoto.aspx?id=2071,https://house.mo.gov/MemberDetails.aspx?district=32;https://house.mo.gov/MemberDetails.aspx?year=2021&code=R&district=032;https://house.mo.gov/MemberDetails.aspx?year=2023&code=R&district=032;https://house.mo.gov/MemberDetails.aspx?year=2023&code=R&district=32;https://www.house.mo.gov/MemberDetails.aspx?district=32,https://ballotpedia.org/Jeff_Coleman;https://en.wikipedia.org/wiki/Jeff_Coleman_(Missouri_politician);https://house.mo.gov/MemberDetails.aspx?district=32;https://house.mo.gov/MemberDetails.aspx?year=2021&code=R&district=032;https://house.mo.gov/MemberDetails.aspx?year=2023&code=R&district=032;https://house.mo.gov/MemberDetails.aspx?year=2023&code=R&district=32;https://house.mo.gov/MemberGridCluster.aspx;https://justfacts.votesmart.org/candidate/biography/183185/jeff-coleman;https://www.house.mo.gov/MemberDetails.aspx?district=32,,,,,,,,,,,
ocd-person/633fd335-98a2-42a7-acac-cb78eeca9a12,Jeff Farnan,Republican,1,lower,Jeff,Farnan,Male,jeff.farnan@house.mo.gov,,,,https://house.mo.gov/MemberPhoto.aspx?id=2354,https://house.mo.gov/MemberDetails.aspx?district=1;https://house.mo.gov/MemberDetails.aspx?year=2023&code=R&district=001;https://house.mo.gov/MemberDetails.aspx?year=2023&code=R&district=1,https://ballotpedia.org/Jeff_Farnan;https://en.wikipedia.org/wiki/Jeff_Farnan;https://house.mo.gov/MemberDetails.aspx?district=1;https://house.mo.gov/MemberDetails.aspx?year=2023&code=R&district=001;https://house.mo.gov/MemberDetails.aspx?year=2023&code=R&district=1;https://justfacts.votesmart.org/candidate/biography/205673/jeff-farnan,,,,,,,,,,,
ocd-person/92aabb0f-94de-4d54-b4d0-23f09035d8a0,Jeff Hales,Democratic,86,lower,Jeff,Hales,Male,jeffrey.hales@house.mo.gov,,,,,https://house.mo.gov/MemberDetails.aspx?&district=086,https://ballotpedia.org/Jeff_Hales;https://en.wikipedia.org/wiki/Jeff_Hales;https://house.mo.gov/MemberDetails.aspx?&district=086;https://www.linkedin.com/in/jeffhalesjr,,,,,,,,,,,
ocd-person/fa6c1b05-02e8-4c6f-9a84-d1f58885ea04,Jeff Knight,Republican,142,lower,Jeff,Knight,Male,jeff.knight@house.mo.gov,,,,https://house.mo.gov/MemberPhoto.aspx?id=2020,https://house.mo.gov/MemberDetails.aspx?district=142;https://house.mo.gov/MemberDetails.aspx?year=2021&code=R&district=129;https://house.mo.gov/MemberDetails.aspx?year=2023&code=R&district=142;https://www.house.mo.gov/MemberDetails.aspx?district=129,https://ballotpedia.org/Jeff_Knight;https://en.wikipedia.org/wiki/Jeff_Knight_(politician);https://house.mo.gov/MemberDetails.aspx?district=142;https://house.mo.gov/MemberDetails.aspx?year=2021&code=R&district=129;https://house.mo.gov/MemberDetails.aspx?year=2023&code=R&district=142;https://house.mo.gov/MemberGridCluster.aspx;https://justfacts.votesmart.org/candidate/biography/177254/jeff-knight;https://www.house.mo.gov/MemberDetails.aspx?district=129;https://www.linkedin.com/in/jeff-knight-8154496b,,,,,,,,,,,
ocd-person/acd99a81-de49-4ab0-9bb5-bb4fa72c02c5,Jeff Myers,Republican,42,lower,Jeff,Myers,Male,jeff.myers@house.mo.gov,,,,https://house.mo.gov/MemberPhoto.aspx?id=2392,https://house.mo.gov/MemberDetails.aspx?district=42;https://house.mo.gov/MemberDetails.aspx?year=2023&code=R&district=042;https://house.mo.gov/MemberDetails.aspx?year=2023&code=R&district=42,https://ballotpedia.org/Jeff_Myers_(Missouri);https://en.wikipedia.org/wiki/Jeff_Myers_(politician);https://house.mo.gov/MemberDetails.aspx?district=042;https://house.mo.gov/MemberDetails.aspx?district=42;https://house.mo.gov/MemberDetails.aspx?year=2023&code=R&district=042;https://house.mo.gov/MemberDetails.aspx?year=2023&code=R&district=42;https://justfacts.votesmart.org/candidate/biography/205711/jeff-myers,,,,,,,,,,,
ocd-person/0b281a28-10f1-496b-aa00-29e59a57d253,Jeff Vernetti,Republican,123,lower,Jeff,Vernetti,Male,jeff.vernetti@house.mo.gov,,,,https://storage.googleapis.com/enview-dev-public-general/legislative-people-photos/166122.jpg,https://house.mo.gov/memberdetails.aspx?district=123,https://ballotpedia.org/Jeff_Vernetti;https://en.wikipedia.org/wiki/Jeff_Vernetti;https://house.mo.gov/memberdetails.aspx?district=123;https://justfacts.votesmart.org/candidate/biography/217743/jeff-vernetti;https://www.linkedin.com/in/jeff-vernetti-08950467,,,,,,,,,,,
ocd-person/98bc3ac1-1f5d-4a1c-bac8-356dfbbfa875,Jeremy Dean,Democratic,132,lower,Jeremy,Dean,Male,jeremy.dean@house.mo.gov,,,,https://s3.amazonaws.com/ballotpedia-api4/files/thumbs/200/300/Jeremy_Dean_20240911_121645.jpg,https://house.mo.gov/MemberDetails.aspx?district=132,https://ballotpedia.org/Jeremy_Dean;https://house.mo.gov/MemberDetails.aspx?district=132;https://www.linkedin.com/in/jeremy-dean-308199172,,,,,,,,,,,
ocd-person/29fe2ddb-6025-4e60-942d-fd0880ebad5b,Jill Carter,Republican,32,upper,Jill,Carter,Female,jill.carter@senate.mo.gov,,,,,https://www.senate.mo.gov/Senators/Member/32/;https://www.senate.mo.gov/Senators/Member?id=273,https://ballotpedia.org/Jill_Carter_(Missouri);https://en.wikipedia.org/wiki/Jill_Carter_(Missouri_politician);https://en.wikipedia.org/wiki/Jill_Carter_(politician);https://www.senate.mo.gov/Senators/Member/32;https://www.senate.mo.gov/Senators/Member?id=273,,,,,,,,,,,
ocd-person/49c68d0e-cf5d-4b46-9890-c887a428929e,Jim Kalberloh,Republican,126,lower,Jim,Kalberloh,Male,jim.kalberloh@house.mo.gov,,,,https://house.mo.gov/MemberPhoto.aspx?id=2229,https://house.mo.gov/MemberDetails.aspx?district=126;https://house.mo.gov/MemberDetails.aspx?year=2021&code=R&district=125;https://house.mo.gov/MemberDetails.aspx?year=2023&code=R&district=126,https://ballotpedia.org/Jim_Kalberloh;https://en.wikipedia.org/wiki/Jim_Kalberloh;https://house.mo.gov/MemberDetails.aspx?district=126;https://house.mo.gov/memberdetails.aspx?district=126;https://house.mo.gov/MemberDetails.aspx?year=2021&code=R&district=125;https://house.mo.gov/MemberDetails.aspx?year=2023&code=R&district=126;https://justfacts.votesmart.org/candidate/193389/jim-kalberloh,,,,,,,,,,,
ocd-person/06e17e6f-a17c-4654-9ead-d0aa98a95110,Jim Murphy,Republican,94,lower,Jim,Murphy,Male,jim.murphy@house.mo.gov,,,,https://house.mo.gov/MemberPhoto.aspx?id=2063,https://house.mo.gov/MemberDetails.aspx?district=094;https://house.mo.gov/MemberDetails.aspx?year=2021&code=R&district=094;https://house.mo.gov/MemberDetails.aspx?year=2023&code=R&district=094;https://www.house.mo.gov/MemberDetails.aspx?district=94,https://ballotpedia.org/Jim_Murphy_(Missouri);https://en.wikipedia.org/wiki/Jim_Murphy_(Missouri_politician);https://house.mo.gov/MemberDetails.aspx?district=094;https://house.mo.gov/MemberDetails.aspx?year=2021&code=R&district=094;https://house.mo.gov/MemberDetails.aspx?year=2023&code=R&district=094;https://house.mo.gov/MemberGridCluster.aspx;https://www.house.mo.gov/MemberDetails.aspx?district=94,,,,,,,,,,,
ocd-person/9814247b-44fc-473f-b770-a44c77292d77,Jim Schulte,Republican,49,lower,Jim,Schulte,Male,jim.schulte@house.mo.gov,,,,https://house.mo.gov/MemberPhoto.aspx?id=2397,https://house.mo.gov/MemberDetails.aspx?district=049;https://house.mo.gov/MemberDetails.aspx?year=2023&code=R&district=049,https://ballotpedia.org/Jim_Schulte;https://en.wikipedia.org/wiki/Jim_Schulte;https://house.mo.gov/MemberDetails.aspx?district=049;https://house.mo.gov/MemberDetails.aspx?district=049&;https://house.mo.gov/MemberDetails.aspx?year=2023&code=R&district=049;https://justfacts.votesmart.org/candidate/biography/205720/jim-schulte;https://www.congressweb.com/sfaa/legislators/info/mbr_id/4578,,,,,,,,,,,
ocd-person/0f113187-3958-449e-9c4e-3e81390c1dd4,Jo Doll,Democratic,91,lower,Jo,Doll,Female,jo.doll@house.mo.gov,,,,https://house.mo.gov/MemberPhoto.aspx?id=2224,https://house.mo.gov/MemberDetails.aspx?district=091;https://house.mo.gov/MemberDetails.aspx?year=2021&code=R&district=083;https://house.mo.gov/MemberDetails.aspx?year=2023&code=R&district=091,https://ballotpedia.org/Jo_Doll;https://en.wikipedia.org/wiki/Jo_Doll;https://house.mo.gov/MemberDetails.aspx?district=091;https://house.mo.gov/MemberDetails.aspx?year=2021&code=R&district=083;https://house.mo.gov/MemberDetails.aspx?year=2023&code=R&district=091;https://justfacts.votesmart.org/candidate/biography/193352/jo-doll;https://www.linkedin.com/in/jo-doll-65408516,,,,,,,,,,,
ocd-person/a93088fa-ad80-49de-aa94-d03da0add0bc,Joe Nicola,Republican,11,upper,Joe,Nicola,Male,joe.nicola@senate.mo.gov,,1963-09-26,,https://s3.amazonaws.com/ballotpedia-api4/files/thumbs/200/300/JoeNicola2023.jpeg,https://senatorjoenicola.com/;https://www.senate.mo.gov/Senators/Member/11;https://www.senate.mo.gov/Senators/Member?id=6370,https://ballotpedia.org/Joe_Nicola;https://en.wikipedia.org/wiki/Joe_Nicola;https://justfacts.votesmart.org/candidate/biography/205650/joe-nicola;https://senatorjoenicola.com;https://www.linkedin.com/in/joe-nicola-b2a6017a;https://www.senate.mo.gov/Senators/Member/11;https://www.senate.mo.gov/Senators/Member?id=6370,,,,,,,,,,,
ocd-person/1250ea3d-fe5c-46ea-bead-f7249d234e68,John Black,Republican,129,lower,John,Black,Male,john.black@house.mo.gov,,,,https://house.mo.gov/MemberPhoto.aspx?id=2114,https://house.mo.gov/MemberDetails.aspx?district=129;https://house.mo.gov/MemberDetails.aspx?year=2021&code=R&district=137;https://house.mo.gov/MemberDetails.aspx?year=2023&code=R&district=129;https://www.house.mo.gov/MemberDetails.aspx?district=137,https://ballotpedia.org/John_Black_(Missouri);https://en.wikipedia.org/wiki/John_Black_(Missouri_politician);https://house.mo.gov/MemberDetails.aspx?district=129;https://house.mo.gov/MemberDetails.aspx?year=2021&code=R&district=137;https://house.mo.gov/MemberDetails.aspx?year=2023&code=R&district=129;https://house.mo.gov/MemberGridCluster.aspx;https://justfacts.votesmart.org/candidate/biography/183393/john-black;https://www.house.mo.gov/MemberDetails.aspx?district=137,,,,,,,,,,,
ocd-person/5fae2678-d379-4ef0-9481-0f78f544d0c4,John Hewkin,Republican,120,lower,John,Hewkin,Male,john.hewkin@house.mo.gov,,,,https://dailyjournalonline.com/wp-content/uploads/2023/09/Hewkin-1.jpeg,https://house.mo.gov/MemberDetails.aspx?district=120,https://ballotpedia.org/John_Hewkin;https://en.wikipedia.org/wiki/John_Hewkin;https://house.mo.gov/MemberDetails.aspx?district=120;https://house.mo.gov/MemberDetails.aspx?district=120&;https://justfacts.votesmart.org/candidate/biography/217739/john-hewkin;https://www.linkedin.com/in/john-hewkin-7689aa122,,,,,,,,,,,
ocd-person/6e5b11bc-fc9c-4822-9a82-1a5a59771c00,John Martin,Republican,44,lower,John,Martin,Male,john.martin@house.mo.gov,,,,"https://static.wixstatic.com/media/5e062e_e41671d0d6714f5cb9bbb25925e34d15~mv2.jpg/v1/crop/x_172,y_24,w_1449,h_1427/fill/w_397,h_391,al_c,q_80,usm_0.66_1.00_0.01,enc_auto/DSC_6591%20copy%20(1)_edited.jpg",https://house.mo.gov/MemberDetails.aspx?&district=044,https://ballotpedia.org/John_Martin_(Missouri);https://en.wikipedia.org/wiki/John_Martin_(Missouri_politician);https://house.mo.gov/MemberDetails.aspx?&district=044;https://justfacts.votesmart.org/candidate/biography/205718/john-martin;https://www.linkedin.com/in/john-martin-94458599,,,,,,,,,,,
ocd-person/3de9f0e2-7062-4363-91d0-c3f17084ced4,John Simmons,Republican,109,lower,John,Simmons,Male,john.simmons@house.mo.gov,,,,https://house.mo.gov/MemberPhoto.aspx?id=2097,https://house.mo.gov/MemberDetails.aspx?district=109;https://house.mo.gov/MemberDetails.aspx?year=2021&code=R&district=109;https://www.house.mo.gov/MemberDetails.aspx?district=109,https://ballotpedia.org/John_Simmons_(Missouri);https://house.mo.gov/MemberDetails.aspx?district=109;https://house.mo.gov/MemberDetails.aspx?year=2021&code=R&district=109;https://house.mo.gov/MemberGridCluster.aspx;https://www.house.mo.gov/MemberDetails.aspx?district=109;https://www.linkedin.com/in/john-simmons-5b60b0162,,,,,,,,,,,
ocd-person/709dba3b-3a48-4429-94e7-fada7faa0d90,John Voss,Republican,147,lower,John,Voss,Male,john.voss@house.mo.gov,,,,https://house.mo.gov/MemberPhoto.aspx?id=2355,https://house.mo.gov/MemberDetails.aspx?district=147;https://house.mo.gov/MemberDetails.aspx?year=2023&code=R&district=147,https://ballotpedia.org/John_Voss;https://en.wikipedia.org/wiki/John_Voss_(politician);https://house.mo.gov/MemberDetails.aspx?district=147;https://house.mo.gov/MemberDetails.aspx?year=2023&code=R&district=147;https://justfacts.votesmart.org/candidate/biography/73468/john-voss;https://www.linkedin.com/in/john-voss-47176b5,,,,,,,,,,,
ocd-person/419c30c0-b3f2-4d4b-a2f1-ee08050e845b,Jon Patterson,Republican,30,lower,Jon,Patterson,Male,jonathan.patterson@house.mo.gov,,,,https://house.mo.gov/MemberPhoto.aspx?id=2075,https://house.mo.gov/MemberDetails.aspx?district=030;https://house.mo.gov/MemberDetails.aspx?year=2021&code=R&district=030;https://house.mo.gov/MemberDetails.aspx?year=2023&code=R&district=030;https://www.house.mo.gov/MemberDetails.aspx?district=30,https://ballotpedia.org/Jon_Patterson;https://en.wikipedia.org/wiki/Jonathan_Patterson;https://house.mo.gov/MemberDetails.aspx?district=030;https://house.mo.gov/memberdetails.aspx?district=030;https://house.mo.gov/MemberDetails.aspx?year=2021&code=R&district=030;https://house.mo.gov/MemberDetails.aspx?year=2023&code=R&district=030;https://house.mo.gov/MemberGridCluster.aspx;https://justfacts.votesmart.org/candidate/biography/183179/jon-patterson;https://www.house.mo.gov/MemberDetails.aspx?district=30;https://www.linkedin.com/in/jonathan-patterson-m-d-6b24613b,,,,,,,,,,,
ocd-person/1da3a25b-64fa-48d4-8441-e1dca4526f7f,Josh Hurlbert,Republican,8,lower,Josh,Hurlbert,Male,josh.hurlbert@house.mo.gov,,1986-02-22,,https://house.mo.gov/MemberPhoto.aspx?id=2242,https://house.mo.gov/MemberDetails.aspx?district=008;https://house.mo.gov/MemberDetails.aspx?year=2023&code=R&district=008,https://ballotpedia.org/Josh_Hurlbert;https://en.wikipedia.org/wiki/Josh_Hurlbert;https://house.mo.gov/MemberDetails.aspx?district=008;https://house.mo.gov/MemberDetails.aspx?year=2023&code=R&district=008;https://justfacts.votesmart.org/candidate/biography/139140/josh-hurlbert;https://www.linkedin.com/in/josh-hurlbert-74348439,,,,,,,,,,,
ocd-person/867469f6-f988-49ec-be8c-4a065db3f223,Justin Brown,Republican,16,upper,Justin,Brown,Male,justin.brown@senate.mo.gov,,,,https://www.senate.mo.gov/19web/wp-content/uploads/2019/09/Brown2019-200x300.jpg,https://www.senate.mo.gov/mem16;https://www.senate.mo.gov/Senators/Member/16;https://www.senate.mo.gov/Senators/Member?id=6,https://ballotpedia.org/Justin_Brown_(Missouri);https://en.wikipedia.org/wiki/Justin_Brown_(politician);https://justfacts.votesmart.org/candidate/biography/183127/justin-brown;https://www.senate.mo.gov/mem16;https://www.senate.mo.gov/senators-listing;https://www.senate.mo.gov/senators-listing/;https://www.senate.mo.gov/Senators/Member/16;https://www.senate.mo.gov/Senators/Member?id=6,,,,,,,,,,,
ocd-person/fbeafead-44b9-4f08-9854-ad516fb6c838,Karla May,Democratic,4,upper,Karla,May,Female,karla.may@senate.mo.gov,,1970-06-12,,https://www.senate.mo.gov/19web/wp-content/uploads/2019/01/KarlaMay-200x300.jpg,https://www.senate.mo.gov/mem04;https://www.senate.mo.gov/Senators/Member/04;https://www.senate.mo.gov/Senators/Member?id=18,https://ballotpedia.org/Karla_May;https://en.wikipedia.org/wiki/Karla_May;https://justfacts.votesmart.org/candidate/biography/66328/karla-may;https://www.linkedin.com/in/karla-may-00b754123;https://www.senate.mo.gov/mem04;https://www.senate.mo.gov/senators-listing;https://www.senate.mo.gov/senators-listing/;https://www.senate.mo.gov/Senators/Member/04;https://www.senate.mo.gov/Senators/Member?id=18,,,,,,,,,,,
ocd-person/6ee52a1a-7c1b-4ebb-ac4f-8602d03b2034,Kathy Steinhoff,Democratic,45,lower,Kathy,Steinhoff,Female,kathy.steinhoff@house.mo.gov,,,,https://house.mo.gov/MemberPhoto.aspx?id=2361,https://house.mo.gov/MemberDetails.aspx?district=045;https://house.mo.gov/MemberDetails.aspx?year=2023&code=R&district=045,https://ballotpedia.org/Kathy_Steinhoff;https://ballotpedia.org/Mary_Steinhoff;https://en.wikipedia.org/wiki/Kathy_Steinhoff;https://house.mo.gov/member.aspx?district=045;https://house.mo.gov/MemberDetails.aspx?district=045;https://house.mo.gov/MemberDetails.aspx?year=2023&code=R&district=045;https://justfacts.votesmart.org/candidate/biography/205716/kathy-steinhoff,,,,,,,,,,,
ocd-person/31ee0443-77bc-415d-9774-d09dee750243,Keith Elliott,Republican,153,lower,Keith,Elliott,Male,keith.elliot@house.mo.gov,,,,,https://house.mo.gov/MemberDetails.aspx?district=153,https://ballotpedia.org/Keith_Elliott;https://house.mo.gov/MemberDetails.aspx?district=153;https://justfacts.votesmart.org/candidate/biography/217777/keith-elliott,,,,,,,,,,,
ocd-person/e4b24233-89d2-41eb-b360-ae297e3385ba,Kem Smith,Democratic,68,lower,Kem,Smith,Female,kem.smith@house.mo.gov,,1973-06-19,,https://s3.amazonaws.com/ballotpedia-api4/files/thumbs/200/300/KemSmith2024.jpg,https://house.mo.gov/MemberDetails.aspx?district=068;https://house.mo.gov/MemberDetails.aspx?year=2025&code=R&district=068,https://ballotpedia.org/Kem_Smith;https://house.mo.gov/MemberDetails.aspx?district=068;https://house.mo.gov/MemberDetails.aspx?year=2025&code=R&district=068;https://www.linkedin.com/in/drkem-smith-54257935,,,,,,,,,,,
ocd-person/c140221e-dfad-45d7-9371-faf3cc12ff17,Kemp Strickler,Democratic,34,lower,Kemp,Strickler,Male,kemp.strickler@house.mo.gov,,,,https://house.mo.gov/MemberPhoto.aspx?id=2358,https://house.mo.gov/MemberDetails.aspx?district=034;https://house.mo.gov/MemberDetails.aspx?year=2023&code=R&district=034;https://house.mo.gov/MemberDetails.aspx?year=2023&code=R&district=34;https://house.mo.gov/MemberDetails.aspx?year=2024&code=R&district=034,https://ballotpedia.org/Kemp_Strickler;https://house.mo.gov/MemberDetails.aspx?district=034;https://house.mo.gov/MemberDetails.aspx?year=2023&code=R&district=034;https://house.mo.gov/MemberDetails.aspx?year=2023&code=R&district=34;https://house.mo.gov/MemberDetails.aspx?year=2024&code=R&district=034;https://www.linkedin.com/in/kemp-strickler,,,,,,,,,,,
ocd-person/34a05fb9-bb36-416e-ada9-6be70b48b6b2,Ken Jamison,Democratic,15,lower,Ken,Jamison,Male,ken.jamison@house.mo.gov,,,,https://storage.googleapis.com/enview-dev-public-general/legislative-people-photos/167307.jpg,https://house.mo.gov/MemberDetails.aspx?&district=015,https://ballotpedia.org/Kenneth_Jamison;https://house.mo.gov/MemberDetails.aspx?&district=015;https://www.linkedin.com/in/kenneth-jamison-08132142,,,,,,,,,,,
ocd-person/96d0d8da-dcff-4f59-b051-e0da15584b7b,Kent Haden,Republican,43,lower,Kent,Haden,Male,kent.haden@house.mo.gov,,,,https://house.mo.gov/MemberPhoto.aspx?id=2076,https://house.mo.gov/MemberDetails.aspx?district=43;https://house.mo.gov/MemberDetails.aspx?year=2021&code=R&district=043;https://house.mo.gov/MemberDetails.aspx?year=2023&code=R&district=043;https://house.mo.gov/MemberDetails.aspx?year=2023&code=R&district=43;https://www.house.mo.gov/MemberDetails.aspx?district=43,https://ballotpedia.org/Kent_Haden;https://en.wikipedia.org/wiki/Kent_Haden;https://fbapp.congressweb.com/aanp/legislators/info/mbr_id/4572;https://house.mo.gov/MemberDetails.aspx?district=043&;https://house.mo.gov/MemberDetails.aspx?district=43;https://house.mo.gov/MemberDetails.aspx?year=2021&code=R&district=043;https://house.mo.gov/MemberDetails.aspx?year=2023&code=R&district=043;https://house.mo.gov/MemberDetails.aspx?year=2023&code=R&district=43;https://house.mo.gov/MemberGridCluster.aspx;https://justfacts.votesmart.org/candidate/biography/183213/kent-haden;https://www.house.mo.gov/MemberDetails.aspx?district=43,,,,,,,,,,,
ocd-person/7f91f845-d612-45d2-bc08-421c4e91357a,Keri Ingle,Democratic,35,lower,Keri,Ingle,Female,keri.ingle@house.mo.gov,,,,https://house.mo.gov/MemberPhoto.aspx?id=2134,https://house.mo.gov/MemberDetails.aspx?district=35;https://house.mo.gov/MemberDetails.aspx?year=2021&code=R&district=035;https://house.mo.gov/MemberDetails.aspx?year=2023&code=R&district=035;https://house.mo.gov/MemberDetails.aspx?year=2023&code=R&district=35;https://www.house.mo.gov/MemberDetails.aspx?district=35,https://ballotpedia.org/Keri_Ingle;https://en.wikipedia.org/wiki/Keri_Ingle;https://house.mo.gov/MemberDetails.aspx?district=35;https://house.mo.gov/MemberDetails.aspx?year=2021&code=R&district=035;https://house.mo.gov/MemberDetails.aspx?year=2023&code=R&district=035;https://house.mo.gov/MemberDetails.aspx?year=2023&code=R&district=35;https://house.mo.gov/MemberGridCluster.aspx;https://justfacts.votesmart.org/candidate/biography/183204/keri-ingle;https://www.house.mo.gov/MemberDetails.aspx?district=35;https://www.keriingle.com/meet-keri;https://www.linkedin.com/in/keri-ingle-lmsw-b849bb138,,,,,,,,,,,
ocd-person/6b417baa-36e5-4928-bb3d-b6b8f2cc95dd,Kimberly-Ann Collins,Democratic,77,lower,Kimberly-Ann,Collins,Female,kimberlyann.collins@house.mo.gov,,,,https://house.mo.gov/MemberPhoto.aspx?id=2277,https://house.mo.gov/MemberDetails.aspx?district=077;https://house.mo.gov/MemberDetails.aspx?year=2021&code=R&district=077;https://house.mo.gov/MemberDetails.aspx?year=2023&code=R&district=077,https://ballotpedia.org/Kimberly-Ann_Collins;https://en.wikipedia.org/wiki/Kimberly-Ann_Collins;https://house.mo.gov/MemberDetails.aspx?district=077;https://house.mo.gov/MemberDetails.aspx?year=2021&code=R&district=077;https://house.mo.gov/MemberDetails.aspx?year=2023&code=R&district=077;https://justfacts.votesmart.org/candidate/biography/183258/kimberly-ann-collins,,,,,,,,,,,
ocd-person/1ab01adf-962d-47ac-977c-2cf25712f583,Kurtis Gregory,Republican,21,upper,Kurtis,Gregory,Male,kurtis.gregory@senate.mo.gov,,1986-08-07,,https://house.mo.gov/MemberPhoto.aspx?id=2218,https://house.mo.gov/MemberDetails.aspx?year=2021&code=R&district=051;https://house.mo.gov/MemberDetails.aspx?year=2023&code=R&district=051;https://house.mo.gov/MemberDetails.aspx?year=2023&code=R&district=51;https://www.senate.mo.gov/Senators/Member/21;https://www.senate.mo.gov/Senators/Member?id=6374,https://ballotpedia.org/Kurtis_Gregory;https://en.wikipedia.org/wiki/Kurtis_Gregory;https://house.mo.gov/MemberDetails.aspx?year=2021&code=R&district=051;https://house.mo.gov/MemberDetails.aspx?year=2023&code=R&district=051;https://house.mo.gov/MemberDetails.aspx?year=2023&code=R&district=51;https://justfacts.votesmart.org/candidate/biography/193322/kurtis-gregory;https://www.senate.mo.gov/Senators/Member/21;https://www.senate.mo.gov/Senators/Member?id=6374,,,,,,,,,,,
ocd-person/6c3609dd-62d2-4030-9b24-7b5d49a16677,LaDonna Appelbaum,Democratic,71,lower,LaDonna,Appelbaum,Female,ladonna.appelbaum@house.mo.gov,,,,https://house.mo.gov/MemberPhoto.aspx?id=2057,https://house.mo.gov/MemberDetails.aspx?district=071;https://house.mo.gov/MemberDetails.aspx?year=2021&code=R&district=071;https://house.mo.gov/MemberDetails.aspx?year=2023&code=R&district=071;https://www.house.mo.gov/MemberDetails.aspx?district=71,https://ballotpedia.org/LaDonna_Appelbaum;https://en.wikipedia.org/wiki/LaDonna_Appelbaum;https://house.mo.gov/MemberDetails.aspx?district=071;https://house.mo.gov/MemberDetails.aspx?year=2021&code=R&district=071;https://house.mo.gov/MemberDetails.aspx?year=2023&code=R&district=071;https://house.mo.gov/MemberGridCluster.aspx;https://justfacts.votesmart.org/candidate/biography/183247/ladonna-appelbaum;https://www.house.mo.gov/MemberDetails.aspx?district=71;https://www.linkedin.com/in/ladonna-appelbaum-a2152875,,,,,,,,,,,
ocd-person/24c9a1f1-0023-4733-aa18-80f252645723,LaKeySha Bosley,Democratic,79,lower,LaKeySha,Bosley,Female,lakeysha.bosley@house.mo.gov,,1993-01-05,,https://house.mo.gov/MemberPhoto.aspx?id=2133,https://house.mo.gov/MemberDetails.aspx?district=079;https://house.mo.gov/MemberDetails.aspx?year=2021&code=R&district=079;https://house.mo.gov/MemberDetails.aspx?year=2023&code=R&district=079;https://www.house.mo.gov/MemberDetails.aspx?district=79,https://ballotpedia.org/LaKeySha_Bosley;https://en.wikipedia.org/wiki/LaKeySha_Frazier-Bosley;https://house.mo.gov/MemberDetails.aspx?district=079;https://house.mo.gov/MemberDetails.aspx?year=2021&code=R&district=079;https://house.mo.gov/MemberDetails.aspx?year=2023&code=R&district=079;https://house.mo.gov/MemberGridCluster.aspx;https://www.house.mo.gov/MemberDetails.aspx?district=79;https://www.linkedin.com/in/lakeysha-frazier-bosley-a0209165,,,,,,,,,,,
ocd-person/56f5920f-46d9-4991-b029-5984b80cd7ff,Lane Roberts,Republican,161,lower,Lane,Roberts,Male,lane.roberts@house.mo.gov,,1948-04-06,,https://house.mo.gov/MemberPhoto.aspx?id=2092,https://house.mo.gov/MemberDetails.aspx?district=161;https://house.mo.gov/MemberDetails.aspx?year=2021&code=R&district=161;https://house.mo.gov/MemberDetails.aspx?year=2023&code=R&district=161;https://www.house.mo.gov/MemberDetails.aspx?district=161,https://ballotpedia.org/Lane_Roberts;https://en.wikipedia.org/wiki/Lane_Roberts;https://house.mo.gov/MemberDetails.aspx?district=161;https://house.mo.gov/memberdetails.aspx?district=161;https://house.mo.gov/MemberDetails.aspx?year=2021&code=R&district=161;https://house.mo.gov/MemberDetails.aspx?year=2023&code=R&district=161;https://house.mo.gov/MemberGridCluster.aspx;https://justfacts.votesmart.org/candidate/biography/183493/lane-roberts;https://www.house.mo.gov/MemberDetails.aspx?district=161;https://www.lanejroberts.com/about-lane-roberts,,,,,,,,,,,
ocd-person/733d6ca4-9be3-4541-bcc9-75b7431cfc39,Lilly Fuchs,Democratic,80,lower,Lilly,Fuchs,Female,elizabeth.fuchs@house.mo.gov,,,,https://victoryfund.org/wp-content/uploads/2024/08/Capital-Photos-Arm-on-hip-at-pillar-full-body-scaled-e1724799705880-500x500-250x250.jpg,https://house.mo.gov/MemberDetails.aspx?district=080,https://ballotpedia.org/Elizabeth_Fuchs;https://house.mo.gov/MemberDetails.aspx?district=080;https://justfacts.votesmart.org/candidate/biography/217695/elizabeth-fuchs;https://www.linkedin.com/in/elizabeth-fuchs-msw-8b31226a,,,,,,,,,,,
ocd-person/934fdfca-5cdf-4c67-a3b0-b23e433f87f6,Lincoln Hough,Republican,30,upper,Lincoln,Hough,Male,lincoln.hough@senate.mo.gov,,1982-06-17,,https://www.senate.mo.gov/19web/wp-content/uploads/2019/10/Hough-200x300.jpg,https://www.senate.mo.gov/mem30;https://www.senate.mo.gov/Senators/Member/30;https://www.senate.mo.gov/Senators/Member?id=15,https://ballotpedia.org/Lincoln_Hough;https://en.wikipedia.org/wiki/Lincoln_Hough;https://justfacts.votesmart.org/candidate/biography/124803/lincoln-hough;https://www.senate.mo.gov/mem30;https://www.senate.mo.gov/senators-listing;https://www.senate.mo.gov/senators-listing/;https://www.senate.mo.gov/Senators/Member/30;https://www.senate.mo.gov/Senators/Member?id=15,,,,,,,,,,,
ocd-person/5f182358-80ec-4463-a8b0-2dd660ac97ab,Lisa Durnell,Republican,154,lower,Lisa,Durnell,Female,lisa.durnell@house.mo.gov,,,,,https://house.mo.gov/MemberDetails.aspx?&district=154,https://ballotpedia.org/Lisa_Durnell;https://house.mo.gov/MemberDetails.aspx?&district=154,,,,,,,,,,,
ocd-person/9a78c55e-0f06-4dd9-b86e-287db7332d98,Louis Riggs,Republican,5,lower,Louis,Riggs,Male,louis.riggs@house.mo.gov,,,,https://house.mo.gov/MemberPhoto.aspx?id=2094,https://house.mo.gov/MemberDetails.aspx?district=005;https://house.mo.gov/MemberDetails.aspx?year=2021&code=R&district=005;https://house.mo.gov/MemberDetails.aspx?year=2023&code=R&district=005;https://house.mo.gov/MemberDetails.aspx?year=2024&code=R&district=005;https://www.house.mo.gov/MemberDetails.aspx?district=5,https://ballotpedia.org/Louis_Riggs;https://en.wikipedia.org/wiki/Louis_Riggs;https://house.mo.gov/MemberDetails.aspx?district=005;https://house.mo.gov/memberdetails.aspx?district=005;https://house.mo.gov/MemberDetails.aspx?year=2021&code=R&district=005;https://house.mo.gov/MemberDetails.aspx?year=2023&code=R&district=005;https://house.mo.gov/MemberDetails.aspx?year=2024&code=R&district=005;https://house.mo.gov/MemberGridCluster.aspx;https://justfacts.votesmart.org/candidate/biography/39898/louis-riggs;https://louisriggs.com;https://www.house.mo.gov/MemberDetails.aspx?district=5;https://www.linkedin.com/in/louis-riggs-9840686,,,,,,,,,,,
ocd-person/d8594030-4826-48c5-af43-674470f1dd44,Maggie Nurrenbern,Democratic,17,upper,Maggie,Nurrenbern,Female,maggie.nurrenbern@senate.mo.gov,,,,https://house.mo.gov/MemberPhoto.aspx?id=2211,https://house.mo.gov/MemberDetails.aspx?district=015;https://house.mo.gov/MemberDetails.aspx?year=2021&code=R&district=015;https://house.mo.gov/MemberDetails.aspx?year=2023&code=R&district=015;https://www.senate.mo.gov/Senators/Member/17;https://www.senate.mo.gov/Senators/Member?id=6372,https://ballotpedia.org/Maggie_Nurrenbern;https://en.wikipedia.org/wiki/Maggie_Nurrenbern;https://house.mo.gov/MemberDetails.aspx?district=015;https://house.mo.gov/MemberDetails.aspx?year=2021&code=R&district=015;https://house.mo.gov/MemberDetails.aspx?year=2023&code=R&district=015;https://justfacts.votesmart.org/candidate/193270/maggie-nurrenbern;https://www.linkedin.com/in/maggie-nurrenbern-2730ab2bb;https://www.senate.mo.gov/Senators/Member/17;https://www.senate.mo.gov/Senators/Member?id=6372,,,,,,,,,,,
ocd-person/3a6ee726-1e30-4f9a-82cc-af57163e571b,Mark Boyko,Democratic,90,lower,Mark,Boyko,Male,mark.boyko@house.mo.gov,,,,https://s3.amazonaws.com/ballotpedia-api4/files/thumbs/200/300/Mark_Boyko.jpg,https://house.mo.gov/MemberDetails.aspx?district=090;https://house.mo.gov/MemberDetails.aspx?year=2025&code=R&district=090,https://ballotpedia.org/Mark_Boyko;https://en.wikipedia.org/wiki/Mark_Boyko;https://house.mo.gov/MemberDetails.aspx?district=090;https://house.mo.gov/MemberDetails.aspx?district=090&;https://house.mo.gov/MemberDetails.aspx?year=2025&code=R&district=090;https://justfacts.votesmart.org/candidate/biography/169717/mark-boyko;https://www.baileyglasser.com/lawyers-mark-g-boyko;https://www.linkedin.com/in/mark-boyko,,,,,,,,,,,
ocd-person/661f49f4-e075-491e-aad8-4dde65ecb6df,Mark Matthiesen,Republican,107,lower,Mark,Matthiesen,Male,mark.matthiesen@house.mo.gov,,1976-03-25,,https://house.mo.gov/MemberPhoto.aspx?id=1937,https://house.mo.gov/MemberDetails.aspx?district=107;https://house.mo.gov/MemberDetails.aspx?year=2023&code=R&district=107,https://ballotpedia.org/Mark_Matthiesen;https://en.wikipedia.org/wiki/Mark_Matthiesen;https://house.mo.gov/MemberDetails.aspx?district=107;https://house.mo.gov/MemberDetails.aspx?year=2023&code=R&district=107;https://justfacts.votesmart.org/candidate/biography/169778/mark-matthiesen,,,,,,,,,,,
ocd-person/ba1cff78-9a39-4e6e-a998-c8dc324d7b80,Mark Meirath,Republican,39,lower,Mark,Meirath,Male,mark.meirath@house.mo.gov,,,,,https://house.mo.gov/MemberDetails.aspx?&district=039,https://ballotpedia.org/Mark_Meirath;https://house.mo.gov/MemberDetails.aspx?&district=039,,,,,,,,,,,
ocd-person/443938dd-c7a0-4061-890a-8bd4ec4a1924,Mark Nolte,Republican,51,lower,Mark,Nolte,Male,mark.nolte@house.mo.gov,,,,,https://house.mo.gov/MemberDetails.aspx?&district=051,https://ballotpedia.org/Mark_Nolte;https://house.mo.gov/MemberDetails.aspx?&district=051;https://www.linkedin.com/in/mark-nolte-10405b2a2,,,,,,,,,,,
ocd-person/0fddc5af-b1f0-49ca-84d9-fc6458edf362,Mark Sharp,Democratic,37,lower,Mark,Sharp,Male,mark.sharp@house.mo.gov,,,,https://house.mo.gov/MemberPhoto.aspx?id=2169,https://house.mo.gov/MemberDetails.aspx?district=37;https://house.mo.gov/MemberDetails.aspx?year=2021&code=R&district=036;https://house.mo.gov/MemberDetails.aspx?year=2023&code=R&district=037;https://house.mo.gov/MemberDetails.aspx?year=2023&code=R&district=37;https://www.house.mo.gov/MemberDetails.aspx?district=36,https://ballotpedia.org/Mark_Sharp;https://en.wikipedia.org/wiki/Mark_Sharp;https://house.mo.gov/MemberDetails.aspx?district=37;https://house.mo.gov/MemberDetails.aspx?year=2021&code=R&district=036;https://house.mo.gov/MemberDetails.aspx?year=2023&code=R&district=037;https://house.mo.gov/MemberDetails.aspx?year=2023&code=R&district=37;https://house.mo.gov/MemberGridCluster.aspx;https://www.house.mo.gov/MemberDetails.aspx?district=36;https://www.linkedin.com/in/mark-sharp-b7ba89180,,,,,,,,,,,
ocd-person/56a68a64-7a44-4052-b5f2-e9f7c626e311,Marla Smith,Democratic,74,lower,Marla,Smith,Female,marla.smith@house.mo.gov,,,,,https://house.mo.gov/MemberDetails.aspx?&district=074,https://ballotpedia.org/Marla_Smith;https://house.mo.gov/MemberDetails.aspx?&district=074,,,,,,,,,,,
ocd-person/47f4d77d-149c-410a-a324-067172efda3c,Marlene Terry,Democratic,66,lower,Marlene,Terry,Female,marlene.terry@house.mo.gov,,,,https://house.mo.gov/MemberPhoto.aspx?id=2247,https://house.mo.gov/MemberDetails.aspx?district=066;https://house.mo.gov/MemberDetails.aspx?year=2021&code=R&district=066;https://house.mo.gov/MemberDetails.aspx?year=2023&code=R&district=066,https://ballotpedia.org/Marlene_Terry;https://en.wikipedia.org/wiki/Marlene_Terry;https://house.mo.gov/MemberDetails.aspx?district=066;https://house.mo.gov/MemberDetails.aspx?year=2021&code=R&district=066;https://house.mo.gov/MemberDetails.aspx?year=2023&code=R&district=066,,,,,,,,,,,
ocd-person/500e226f-ea79-4915-ab13-a11ab4d9e48e,Marlon Anderson,Democratic,76,lower,Marlon,Anderson,Male,marlon.anderson@house.mo.gov,,,,https://house.mo.gov/MemberPhoto.aspx?id=2276,https://house.mo.gov/MemberDetails.aspx?district=076;https://house.mo.gov/MemberDetails.aspx?year=2021&code=R&district=076;https://house.mo.gov/MemberDetails.aspx?year=2023&code=R&district=076,https://ballotpedia.org/Marlon_Anderson;https://en.wikipedia.org/wiki/Marlon_Anderson_(politician);https://house.mo.gov/MemberDetails.aspx?district=076;https://house.mo.gov/MemberDetails.aspx?year=2021&code=R&district=076;https://house.mo.gov/MemberDetails.aspx?year=2023&code=R&district=076;https://justfacts.votesmart.org/candidate/193348/marlon-anderson;https://www.linkedin.com/in/marlon-anderson-esq-31230046;https://www.marlonsandersonlawstl.com,,,,,,,,,,,
ocd-person/e5a2f458-8afb-41b6-9bf0-79143ea24a25,Marty Jacobs,Democratic,38,lower,Marty,Jacobs,Male,martin.jacobs@house.mo.gov,,,,https://storage.googleapis.com/enview-dev-public-general/legislative-people-photos/167306.jpg,https://house.mo.gov/MemberDetails.aspx?&district=038,https://ballotpedia.org/Martin_Jacobs;https://house.mo.gov/MemberDetails.aspx?&district=038;https://www.linkedin.com/in/martin-jacobs-aa596320,,,,,,,,,,,
ocd-person/f36fd5fa-6d20-43d4-9555-ce4d2d472849,Marty Murray,Democratic,78,lower,Marty,Murray,Male,marty.murray@house.mo.gov,,1989-03-29,,https://s3.amazonaws.com/ballotpedia-api4/files/thumbs/200/300/MartyMurray2024.jpg,https://house.mo.gov/MemberDetails.aspx?district=078;https://house.mo.gov/MemberDetails.aspx?year=2025&code=R&district=078,https://ballotpedia.org/Marty_Joe_Murray;https://house.mo.gov/MemberDetails.aspx?district=078;https://house.mo.gov/MemberDetails.aspx?year=2025&code=R&district=078;https://www.linkedin.com/in/martymurrayjr,,,,,,,,,,,
ocd-person/f1d83642-4aa6-4fea-80f1-4c3f422c63ed,Mary Elizabeth Coleman,Republican,22,upper,Mary Elizabeth,Coleman,Female,maryelizabeth.coleman@senate.mo.gov,,,,,https://www.senate.mo.gov/Senators/Member/22;https://www.senate.mo.gov/Senators/Member?id=272,https://ballotpedia.org/Mary_Coleman_(Missouri);https://en.wikipedia.org/wiki/Mary_Elizabeth_Coleman;https://justfacts.votesmart.org/candidate/biography/183290/mary-coleman;https://www.senate.mo.gov/Senators/Member/22;https://www.senate.mo.gov/Senators/Member?id=272,,,,,,,,,,,
ocd-person/c22f94cc-641f-4a45-a2a6-610f829e7c43,Matthew Overcast,Republican,155,lower,Matthew,Overcast,Male,matthew.overcast@house.mo.gov,,,,https://s3.amazonaws.com/ballotpedia-api4/files/thumbs/200/300/Matthew_Overcast23.jpeg,https://house.mo.gov/MemberDetails.aspx?district=155,https://ballotpedia.org/Matthew_Overcast;https://en.wikipedia.org/wiki/Matthew_Overcast;https://house.mo.gov/MemberDetails.aspx?district=155;https://house.mo.gov/memberdetails.aspx?district=155;https://justfacts.votesmart.org/candidate/biography/217782/matthew-overcast;https://www.linkedin.com/in/matthewovercast,,,,,,,,,,,
ocd-person/22e282f9-afbf-46b8-ac81-0780f5372d0d,Mazzie Christensen,Republican,2,lower,Mazzie,Christensen,Female,mazzie.christensen@house.mo.gov,,,,https://house.mo.gov/MemberPhoto.aspx?id=2381,https://house.mo.gov/MemberDetails.aspx?district=002;https://house.mo.gov/MemberDetails.aspx?year=2023&code=R&district=002,https://ballotpedia.org/Mazzie_Boyd;https://en.wikipedia.org/wiki/Mazzie_Boyd;https://house.mo.gov/MemberDetails.aspx?district=002;https://house.mo.gov/MemberDetails.aspx?year=2023&code=R&district=002;https://www.linkedin.com/in/mazzie-boyd-07028215a;https://www.linkedin.com/in/mazzie-christensen-07028215a,,,,,,,,,,,
ocd-person/1df6dc2e-0d12-40d6-b368-4d0b3a19ef95,Melanie Stinnett,Republican,133,lower,Melanie,Stinnett,Female,melanie.stinnett@house.mo.gov,,,,https://house.mo.gov/MemberPhoto.aspx?id=2399,https://house.mo.gov/MemberDetails.aspx?district=133;https://house.mo.gov/MemberDetails.aspx?year=2023&code=R&district=133,https://ballotpedia.org/Melanie_Stinnett;https://en.wikipedia.org/wiki/Melanie_Stinnett;https://house.mo.gov/MemberDetails.aspx?district=133;https://house.mo.gov/MemberDetails.aspx?year=2023&code=R&district=133;https://justfacts.votesmart.org/candidate/biography/205801/melanie-stinnett;https://www.linkedin.com/in/melanie-stinnett-07264673,,,,,,,,,,,
ocd-person/9815268f-50dc-451b-9bb2-b36f3c556ac4,Melissa Douglas,Democratic,27,lower,Melissa,Douglas,Female,melissa.douglas@house.mo.gov,,,,,https://house.mo.gov/MemberDetails.aspx?&district=027,https://ballotpedia.org/Melissa_Douglas;https://house.mo.gov/MemberDetails.aspx?&district=027;https://www.linkedin.com/in/melissa-douglas-8421133a,,,,,,,,,,,
ocd-person/7839a137-9de7-440a-bad8-20db1e0ead3b,Melissa Schmidt,Republican,141,lower,Melissa,Schmidt,Female,melissa.schmidt@house.mo.gov,,,,"https://static.wixstatic.com/media/530e0b_df591691a465401684e3625621398fd5~mv2.jpg/v1/fill/w_952,h_721,al_c,q_85,usm_0.66_1.00_0.01,enc_auto/530e0b_df591691a465401684e3625621398fd5~mv2.jpg",https://house.mo.gov/MemberDetails.aspx?district=141;https://house.mo.gov/MemberDetails.aspx?year=2025&code=R&district=141,https://ballotpedia.org/Melissa_Schmidt_(Missouri);https://house.mo.gov/MemberDetails.aspx?district=141;https://house.mo.gov/MemberDetails.aspx?year=2025&code=R&district=141;https://www.linkedin.com/in/mdschmidt1,,,,,,,,,,,
ocd-person/24dc0503-f4cf-48b1-afdf-e57157bafec3,Michael Burton,Democratic,92,lower,Michael,Burton,Male,michael.burton@house.mo.gov,,,,https://house.mo.gov/MemberPhoto.aspx?id=2225,https://house.mo.gov/MemberDetails.aspx?district=092;https://house.mo.gov/MemberDetails.aspx?year=2021&code=R&district=092;https://house.mo.gov/MemberDetails.aspx?year=2023&code=R&district=092,https://ballotpedia.org/Michael_Burton_(Missouri_House_candidate);https://en.wikipedia.org/wiki/Michael_Burton_(politician);https://house.mo.gov/MemberDetails.aspx?district=092;https://house.mo.gov/MemberDetails.aspx?year=2021&code=R&district=092;https://house.mo.gov/MemberDetails.aspx?year=2023&code=R&district=092,,,,,,,,,,,
ocd-person/dc271660-9483-4b46-8c96-4794078b130f,Michael Davis,Republican,56,lower,Michael,Davis,Male,michael.davis@house.mo.gov,,,,https://house.mo.gov/MemberPhoto.aspx?id=2220,https://house.mo.gov/MemberDetails.aspx?district=056;https://house.mo.gov/MemberDetails.aspx?year=2021&code=R&district=056;https://house.mo.gov/MemberDetails.aspx?year=2023&code=R&district=056,https://ballotpedia.org/Michael_Davis_(Missouri);https://en.wikipedia.org/wiki/Michael_Davis_(Missouri_politician);https://house.mo.gov/MemberDetails.aspx?district=056;https://house.mo.gov/MemberDetails.aspx?year=2021&code=R&district=056;https://house.mo.gov/MemberDetails.aspx?year=2023&code=R&district=056;https://justfacts.votesmart.org/candidate/biography/193326/michael-davis;https://www.linkedin.com/in/michael-davis-69271582,,,,,,,,,,,
ocd-person/8014964b-117f-40a4-a466-ac597dd70983,Michael Johnson,Democratic,23,lower,Michael,Johnson,Male,michael.johnson@house.mo.gov,,,,https://house.mo.gov/MemberPhoto.aspx?id=2255,https://house.mo.gov/MemberDetails.aspx?district=023;https://house.mo.gov/MemberDetails.aspx?year=2021&code=R&district=023;https://house.mo.gov/MemberDetails.aspx?year=2023&code=R&district=023,https://ballotpedia.org/Michael_Johnson_(Missouri);https://en.wikipedia.org/wiki/Michael_Johnson_(Missouri_politician);https://house.mo.gov/MemberDetails.aspx?district=023;https://house.mo.gov/MemberDetails.aspx?year=2021&code=R&district=023;https://house.mo.gov/MemberDetails.aspx?year=2023&code=R&district=023;https://www.linkedin.com/in/michael-johnson-56965015a,,,,,,,,,,,
ocd-person/8df40920-38e1-4892-aa6b-764467bf79b7,Mike Bernskoetter,Republican,6,upper,Mike,Bernskoetter,Male,mike.bernskoetter@senate.mo.gov,,1959-11-29,,https://www.senate.mo.gov/19web/wp-content/uploads/2019/01/Bernskoetter-200x300.jpg,https://www.senate.mo.gov/mem06;https://www.senate.mo.gov/Senators/Member/06;https://www.senate.mo.gov/Senators/Member?id=4,https://ballotpedia.org/Mike_Bernskoetter;https://en.wikipedia.org/wiki/Mike_Bernskoetter;https://justfacts.votesmart.org/candidate/biography/124589/mike-bernskoetter;https://www.senate.mo.gov/mem06;https://www.senate.mo.gov/senators-listing;https://www.senate.mo.gov/senators-listing/;https://www.senate.mo.gov/Senators/Member/06;https://www.senate.mo.gov/Senators/Member?id=4,,,,,,,,,,,
ocd-person/70c04c22-b1a9-4c3c-96f9-36761e63f3f8,Mike Cierpiot,Republican,8,upper,Mike,Cierpiot,Male,mike.cierpiot@senate.mo.gov,,1953-01-14,,https://www.senate.mo.gov/20web/wp-content/uploads/2020/01/Cierpiot2020-200x300.jpg,https://www.senate.mo.gov/mem08;https://www.senate.mo.gov/Senators/Member/08;https://www.senate.mo.gov/Senators/Member?id=8,https://ballotpedia.org/Mike_Cierpiot;https://en.wikipedia.org/wiki/Mike_Cierpiot;https://justfacts.votesmart.org/candidate/biography/123854/mike-cierpiot;https://www.senate.mo.gov/mem08;https://www.senate.mo.gov/senators-listing;https://www.senate.mo.gov/senators-listing/;https://www.senate.mo.gov/Senators/Member/08;https://www.senate.mo.gov/Senators/Member?id=8,,,,,,,,,,,
ocd-person/c08a9151-fdfe-4da9-97c2-5536ed96f255,Mike Costlow,Republican,108,lower,Mike,Costlow,Male,mike.costlow@house.mo.gov,,,,https://costlowformissouri.com/wp-content/uploads/2024/05/Headshot-No-Background-2.png,https://house.mo.gov/MemberDetails.aspx?district=108,https://ballotpedia.org/Mike_Costlow;https://en.wikipedia.org/wiki/Mike_Costlow;https://house.mo.gov/MemberDetails.aspx?district=108;https://justfacts.votesmart.org/candidate/biography/217724/mike-costlow;https://www.linkedin.com/in/mikecostlow2,,,,,,,,,,,
ocd-person/bfad4ef7-fad2-46e6-8f12-f8ea9feaa0cb,Mike Henderson,Republican,3,upper,Mike,Henderson,Male,mike.henderson@senate.mo.gov,,,,https://house.mo.gov/MemberPhoto.aspx?id=1944,https://house.mo.gov/MemberDetails.aspx?district=117;https://house.mo.gov/MemberDetails.aspx?year=2021&code=R&district=117;https://house.mo.gov/MemberDetails.aspx?year=2023&code=R&district=117;https://www.house.mo.gov/MemberDetails.aspx?district=117;https://www.senate.mo.gov/Senators/Member/03;https://www.senate.mo.gov/Senators/Member?id=6368,https://ballotpedia.org/Mike_Henderson;https://en.wikipedia.org/wiki/Mike_Henderson_(politician);https://house.mo.gov/MemberDetails.aspx?district=117;https://house.mo.gov/MemberDetails.aspx?year=2021&code=R&district=117;https://house.mo.gov/MemberDetails.aspx?year=2023&code=R&district=117;https://house.mo.gov/MemberGridCluster.aspx;https://justfacts.votesmart.org/candidate/biography/169897/mike-henderson;https://www.house.mo.gov/MemberDetails.aspx?district=117;https://www.linkedin.com/in/mike-henderson-96b74561;https://www.senate.mo.gov/Senators/Member/03;https://www.senate.mo.gov/Senators/Member?id=6368,,,,,,,,,,,
ocd-person/8e0bb3e7-085b-471c-a588-a1de9b466706,Mike Jones,Republican,12,lower,Mike,Jones,Male,michael.jones@house.mo.gov,,,,"https://static.wixstatic.com/media/c0c31e_a5630222da5c43efb8e8c52283f027da~mv2.jpg/v1/fill/w_473,h_549,al_c,q_80,usm_0.66_1.00_0.01,enc_auto/Michael-18%20(2)_edited.jpg",https://house.mo.gov/MemberDetails.aspx?&district=012,https://ballotpedia.org/Mike_Jones_(Missouri_State_House_District_12_candidate);https://en.wikipedia.org/wiki/Mike_Jones_(Missouri_politician);https://house.mo.gov/MemberDetails.aspx?&district=012;https://justfacts.votesmart.org/candidate/biography/216974/mike-jones,,,,,,,,,,,
ocd-person/1a644e87-8691-4e86-af73-6a2af0f56c82,Mike McGirl,Republican,118,lower,Mike,McGirl,Male,mike.mcgirl@house.mo.gov,,,,https://house.mo.gov/MemberPhoto.aspx?id=2065,https://house.mo.gov/MemberDetails.aspx?district=118;https://house.mo.gov/MemberDetails.aspx?year=2021&code=R&district=118;https://house.mo.gov/MemberDetails.aspx?year=2023&code=R&district=118;https://www.house.mo.gov/MemberDetails.aspx?district=118,https://ballotpedia.org/Mike_McGirl;https://en.wikipedia.org/wiki/Mike_McGirl;https://house.mo.gov/MemberDetails.aspx?district=118;https://house.mo.gov/MemberDetails.aspx?year=2021&code=R&district=118;https://house.mo.gov/MemberDetails.aspx?year=2023&code=R&district=118;https://house.mo.gov/MemberGridCluster.aspx;https://justfacts.votesmart.org/candidate/biography/152724/michael-mcgirl;https://www.house.mo.gov/MemberDetails.aspx?district=118;https://www.linkedin.com/in/mike-mcgirl-4b829261,,,,,,,,,,,
ocd-person/43563b48-1d26-4a85-bad2-615971201d41,Mike Moon,Republican,29,upper,Mike,Moon,Male,mike.moon@senate.mo.gov,,1958-12-31,,,https://www.house.mo.gov/MemberDetails.aspx?district=157;https://www.senate.mo.gov/mem29;https://www.senate.mo.gov/Senators/Member/29;https://www.senate.mo.gov/Senators/Member?id=19,https://ballotpedia.org/Mike_Moon;https://en.wikipedia.org/wiki/Mike_Moon_(politician);https://house.mo.gov/MemberGridCluster.aspx;https://justfacts.votesmart.org/candidate/biography/123397/mike-moon;https://www.house.mo.gov/MemberDetails.aspx?district=157;https://www.linkedin.com/in/mike-moon-59875820;https://www.senate.mo.gov/mem29;https://www.senate.mo.gov/senators-listing;https://www.senate.mo.gov/senators-listing/;https://www.senate.mo.gov/Senators/Member/29;https://www.senate.mo.gov/Senators/Member?id=19,,,,,,,,,,,
ocd-person/df4d176b-2a0b-41be-977f-efa722d6a321,Mike Steinmeyer,Republican,20,lower,Mike,Steinmeyer,Male,mike.steinmeyer@house.mo.gov,,,,https://s3.amazonaws.com/ballotpedia-api4/files/thumbs/200/300/Mike_Steinmeyer_20241028_013139.jpeg,https://house.mo.gov/MemberDetails.aspx?district=020;https://house.mo.gov/MemberDetails.aspx?year=2025&code=R&district=020,https://ballotpedia.org/Mike_Steinmeyer;https://house.mo.gov/MemberDetails.aspx?district=020;https://house.mo.gov/MemberDetails.aspx?year=2025&code=R&district=020;https://justfacts.votesmart.org/candidate/biography/197071/michael-steinmeyer;https://www.linkedin.com/in/michaelsteinmeyer,,,,,,,,,,,
ocd-person/c5b24334-9dfa-4356-8aa2-8f91c2a3d692,Mitch Boggs,Republican,157,lower,Mitch,Boggs,Male,mitch.boggs@house.mo.gov,,1972-03-02,,https://house.mo.gov/MemberPhoto.aspx?id=2241,https://house.mo.gov/MemberDetails.aspx?district=157;https://house.mo.gov/MemberDetails.aspx?year=2021&code=R&district=157;https://house.mo.gov/MemberDetails.aspx?year=2023&code=R&district=157,https://ballotpedia.org/Mitch_Boggs;https://en.wikipedia.org/wiki/Mitch_Boggs;https://house.mo.gov/member.aspx?district=157;https://house.mo.gov/MemberDetails.aspx?district=157;https://house.mo.gov/MemberDetails.aspx?year=2021&code=R&district=157;https://house.mo.gov/MemberDetails.aspx?year=2023&code=R&district=157;https://justfacts.votesmart.org/candidate/biography/193291/mitch-boggs,,,,,,,,,,,
ocd-person/e6caa351-c418-431a-bf50-1bd16923ae49,Nick Kimble,Democratic,82,lower,Nick,Kimble,Male,nick.kimble@house.mo.gov,,,,https://media.upballot.com/candidates/_250x250_crop_center-center_100_none/Nick-Kimble-Headshot.jpeg,https://house.mo.gov/MemberDetails.aspx?district=082;https://house.mo.gov/MemberDetails.aspx?year=2025&code=R&district=082,https://house.mo.gov/MemberDetails.aspx?district=082;https://house.mo.gov/MemberDetails.aspx?year=2025&code=R&district=082;https://justfacts.votesmart.org/candidate/biography/217698/nick-kimble;https://www.linkedin.com/in/nick-kimble-b754ab94,,,,,,,,,,,
ocd-person/ecbee637-2b07-4028-acb3-b82df2edb42a,Nick Schroer,Republican,2,upper,Nick,Schroer,Male,nick.schroer@senate.mo.gov,,,,,https://www.senate.mo.gov/Senators/Member/02;https://www.senate.mo.gov/Senators/Member?id=276,https://ballotpedia.org/Nick_Schroer;https://en.wikipedia.org/wiki/Nick_Schroer;https://justfacts.votesmart.org/candidate/169831/nick-schroer;https://www.linkedin.com/in/nicholas-schroer-1946ba60;https://www.senate.mo.gov/Senators/Member/02;https://www.senate.mo.gov/Senators/Member?id=276,,,,,,,,,,,
ocd-person/a0be4ce1-fdbd-47d2-a74c-aaee85644992,Pattie Mansur,Democratic,25,lower,Pattie,Mansur,Female,pattie.mansur@house.mo.gov,,,,https://s3.amazonaws.com/ballotpedia-api4/files/thumbs/200/300/PattieMansur2024.jpg,https://house.mo.gov/MemberDetails.aspx?district=025;https://house.mo.gov/MemberDetails.aspx?year=2025&code=R&district=025,https://ballotpedia.org/Patricia_Mansur;https://house.mo.gov/MemberDetails.aspx?district=025;https://house.mo.gov/MemberDetails.aspx?year=2025&code=R&district=025;https://www.linkedin.com/in/pattie-mansur-51a755a6,,,,,,,,,,,
ocd-person/618e91b0-663d-4095-9a38-eefab6304e5f,Patty Lewis,Democratic,7,upper,Patty,Lewis,Female,patty.lewis@senate.mo.gov,,,,https://house.mo.gov/MemberPhoto.aspx?id=2213,https://house.mo.gov/MemberDetails.aspx?district=025;https://house.mo.gov/MemberDetails.aspx?year=2021&code=R&district=025;https://house.mo.gov/MemberDetails.aspx?year=2023&code=R&district=025;https://www.senate.mo.gov/Senators/Member/07;https://www.senate.mo.gov/Senators/Member?id=6369,https://ballotpedia.org/Patty_Lewis;https://en.wikipedia.org/wiki/Patty_Lewis;https://house.mo.gov/MemberDetails.aspx?district=025;https://house.mo.gov/MemberDetails.aspx?year=2021&code=R&district=025;https://house.mo.gov/MemberDetails.aspx?year=2023&code=R&district=025;https://justfacts.votesmart.org/candidate/193297/patty-lewis;https://www.senate.mo.gov/Senators/Member/07;https://www.senate.mo.gov/Senators/Member?id=6369,,,,,,,,,,,
ocd-person/920c5b79-73a0-477b-a90d-1a290e48e014,Peggy McGaugh,Republican,7,lower,Peggy,McGaugh,Female,peggy.mcgaugh@house.mo.gov,,,,https://house.mo.gov/MemberPhoto.aspx?id=2019,https://house.mo.gov/MemberDetails.aspx?district=007;https://house.mo.gov/MemberDetails.aspx?year=2021&code=R&district=039;https://house.mo.gov/MemberDetails.aspx?year=2023&code=R&district=007;https://www.house.mo.gov/MemberDetails.aspx?district=39,https://ballotpedia.org/Peggy_McGaugh;https://en.wikipedia.org/wiki/Peggy_McGaugh;https://house.mo.gov/MemberDetails.aspx?district=007;https://house.mo.gov/MemberDetails.aspx?district=007&;https://house.mo.gov/MemberDetails.aspx?year=2021&code=R&district=039;https://house.mo.gov/MemberDetails.aspx?year=2023&code=R&district=007;https://house.mo.gov/MemberGridCluster.aspx;https://justfacts.votesmart.org/candidate/biography/177250/peggy-mcgaugh;https://www.house.mo.gov/MemberDetails.aspx?district=39;https://www.linkedin.com/in/peggy-mcgaugh-32702650,,,,,,,,,,,
ocd-person/1d96c354-2527-4449-9b40-36bb78fe2cb7,Phil Amato,Republican,113,lower,Phil,Amato,Male,phil.amato@house.mo.gov,,,,https://house.mo.gov/MemberPhoto.aspx?id=2378,https://house.mo.gov/MemberDetails.aspx?district=113;https://house.mo.gov/MemberDetails.aspx?year=2023&code=R&district=113,https://ballotpedia.org/Phil_Amato;https://en.wikipedia.org/wiki/Phil_Amato;https://house.mo.gov/MemberDetails.aspx?district=113;https://house.mo.gov/MemberDetails.aspx?year=2023&code=R&district=113;https://justfacts.votesmart.org/candidate/biography/183291/phil-amato;https://www.linkedin.com/in/phil-amato-b48917137,,,,,,,,,,,
ocd-person/4d403f59-65f6-484f-9aeb-fe05380d4bcf,Philip Oehlerking,Republican,100,lower,Philip,Oehlerking,Male,philip.oehlerking@house.mo.gov,,1988-06-29,,https://house.mo.gov/MemberPhoto.aspx?id=2371,https://house.mo.gov/MemberDetails.aspx?district=100;https://house.mo.gov/MemberDetails.aspx?year=2023&code=R&district=100,https://ballotpedia.org/Philip_Oehlerking;https://en.wikipedia.org/wiki/Philip_Oehlerking;https://house.mo.gov/MemberDetails.aspx?district=100;https://house.mo.gov/MemberDetails.aspx?year=2023&code=R&district=100;https://justfacts.votesmart.org/candidate/biography/169814/philip-oehlerking;https://www.linkedin.com/in/philip-oehlerking-bb6423126,,,,,,,,,,,
ocd-person/41f72deb-7981-4053-bb15-7eb3580b9ade,Ray Reed,Democratic,83,lower,Ray,Reed,Male,ray.reed@house.mo.gov,,,,https://s3.amazonaws.com/ballotpedia-api4/files/thumbs/200/300/May162022836PM_104500298_ReedForMissouriHeadshot.jpeg,https://house.mo.gov/MemberDetails.aspx?district=083;https://house.mo.gov/MemberDetails.aspx?year=2025&code=R&district=083,https://ballotpedia.org/Raymond_Reed;https://en.wikipedia.org/wiki/Ray_Reed_(Missouri_politician);https://house.mo.gov/MemberDetails.aspx?&code=R&district=083;https://house.mo.gov/MemberDetails.aspx?district=083;https://house.mo.gov/MemberDetails.aspx?year=2025&code=R&district=083;https://justfacts.votesmart.org/candidate/biography/205848/ray-reed;https://www.linkedin.com/in/raymondreed1113,,,,,,,,,,,
ocd-person/e0d1f714-8603-40c6-8c3e-04934648caa4,Raychel Proudie,Democratic,73,lower,Raychel,Proudie,Female,raychel.proudie@house.mo.gov,,1983-05-26,,https://house.mo.gov/MemberPhoto.aspx?id=2099,https://house.mo.gov/MemberDetails.aspx?district=073;https://house.mo.gov/MemberDetails.aspx?year=2021&code=R&district=073;https://house.mo.gov/MemberDetails.aspx?year=2023&code=R&district=073;https://www.house.mo.gov/MemberDetails.aspx?district=73,https://ballotpedia.org/Raychel_Proudie;https://en.wikipedia.org/wiki/Raychel_Proudie;https://house.mo.gov/MemberDetails.aspx?district=073;https://house.mo.gov/MemberDetails.aspx?year=2021&code=R&district=073;https://house.mo.gov/MemberDetails.aspx?year=2023&code=R&district=073;https://house.mo.gov/MemberGridCluster.aspx;https://justfacts.votesmart.org/candidate/biography/183254/raychel-proudie;https://www.house.mo.gov/MemberDetails.aspx?district=73,,,,,,,,,,,
ocd-person/64a3bd7d-7dc8-4ce6-bd30-6101b2b7926e,Renee Reuter,Republican,112,lower,Renee,Reuter,Female,renee.reuter@house.mo.gov,,,,https://house.mo.gov/MemberPhoto.aspx?id=2396,https://house.mo.gov/MemberDetails.aspx?district=112;https://house.mo.gov/MemberDetails.aspx?year=2023&code=R&district=112,https://ballotpedia.org/Renee_Reuter;https://en.wikipedia.org/wiki/Renee_Reuter;https://house.mo.gov/MemberDetails.aspx?district=112;https://house.mo.gov/memberdetails.aspx?district=112;https://house.mo.gov/MemberDetails.aspx?year=2023&code=R&district=112;https://justfacts.votesmart.org/candidate/biography/132669/renee-reuter;https://www.linkedin.com/in/reneemreuter;https://www.reneereuter.info,,,,,,,,,,,
ocd-person/4209f53e-18f3-4c9e-8183-caa385c319ec,Richard West,Republican,102,lower,Richard,West,Male,richard.west@house.mo.gov,,1967-03-07,,https://house.mo.gov/MemberPhoto.aspx?id=2245,https://house.mo.gov/MemberDetails.aspx?district=102;https://house.mo.gov/MemberDetails.aspx?year=2021&code=R&district=063;https://house.mo.gov/MemberDetails.aspx?year=2023&code=R&district=102,https://ballotpedia.org/Richard_West_(Missouri);https://en.wikipedia.org/wiki/Richard_West_(Missouri_politician);https://house.mo.gov/MemberDetails.aspx?district=102;https://house.mo.gov/MemberDetails.aspx?year=2021&code=R&district=063;https://house.mo.gov/MemberDetails.aspx?year=2023&code=R&district=102;https://www.linkedin.com/in/richard-west-5b66956b,,,,,,,,,,,
ocd-person/e4811e7a-7df7-4275-917d-8bdcc2778fb1,Rick Brattin,Republican,31,upper,Rick,Brattin,Male,rick.brattin@senate.mo.gov,,1980-07-22,,,https://www.house.mo.gov/MemberDetails.aspx?district=55;https://www.senate.mo.gov/mem31;https://www.senate.mo.gov/Senators/Member/31;https://www.senate.mo.gov/Senators/Member?id=5,https://ballotpedia.org/Rick_Brattin;https://en.wikipedia.org/wiki/Rick_Brattin;https://house.mo.gov/MemberGridCluster.aspx;https://justfacts.votesmart.org/candidate/biography/124815/rick-brattin-jr;https://www.house.mo.gov/MemberDetails.aspx?district=55;https://www.senate.mo.gov/mem31;https://www.senate.mo.gov/senators-listing;https://www.senate.mo.gov/senators-listing/;https://www.senate.mo.gov/Senators/Member/31;https://www.senate.mo.gov/Senators/Member?id=5,,,,,,,,,,,
ocd-person/bd63f6e7-ed53-4a4c-98b6-925588710b0b,Rodger Reedy,Republican,57,lower,Rodger,Reedy,Male,rodger.reedy@house.mo.gov,,1961-08-15,,https://house.mo.gov/MemberPhoto.aspx?id=2096,https://house.mo.gov/MemberDetails.aspx?district=057;https://house.mo.gov/MemberDetails.aspx?year=2021&code=R&district=057;https://house.mo.gov/MemberDetails.aspx?year=2023&code=R&district=057;https://www.house.mo.gov/MemberDetails.aspx?district=57,https://ballotpedia.org/Rodger_Reedy;https://en.wikipedia.org/wiki/Rodger_Reedy;https://house.mo.gov/MemberDetails.aspx?district=057;https://house.mo.gov/MemberDetails.aspx?district=057&;https://house.mo.gov/MemberDetails.aspx?year=2021&code=R&district=057;https://house.mo.gov/MemberDetails.aspx?year=2023&code=R&district=057;https://house.mo.gov/MemberGridCluster.aspx;https://justfacts.votesmart.org/candidate/183228/rodger-reedy;https://www.house.mo.gov/MemberDetails.aspx?district=57,,,,,,,,,,,
ocd-person/7a66b805-a3a7-4440-b404-a562c1e00059,Ron Fowler,Republican,31,lower,Ron,Fowler,Male,william.fowler@house.mo.gov,,,,,https://house.mo.gov/MemberDetails.aspx?&district=031,https://ballotpedia.org/Ron_Fowler_(Missouri);https://house.mo.gov/MemberDetails.aspx?&district=031;https://www.linkedin.com/in/ron-fowler-7aa78167,,,,,,,,,,,
ocd-person/fe941ee4-f34a-4685-873c-29adbb732b2c,Rudy Veit,Republican,59,lower,Rudy,Veit,Male,rudy.veit@house.mo.gov,,1953-08-16,,https://house.mo.gov/MemberPhoto.aspx?id=2078,https://house.mo.gov/MemberDetails.aspx?district=059;https://house.mo.gov/MemberDetails.aspx?year=2021&code=R&district=059;https://house.mo.gov/MemberDetails.aspx?year=2023&code=R&district=059;https://www.house.mo.gov/MemberDetails.aspx?district=59,https://ballotpedia.org/Rudy_Veit;https://en.wikipedia.org/wiki/Rudy_Veit;https://house.mo.gov/MemberDetails.aspx?district=059;https://house.mo.gov/MemberDetails.aspx?year=2021&code=R&district=059;https://house.mo.gov/MemberDetails.aspx?year=2023&code=R&district=059;https://house.mo.gov/MemberGridCluster.aspx;https://justfacts.votesmart.org/candidate/biography/183231/rudolph-veit;https://www.house.mo.gov/MemberDetails.aspx?district=59,,,,,,,,,,,
ocd-person/bb98b6a0-ba5f-45f8-ad14-b798515fa8a0,Rusty Black,Republican,12,upper,Rusty,Black,Male,rusty.black@senate.mo.gov,,,,,https://www.senate.mo.gov/Senators/Member/12;https://www.senate.mo.gov/Senators/Member?id=270,https://ballotpedia.org/Rusty_Black;https://en.wikipedia.org/wiki/Rusty_Black;https://justfacts.votesmart.org/candidate/169725/rusty-black;https://www.linkedin.com/in/rusty-black-40458953;https://www.senate.mo.gov/Senators/Member/12;https://www.senate.mo.gov/Senators/Member?id=270,,,,,,,,,,,
ocd-person/4f194218-3d95-4f08-8963-7e3440fdb671,Sandy Crawford,Republican,28,upper,Sandy,Crawford,Female,sandy.crawford@senate.mo.gov,,1957-10-01,,https://www.senate.mo.gov/19web/wp-content/uploads/2019/09/Crawford2019-200x300.jpg,https://www.senate.mo.gov/mem28;https://www.senate.mo.gov/Senators/Member/28;https://www.senate.mo.gov/Senators/Member?id=9,https://ballotpedia.org/Sandy_Crawford;https://en.wikipedia.org/wiki/Sandy_Crawford;https://justfacts.votesmart.org/candidate/biography/124820/sandy-crawford;https://www.linkedin.com/in/sandy-crawford-7b913346;https://www.senate.mo.gov/mem28;https://www.senate.mo.gov/senators-listing;https://www.senate.mo.gov/senators-listing/;https://www.senate.mo.gov/Senators/Member/28;https://www.senate.mo.gov/Senators/Member?id=9,,,,,,,,,,,
ocd-person/515b97f2-7c88-40e5-b127-04146435e50e,Scott Cupps,Republican,158,lower,Scott,Cupps,Male,scott.cupps@house.mo.gov,,,,https://house.mo.gov/MemberPhoto.aspx?id=2172,https://house.mo.gov/MemberDetails.aspx?district=158;https://house.mo.gov/MemberDetails.aspx?year=2021&code=R&district=158;https://house.mo.gov/MemberDetails.aspx?year=2023&code=R&district=158;https://www.house.mo.gov/MemberDetails.aspx?district=158,https://ballotpedia.org/Scott_Cupps;https://en.wikipedia.org/wiki/Scott_Cupps;https://house.mo.gov/MemberDetails.aspx?district=158;https://house.mo.gov/MemberDetails.aspx?year=2021&code=R&district=158;https://house.mo.gov/MemberDetails.aspx?year=2023&code=R&district=158;https://house.mo.gov/MemberGridCluster.aspx;https://justfacts.votesmart.org/candidate/biography/186491/scott-cupps;https://www.house.mo.gov/MemberDetails.aspx?district=158;https://www.linkedin.com/in/scott-cupps-80ab1333,,,,,,,,,,,
ocd-person/3e251c9a-ef4d-436d-9c10-9aa447b3fcbd,Scott Miller,Republican,69,lower,Scott,Miller,Male,scott.miller@house.mo.gov,,,,https://s3.amazonaws.com/ballotpedia-api4/files/thumbs/200/300/Scott_Miller_20240924_022629.png,https://house.mo.gov/MemberDetails.aspx?district=069;https://house.mo.gov/MemberDetails.aspx?year=2025&code=R&district=069,https://ballotpedia.org/Scott_Miller_(Missouri);https://house.mo.gov/MemberDetails.aspx?district=069;https://house.mo.gov/MemberDetails.aspx?year=2025&code=R&district=069;https://www.linkedin.com/in/scottm2009,,,,,,,,,,,
ocd-person/e1a53185-3c84-4f82-87f0-09bd607cf2e7,Sean Pouche,Republican,13,lower,Sean,Pouche,Male,sean.pouche@house.mo.gov,,,,https://house.mo.gov/MemberPhoto.aspx?id=2209,https://house.mo.gov/MemberDetails.aspx?district=013;https://house.mo.gov/MemberDetails.aspx?year=2021&code=R&district=013;https://house.mo.gov/MemberDetails.aspx?year=2023&code=R&district=013,https://ballotpedia.org/Sean_Pouche;https://en.wikipedia.org/wiki/Sean_Pouche;https://house.mo.gov/MemberDetails.aspx?district=013;https://house.mo.gov/MemberDetails.aspx?year=2021&code=R&district=013;https://house.mo.gov/MemberDetails.aspx?year=2023&code=R&district=013;https://justfacts.votesmart.org/candidate/biography/169729/sean-pouche;https://www.linkedin.com/in/sean-scobee-pouche-93a251b7,,,,,,,,,,,
ocd-person/272db469-eb67-4752-8307-c46a95eaace0,Sherri Gallick,Republican,62,lower,Sherri,Gallick,Female,sherri.gallick@house.mo.gov,,,,https://house.mo.gov/MemberPhoto.aspx?id=2359,https://house.mo.gov/MemberDetails.aspx?district=062;https://house.mo.gov/MemberDetails.aspx?year=2023&code=R&district=062,https://ballotpedia.org/Sherri_Gallick;https://en.wikipedia.org/wiki/Sherri_Gallick;https://house.mo.gov/MemberDetails.aspx?district=062;https://house.mo.gov/MemberDetails.aspx?year=2023&code=R&district=062;https://justfacts.votesmart.org/candidate/biography/205733/sherri-gallick;https://www.linkedin.com/in/sherri-gallick-mba-b410014,,,,,,,,,,,
ocd-person/129ff7c8-e210-47d5-a30c-777571984925,Stephanie Boykin,Democratic,70,lower,Stephanie,Boykin,Female,stephanie.boykin@house.mo.gov,,,,https://s3.amazonaws.com/ballotpedia-api4/files/thumbs/200/300/Stephanie__Boykin__20240808_091242.jpg,https://house.mo.gov/MemberDetails.aspx?district=070,https://ballotpedia.org/Stephanie_Boykin;https://house.mo.gov/MemberDetails.aspx?district=070;https://www.linkedin.com/in/stephanie-boykin-26a11337,,,,,,,,,,,
ocd-person/9adf60fd-19a0-429c-ab41-5cbc8e6391fc,Stephanie Hein,Democratic,136,lower,Stephanie,Hein,Female,stephanie.hein@house.mo.gov,,,,https://house.mo.gov/MemberPhoto.aspx?id=2363,https://house.mo.gov/MemberDetails.aspx?district=136;https://house.mo.gov/MemberDetails.aspx?year=2023&code=R&district=136,https://ballotpedia.org/Stephanie_Hein;https://en.wikipedia.org/wiki/Stephanie_Hein;https://house.mo.gov/MemberDetails.aspx?district=136;https://house.mo.gov/MemberDetails.aspx?year=2023&code=R&district=136;https://www.linkedin.com/in/stephanie-hein-3277a96,,,,,,,,,,,
ocd-person/63dea1c8-8916-4ca8-8821-223a7fef95a9,Stephen Webber,Democratic,19,upper,Stephen,Webber,Male,stephen.webber@senate.mo.gov,,1983-06-08,,https://storage.googleapis.com/enview-dev-public-general/legislative-people-photos/5569.jpg,https://senate.mo.gov/Senators/Member/19;https://www.senate.mo.gov/Senators/Member?id=6373,https://ballotpedia.org/Stephen_Webber_(Missouri);https://en.wikipedia.org/wiki/Stephen_Webber;https://senate.mo.gov/Senators/Member/19;https://www.senate.mo.gov/Senators/Member?id=6373,,,,,,,,,,,
ocd-person/6ad9db86-5e30-4693-be71-41bacad5b843,Steve Butz,Democratic,81,lower,Steve,Butz,Male,steve.butz@house.mo.gov,,1959-02-28,,https://house.mo.gov/MemberPhoto.aspx?id=2061,https://house.mo.gov/MemberDetails.aspx?district=081;https://house.mo.gov/MemberDetails.aspx?year=2021&code=R&district=081;https://house.mo.gov/MemberDetails.aspx?year=2023&code=R&district=081;https://www.house.mo.gov/MemberDetails.aspx?district=81,https://ballotpedia.org/Steve_Butz;https://en.wikipedia.org/wiki/Steve_Butz;https://house.mo.gov/MemberDetails.aspx?district=081;https://house.mo.gov/MemberDetails.aspx?year=2021&code=R&district=081;https://house.mo.gov/MemberDetails.aspx?year=2023&code=R&district=081;https://house.mo.gov/MemberGridCluster.aspx;https://www.house.mo.gov/MemberDetails.aspx?district=81;https://www.linkedin.com/in/steve-butz-4672827,,,,,,,,,,,
ocd-person/7ff101ee-474f-410d-9644-88bb17ae7519,Steve Jordan,Republican,151,lower,Steve,Jordan,Male,steve.jordan@house.mo.gov,,,,https://public-assets-prod.pubgen.ai/brand_a7b06a8b-02b9-4920-9426-9b9be1d4e410/asset_912fbf35-14cf-4899-857f-bfa1a8508a2d.jpg?w=1240,https://house.mo.gov/MemberDetails.aspx?&district=151,https://ballotpedia.org/Steven_Jordan;https://en.wikipedia.org/wiki/Steve_Jordan_(politician);https://house.mo.gov/MemberDetails.aspx?&district=151;https://house.mo.gov/MemberDetails.aspx?district=151;https://justfacts.votesmart.org/candidate/biography/113300/steve-jordan,,,,,,,,,,,
ocd-person/20ad6a34-2965-4068-b819-49c5e0d27831,Steve Roberts,Democratic,5,upper,Steve,Roberts,Male,steven.roberts@senate.mo.gov,,,,https://www.senate.mo.gov/21web/wp-content/uploads/2020/12/Roberts-2021-200x300.jpg,https://www.senate.mo.gov/mem05;https://www.senate.mo.gov/Senators/Member/05;https://www.senate.mo.gov/Senators/Member?id=26,https://ballotpedia.org/Steve_Roberts_(Missouri_state_legislator);https://en.wikipedia.org/wiki/Steve_Roberts_(Missouri_politician);https://www.linkedin.com/in/steven-roberts-6031b396;https://www.senate.mo.gov/mem05;https://www.senate.mo.gov/senators-listing;https://www.senate.mo.gov/senators-listing/;https://www.senate.mo.gov/Senators/Member/05;https://www.senate.mo.gov/Senators/Member?id=26,,,,,,,,,,,
ocd-person/ae8a2d25-fbb2-4254-976a-f9dcf0c92c6f,Tara Peters,Republican,122,lower,Tara,Peters,Female,tara.peters@house.mo.gov,,,,https://house.mo.gov/MemberPhoto.aspx?id=2394,https://house.mo.gov/MemberDetails.aspx?district=122;https://house.mo.gov/MemberDetails.aspx?year=2023&code=R&district=122,https://ballotpedia.org/Tara_Peters;https://en.wikipedia.org/wiki/Tara_Peters;https://house.mo.gov/MemberDetails.aspx?district=122;https://house.mo.gov/MemberDetails.aspx?year=2023&code=R&district=122;https://justfacts.votesmart.org/candidate/biography/205791/tara-peters,,,,,,,,,,,
ocd-person/ea5a5b0f-1c94-4c8d-a39f-e76357ebb2bf,Terri Violet,Republican,104,lower,Terri,Violet,Female,terri.violet@house.mo.gov,,,,https://s3.amazonaws.com/ballotpedia-api4/files/thumbs/200/300/Terri_Violet_20240810_031254.png,https://house.mo.gov/MemberDetails.aspx?district=104;https://house.mo.gov/MemberDetails.aspx?year=2025&code=R&district=104,https://ballotpedia.org/Terri_Violet;https://house.mo.gov/MemberDetails.aspx?district=104;https://house.mo.gov/MemberDetails.aspx?year=2025&code=R&district=104;https://justfacts.votesmart.org/candidate/biography/217718/terri-violet;https://www.linkedin.com/in/terri-violet-2609b418,,,,,,,,,,,
ocd-person/da48983a-852b-4d3b-b635-285f37d8d012,Terry Thompson,Republican,53,lower,Terry,Thompson,Male,terry.thompson@house.mo.gov,,,,https://house.mo.gov/MemberPhoto.aspx?id=2219,https://house.mo.gov/MemberDetails.aspx?district=053;https://house.mo.gov/MemberDetails.aspx?year=2021&code=R&district=053;https://house.mo.gov/MemberDetails.aspx?year=2023&code=R&district=053,https://ballotpedia.org/Terry_Thompson;https://en.wikipedia.org/wiki/Terry_Thompson_(politician);https://house.mo.gov/MemberDetails.aspx?district=053;https://house.mo.gov/MemberDetails.aspx?district=053&;https://house.mo.gov/MemberDetails.aspx?year=2021&code=R&district=053;https://house.mo.gov/MemberDetails.aspx?year=2023&code=R&district=053;https://justfacts.votesmart.org/candidate/biography/193323/terry-thompson;https://www.linkedin.com/in/terry-thompson-388a56190,,,,,,,,,,,
ocd-person/53e00142-c4a0-41e7-bef7-fedb8de2bcdc,Tiffany Price,Democratic,26,lower,Tiffany,Price,Female,tiffany.price@house.mo.gov,,,,,https://house.mo.gov/MemberDetails.aspx?&district=026,https://ballotpedia.org/Tiffany_Price;https://house.mo.gov/MemberDetails.aspx?&district=026;https://www.linkedin.com/in/tiffprice,,,,,,,,,,,
ocd-person/14c919a7-4443-4bc7-8221-34a59cc3bfef,Tim Taylor,Republican,48,lower,Tim,Taylor,Male,tim.taylor@house.mo.gov,,,,https://house.mo.gov/MemberPhoto.aspx?id=2217,https://house.mo.gov/MemberDetails.aspx?district=048;https://house.mo.gov/MemberDetails.aspx?year=2021&code=R&district=048;https://house.mo.gov/MemberDetails.aspx?year=2023&code=R&district=048,https://ballotpedia.org/Tim_Taylor_(Missouri);https://en.wikipedia.org/wiki/Tim_Taylor_(politician);https://house.mo.gov/MemberDetails.aspx?district=048;https://house.mo.gov/MemberDetails.aspx?year=2021&code=R&district=048;https://house.mo.gov/MemberDetails.aspx?year=2023&code=R&district=048;https://justfacts.votesmart.org/candidate/biography/193319/tim-taylor;https://www.linkedin.com/in/timothy-taylor-4aba9773,,,,,,,,,,,
ocd-person/b3e74d72-fdba-4c02-b75c-1ba8cc5b44b2,Tony Harbison,Republican,144,lower,Tony,Harbison,Male,tony.harbison@house.mo.gov,,,,,https://house.mo.gov/MemberDetails.aspx?&district=144,https://ballotpedia.org/Tony_Harbison;https://house.mo.gov/MemberDetails.aspx?&district=144,,,,,,,,,,,
ocd-person/98b8120c-7a9c-4415-9e7b-8bfcdc8fa8a5,Tony Luetkemeyer,Republican,34,upper,Tony,Luetkemeyer,Male,tony.luetkemeyer@senate.mo.gov,,1983-09-21,,https://www.senate.mo.gov/20web/wp-content/uploads/2020/01/010720-002-200x300.jpg,https://www.senate.mo.gov/mem34;https://www.senate.mo.gov/Senators/Member/34;https://www.senate.mo.gov/Senators/Member?id=17,https://ballotpedia.org/Tony_Luetkemeyer;https://en.wikipedia.org/wiki/Tony_Luetkemeyer;https://justfacts.votesmart.org/candidate/biography/183139/tony-luetkemeyer;https://www.linkedin.com/in/tony-luetkemeyer-99218628;https://www.senate.mo.gov/mem34;https://www.senate.mo.gov/senators-listing;https://www.senate.mo.gov/senators-listing/;https://www.senate.mo.gov/Senators/Member/34;https://www.senate.mo.gov/Senators/Member?id=17,,,,,,,,,,,
ocd-person/b45073a9-ed4d-4d2c-89cd-edf310e7d373,Tonya Rush,Democratic,67,lower,Tonya,Rush,Female,latondra.rush@house.mo.gov,,,,https://assets.civicengine.com/uploads/candidate/headshot/824926/824926.jpg,https://house.mo.gov/MemberDetails.aspx?&district=067,https://ballotpedia.org/Tonya_Rush;https://en.wikipedia.org/wiki/Tonya_Rush;https://house.mo.gov/MemberDetails.aspx?&district=067;https://house.mo.gov/MemberDetails.aspx?district=067;https://justfacts.votesmart.org/candidate/biography/219314/tonya-rush;https://www.linkedin.com/in/tonya-rush-27570475,,,,,,,,,,,
ocd-person/802c155f-8979-418f-b13b-b75de93caf31,Tracy McCreery,Democratic,24,upper,Tracy,McCreery,Female,tracy.mccreery@senate.mo.gov,,1966-12-26,,,https://www.senate.mo.gov/Senators/Member/24;https://www.senate.mo.gov/Senators/Member?id=277,https://ballotpedia.org/Tracy_McCreery;https://en.wikipedia.org/wiki/Tracy_McCreery;https://justfacts.votesmart.org/candidate/biography/134862/tracy-mccreery;https://www.linkedin.com/in/tracy-mccreery-23251912;https://www.senate.mo.gov/Senators/Member/24;https://www.senate.mo.gov/Senators/Member?id=277,,,,,,,,,,,
ocd-person/0889a1d5-7416-4391-b235-6c7772dc5ce2,Travis Fitzwater,Republican,10,upper,Travis,Fitzwater,Male,travis.fitzwater@senate.mo.gov,,1981-05-22,,https://house.mo.gov/MemberPhoto.aspx?id=1804,https://www.senate.mo.gov/Senators/Member/10;https://www.senate.mo.gov/Senators/Member?id=269,https://ballotpedia.org/Travis_Fitzwater;https://en.wikipedia.org/wiki/Travis_Fitzwater;https://www.linkedin.com/in/travisfitzwater;https://www.senate.mo.gov/Senators/Member/10;https://www.senate.mo.gov/Senators/Member?id=269,,,,,,,,,,,
ocd-person/350514c2-7875-44c4-8ef3-20da25540793,Travis Wilson,Republican,106,lower,Travis,Wilson,Male,travis.wilson@house.mo.gov,,,,https://house.mo.gov/MemberPhoto.aspx?id=2373,https://house.mo.gov/MemberDetails.aspx?district=106;https://house.mo.gov/MemberDetails.aspx?year=2023&code=R&district=106,https://ballotpedia.org/Travis_Wilson;https://en.wikipedia.org/wiki/Travis_Wilson_(politician);https://house.mo.gov/MemberDetails.aspx?district=106;https://house.mo.gov/MemberDetails.aspx?year=2023&code=R&district=106;https://justfacts.votesmart.org/candidate/biography/205769/travis-wilson;https://www.linkedin.com/in/travis-wilson-670a3a80,,,,,,,,,,,
ocd-person/4f9135f0-db97-4860-af00-182d0026feae,Tricia Byrnes,Republican,63,lower,Tricia,Byrnes,Female,tricia.byrnes@house.mo.gov,,,,https://house.mo.gov/MemberPhoto.aspx?id=2382,https://house.mo.gov/MemberDetails.aspx?district=063;https://house.mo.gov/MemberDetails.aspx?year=2023&code=R&district=063,https://ballotpedia.org/Tricia_Byrnes;https://en.wikipedia.org/wiki/Tricia_Byrnes_(politician);https://house.mo.gov/MemberDetails.aspx?&district=063&code=;https://house.mo.gov/MemberDetails.aspx?district=063;https://house.mo.gov/MemberDetails.aspx?year=2023&code=R&district=063;https://justfacts.votesmart.org/candidate/biography/205735/tricia-byrnes;https://www.linkedin.com/in/triciabyrnes,,,,,,,,,,,
ocd-person/b6ab609a-1abc-40ee-9ac1-889ccb08a9f0,Wendy Hausman,Republican,65,lower,Wendy,Hausman,Female,wendy.hausman@house.mo.gov,,,,https://house.mo.gov/MemberPhoto.aspx?id=2360,https://house.mo.gov/MemberDetails.aspx?district=065;https://house.mo.gov/MemberDetails.aspx?year=2023&code=R&district=065;https://www.wendyhausman.com/contact-3,https://ballotpedia.org/Wendy_Hausman;https://en.wikipedia.org/wiki/Wendy_Hausman;https://house.mo.gov/MemberDetails.aspx?district=065;https://house.mo.gov/MemberDetails.aspx?district=065&;https://house.mo.gov/MemberDetails.aspx?year=2023&code=R&district=065;https://justfacts.votesmart.org/candidate/biography/205739/wendy-hausman;https://www.linkedin.com/in/wendy-hausman-59875a2a;https://www.wendyhausman.com/contact-3,,,,,,,,,,,
ocd-person/39bcc093-37e9-469a-866d-5b6f10c52381,Wick Thomas,Democratic,19,lower,Wick,Thomas,X,wick.thomas@house.mo.gov,,,,https://s3.amazonaws.com/ballotpedia-api4/files/thumbs/200/300/wthomas2.jpg,https://house.mo.gov/MemberDetails.aspx?district=019;https://house.mo.gov/MemberDetails.aspx?year=2025&code=R&district=019,https://ballotpedia.org/Wick_Thomas;https://house.mo.gov/MemberDetails.aspx?district=019;https://house.mo.gov/MemberDetails.aspx?year=2025&code=R&district=019;https://www.linkedin.com/in/wick-thomas-9a4312129,,,,,,,,,,,
ocd-person/9c6a9708-529e-422f-82b7-e92385a32688,Will Jobe,Democratic,21,lower,Will,Jobe,Male,will.jobe@house.mo.gov,,,,https://s3.amazonaws.com/ballotpedia-api4/files/thumbs/200/300/JoeStreno2024.jpg,https://house.mo.gov/MemberDetails.aspx?district=021,https://ballotpedia.org/Will_Jobe;https://en.wikipedia.org/wiki/Will_Jobe;https://house.mo.gov/MemberDetails.aspx?district=021;https://www.linkedin.com/in/william-jobe-ab909488,,,,,,,,,,,
ocd-person/05c84580-b849-4320-9aa4-e34d8b977aca,Willard Haley,Republican,58,lower,Willard,Haley,Male,willard.haley@house.mo.gov,,,,https://house.mo.gov/MemberPhoto.aspx?id=2221,https://house.mo.gov/MemberDetails.aspx?district=058;https://house.mo.gov/MemberDetails.aspx?year=2021&code=R&district=058;https://house.mo.gov/MemberDetails.aspx?year=2023&code=R&district=058,https://ballotpedia.org/Willard_Haley;https://en.wikipedia.org/wiki/Willard_Haley;https://house.mo.gov/MemberDetails.aspx?&district=058;https://house.mo.gov/MemberDetails.aspx?district=058;https://house.mo.gov/MemberDetails.aspx?year=2021&code=R&district=058;https://house.mo.gov/MemberDetails.aspx?year=2023&code=R&district=058;https://justfacts.votesmart.org/candidate/biography/193330/willard-haley;https://www.linkedin.com/in/willard-haley-a0465227,,,,,,,,,,,
ocd-person/e2fb607f-9af9-4d80-b473-8ed33e3d942d,Yolanda Young,Democratic,22,lower,Yolanda,Young,Female,yolanda.young@house.mo.gov,,,,https://house.mo.gov/MemberPhoto.aspx?id=2168,https://house.mo.gov/MemberDetails.aspx?district=022;https://house.mo.gov/MemberDetails.aspx?year=2021&code=R&district=022;https://house.mo.gov/MemberDetails.aspx?year=2023&code=R&district=022;https://www.house.mo.gov/MemberDetails.aspx?district=22,https://ballotpedia.org/Yolanda_Young;https://en.wikipedia.org/wiki/Yolanda_Young_(politician);https://house.mo.gov/MemberDetails.aspx?district=022;https://house.mo.gov/MemberDetails.aspx?year=2021&code=R&district=022;https://house.mo.gov/MemberDetails.aspx?year=2023&code=R&district=022;https://house.mo.gov/MemberGridCluster.aspx;https://www.house.mo.gov/MemberDetails.aspx?district=22;https://www.linkedin.com/in/yolanda-young-mo22rep,,,,,,,,,,,
ocd-person/6f65a218-7bef-4fa3-b86c-907ed92296d8,Yolonda Fountain-Henderson,Democratic,85,lower,Yolonda,Fountain-Henderson,Female,yolonda.fountainhend@house.mo.gov,,,,https://house.mo.gov/MemberPhoto.aspx?id=2385,https://house.mo.gov/MemberDetails.aspx?district=085;https://house.mo.gov/MemberDetails.aspx?year=2023&code=R&district=085,https://ballotpedia.org/Yolonda_Fountain_Henderson;https://house.mo.gov/MemberDetails.aspx?district=085;https://house.mo.gov/MemberDetails.aspx?year=2023&code=R&district=085;https://www.linkedin.com/in/yolonda-henderson-3abb2115,,,,,,,,,,,
