id,name,current_party,current_district,current_chamber,given_name,family_name,gender,email,biography,birth_date,death_date,image,links,sources,capitol_address,capitol_voice,capitol_fax,district_address,district_voice,district_fax,twitter,youtube,instagram,facebook,wikidata
ocd-person/837ec59b-a7db-41dc-9e9f-a7a83b462213,Reece Pyrtle,Republican,65,lower,Reece,Pyrtle,Male,reece.pyrtle@ncleg.gov,,,,https://www.ncleg.gov/Members/MemberImage/H/787/Low,https://www.ncleg.gov/Members/Biography/H/787;https://www.ncleg.gov/Members/Committees/H/787;https://www.ncleg.gov/Members/IntroducedBills/H/787;https://www.ncleg.gov/Members/Votes/H/787,"https://ballotpedia.org/A._Reece_Pyrtle,_Jr.;https://en.wikipedia.org/wiki/Reece_Pyrtle;https://justfacts.votesmart.org/candidate/198983/reece-pyrtle-jr;https://www.linkedin.com/in/reece-pyrtle-b6902514;https://www.ncleg.gov/Members/Biography/H/787;https://www.ncleg.gov/Members/MemberTable/H",,,,,,,,,,,
ocd-person/559521af-e5f9-43c3-a75e-de9b242d364f,Abe Jones,Democratic,38,lower,Abe,Jones,Male,abe.jones@ncleg.gov,,1952-03-07,,https://www.ncleg.gov/Members/MemberImage/H/780/Low,https://www.ncleg.gov/Members/Biography/H/780;https://www.ncleg.gov/Members/Committees/H/780;https://www.ncleg.gov/Members/IntroducedBills/H/780;https://www.ncleg.gov/Members/Votes/H/780,https://ballotpedia.org/Abraham_P._Jones_(North_Carolina);https://en.wikipedia.org/wiki/Abe_Jones_(politician);https://www.linkedin.com/in/abe-jones-429364101;https://www.linkedin.com/in/abe-jones-50525543;https://www.ncleg.gov/Members/Biography/H/780;https://www.ncleg.gov/Members/MemberTable/H,,,,,,,repabejones,,,,
ocd-person/9f9d7fb9-9981-412d-b3e2-45c7f67d189a,Aisha Dew,Democratic,107,lower,Aisha,Dew,Female,aisha.dew@ncleg.gov,,,,"https://static.wixstatic.com/media/382708_03a01c002bae45c2a4dd4b665892e242~mv2.png/v1/fill/w_369,h_369,al_c,q_85,usm_0.66_1.00_0.01,enc_auto/aisha%20dew%20updated%20headshot.png",https://www.ncleg.gov/Members/Biography/H/836,https://ballotpedia.org/Aisha_Dew;https://www.ncleg.gov/Members/Biography/H/836,,,,,,,,,,,
ocd-person/6ca8b8ee-96ed-4b21-94cf-d67e49f9c1c8,Alan Branson,Republican,59,lower,Alan,Branson,Male,alan.branson@ncleg.gov,,1951-12-06,,https://s3.amazonaws.com/ballotpedia-api4/files/thumbs/200/300/alan_branson.jpg,https://www.ncleg.gov/Members/Biography/H/821,https://ballotpedia.org/Alan_Branson;https://en.wikipedia.org/wiki/Alan_Branson;https://www.linkedin.com/in/jerry-branson-19a17a85;https://www.ncleg.gov/Members/Biography/H/821,,,,,,,,,,,
ocd-person/95a533af-7933-4992-aea6-dfdc626b7ca6,Allen Buansi,Democratic,56,lower,Allen,Buansi,Male,allen.buansi@ncleg.gov,,,,https://www.ncleg.gov/Members/MemberImage/H/790/Low,https://www.ncleg.gov/Members/Biography/H/790;https://www.ncleg.gov/Members/Committees/H/790;https://www.ncleg.gov/Members/IntroducedBills/H/790;https://www.ncleg.gov/Members/Votes/H/790,https://ballotpedia.org/Allen_Buansi;https://en.wikipedia.org/wiki/Allen_Buansi;https://www.linkedin.com/in/allen-buansi-57426b10;https://www.ncleg.gov/Members/Biography/H/790;https://www.ncleg.gov/Members/MemberTable/H,,,,,,,,,,,
ocd-person/fc3772c1-d98a-4325-a6c8-96b9da492ed6,Allen Chesser,Republican,25,lower,Allen,Chesser,Male,allen.chesser@ncleg.gov,,,,https://www.ncleg.gov/Members/MemberImage/H/799/Low,https://www.ncleg.gov/Members/Biography/H/799;https://www.ncleg.gov/Members/Committees/H/799;https://www.ncleg.gov/Members/IntroducedBills/H/799;https://www.ncleg.gov/Members/Votes/H/799,https://allenchesser.com/about-1;https://ballotpedia.org/Allen_Chesser_II;https://en.wikipedia.org/wiki/Allen_Chesser;https://justfacts.votesmart.org/candidate/biography/178273/allen-chesser-ii;https://www.linkedin.com/in/allen-chesser-3224b7a8;https://www.ncleg.gov/Members/Biography/H/799;https://www.ncleg.gov/Members/MemberTable/H,,,,,,,,,,,
ocd-person/785927b3-34ca-4a2d-bc1c-df4cc8e16c47,Allison Dahle,Democratic,11,lower,Allison,Dahle,Female,allison.dahle@ncleg.gov,,1964-03-25,,https://www.ncleg.gov/Members/MemberImage/H/740/Low,https://www.ncleg.gov/Members/Biography/H/740;https://www.ncleg.gov/Members/Committees/H/740;https://www.ncleg.gov/Members/IntroducedBills/H/740;https://www.ncleg.gov/Members/Votes/H/740,https://ballotpedia.org/Allison_Dahle;https://en.wikipedia.org/wiki/Allison_Dahle;https://justfacts.votesmart.org/candidate/biography/178368/allison-dahle;https://www.linkedin.com/in/allison-dahle-a186154;https://www.ncleg.gov/Members/Biography/H/740;https://www.ncleg.gov/Members/MemberTable/H,,,,,,,,,,,
ocd-person/5f309927-de7a-4fd4-930b-a369dd10fec8,Amanda Cook,Democratic,60,lower,Amanda,Cook,Female,amanda.cook@ncleg.gov,,1982-11-02,,,https://www.ncleg.gov/Members/Biography/H/1002,https://ballotpedia.org/Amanda_Cook_(North_Carolina);https://en.wikipedia.org/wiki/Amanda_Cook_(politician);https://www.linkedin.com/in/amanda-cook-8159725;https://www.ncleg.gov/Members/Biography/H/1002,,,,,,,,,,,
ocd-person/628fc48c-a48b-4128-87f1-2391ab795e0a,Amber Baker,Democratic,72,lower,Amber,Baker,Female,amber.baker@ncleg.gov,,,,https://www.ncleg.gov/Members/MemberImage/H/782/Low,https://www.ncleg.gov/Members/Biography/H/782;https://www.ncleg.gov/Members/Committees/H/782;https://www.ncleg.gov/Members/IntroducedBills/H/782;https://www.ncleg.gov/Members/Votes/H/782,https://ballotpedia.org/Amber_Baker_(North_Carolina);https://en.wikipedia.org/wiki/Amber_Baker;https://www.linkedin.com/in/amber-baker-phd-406b9727;https://www.ncleg.gov/Members/Biography/H/782;https://www.ncleg.gov/Members/MemberTable/H,,,,,,,,,,,
ocd-person/46275779-8191-48be-8b0b-8373376fa23d,Amos Quick,Democratic,58,lower,Amos,Quick,Male,amos.quick@ncleg.gov,,1968-08-14,,https://www.ncleg.gov/Members/MemberImage/H/725/Low,https://www.ncleg.gov/Members/Biography/H/725;https://www.ncleg.gov/Members/Committees/H/725;https://www.ncleg.gov/Members/IntroducedBills/H/725;https://www.ncleg.gov/Members/Votes/H/725,https://ballotpedia.org/Amos_Quick;https://en.wikipedia.org/wiki/Amos_Quick;https://justfacts.votesmart.org/candidate/biography/166622/amos-quick-iii;https://www.linkedin.com/in/amos-quick-8505a81b;https://www.ncleg.gov/Members/Biography/H/725;https://www.ncleg.gov/Members/MemberTable/H,,,,,,,,,,,
ocd-person/8be9deca-bbd6-404f-8726-0aecaeb19ca7,Amy Galey,Republican,25,upper,Amy,Galey,Female,amy.galey@ncleg.gov,,,,https://www.ncleg.gov/Members/MemberImage/S/429/Low,https://www.ncleg.gov/Members/Biography/S/429;https://www.ncleg.gov/Members/Committees/S/429;https://www.ncleg.gov/Members/IntroducedBills/S/429;https://www.ncleg.gov/Members/Votes/S/429,https://ballotpedia.org/Amy_Galey;https://en.wikipedia.org/wiki/Amy_Galey;https://www.ncleg.gov/Members/Biography/S/429;https://www.ncleg.gov/Members/MemberTable/S,,,,,,,,,,,
ocd-person/5ca31513-814c-44b9-9206-aae55c05d056,Anna Ferguson,Republican,119,lower,Anna,Ferguson,Female,anna.ferguson@ncleg.gov,,,,,https://www.ncleg.gov/Members/Biography/H/1003,https://ballotpedia.org/Anna_Ferguson_(North_Carolina);https://www.linkedin.com/in/savannah-ferguson-856b0216;https://www.ncleg.gov/Members/Biography/H/1003,,,,,,,,,,,
ocd-person/064a56b9-d616-43a1-a3f2-ffd4938740d3,Ray Jeffers,Democratic,2,lower,Ray,Jeffers,Male,ray.jeffers@ncleg.gov,,,,https://www.ncleg.gov/Members/MemberImage/H/805/Low,https://www.ncleg.gov/Members/Biography/H/805;https://www.ncleg.gov/Members/Committees/H/805;https://www.ncleg.gov/Members/IntroducedBills/H/805;https://www.ncleg.gov/Members/Votes/H/805,https://ballotpedia.org/Ray_Jeffers;https://en.wikipedia.org/wiki/Ray_Jeffers;https://rayjeffers.com/about;https://www.linkedin.com/in/b-ray-jeffers-900a4549;https://www.ncleg.gov/Members/Biography/H/805;https://www.ncleg.gov/Members/MemberTable/H,,,,,,,,,,,
ocd-person/367ad234-14bc-4d86-95ee-ab1176890d6e,Becky Carney,Democratic,102,lower,Becky,Carney,Female,becky.carney@ncleg.gov,,1944-12-25,,https://www.ncleg.gov/Members/MemberImage/H/322/Low,https://www.ncleg.gov/Members/Biography/H/322;https://www.ncleg.gov/Members/Committees/H/322;https://www.ncleg.gov/Members/IntroducedBills/H/322;https://www.ncleg.gov/Members/Votes/H/322,https://ballotpedia.org/Becky_Carney;https://en.wikipedia.org/wiki/Becky_Carney;https://justfacts.votesmart.org/candidate/biography/41340/becky-carney;https://www.ncleg.gov/Members/Biography/H/322;https://www.ncleg.gov/Members/MemberTable/H,,,,,,,,,,,
ocd-person/fdc7d25a-085c-4100-b5f4-a8ae51979292,Ben Moss,Republican,52,lower,Ben,Moss,Male,ben.moss@ncleg.gov,,,,https://www.ncleg.gov/Members/MemberImage/H/784/Low,https://www.ncleg.gov/Members/Biography/H/784;https://www.ncleg.gov/Members/Committees/H/784;https://www.ncleg.gov/Members/IntroducedBills/H/784;https://www.ncleg.gov/Members/Votes/H/784,https://ballotpedia.org/Ben_Moss;https://en.wikipedia.org/wiki/Ben_Moss;https://justfacts.votesmart.org/candidate/biography/133884/ben-moss-jr;https://www.ncleg.gov/Members/Biography/H/784;https://www.ncleg.gov/Members/MemberTable/H,,,,,,,,,,,
ocd-person/0c960acb-381f-4ce9-b9d3-313fd882b6e1,Benton Sawrey,Republican,10,upper,Benton,Sawrey,Male,benton.sawrey@ncleg.gov,,,,https://www.ncleg.gov/Members/MemberImage/S/445/Low,https://www.ncleg.gov/Members/Biography/S/445;https://www.ncleg.gov/Members/Committees/S/445;https://www.ncleg.gov/Members/IntroducedBills/S/445;https://www.ncleg.gov/Members/Votes/S/445,https://ballotpedia.org/Benton_Sawrey;https://en.wikipedia.org/wiki/Benton_Sawrey;https://justfacts.votesmart.org/candidate/biography/166586/benton-sawrey;https://narronwenzel.com/benton-g-sawrey;https://ncstatesenate.com/members/benton-sawrey;https://www.linkedin.com/in/benton-sawrey-3083768;https://www.ncleg.gov/Members/Biography/S/445;https://www.ncleg.gov/Members/MemberTable/S,,,,,,,,,,,
ocd-person/cf469ccf-d24e-4ccd-a2fb-041806933b93,Beth Gardner Helfrich,Democratic,98,lower,Beth,Gardner Helfrich,Female,beth.helfrich@ncleg.gov,,1981-01-21,,https://s3.amazonaws.com/ballotpedia-api4/files/thumbs/200/300/Beth_Gardner_Helfrich.jpeg,https://www.ncleg.gov/Members/Biography/H/832,https://ballotpedia.org/Beth_Gardner_Helfrich;https://justfacts.votesmart.org/candidate/biography/213886/beth-helfrich;https://www.linkedin.com/in/bethhelfrich;https://www.ncleg.gov/Members/Biography/H/832,,,,,,,,,,,
ocd-person/ac7e8e60-b5cb-41c2-92f9-1bdf9204f79a,Bill Rabon,Republican,8,upper,Bill,Rabon,Male,bill.rabon@ncleg.gov,,1951-07-06,,https://www.ncleg.gov/Members/MemberImage/S/303/Low,https://www.ncleg.gov/Members/Biography/S/303;https://www.ncleg.gov/Members/Committees/S/303;https://www.ncleg.gov/Members/IntroducedBills/S/303;https://www.ncleg.gov/Members/Votes/S/303,https://ballotpedia.org/William_Rabon;https://en.wikipedia.org/wiki/Bill_Rabon;https://justfacts.votesmart.org/candidate/campaign-finance/117772/bill-rabon;https://www.linkedin.com/in/william-rabon-b4ab7827;https://www.ncleg.gov/Members/Biography/S/303;https://www.ncleg.gov/Members/MemberTable/S,,,,,,,,,,,
ocd-person/f1d726fb-535d-456b-9712-b689afcb7763,Bill Ward,Republican,5,lower,Bill,Ward,Male,bill.ward@ncleg.gov,,,,https://www.ncleg.gov/Members/MemberImage/H/816/Low,https://www.ncleg.gov/Members/Biography/H/816;https://www.ncleg.gov/Members/Committees/H/816;https://www.ncleg.gov/Members/IntroducedBills/H/816;https://www.ncleg.gov/Members/Votes/H/816,https://ballotpedia.org/Bill_Ward_(North_Carolina);https://en.wikipedia.org/wiki/Bill_Ward_(North_Carolina_politician);https://www.ncleg.gov/Members/Biography/H/816;https://www.ncleg.gov/Members/MemberTable/H,,,,,,,,,,,
ocd-person/b558be80-96b1-4df6-8714-fcba387f8abc,Blair Eddins,Republican,94,lower,Blair,Eddins,Male,blair.eddins@ncleg.gov,,,,https://storage.googleapis.com/enview-public-general/legislative-people-photos/151642.jpg,https://www.ncleg.gov/Members/Biography/H/825,https://ballotpedia.org/Blair_Eddins;https://www.ncleg.gov/Members/Biography/H/825,,,,,,,,,,,
ocd-person/0104c116-78b6-4a91-af98-464fdbf12904,Bob Brinson,Republican,3,upper,Bob,Brinson,Male,bob.brinson@ncleg.gov,,,,https://s3.amazonaws.com/ballotpedia-api4/files/thumbs/200/300/Bob_Brinson.jpg,https://www.ncleg.gov/Members/Biography/S/448,https://ballotpedia.org/Bob_Brinson;https://en.wikipedia.org/wiki/Bob_Brinson;https://www.linkedin.com/in/robert-brinson;https://www.ncleg.gov/Members/Biography/S/448,,,,,,,,,,,
ocd-person/8911db0d-01aa-4e61-a0f5-727d07a5d232,Bobby Hanig,Republican,1,upper,Bobby,Hanig,Male,bobby.hanig@ncleg.gov,,,,https://www.ncleg.gov/Members/MemberImage/S/435/Low,https://www.ncleg.gov/Members/Biography/S/435;https://www.ncleg.gov/Members/Committees/S/435;https://www.ncleg.gov/Members/IntroducedBills/S/435;https://www.ncleg.gov/Members/Votes/S/435,https://ballotpedia.org/Robert_Hanig;https://en.wikipedia.org/wiki/Bobby_Hanig;https://justfacts.votesmart.org/candidate/biography/178365/bobby-hanig;https://www.linkedin.com/in/bobby-hanig-aa725943;https://www.ncleg.gov/Members/Biography/S/435;https://www.ncleg.gov/Members/MemberTable/S,,,,,,,,,,,
ocd-person/dfacde1f-3324-4ebe-bc96-ae473548e951,Brad Overcash,Republican,43,upper,Brad,Overcash,Male,brad.overcash@ncleg.gov,,,,https://www.ncleg.gov/Members/MemberImage/S/444/Low,https://www.ncleg.gov/Members/Biography/S/444;https://www.ncleg.gov/Members/Committees/S/444;https://www.ncleg.gov/Members/IntroducedBills/S/444;https://www.ncleg.gov/Members/Votes/S/444,https://ballotpedia.org/Brad_Overcash;https://en.wikipedia.org/wiki/Brad_Overcash;https://www.linkedin.com/in/bradovercash;https://www.ncleg.gov/Members/Biography/S/444;https://www.ncleg.gov/Members/MemberTable/S,,,,,,,,,,,
ocd-person/4142addf-2eb1-4557-b3d3-bcea559cbbd3,Brandon Lofton,Democratic,104,lower,Brandon,Lofton,Male,brandon.lofton@ncleg.gov,,1978-11-05,,https://www.ncleg.gov/Members/MemberImage/H/751/Low,https://www.ncleg.gov/Members/Biography/H/751;https://www.ncleg.gov/Members/Committees/H/751;https://www.ncleg.gov/Members/IntroducedBills/H/751;https://www.ncleg.gov/Members/Votes/H/751,https://ballotpedia.org/Brandon_Lofton;https://en.wikipedia.org/wiki/Brandon_Lofton;https://justfacts.votesmart.org/candidate/biography/183474/brandon-lofton;https://www.linkedin.com/in/brandon-lofton-b5b48165;https://www.ncleg.gov/Members/Biography/H/751;https://www.ncleg.gov/Members/MemberTable/H,,,,,,,,,,,
ocd-person/1e419504-9efe-4b1f-b1e0-6e8d7d8c74a9,Brenden Jones,Republican,46,lower,Brenden,Jones,Male,brenden.jones@ncleg.gov,,,,https://www.ncleg.gov/Members/MemberImage/H/723/Low,https://www.ncleg.gov/Members/Biography/H/723;https://www.ncleg.gov/Members/Committees/H/723;https://www.ncleg.gov/Members/IntroducedBills/H/723;https://www.ncleg.gov/Members/Votes/H/723,https://ballotpedia.org/Brenden_Jones;https://en.wikipedia.org/wiki/Brenden_Jones;https://justfacts.votesmart.org/candidate/biography/150367/brenden-jones;https://www.linkedin.com/in/brenden-jones-9a493441;https://www.ncleg.gov/Members/Biography/H/723;https://www.ncleg.gov/Members/MemberTable/H,,,,,,,,,,,
ocd-person/23f1da0b-34b2-4347-adb4-f5fc26e0475d,Brent Jackson,Republican,9,upper,Brent,Jackson,Male,brent.jackson@ncleg.gov,,1957-11-08,,https://www.ncleg.gov/Members/MemberImage/S/281/Low,https://www.ncleg.gov/Members/Biography/S/281;https://www.ncleg.gov/Members/Committees/S/281;https://www.ncleg.gov/Members/IntroducedBills/S/281;https://www.ncleg.gov/Members/Votes/S/281,https://ballotpedia.org/Brent_Jackson_(North_Carolina_State_Senator);https://en.wikipedia.org/wiki/W._Brent_Jackson;https://justfacts.votesmart.org/candidate/biography/117775/brent-jackson;https://www.linkedin.com/in/brent-jackson-a393b684;https://www.ncleg.gov/Members/Biography/S/281;https://www.ncleg.gov/Members/MemberTable/S,,,,,,,,,,,
ocd-person/c476ab83-c1f7-44a7-b7c9-4cfa4679bed8,Brian Biggs,Republican,70,lower,Brian,Biggs,Male,brian.biggs@ncleg.gov,,,,https://www.ncleg.gov/Members/MemberImage/H/793/Low,https://www.ncleg.gov/Members/Biography/H/793;https://www.ncleg.gov/Members/Committees/H/793;https://www.ncleg.gov/Members/IntroducedBills/H/793;https://www.ncleg.gov/Members/Votes/H/793,https://ballotpedia.org/Brian_Biggs;https://en.wikipedia.org/wiki/Brian_Biggs_(politician);https://www.linkedin.com/in/brian-biggs-5062614a;https://www.ncleg.gov/Members/Biography/H/793;https://www.ncleg.gov/Members/MemberTable/H,,,,,,,,,,,
ocd-person/19c32795-3313-4f2f-a1d2-b79ff1dd81fb,Brian Echevarria,Republican,82,lower,Brian,Echevarria,Male,brian.echevarria@ncleg.gov,,,,https://s3.amazonaws.com/ballotpedia-api4/files/thumbs/200/300/Brian_Echiveria_.jpg,https://www.ncleg.gov/Members/Biography/H/828,https://ballotpedia.org/Brian_Echevarria;https://www.ncleg.gov/Members/Biography/H/828,,,,,,,,,,,
ocd-person/0229944f-1584-4c3c-9a7b-5c97b6785a6f,Brian Turner,Democratic,116,lower,Brian,Turner,Male,brian.turner@ncleg.gov,,,,https://www.ncleg.gov/Members/MemberImage/H/696/Low,https://www.ncleg.gov/Members/Biography/H/696;https://www.ncleg.gov/Members/Committees/H/696;https://www.ncleg.gov/Members/IntroducedBills/H/696;https://www.ncleg.gov/Members/Votes/H/696,https://ballotpedia.org/Brian_Turner_(North_Carolina);https://en.wikipedia.org/wiki/Brian_Turner_(politician);https://www.linkedin.com/in/brian-turner-7746418;https://www.ncleg.gov/Members/Biography/H/696;https://www.ncleg.gov/Members/MemberTable/H,,,,,,,,,,,
ocd-person/e596d2ce-a208-475c-a9c1-15e25ccb3404,Bryan Cohn,Democratic,32,lower,Bryan,Cohn,Male,bryan.cohn@ncleg.gov,,,,https://s3.amazonaws.com/ballotpedia-api4/files/thumbs/200/300/Bryan__Cohn__20240808_093541.jpg,https://www.ncleg.gov/Members/Biography/H/827,https://ballotpedia.org/Bryan_Cohn;https://www.linkedin.com/in/rep-bryan-cohn-633342b7;https://www.ncleg.gov/Members/Biography/H/827,,,,,,,,,,,
ocd-person/a2013778-1144-4936-a0fa-895ad190649f,Caleb Theodros,Democratic,41,upper,Caleb,Theodros,Male,caleb.theodros@ncleg.gov,,,,https://encrypted-tbn1.gstatic.com/images?q=tbn:ANd9GcST0VSf38rEGBD-siclt6NuNe1QJ5F0bSq2yeTZaPl6B5jN6UixO_XTlOxWxObcJM0wmNgic4MjyZBFddFBYaj7sg,https://www.ncleg.gov/Members/Biography/S/451,https://ballotpedia.org/Caleb_Theodros;https://justfacts.votesmart.org/candidate/biography/213778/caleb-theodros;https://www.linkedin.com/in/caleb-theodros-b067b65b;https://www.ncleg.gov/Members/Biography/S/451,,,,,,,,,,,
ocd-person/91615553-5509-4625-ab20-7a81896438e0,Carl Ford,Republican,33,upper,Carl,Ford,Male,carl.ford@ncleg.gov,,1957-07-11,,https://www.ncleg.gov/Members/MemberImage/S/410/Low,https://www.ncleg.gov/Members/Biography/S/410;https://www.ncleg.gov/Members/Committees/S/410;https://www.ncleg.gov/Members/IntroducedBills/S/410;https://www.ncleg.gov/Members/Votes/S/410,https://ballotpedia.org/Carl_Ford_(North_Carolina);https://en.wikipedia.org/wiki/Carl_Ford_(politician);https://justfacts.votesmart.org/candidate/biography/114823/carl-ford;https://www.linkedin.com/in/carl-ford-97957a78;https://www.ncleg.gov/Members/Biography/S/410;https://www.ncleg.gov/Members/MemberTable/S,,,,,,,,,,,
ocd-person/f1ba290a-c2a5-453a-884c-6d03a2c8e83a,Carla Cunningham,Independent,106,lower,Carla,Cunningham,Female,carla.cunningham@ncleg.gov,,1962-01-12,,https://www.ncleg.gov/Members/MemberImage/H/642/Low,https://www.ncleg.gov/Members/Biography/H/642;https://www.ncleg.gov/Members/Committees/H/642;https://www.ncleg.gov/Members/IntroducedBills/H/642;https://www.ncleg.gov/Members/Votes/H/642,https://ballotpedia.org/Carla_Cunningham;https://en.wikipedia.org/wiki/Carla_Cunningham;https://www.linkedin.com/in/carla-cunningham-3b374a9;https://www.ncleg.gov/Members/Biography/H/642;https://www.ncleg.gov/Members/MemberTable/H,,,,,,,,,,,
ocd-person/80495071-4aea-43ff-9548-09860c77cc90,Carolyn Logan,Democratic,101,lower,Carolyn,Logan,Female,carolyn.logan@ncleg.gov,,1957-07-05,,https://www.ncleg.gov/Members/MemberImage/H/750/Low,https://www.ncleg.gov/Members/Biography/H/750;https://www.ncleg.gov/Members/Committees/H/750;https://www.ncleg.gov/Members/IntroducedBills/H/750;https://www.ncleg.gov/Members/Votes/H/750,https://ballotpedia.org/Carolyn_Logan;https://en.wikipedia.org/wiki/Carolyn_Logan;https://justfacts.votesmart.org/candidate/biography/178419/carolyn-logan;https://www.linkedin.com/in/carolyn-logan-312a6768;https://www.ncleg.gov/Members/Biography/H/750;https://www.ncleg.gov/Members/MemberTable/H,,,,,,,,,,,
ocd-person/6f78b8a8-f77c-4aef-bfa4-b3dac3312e33,Carson Smith,Republican,16,lower,Carson,Smith,Male,carson.smith@ncleg.gov,,,,https://www.ncleg.gov/Members/MemberImage/H/755/Low,https://www.ncleg.gov/Members/Biography/H/755;https://www.ncleg.gov/Members/Committees/H/755;https://www.ncleg.gov/Members/IntroducedBills/H/755;https://www.ncleg.gov/Members/Votes/H/755,https://ballotpedia.org/Carson_Smith_Jr.;https://en.wikipedia.org/wiki/Carson_Smith_(politician);https://justfacts.votesmart.org/candidate/biography/183362/carson-smith-jr;https://www.ncleg.gov/Members/Biography/H/755;https://www.ncleg.gov/Members/MemberTable/H,,,,,,,,,,,
ocd-person/51b17197-aa93-4c8f-821d-81a32b41e2ae,Celeste Cairns,Republican,13,lower,Celeste,Cairns,Female,celeste.cairns@ncleg.gov,,,,https://www.ncleg.gov/Members/MemberImage/H/797/Low,https://www.ncleg.gov/Members/Biography/H/797;https://www.ncleg.gov/Members/Committees/H/797;https://www.ncleg.gov/Members/IntroducedBills/H/797;https://www.ncleg.gov/Members/Votes/H/797,https://ballotpedia.org/Celeste_Cairns;https://en.wikipedia.org/wiki/Celeste_Cairns;https://justfacts.votesmart.org/candidate/biography/186252/celeste-cairns;https://www.ncleg.gov/Members/Biography/H/797;https://www.ncleg.gov/Members/MemberTable/H,,,,,,,,,,,
ocd-person/2736ade6-4cc1-4833-ab0d-cf1953227726,Charles Smith,Democratic,44,lower,Charles,Smith,Male,charles.smith@ncleg.gov,,,,https://www.ncleg.gov/Members/MemberImage/H/813/Low,https://www.ncleg.gov/Members/Biography/H/813;https://www.ncleg.gov/Members/Committees/H/813;https://www.ncleg.gov/Members/IntroducedBills/H/813;https://www.ncleg.gov/Members/Votes/H/813,https://ballotpedia.org/Charles_Smith_(North_Carolina_House_of_Representatives_candidate);https://charlessmithfornc.com/meet-charles;https://en.wikipedia.org/wiki/Charles_Smith_(North_Carolina_politician);https://www.linkedin.com/in/charles-smith-a69312247;https://www.ncleg.gov/Members/Biography/H/813;https://www.ncleg.gov/Members/MemberTable/H,,,,,,,,,,,
ocd-person/311f0605-29d2-4608-a964-323768582198,Charlie Miller,Republican,19,lower,Charlie,Miller,Male,charles.miller@ncleg.gov,,,,https://www.ncleg.gov/Members/MemberImage/H/778/Low,https://www.ncleg.gov/Members/Biography/H/778;https://www.ncleg.gov/Members/Committees/H/778;https://www.ncleg.gov/Members/IntroducedBills/H/778;https://www.ncleg.gov/Members/Votes/H/778,https://ballotpedia.org/Charles_Miller_(North_Carolina);https://en.wikipedia.org/wiki/Charlie_Miller_(North_Carolina_politician);https://www.linkedin.com/in/charlie-miller-0a96211b;https://www.ncleg.gov/Members/Biography/H/778;https://www.ncleg.gov/Members/MemberTable/H,,,,,,,,,,,
ocd-person/fdf6de7b-aad3-403b-96c3-a6a007b11ccd,Chris Humphrey,Republican,12,lower,Chris,Humphrey,Male,chris.humphrey@ncleg.gov,,,,https://www.ncleg.gov/Members/MemberImage/H/747/Low,https://www.ncleg.gov/Members/Biography/H/747;https://www.ncleg.gov/Members/Committees/H/747;https://www.ncleg.gov/Members/IntroducedBills/H/747;https://www.ncleg.gov/Members/Votes/H/747,https://ballotpedia.org/Chris_Humphrey;https://en.wikipedia.org/wiki/Chris_Humphrey_(politician);https://justfacts.votesmart.org/candidate/biography/92439/chris-humphrey;https://www.linkedin.com/in/chrishumphrey1;https://www.ncleg.gov/Members/Biography/H/747;https://www.ncleg.gov/Members/MemberTable/H,,,,,,,,,,,
ocd-person/9dfc9308-ec16-4da8-b5c7-8a9cc55df534,Chris Measmer,Republican,34,upper,Chris,Measmer,Male,chris.measmer@ncleg.gov,,,,,https://www.ncleg.gov/Members/Biography/S/455,"https://ballotpedia.org/Chris_Measmer;https://ballotpedia.org/Chris_Measmer_(Cabarrus_County_Board_of_Commissioners,_North_Carolina,_candidate_2022);https://en.wikipedia.org/wiki/Chris_Measmer;https://www.ncleg.gov/Members/Biography/S/455",,,,,,,,,,,
ocd-person/702adc2f-f401-4ab4-ac8e-8fcf1a14376b,Cody Huneycutt,Republican,67,lower,Cody,Huneycutt,Male,cody.huneycutt@ncleg.gov,,,,https://assets.civicengine.com/uploads/candidate/headshot/797923/797923.jpg,https://www.ncleg.gov/Members/Biography/H/833,https://ballotpedia.org/Cody_Huneycutt;https://www.linkedin.com/in/cody-huneycutt-538495a9;https://www.ncleg.gov/Members/Biography/H/833,,,,,,,,,,,
ocd-person/a5d3d142-3601-429e-954c-fdb98b0e628a,Cynthia Ball,Democratic,49,lower,Cynthia,Ball,Female,cynthia.ball@ncleg.gov,,,,https://www.ncleg.gov/Members/MemberImage/H/711/Low,https://www.ncleg.gov/Members/Biography/H/711;https://www.ncleg.gov/Members/Committees/H/711;https://www.ncleg.gov/Members/IntroducedBills/H/711;https://www.ncleg.gov/Members/Votes/H/711,https://ballotpedia.org/Cynthia_Ball;https://en.wikipedia.org/wiki/Cynthia_Ball;https://justfacts.votesmart.org/candidate/biography/166620/cynthia-ball;https://www.linkedin.com/in/cynthiaball;https://www.ncleg.gov/Members/Biography/H/711;https://www.ncleg.gov/Members/MemberTable/H,,,,,,,,,,,
ocd-person/06dca4de-5217-45fc-b78a-fc7870ae7faf,Dan Blue,Democratic,14,upper,Dan,Blue,Male,dan.blue@ncleg.gov,,1949-04-18,,https://www.ncleg.gov/Members/MemberImage/S/268/Low,https://www.ncleg.gov/Members/Biography/S/268;https://www.ncleg.gov/Members/Committees/S/268;https://www.ncleg.gov/Members/IntroducedBills/S/268;https://www.ncleg.gov/Members/Votes/S/268,https://ballotpedia.org/Dan_Blue_Jr.;https://en.wikipedia.org/wiki/Dan_Blue;https://justfacts.votesmart.org/candidate/biography/5945/dan-blue-jr;https://www.linkedin.com/in/dan-blue-8ba97724;https://www.ncleg.gov/Members/Biography/S/268;https://www.ncleg.gov/Members/MemberTable/S,,,,,,,,,,,
ocd-person/443b38b0-1881-443c-ba43-70ffb1d7a9ea,Dan Kiger,Republican,90,lower,Dan,Kiger,Male,dan.kiger@ncleg.gov,,,,,https://www.ncleg.gov/Members/Biography/H/1004,https://ballotpedia.org/Dan_Kiger;https://www.linkedin.com/in/dan-kiger-79398a2a;https://www.ncleg.gov/Members/Biography/H/1004,,,,,,,,,,,
ocd-person/93fbb331-6fe5-427f-802d-09881d4913d3,Dana Jones,Republican,31,upper,Dana,Jones,Female,dana.jones@ncleg.gov,,,,https://storage.googleapis.com/enview-dev-public-general/legislative-people-photos/162671.jpg,https://www.ncleg.gov/Members/Biography/S/449,https://ballotpedia.org/Dana_Caudill_Jones;https://www.linkedin.com/in/dana-caudill-jones-ba876b29;https://www.ncleg.gov/Members/Biography/S/449,,,,,,,,,,,
ocd-person/91f238a6-29fd-4b65-bc48-1464da11786b,Danny Britt,Republican,24,upper,Danny,Britt,Male,danny.britt@ncleg.gov,,1979-07-06,,https://www.ncleg.gov/Members/MemberImage/S/399/Low,https://www.ncleg.gov/Members/Biography/S/399;https://www.ncleg.gov/Members/Committees/S/399;https://www.ncleg.gov/Members/IntroducedBills/S/399;https://www.ncleg.gov/Members/Votes/S/399,https://ballotpedia.org/Danny_Earl_Britt;https://en.wikipedia.org/wiki/Danny_Britt;https://justfacts.votesmart.org/candidate/biography/166587/danny-britt-jr;https://www.linkedin.com/in/danny-britt-jr-02a23047;https://www.ncleg.gov/Members/Biography/S/399;https://www.ncleg.gov/Members/MemberTable/S,,,,,,,,,,,
ocd-person/d0cbde92-5f2b-4177-822a-f100613a9b30,Dante Pittman,Democratic,24,lower,Dante,Pittman,Male,dante.pittman@ncleg.gov,,,,https://s3.amazonaws.com/ballotpedia-api4/files/thumbs/200/300/DantePittman2024.JPG,https://www.ncleg.gov/Members/Biography/H/839,https://ballotpedia.org/Dante_Pittman;https://www.linkedin.com/in/dante-pittman-827487114;https://www.ncleg.gov/Members/Biography/H/839,,,,,,,,,,,
ocd-person/7074c9f6-6a8e-4c63-b0b3-ae43b9cfba0d,Dave Craven,Republican,29,upper,Dave,Craven,Male,david.craven@ncleg.gov,,,,https://www.ncleg.gov/Members/MemberImage/S/423/Low,https://www.ncleg.gov/Members/Biography/S/423;https://www.ncleg.gov/Members/Committees/S/423;https://www.ncleg.gov/Members/IntroducedBills/S/423;https://www.ncleg.gov/Members/Votes/S/423,https://en.wikipedia.org/wiki/Dave_Craven;https://www.linkedin.com/in/dave-craven-b6b088a4;https://www.ncleg.gov/Members/Biography/S/423;https://www.ncleg.gov/Members/MemberTable/S,,,,,,,,,,,
ocd-person/6b06a564-763d-421d-bc9b-4779f4dbc1a4,David Willis,Republican,68,lower,David,Willis,Male,david.willis@ncleg.gov,,,,https://www.ncleg.gov/Members/MemberImage/H/779/Low,https://www.ncleg.gov/Members/Biography/H/779;https://www.ncleg.gov/Members/Committees/H/779;https://www.ncleg.gov/Members/IntroducedBills/H/779;https://www.ncleg.gov/Members/Votes/H/779,https://ballotpedia.org/David_Willis;https://en.wikipedia.org/wiki/David_Willis_(politician);https://www.linkedin.com/in/david-willis-06b932129;https://www.ncleg.gov/Members/Biography/H/779;https://www.ncleg.gov/Members/MemberTable/H,,,,,,,,,,,
ocd-person/1c0d5d12-7bc0-4296-a148-423e4faa7dae,DeAndrea Salvador,Democratic,39,upper,DeAndrea,Salvador,Female,deandrea.salvador@ncleg.gov,,,,https://www.ncleg.gov/Members/MemberImage/S/431/Low,https://www.ncleg.gov/Members/Biography/S/431;https://www.ncleg.gov/Members/Committees/S/431;https://www.ncleg.gov/Members/IntroducedBills/S/431;https://www.ncleg.gov/Members/Votes/S/431,https://ballotpedia.org/DeAndrea_Salvador;https://en.wikipedia.org/wiki/DeAndrea_Salvador;https://www.deandrea.io;https://www.linkedin.com/in/deandreas;https://www.ncleg.gov/Members/Biography/S/431;https://www.ncleg.gov/Members/MemberTable/S,,,,,,,,,,,
ocd-person/ffdbb3fa-0445-460a-9501-18b5028fbe50,Dean Arp,Republican,69,lower,Dean,Arp,Male,dean.arp@ncleg.gov,,1966-07-07,,https://www.ncleg.gov/Members/MemberImage/H/640/Low,https://www.ncleg.gov/Members/Biography/H/640;https://www.ncleg.gov/Members/Committees/H/640;https://www.ncleg.gov/Members/IntroducedBills/H/640;https://www.ncleg.gov/Members/Votes/H/640,https://ballotpedia.org/Dean_Arp;https://en.wikipedia.org/wiki/Dean_Arp;https://justfacts.votesmart.org/candidate/136300/dean-arp-jr;https://www.linkedin.com/in/dean-arp-p-e-s-e-3a36171a5;https://www.ncleg.gov/Members/Biography/H/640;https://www.ncleg.gov/Members/MemberTable/H,,,,,,,,,,,
ocd-person/cab978f1-1c91-41e4-9f2e-69af3c89bbf8,Deb Butler,Democratic,18,lower,Deb,Butler,Female,deb.butler@ncleg.gov,,,,https://www.ncleg.gov/Members/MemberImage/H/730/Low,https://www.ncleg.gov/Members/Biography/H/730;https://www.ncleg.gov/Members/Committees/H/730;https://www.ncleg.gov/Members/IntroducedBills/H/730;https://www.ncleg.gov/Members/Votes/H/730,https://ballotpedia.org/Deb_Butler;https://en.wikipedia.org/wiki/Deb_Butler;https://justfacts.votesmart.org/candidate/biography/136591/deborah-butler;https://www.ncleg.gov/Members/Biography/H/730;https://www.ncleg.gov/Members/MemberTable/H,,,,,,,,,,,
ocd-person/fcff21e8-b2a0-4fe5-8fb9-1b1c084a26e1,Dennis Riddell,Republican,64,lower,Dennis,Riddell,Male,dennis.riddell@ncleg.gov,,1956-10-21,,https://www.ncleg.gov/Members/MemberImage/H/665/Low,https://www.ncleg.gov/Members/Biography/H/665;https://www.ncleg.gov/Members/Committees/H/665;https://www.ncleg.gov/Members/IntroducedBills/H/665;https://www.ncleg.gov/Members/Votes/H/665,https://ballotpedia.org/Dennis_Riddell;https://en.wikipedia.org/wiki/Dennis_Riddell;https://justfacts.votesmart.org/candidate/biography/136288/dennis-riddell;https://www.linkedin.com/in/dennis-riddell-71a7a416;https://www.ncleg.gov/Members/Biography/H/665;https://www.ncleg.gov/Members/MemberTable/H,,,,,,,,,,,
ocd-person/636555c9-b55c-47f8-9fcc-c9cb93b27f50,Destin Hall,Republican,87,lower,Destin,Hall,Male,destin.hall@ncleg.gov,,1987-07-17,,https://www.ncleg.gov/Members/MemberImage/H/719/Low,https://www.ncleg.gov/Members/Biography/H/719;https://www.ncleg.gov/Members/Committees/H/719;https://www.ncleg.gov/Members/IntroducedBills/H/719;https://www.ncleg.gov/Members/Votes/H/719,https://ballotpedia.org/Destin_Hall;https://en.wikipedia.org/wiki/Destin_Hall;https://justfacts.votesmart.org/candidate/biography/166631/destin-hall;https://www.linkedin.com/in/destinhall;https://www.ncleg.gov/Members/Biography/H/719;https://www.ncleg.gov/Members/MemberTable/H,,,,,,,,,,,
ocd-person/034ed56d-8058-4489-be3e-3d4b9977ac4b,Diane Wheatley,Republican,43,lower,Diane,Wheatley,Female,diane.wheatley@ncleg.gov,,1951-04-12,,https://www.ncleg.gov/Members/MemberImage/H/785/Low,https://www.ncleg.gov/Members/Biography/H/785;https://www.ncleg.gov/Members/Committees/H/785;https://www.ncleg.gov/Members/IntroducedBills/H/785;https://www.ncleg.gov/Members/Votes/H/785,https://ballotpedia.org/Diane_Wheatley;https://en.wikipedia.org/wiki/Diane_Wheatley;https://justfacts.votesmart.org/candidate/biography/92358/diane-wheatley;https://www.ncleg.gov/Members/Biography/H/785;https://www.ncleg.gov/Members/MemberTable/H,,,,,,,,,,,
ocd-person/7e1cb220-ff5e-4543-bc51-f44ba7ee0a2b,Donna White,Republican,26,lower,Donna,White,Female,donna.white@ncleg.gov,,1948-11-29,,https://www.ncleg.gov/Members/MemberImage/H/728/Low,https://www.ncleg.gov/Members/Biography/H/728;https://www.ncleg.gov/Members/Committees/H/728;https://www.ncleg.gov/Members/IntroducedBills/H/728;https://www.ncleg.gov/Members/Votes/H/728,https://ballotpedia.org/Donna_McDowell_White;https://en.wikipedia.org/wiki/Donna_McDowell_White;https://justfacts.votesmart.org/candidate/biography/166609/donna-white;https://www.ncleg.gov/Members/Biography/H/728;https://www.ncleg.gov/Members/MemberTable/H,,,,,,,,,,,
ocd-person/d7308aed-454d-4091-b32c-606f516e9421,Donnie Loftis,Republican,109,lower,Donnie,Loftis,Male,donnie.loftis@ncleg.gov,,1956-09-07,,https://www.ncleg.gov/Members/MemberImage/H/788/Low,https://www.ncleg.gov/Members/Biography/H/788;https://www.ncleg.gov/Members/Committees/H/788;https://www.ncleg.gov/Members/IntroducedBills/H/788;https://www.ncleg.gov/Members/Votes/H/788,https://ballotpedia.org/Donnie_Loftis;https://en.wikipedia.org/wiki/Donnie_Loftis;https://www.linkedin.com/in/donnie-l-b15b443a;https://www.linkedin.com/in/donnie-loftis-323089185;https://www.ncleg.gov/Members/Biography/H/788;https://www.ncleg.gov/Members/MemberTable/H,,,,,,,,,,,
ocd-person/dd2200c1-2bdb-4afc-a557-ebcbb5f1eee8,Donny Lambeth,Republican,75,lower,Donny,Lambeth,Male,donny.lambeth@ncleg.gov,,,,https://www.ncleg.gov/Members/MemberImage/H/646/Low,https://www.ncleg.gov/Members/Biography/H/646;https://www.ncleg.gov/Members/Committees/H/646;https://www.ncleg.gov/Members/IntroducedBills/H/646;https://www.ncleg.gov/Members/Votes/H/646,https://ballotpedia.org/Donny_C._Lambeth;https://en.wikipedia.org/wiki/Donny_Lambeth;https://justfacts.votesmart.org/candidate/biography/136318/donny-lambeth;https://www.ncleg.gov/Members/Biography/H/646;https://www.ncleg.gov/Members/MemberTable/H,,,,,,,,,,,
ocd-person/0573192d-0557-449a-9c3e-8462844a79ab,Dudley Greene,Republican,85,lower,Dudley,Greene,Male,dudley.greene@ncleg.gov,,,,https://www.ncleg.gov/Members/MemberImage/H/777/Low,https://www.ncleg.gov/Members/Biography/H/777;https://www.ncleg.gov/Members/Committees/H/777;https://www.ncleg.gov/Members/IntroducedBills/H/777;https://www.ncleg.gov/Members/Votes/H/777,https://ballotpedia.org/Dudley_Greene;https://en.wikipedia.org/wiki/Dudley_Greene;https://www.linkedin.com/in/dudley-greene-847384a2;https://www.ncleg.gov/Members/Biography/H/777;https://www.ncleg.gov/Members/MemberTable/H,,,,,,,,,,,
ocd-person/b560f232-dfa2-49f7-81c8-42000cc9027b,Buck Newton,Republican,4,upper,Buck,Newton,Male,buck.newton@ncleg.gov,,1968-07-05,,https://www.ncleg.gov/Members/MemberImage/S/443/Low,https://www.ncga.state.nc.us/gascripts/members/viewMember.pl?sChamber=Senate&nUserID=362;https://www.ncleg.gov/Members/Biography/S/443;https://www.ncleg.gov/Members/Committees/S/443;https://www.ncleg.gov/Members/IntroducedBills/S/443;https://www.ncleg.gov/Members/Votes/S/443,https://ballotpedia.org/Buck_Newton;https://en.wikipedia.org/wiki/Buck_Newton;https://www.linkedin.com/in/buck-newton-4042062a;https://www.ncga.state.nc.us/gascripts/members/viewMember.pl?sChamber=Senate&nUserID=362;https://www.ncleg.gov/Members/Biography/S/443;https://www.ncleg.gov/Members/MemberTable/S,,,,,,,,,,,
ocd-person/b4b6f0a7-baca-4062-947a-989cb9f98356,Eddie Settle,Republican,36,upper,Eddie,Settle,Male,eddie.settle@ncleg.gov,,,,https://www.ncleg.gov/Members/MemberImage/S/446/Low,https://www.ncleg.gov/Members/Biography/S/446;https://www.ncleg.gov/Members/Committees/S/446;https://www.ncleg.gov/Members/IntroducedBills/S/446;https://www.ncleg.gov/Members/Votes/S/446,https://ballotpedia.org/Eddie_Settle;https://en.wikipedia.org/wiki/Eddie_Settle;https://justfacts.votesmart.org/candidate/biography/163256/eddie-settle;https://www.linkedin.com/in/settle-eddie-b36b3aaa;https://www.ncleg.gov/Members/Biography/S/446;https://www.ncleg.gov/Members/MemberTable/S,,,,,,,,,,,
ocd-person/10d93679-f5f4-496f-8b7c-89f923038ac0,Ed Goodwin,Republican,1,lower,Ed,Goodwin,Male,edward.goodwin@ncleg.gov,,1952-09-04,,https://www.ncleg.gov/Members/MemberImage/H/744/Low,https://www.ncleg.gov/Members/Biography/H/744;https://www.ncleg.gov/Members/Committees/H/744;https://www.ncleg.gov/Members/IntroducedBills/H/744;https://www.ncleg.gov/Members/Votes/H/744,https://ballotpedia.org/Ed_Goodwin;https://en.wikipedia.org/wiki/Ed_Goodwin;https://justfacts.votesmart.org/candidate/biography/114665/ed-goodwin;https://www.ncleg.gov/Members/Biography/H/744;https://www.ncleg.gov/Members/MemberTable/H,,,,,,,,,,,
ocd-person/8c10abe1-4b81-404a-9164-9823e023cd2b,Eric Ager,Democratic,114,lower,Eric,Ager,Male,eric.ager@ncleg.gov,,,,https://www.ncleg.gov/Members/MemberImage/H/819/Low,https://www.ncleg.gov/Members/Biography/H/819;https://www.ncleg.gov/Members/Committees/H/819;https://www.ncleg.gov/Members/IntroducedBills/H/819;https://www.ncleg.gov/Members/Votes/H/819,https://ballotpedia.org/J._Eric_Ager;https://en.wikipedia.org/wiki/Eric_Ager;https://www.linkedin.com/in/eric-ager;https://www.ncleg.gov/Members/Biography/H/819;https://www.ncleg.gov/Members/MemberTable/H,,,,,,,,,,,
ocd-person/ea801bb0-b3bd-4dbc-9164-25e7f4e63f84,Erin Paré,Republican,37,lower,Erin,Paré,Female,erin.pare@ncleg.gov,,,,https://www.ncleg.gov/Members/MemberImage/H/770/Low,https://reperinpare.com/home;https://www.ncleg.gov/Members/Biography/H/770;https://www.ncleg.gov/Members/Committees/H/770;https://www.ncleg.gov/Members/IntroducedBills/H/770;https://www.ncleg.gov/Members/Votes/H/770,https://ballotpedia.org/Erin_Pare;https://en.wikipedia.org/wiki/Erin_Par%C3%A9;https://justfacts.votesmart.org/candidate/biography/189275/erin-pare;https://reperinpare.com/erin-par%C3%A9;https://reperinpare.com/home;https://www.ncleg.gov/Members/Biography/H/770;https://www.ncleg.gov/Members/MemberTable/H,,,,,,,,,,,
ocd-person/1a32e77b-9880-467c-88c8-6aeb738f6525,Frances Jackson,Democratic,45,lower,Frances,Jackson,Female,frances.jackson@ncleg.gov,,,,https://www.ncleg.gov/Members/MemberImage/H/803/Low,https://www.ncleg.gov/Members/Biography/H/803;https://www.ncleg.gov/Members/Committees/H/803;https://www.ncleg.gov/Members/IntroducedBills/H/803;https://www.ncleg.gov/Members/Votes/H/803,https://ballotpedia.org/Frances_Jackson_(North_Carolina);https://en.wikipedia.org/wiki/Frances_Jackson_(politician);https://www.linkedin.com/in/frances-jackson-phd-31484871;https://www.ncleg.gov/Members/Biography/H/803;https://www.ncleg.gov/Members/MemberTable/H,,,,,,,,,,,
ocd-person/f75593f8-b178-47f1-8e72-e403f04dfb5d,Frank Iler,Republican,17,lower,Frank,Iler,Male,frank.iler@ncleg.gov,,1942-01-10,,https://www.ncleg.gov/Members/MemberImage/H/598/Low,https://www.ncleg.gov/Members/Biography/H/598;https://www.ncleg.gov/Members/Committees/H/598;https://www.ncleg.gov/Members/IntroducedBills/H/598;https://www.ncleg.gov/Members/Votes/H/598,https://ballotpedia.org/Frank_Iler;https://en.wikipedia.org/wiki/Frank_Iler;https://www.ncleg.gov/Members/Biography/H/598;https://www.ncleg.gov/Members/MemberTable/H,,,,,,,,,,,
ocd-person/1ba9c7a6-3a28-47ec-9704-6f3437463845,Gale Adcock,Democratic,16,upper,Gale,Adcock,Female,gale.adcock@ncleg.gov,,1954-01-25,,https://www.ncleg.gov/Members/MemberImage/S/436/Low,https://www.ncleg.gov/Members/Biography/S/436;https://www.ncleg.gov/Members/Committees/S/436;https://www.ncleg.gov/Members/IntroducedBills/S/436;https://www.ncleg.gov/Members/Votes/S/436,https://ballotpedia.org/Gale_Adcock;https://en.wikipedia.org/wiki/Gale_Adcock;https://justfacts.votesmart.org/candidate/biography/73392/gale-adcock;https://www.linkedin.com/in/gale-adcock-8a306a7;https://www.ncleg.gov/Members/Biography/S/436;https://www.ncleg.gov/Members/MemberTable/S,,,,,,,,,,,
ocd-person/32edee21-40a5-491f-b28e-316ba7262360,Garland Pierce,Democratic,48,lower,Garland,Pierce,Male,garland.pierce@ncleg.gov,,1953-07-09,,https://www.ncleg.gov/Members/MemberImage/H/497/Low,https://www.ncleg.gov/Members/Biography/H/497;https://www.ncleg.gov/Members/Committees/H/497;https://www.ncleg.gov/Members/IntroducedBills/H/497;https://www.ncleg.gov/Members/Votes/H/497,https://ballotpedia.org/Garland_Pierce;https://en.wikipedia.org/wiki/Garland_E._Pierce;https://justfacts.votesmart.org/candidate/biography/40990/garland-pierce;https://www.ncleg.gov/Members/Biography/H/497;https://www.ncleg.gov/Members/MemberTable/H,,,,,,,,,,,
ocd-person/af3f63da-d39a-4542-b0f2-41f118d96f55,Gladys Robinson,Democratic,28,upper,Gladys,Robinson,Female,gladys.robinson@ncleg.gov,,1949-11-17,,https://www.ncleg.gov/Members/MemberImage/S/364/Low,https://www.ncleg.gov/Members/Biography/S/364;https://www.ncleg.gov/Members/Committees/S/364;https://www.ncleg.gov/Members/IntroducedBills/S/364;https://www.ncleg.gov/Members/Votes/S/364,https://ballotpedia.org/Gladys_Robinson;https://en.wikipedia.org/wiki/Gladys_A._Robinson;https://justfacts.votesmart.org/candidate/biography/119361/gladys-robinson;https://www.linkedin.com/in/gladys-robinson-5290921b;https://www.ncleg.gov/Members/Biography/S/364;https://www.ncleg.gov/Members/MemberTable/S,,,,,,,,,,,
ocd-person/d2ab7bb8-d0d6-4824-a42e-d180c2644f9e,Gloristine Brown,Democratic,8,lower,Gloristine,Brown,Female,gloristine.brown@ncleg.gov,,,,https://www.ncleg.gov/Members/MemberImage/H/794/Low,https://www.ncleg.gov/Members/Biography/H/794;https://www.ncleg.gov/Members/Committees/H/794;https://www.ncleg.gov/Members/IntroducedBills/H/794;https://www.ncleg.gov/Members/Votes/H/794,https://ballotpedia.org/Gloristine_Brown;https://en.wikipedia.org/wiki/Gloristine_Brown;https://www.linkedin.com/in/gloristine-brown-5187b144;https://www.ncleg.gov/Members/Biography/H/794;https://www.ncleg.gov/Members/MemberTable/H,,,,,,,,,,,
ocd-person/aca7632d-5a2a-470c-bb83-6cf374c68172,Grant Campbell,Republican,83,lower,Grant,Campbell,Male,grant.campbell@ncleg.gov,,1971-09-14,,https://s3.amazonaws.com/ballotpedia-api4/files/thumbs/200/300/campbellgrant.jpg,https://www.ncleg.gov/Members/Biography/H/830,https://ballotpedia.org/Grant_Campbell;https://www.linkedin.com/in/grant-campbell-b4221b9b;https://www.ncleg.gov/Members/Biography/H/830,,,,,,,,,,,
ocd-person/940d4a15-ee12-4a3b-a7b5-70b9dea38379,Harry Warren,Republican,76,lower,Harry,Warren,Male,harry.warren@ncleg.gov,,1950-05-31,,https://www.ncleg.gov/Members/MemberImage/H/630/Low,https://www.ncleg.gov/Members/Biography/H/630;https://www.ncleg.gov/Members/Committees/H/630;https://www.ncleg.gov/Members/IntroducedBills/H/630;https://www.ncleg.gov/Members/Votes/H/630,https://ballotpedia.org/Harry_Warren;https://en.wikipedia.org/wiki/Harry_J._Warren;https://justfacts.votesmart.org/candidate/biography/117839/harry-warren;https://www.linkedin.com/in/harry-warren-46942916;https://www.ncleg.gov/Members/Biography/H/630;https://www.ncleg.gov/Members/MemberTable/H,,,,,,,,,,,
ocd-person/e94fc39b-d33c-4d24-81c7-2cd2cc5aa997,Haseeb Fatmi,Democratic,18,upper,Haseeb,Fatmi,Male,haseeb.fatmi@ncleg.gov,,1988-01-25,,https://ogletree.com/app/uploads/people/haseeb-s-fatmi.jpg,https://www.ncleg.gov/Members/Biography/S/1002,"https://ballotpedia.org/Haseeb_Fatmi_(Wake_Forest_Town_Council,_North_Carolina,_candidate_2025);https://en.wikipedia.org/wiki/Haseeb_Fatmi;https://ogletree.com/people/haseeb-s-fatmi;https://www.linkedin.com/in/haseeb-fatmi;https://www.ncleg.gov/Members/Biography/S/1002",,,,,,,,,,,
ocd-person/d01232af-826f-441e-85c0-efaedd1ba422,Heather Rhyne,Republican,97,lower,Heather,Rhyne,Female,heather.rhyne@ncleg.gov,,,,https://storage.googleapis.com/enview-public-general/legislative-people-photos/148921.jpg,https://www.ncleg.gov/Members/Biography/H/823,https://ballotpedia.org/Heather_Rhyne;https://www.ncleg.gov/Members/Biography/H/823,,,,,,,,,,,
ocd-person/9b6a3a48-9827-421f-9925-4717340110ab,Howard Penny,Republican,53,lower,Howard,Penny,Male,howard.penny@ncleg.gov,,1947-08-05,,https://www.ncleg.gov/Members/MemberImage/H/768/Low,https://www.ncleg.gov/Members/Biography/H/768;https://www.ncleg.gov/Members/Committees/H/768;https://www.ncleg.gov/Members/IntroducedBills/H/768;https://www.ncleg.gov/Members/Votes/H/768,https://ballotpedia.org/Howard_Penny_Jr.;https://en.wikipedia.org/wiki/Howard_Penny_Jr.;https://www.linkedin.com/in/howard-penny-1b4727a9;https://www.linkedin.com/in/howard-penny-31575040;https://www.ncleg.gov/Members/Biography/H/768;https://www.ncleg.gov/Members/MemberTable/H,,,,,,,,,,,
ocd-person/f7ffa24f-4c1f-416f-bf1d-30d762d9c6c3,Hugh Blackwell,Republican,86,lower,Hugh,Blackwell,Male,hugh.blackwell@ncleg.gov,,1944-07-14,,https://www.ncleg.gov/Members/MemberImage/H/580/Low,https://www.ncleg.gov/Members/Biography/H/580;https://www.ncleg.gov/Members/Committees/H/580;https://www.ncleg.gov/Members/IntroducedBills/H/580;https://www.ncleg.gov/Members/Votes/H/580,https://ballotpedia.org/Hugh_Blackwell;https://en.wikipedia.org/wiki/Hugh_Blackwell;https://justfacts.votesmart.org/candidate/57758/hugh-blackwell;https://www.linkedin.com/in/hugh-blackwell-36ba682b;https://www.ncleg.gov/Members/Biography/H/580;https://www.ncleg.gov/Members/MemberTable/H,,,,,,,,,,,
ocd-person/11c5404c-5cb6-4f99-84a5-711a23e6295f,Jake Johnson,Republican,113,lower,Jake,Johnson,Male,jake.johnson@ncleg.gov,,,,https://www.ncleg.gov/Members/MemberImage/H/762/Low,https://www.ncleg.gov/Members/Biography/H/762;https://www.ncleg.gov/Members/Committees/H/762;https://www.ncleg.gov/Members/IntroducedBills/H/762;https://www.ncleg.gov/Members/Votes/H/762,https://ballotpedia.org/Jake_Johnson;https://en.wikipedia.org/wiki/Jake_Johnson_(politician);https://www.linkedin.com/in/jake-johnson-19ba6483;https://www.ncleg.gov/Members/Biography/H/762;https://www.ncleg.gov/Members/MemberTable/H,,,,,,,,,,,
ocd-person/4547831d-14b9-4d9d-9e3c-15b66c389054,James Roberson,Democratic,39,lower,James,Roberson,Male,james.roberson@ncleg.gov,,,,https://www.ncleg.gov/Members/MemberImage/H/786/Low,https://www.ncleg.gov/Members/Biography/H/786;https://www.ncleg.gov/Members/Committees/H/786;https://www.ncleg.gov/Members/IntroducedBills/H/786;https://www.ncleg.gov/Members/Votes/H/786,https://ballotpedia.org/James_Roberson;https://en.wikipedia.org/wiki/James_Roberson_(politician);https://www.linkedin.com/in/james-roberson-b64a8b14;https://www.ncleg.gov/Members/Biography/H/786;https://www.ncleg.gov/Members/MemberTable/H,,,,,,,,,,,
ocd-person/1a75f967-8f35-40aa-8b0a-990a135e70cb,Jay Adams,Republican,96,lower,Jay,Adams,Male,jay.adams@ncleg.gov,,,,https://www.ncleg.gov/Members/MemberImage/H/697/Low,https://www.ncleg.gov/Members/Biography/H/697;https://www.ncleg.gov/Members/Committees/H/697;https://www.ncleg.gov/Members/IntroducedBills/H/697;https://www.ncleg.gov/Members/Votes/H/697,https://ballotpedia.org/Jay_Adams;https://en.wikipedia.org/wiki/Jay_Adams_(politician);https://justfacts.votesmart.org/candidate/150322/jay-adams-jr;https://www.linkedin.com/in/jay-adams-541b6718;https://www.ncleg.gov/Members/Biography/H/697;https://www.ncleg.gov/Members/MemberTable/H,,,,,,,,,,,
ocd-person/75860d99-3e31-4c38-b511-734f76477c9b,Jay Chaudhuri,Democratic,15,upper,Jay,Chaudhuri,Male,jay.chaudhuri@ncleg.gov,,1969-06-08,,https://www.ncleg.gov/Members/MemberImage/S/395/Low,https://www.ncleg.gov/Members/Biography/S/395;https://www.ncleg.gov/Members/Committees/S/395;https://www.ncleg.gov/Members/IntroducedBills/S/395;https://www.ncleg.gov/Members/Votes/S/395,https://ballotpedia.org/Jay_Chaudhuri;https://en.wikipedia.org/wiki/Jay_Chaudhuri;https://justfacts.votesmart.org/candidate/biography/166590/jay-chaudhuri;https://www.linkedin.com/in/jaychaudhuri;https://www.ncleg.gov/Members/Biography/S/395;https://www.ncleg.gov/Members/MemberTable/S,,,,,,,,,,,
ocd-person/f3f10d50-4117-41f8-b2af-c9273d3c425e,Jeff Zenger,Republican,74,lower,Jeff,Zenger,Male,jeff.zenger@ncleg.gov,,,,https://www.ncleg.gov/Members/MemberImage/H/775/Low,https://www.ncleg.gov/Members/Biography/H/775;https://www.ncleg.gov/Members/Committees/H/775;https://www.ncleg.gov/Members/IntroducedBills/H/775;https://www.ncleg.gov/Members/Votes/H/775,https://ballotpedia.org/Jeff_Zenger;https://en.wikipedia.org/wiki/Jeff_Zenger;https://justfacts.votesmart.org/candidate/biography/189097/jeff-zenger;https://www.linkedin.com/in/jefflishaconstruction;https://www.ncleg.gov/Members/Biography/H/775;https://www.ncleg.gov/Members/MemberTable/H,,,,,,,,,,,
ocd-person/09d4ccb5-4456-4f33-aea7-36f3e2ef9e43,Jeff McNeely,Republican,84,lower,Jeff,McNeely,Male,jeffrey.mcneely@ncleg.gov,,1964-06-12,,https://www.ncleg.gov/Members/MemberImage/H/761/Low,https://www.ncleg.gov/Members/Biography/H/761;https://www.ncleg.gov/Members/Committees/H/761;https://www.ncleg.gov/Members/IntroducedBills/H/761;https://www.ncleg.gov/Members/Votes/H/761,https://ballotpedia.org/Jeffrey_McNeely;https://en.wikipedia.org/wiki/Jeffrey_McNeely;https://www.linkedin.com/in/jeff-mcneely-60b78874;https://www.ncleg.gov/Members/Biography/H/761;https://www.ncleg.gov/Members/MemberTable/H,,,,,,,,,,,
ocd-person/1c0b287a-2695-47e3-8c7a-1868db5c8d5c,Jennifer Balkcom,Republican,117,lower,Jennifer,Balkcom,Female,jennifer.balkcom@ncleg.gov,,,,https://www.ncleg.gov/Members/MemberImage/H/820/Low,https://www.ncleg.gov/Members/Biography/H/820;https://www.ncleg.gov/Members/Committees/H/820;https://www.ncleg.gov/Members/IntroducedBills/H/820;https://www.ncleg.gov/Members/Votes/H/820,https://ballotpedia.org/Jennifer_Capps_Balkcom;https://en.wikipedia.org/wiki/Jennifer_Balkcom;https://www.linkedin.com/in/jennifer-capps-balkcom-1477a36a;https://www.ncleg.gov/Members/Biography/H/820;https://www.ncleg.gov/Members/MemberTable/H,,,,,,,,,,,
ocd-person/9793e1e4-641c-4a5c-b1bc-7f6d0a65a655,Jim Burgin,Republican,12,upper,Jim,Burgin,Male,jim.burgin@ncleg.gov,,1956-05-20,,https://www.ncleg.gov/Members/MemberImage/S/412/Low,https://www.ncleg.gov/Members/Biography/S/412;https://www.ncleg.gov/Members/Committees/S/412;https://www.ncleg.gov/Members/IntroducedBills/S/412;https://www.ncleg.gov/Members/Votes/S/412,https://ballotpedia.org/Jim_Burgin;https://en.wikipedia.org/wiki/Jim_Burgin;https://justfacts.votesmart.org/candidate/biography/114731/jim-burgin;https://www.linkedin.com/in/jim-burgin-b812a116;https://www.ncleg.gov/Members/Biography/S/412;https://www.ncleg.gov/Members/MemberTable/S,,,,,,,,,,,
ocd-person/2fdb425d-47c9-4683-943e-15a566f3552b,Jimmy Dixon,Republican,4,lower,Jimmy,Dixon,Male,jimmy.dixon@ncleg.gov,,1945-02-11,,https://www.ncleg.gov/Members/MemberImage/H/613/Low,https://www.ncleg.gov/Members/Biography/H/613;https://www.ncleg.gov/Members/Committees/H/613;https://www.ncleg.gov/Members/IntroducedBills/H/613;https://www.ncleg.gov/Members/Votes/H/613,https://ballotpedia.org/James_Dixon_(North_Carolina);https://en.wikipedia.org/wiki/Jimmy_Dixon_(politician);https://justfacts.votesmart.org/candidate/biography/119381/jimmy-dixon;https://www.linkedin.com/in/james-dixon-06758843;https://www.ncleg.gov/Members/Biography/H/613;https://www.ncleg.gov/Members/MemberTable/H,,,,,,,,,,,
ocd-person/cb059250-c895-4a14-bfa2-997aed42155e,John Torbett,Republican,108,lower,John,Torbett,Male,john.torbett@ncleg.gov,,1956-05-21,,https://www.ncleg.gov/Members/MemberImage/H/606/Low,https://www.ncleg.gov/Members/Biography/H/606;https://www.ncleg.gov/Members/Committees/H/606;https://www.ncleg.gov/Members/IntroducedBills/H/606;https://www.ncleg.gov/Members/Votes/H/606,https://ballotpedia.org/John_Torbett;https://en.wikipedia.org/wiki/John_Torbett;https://justfacts.votesmart.org/candidate/biography/92622/john-torbett;https://www.linkedin.com/in/hon-john-a-torbett-501133b;https://www.ncleg.gov/Members/Biography/H/606;https://www.ncleg.gov/Members/MemberTable/H,,,,,,,,,,,
ocd-person/3a96a66b-58e9-4ce5-bc6c-803b19c2746d,John Blust,Republican,62,lower,John,Blust,Male,john.blust@ncleg.gov,,1954-06-04,,https://storage.googleapis.com/enview-public-general/legislative-people-photos/21657.jpg,https://www.ncleg.gov/Members/Biography/H/234;https://www.ncleg.gov/Members/Biography/H/824,https://ballotpedia.org/John_Blust;https://en.wikipedia.org/wiki/John_Blust;https://www.iveymcclellan.com/north-carolina-attorneys/john-blust;https://www.ncleg.gov/Members/Biography/H/234;https://www.ncleg.gov/Members/Biography/H/824,,,,,,,,,,,
ocd-person/7d07a14d-a5dc-46a9-8277-85fee42921a1,John Lowery,Republican,47,lower,John,Lowery,Male,john.lowery@ncleg.gov,,,,,https://www.ncleg.gov/Members/Biography/H/1001,https://ballotpedia.org/John_Lowery_(North_Carolina);https://www.linkedin.com/in/john-lowery1;https://www.ncleg.gov/Members/Biography/H/1001,,,,,,,,,,,
ocd-person/cc410819-75a4-46dd-a3d5-edbd80d9f861,John Bell,Republican,10,lower,John,Bell,Male,john.bell@ncleg.gov,,1979-05-18,,https://www.ncleg.gov/Members/MemberImage/H/661/Low,https://www.ncleg.gov/Members/Biography/H/661;https://www.ncleg.gov/Members/Committees/H/661;https://www.ncleg.gov/Members/IntroducedBills/H/661;https://www.ncleg.gov/Members/Votes/H/661,https://ballotpedia.org/John_Bell_(North_Carolina);https://en.wikipedia.org/wiki/John_R._Bell_IV;https://www.ncleg.gov/Members/Biography/H/661;https://www.ncleg.gov/Members/MemberTable/H,,,,,,,,,,,
ocd-person/bde014bb-27c1-42a3-909f-c5d96cca5c3f,John Sauls,Republican,51,lower,John,Sauls,Male,john.sauls@ncleg.gov,,1949-11-29,,https://www.ncleg.gov/Members/MemberImage/H/393/Low,https://www.ncleg.gov/Members/Biography/H/393;https://www.ncleg.gov/Members/Committees/H/393;https://www.ncleg.gov/Members/IntroducedBills/H/393;https://www.ncleg.gov/Members/Votes/H/393,https://ballotpedia.org/John_Sauls;https://en.wikipedia.org/wiki/John_I._Sauls;https://www.ncleg.gov/Members/Biography/H/393;https://www.ncleg.gov/Members/MemberTable/H,,,,,,,,,,,
ocd-person/3622ded7-77d3-46f8-a62b-dad1c8f3e589,Jonah Garson,Democratic,23,upper,Jonah,Garson,Male,jonah.garson@ncleg.gov,,,,https://images.squarespace-cdn.com/content/v1/5ce70c57184229000120643d/1635110523522-15B7H44X3PRPJSL2DYJH/ParryLaw_PLLC_20211020_1501-2.jpg,https://www.ncleg.gov/Members/Biography/S/1001,https://ballotpedia.org/Jonah_Garson;https://en.wikipedia.org/wiki/Jonah_Garson;https://www.linkedin.com/in/jonah-garson-855886132;https://www.ncleg.gov/Members/Biography/S/1001;https://www.parryfirm.com/jonah-garson,,,,,,,,,,,
ocd-person/a8fb7327-cfc3-4951-a15f-5a60ba05dcba,Jonathan Almond,Republican,73,lower,Jonathan,Almond,Male,jonathan.almond@ncleg.gov,,,,https://s3.amazonaws.com/ballotpedia-api4/files/thumbs/200/300/Jonathan_Almond_20241029_031016.png,https://www.ncleg.gov/Members/Biography/H/843,https://ballotpedia.org/Jonathan_Almond;https://www.linkedin.com/in/jonathanalmondnc;https://www.ncleg.gov/Members/Biography/H/843,,,,,,,,,,,
ocd-person/196e72cf-7987-4847-8e2f-03b540064e86,Jordan Lopez,Democratic,112,lower,Jordan,Lopez,Male,jordan.lopez@ncleg.gov,,,,https://lopez4nc.com/wp-content/uploads/2023/12/FAV1127_LOPEZ_-121.webp,https://www.ncleg.gov/Members/Biography/H/835,https://ballotpedia.org/Jordan_Lopez;https://www.linkedin.com/in/jordanalopez;https://www.ncleg.gov/Members/Biography/H/835,,,,,,,,,,,
ocd-person/50435516-ccee-4b72-9075-e27a0bfe0a72,Joe Pike,Republican,6,lower,Joe,Pike,Male,joe.pike@ncleg.gov,,,,https://www.ncleg.gov/Members/MemberImage/H/808/Low,https://www.ncleg.gov/Members/Biography/H/808;https://www.ncleg.gov/Members/Committees/H/808;https://www.ncleg.gov/Members/IntroducedBills/H/808;https://www.ncleg.gov/Members/Votes/H/808,https://ballotpedia.org/Joe_Pike;https://en.wikipedia.org/wiki/Joe_Pike;https://www.linkedin.com/in/joseph-pike-924b2615a;https://www.ncleg.gov/Members/Biography/H/808;https://www.ncleg.gov/Members/MemberTable/H,,,,,,,,,,,
ocd-person/3e8067e6-6232-4ebb-979c-d077ab968446,Joyce Waddell,Democratic,40,upper,Joyce,Waddell,Female,joyce.waddell@ncleg.gov,,1944-07-11,,https://www.ncleg.gov/Members/MemberImage/S/393/Low,https://www.ncleg.gov/Members/Biography/S/393;https://www.ncleg.gov/Members/Committees/S/393;https://www.ncleg.gov/Members/IntroducedBills/S/393;https://www.ncleg.gov/Members/Votes/S/393,https://ballotpedia.org/Joyce_Waddell;https://en.wikipedia.org/wiki/Joyce_Waddell;https://www.linkedin.com/in/joyce-waddell-730a8527;https://www.ncleg.gov/Members/Biography/S/393;https://www.ncleg.gov/Members/MemberTable/S,,,,,,,,,,,
ocd-person/5318144e-d466-40ea-8e35-f0f09bf57760,Julia Howard,Republican,77,lower,Julia,Howard,Female,julia.howard@ncleg.gov,,1944-08-20,,https://www.ncleg.gov/Members/MemberImage/H/53/Low,https://www.ncleg.gov/Members/Biography/H/53;https://www.ncleg.gov/Members/Committees/H/53;https://www.ncleg.gov/Members/IntroducedBills/H/53;https://www.ncleg.gov/Members/Votes/H/53,https://ballotpedia.org/Julia_Howard;https://en.wikipedia.org/wiki/Julia_C._Howard;https://www.ncleg.gov/Members/Biography/H/53;https://www.ncleg.gov/Members/MemberTable/H,,,,,,,,,,,
ocd-person/e9c35f8c-48f0-46e3-bd47-2e9481abc971,Julia Greenfield,Democratic,100,lower,Julia,Greenfield,Female,julia.greenfield@ncleg.gov,,,,https://greenvoterguidenc.org/wp-content/uploads/Julia-Greenfield-square-400x400.png,https://www.ncleg.gov/Members/Biography/H/829,https://ballotpedia.org/Julia_Greenfield;https://www.ncleg.gov/Members/Biography/H/829,,,,,,,,,,,
ocd-person/c8ac71ee-e3dc-450f-83f7-efeb363e88bc,Julie Mayfield,Democratic,49,upper,Julie,Mayfield,Female,julie.mayfield@ncleg.gov,,1967-04-05,,https://www.ncleg.gov/Members/MemberImage/S/432/Low,https://www.ncleg.gov/Members/Biography/S/432;https://www.ncleg.gov/Members/Committees/S/432;https://www.ncleg.gov/Members/IntroducedBills/S/432;https://www.ncleg.gov/Members/Votes/S/432,https://ballotpedia.org/Julie_Mayfield;https://en.wikipedia.org/wiki/Julie_Mayfield;https://www.linkedin.com/in/julie-mayfield-7763059;https://www.ncleg.gov/Members/Biography/S/432;https://www.ncleg.gov/Members/MemberTable/S,,,,,,,,,,,
ocd-person/7b4481a0-466b-44be-8b39-def9e1bc04f8,Julie von Haefen,Democratic,36,lower,Julie,von Haefen,Female,julie.vonhaefen@ncleg.gov,,1971-02-04,,https://www.ncleg.gov/Members/MemberImage/H/758/Low,https://www.ncleg.gov/Members/Biography/H/758;https://www.ncleg.gov/Members/Committees/H/758;https://www.ncleg.gov/Members/IntroducedBills/H/758;https://www.ncleg.gov/Members/Votes/H/758,https://ballotpedia.org/Julie_Von_Haefen;https://en.wikipedia.org/wiki/Julie_von_Haefen;https://www.ncleg.gov/Members/Biography/H/758;https://www.ncleg.gov/Members/MemberTable/H,,,,,,,,,,,
ocd-person/5afbb4dc-a121-414a-b600-53af0936beb8,Kandie Smith,Democratic,5,upper,Kandie,Smith,Female,kandie.smith@ncleg.gov,,1969-10-20,,https://www.ncleg.gov/Members/MemberImage/S/447/Low,https://www.ncleg.gov/Members/Biography/S/447;https://www.ncleg.gov/Members/Committees/S/447;https://www.ncleg.gov/Members/IntroducedBills/S/447;https://www.ncleg.gov/Members/Votes/S/447,https://ballotpedia.org/Kandie_Smith;https://en.wikipedia.org/wiki/Kandie_Smith;https://justfacts.votesmart.org/candidate/biography/132843/kandie-smith;https://www.linkedin.com/in/kandie-smith-aaa3893b;https://www.ncleg.gov/Members/Biography/S/447;https://www.ncleg.gov/Members/MemberTable/S,,,,,,,,,,,
ocd-person/91f28923-c52e-4a47-aed2-944672902823,Kanika Brown,Democratic,71,lower,Kanika,Brown,Female,kanika.brown@ncleg.gov,,,,https://www.ncleg.gov/Members/MemberImage/H/795/Low,https://www.ncleg.gov/Members/Biography/H/795;https://www.ncleg.gov/Members/Committees/H/795;https://www.ncleg.gov/Members/IntroducedBills/H/795;https://www.ncleg.gov/Members/Votes/H/795,https://ballotpedia.org/Kanika_Brown;https://en.wikipedia.org/wiki/Kanika_Brown;https://www.linkedin.com/in/kanika-brown-30438a148;https://www.ncleg.gov/Members/Biography/H/795;https://www.ncleg.gov/Members/MemberTable/H,,,,,,,,,,,
ocd-person/c0ca675d-4bd2-462f-9bcb-b7ac8226dbdf,Karl Gillespie,Republican,120,lower,Karl,Gillespie,Male,karl.gillespie@ncleg.gov,,1962-09-06,,https://www.ncleg.gov/Members/MemberImage/H/771/Low,https://www.ncleg.gov/Members/Biography/H/771;https://www.ncleg.gov/Members/Committees/H/771;https://www.ncleg.gov/Members/IntroducedBills/H/771;https://www.ncleg.gov/Members/Votes/H/771,https://ballotpedia.org/Karl_Gillespie;https://en.wikipedia.org/wiki/Karl_Gillespie;https://www.linkedin.com/in/karl-gillespie-69772249;https://www.linkedin.com/in/karl-gillespie-69938757;https://www.ncleg.gov/Members/Biography/H/771;https://www.ncleg.gov/Members/MemberTable/H,,,,,,,,,,,
ocd-person/a39903f1-cf67-494a-8c6a-4ae15c334fc9,Keith Kidwell,Republican,79,lower,Keith,Kidwell,Male,keith.kidwell@ncleg.gov,,,,https://www.ncleg.gov/Members/MemberImage/H/749/Low,https://www.ncleg.gov/Members/Biography/H/749;https://www.ncleg.gov/Members/Committees/H/749;https://www.ncleg.gov/Members/IntroducedBills/H/749;https://www.ncleg.gov/Members/Votes/H/749,https://ballotpedia.org/Keith_Kidwell;https://www.linkedin.com/in/keith-kidwell-9a365a1b;https://www.ncleg.gov/Members/Biography/H/749;https://www.ncleg.gov/Members/MemberTable/H,,,,,,,,,,,
ocd-person/4edb53d2-f5a1-447d-ac37-36da75a7a4ed,Kelly Hastings,Republican,110,lower,Kelly,Hastings,Male,kelly.hastings@ncleg.gov,,1961-06-16,,https://www.ncleg.gov/Members/MemberImage/H/618/Low,https://www.ncleg.gov/Members/Biography/H/618;https://www.ncleg.gov/Members/Committees/H/618;https://www.ncleg.gov/Members/IntroducedBills/H/618;https://www.ncleg.gov/Members/Votes/H/618,https://ballotpedia.org/Kelly_Hastings;https://en.wikipedia.org/wiki/Kelly_Hastings;https://justfacts.votesmart.org/candidate/biography/103078/kelly-hastings;https://www.linkedin.com/in/kelly-hastings-95421719;https://www.ncleg.gov/Members/Biography/H/618;https://www.ncleg.gov/Members/MemberTable/H,,,,,,,,,,,
ocd-person/410836ee-4f48-4934-8f95-fca6b2d2f051,Kevin Corbin,Republican,50,upper,Kevin,Corbin,Male,kevin.corbin@ncleg.gov,,,,https://www.ncleg.gov/Members/MemberImage/S/433/Low,https://www.ncleg.gov/Members/Biography/S/433;https://www.ncleg.gov/Members/Committees/S/433;https://www.ncleg.gov/Members/IntroducedBills/S/433;https://www.ncleg.gov/Members/Votes/S/433,https://ballotpedia.org/Kevin_Corbin;https://en.wikipedia.org/wiki/Kevin_Corbin;https://justfacts.votesmart.org/candidate/biography/166642/kevin-corbin;https://www.linkedin.com/in/ncmymedquote;https://www.ncleg.gov/Members/Biography/S/433;https://www.ncleg.gov/Members/MemberTable/S,,,,,,,,,,,
ocd-person/6d8e0e56-939e-45c4-a9db-2fc370fbbdef,Kyle Hall,Republican,91,lower,Kyle,Hall,Male,kyle.hall@ncleg.gov,,,,https://www.ncleg.gov/Members/MemberImage/H/704/Low,https://www.ncleg.gov/Members/Biography/H/704;https://www.ncleg.gov/Members/Committees/H/704;https://www.ncleg.gov/Members/IntroducedBills/H/704;https://www.ncleg.gov/Members/Votes/H/704,https://ballotpedia.org/Kyle_Hall_(North_Carolina);https://en.wikipedia.org/wiki/Kyle_Hall;https://justfacts.votesmart.org/candidate/biography/166632/kyle-hall;https://www.linkedin.com/in/kyle-hall-703aab60;https://www.ncleg.gov/Members/Biography/H/704;https://www.ncleg.gov/Members/MemberTable/H,,,,,,,,,,,
ocd-person/3ed64eae-ecec-4cbf-a436-e7c1471a4cef,Larry Strickland,Republican,28,lower,Larry,Strickland,Male,larry.strickland@ncleg.gov,,1955-06-07,,https://www.ncleg.gov/Members/MemberImage/H/727/Low,https://www.ncleg.gov/Members/Biography/H/727;https://www.ncleg.gov/Members/Committees/H/727;https://www.ncleg.gov/Members/IntroducedBills/H/727;https://www.ncleg.gov/Members/Votes/H/727,https://ballotpedia.org/Larry_Strickland;https://en.wikipedia.org/wiki/Larry_C._Strickland;https://justfacts.votesmart.org/candidate/biography/166611/larry-strickland;https://www.ncleg.gov/Members/Biography/H/727;https://www.ncleg.gov/Members/MemberTable/H,,,,,,,,,,,
ocd-person/11c903f8-ce25-4463-8a24-a49394c21955,Larry Potts,Republican,81,lower,Larry,Potts,Male,larry.potts@ncleg.gov,,1948-09-14,,https://www.ncleg.gov/Members/MemberImage/H/724/Low,https://www.ncleg.gov/Members/Biography/H/724;https://www.ncleg.gov/Members/Committees/H/724;https://www.ncleg.gov/Members/IntroducedBills/H/724;https://www.ncleg.gov/Members/Votes/H/724,https://ballotpedia.org/Larry_Potts;https://en.wikipedia.org/wiki/Larry_Potts;https://justfacts.votesmart.org/candidate/biography/41531/larry-potts;https://larrywpotts.com/bio;https://www.ncleg.gov/Members/Biography/H/724;https://www.ncleg.gov/Members/MemberTable/H,,,,,,,,,,,
ocd-person/283007b1-e7a2-486b-b19b-5a8126bc4128,Laura Budd,Democratic,103,lower,Laura,Budd,Female,laura.budd@ncleg.gov,,1977-04-29,,https://www.ncleg.gov/Members/MemberImage/H/796/Low,https://www.ncleg.gov/Members/Biography/H/796;https://www.ncleg.gov/Members/Committees/H/796;https://www.ncleg.gov/Members/IntroducedBills/H/796;https://www.ncleg.gov/Members/Votes/H/796,https://ballotpedia.org/Laura_Budd;https://en.wikipedia.org/wiki/Laura_Budd;https://www.linkedin.com/in/laura-h-budd;https://www.ncleg.gov/Members/Biography/H/796;https://www.ncleg.gov/Members/MemberTable/H,,,,,,,,,,,
ocd-person/16a0c907-4efa-45a7-83d2-1c79cc541535,Lindsey Prather,Democratic,115,lower,Lindsey,Prather,Female,lindsey.prather@ncleg.gov,,1988-06-21,,https://www.ncleg.gov/Members/MemberImage/H/809/Low,https://www.ncleg.gov/Members/Biography/H/809;https://www.ncleg.gov/Members/Committees/H/809;https://www.ncleg.gov/Members/IntroducedBills/H/809;https://www.ncleg.gov/Members/Votes/H/809,https://ballotpedia.org/Lindsey_Prather;https://en.wikipedia.org/wiki/Lindsey_Prather;https://www.linkedin.com/in/lindsey-prather-616877149;https://www.ncleg.gov/Members/Biography/H/809;https://www.ncleg.gov/Members/MemberTable/H,,,,,,,,,,,
ocd-person/a370c6f1-338d-49c3-a0b4-41e885dc0d80,Lisa Grafstein,Democratic,13,upper,Lisa,Grafstein,Female,lisa.grafstein@ncleg.gov,,1966-09-07,,https://www.ncleg.gov/Members/MemberImage/S/439/Low,https://www.ncleg.gov/Members/Biography/S/439;https://www.ncleg.gov/Members/Committees/S/439;https://www.ncleg.gov/Members/IntroducedBills/S/439;https://www.ncleg.gov/Members/Votes/S/439,https://ballotpedia.org/Lisa_Grafstein;https://en.wikipedia.org/wiki/Lisa_Grafstein;https://www.linkedin.com/in/lisa-grafstein-a12b044;https://www.ncleg.gov/Members/Biography/S/439;https://www.ncleg.gov/Members/MemberTable/S,,,,,,,,,,,
ocd-person/21577fbd-e06f-4bc3-8717-e050ff165a74,Lisa Barnes,Republican,11,upper,Lisa,Barnes,Female,lisa.barnes@ncleg.gov,,1966-07-16,,https://www.ncleg.gov/Members/MemberImage/S/427/Low,https://www.ncleg.gov/Members/Biography/S/427;https://www.ncleg.gov/Members/Committees/S/427;https://www.ncleg.gov/Members/IntroducedBills/S/427;https://www.ncleg.gov/Members/Votes/S/427,https://ballotpedia.org/Lisa_Barnes;https://en.wikipedia.org/wiki/Lisa_Stone_Barnes;https://justfacts.votesmart.org/candidate/biography/163025/lisa-barnes;https://www.ncleg.gov/Members/Biography/S/427;https://www.ncleg.gov/Members/MemberTable/S,,,,,,,,,,,
ocd-person/be5acee4-3874-4414-9aff-77043943c1c1,Marcia Morey,Democratic,30,lower,Marcia,Morey,Female,marcia.morey@ncleg.gov,,1955-08-14,,https://www.ncleg.gov/Members/MemberImage/H/732/Low,https://www.ncleg.gov/Members/Biography/H/732;https://www.ncleg.gov/Members/Committees/H/732;https://www.ncleg.gov/Members/IntroducedBills/H/732;https://www.ncleg.gov/Members/Votes/H/732,https://ballotpedia.org/Marcia_Morey;https://en.wikipedia.org/wiki/Marcia_Morey;https://www.ncleg.gov/Members/Biography/H/732;https://www.ncleg.gov/Members/MemberTable/H,,,,,,,,,,,
ocd-person/7a50ad08-1f2a-4f5f-9463-b1672d3a60a3,Maria Cervania,Democratic,41,lower,Maria,Cervania,Female,maria.cervania@ncleg.gov,,1968-01-14,,https://www.ncleg.gov/Members/MemberImage/H/798/Low,https://www.ncleg.gov/Members/Biography/H/798;https://www.ncleg.gov/Members/Committees/H/798;https://www.ncleg.gov/Members/IntroducedBills/H/798;https://www.ncleg.gov/Members/Votes/H/798,https://ballotpedia.org/Maria_Cervania;https://en.wikipedia.org/wiki/Maria_Cervania;https://www.linkedin.com/in/mariacervania;https://www.ncleg.gov/Members/Biography/H/798;https://www.ncleg.gov/Members/MemberTable/H,,,,,,,,,,,
ocd-person/cc238a7c-3222-4ac2-8d4d-3884dd342a5f,Mark Brody,Republican,55,lower,Mark,Brody,Male,mark.brody@ncleg.gov,,1951-12-06,,https://www.ncleg.gov/Members/MemberImage/H/663/Low,https://www.ncleg.gov/Members/Biography/H/663;https://www.ncleg.gov/Members/Committees/H/663;https://www.ncleg.gov/Members/IntroducedBills/H/663;https://www.ncleg.gov/Members/Votes/H/663,https://ballotpedia.org/Mark_Brody;https://en.wikipedia.org/wiki/Mark_Brody;https://justfacts.votesmart.org/candidate/biography/108503/mark-brody;https://www.ncleg.gov/Members/Biography/H/663;https://www.ncleg.gov/Members/MemberTable/H,,,,,,,,,,,
ocd-person/601cab9a-8b58-42fa-a62e-4170ec23b955,Mark Pless,Republican,118,lower,Mark,Pless,Male,mark.pless@ncleg.gov,,,,https://www.ncleg.gov/Members/MemberImage/H/773/Low,https://www.ncleg.gov/Members/Biography/H/773;https://www.ncleg.gov/Members/Committees/H/773;https://www.ncleg.gov/Members/IntroducedBills/H/773;https://www.ncleg.gov/Members/Votes/H/773,https://ballotpedia.org/Mark_Pless;https://en.wikipedia.org/wiki/Mark_Pless;https://www.ncleg.gov/Members/Biography/H/773;https://www.ncleg.gov/Members/MemberTable/H,,,,,,,,,,,
ocd-person/1afc84ab-30e5-413a-8975-2a552e050aee,Mark Hollo,Republican,45,upper,Mark,Hollo,Male,mark.hollo@ncleg.gov,,,,http://www.ncga.state.nc.us/House/pictures/hiRes/619.jpg,https://www.ncga.state.nc.us/gascripts/members/viewMember.pl?sChamber=House&nUserID=619;https://www.ncleg.gov/Members/Biography/S/450,https://ballotpedia.org/Mark_Hollo;https://en.wikipedia.org/wiki/Mark_Hollo;https://justfacts.votesmart.org/candidate/41112/mark-hollo;https://www.ncga.state.nc.us/gascripts/members/viewMember.pl?sChamber=House&nUserID=619;https://www.ncleg.gov/Members/Biography/S/450,,,,,,,,,,,
ocd-person/819581b6-a44a-4d4a-8a08-14c2dccd86f5,Mary Belk,Democratic,88,lower,Mary,Belk,Female,mary.belk@ncleg.gov,,1956-10-05,,https://www.ncleg.gov/Members/MemberImage/H/713/Low,https://www.ncleg.gov/Members/Biography/H/713;https://www.ncleg.gov/Members/Committees/H/713;https://www.ncleg.gov/Members/IntroducedBills/H/713;https://www.ncleg.gov/Members/Votes/H/713,https://ballotpedia.org/Mary_Belk;https://en.wikipedia.org/wiki/Mary_Gardner_Belk;https://justfacts.votesmart.org/candidate/biography/166839/mary-belk;https://www.ncleg.gov/Members/Biography/H/713;https://www.ncleg.gov/Members/MemberTable/H,,,,,,,,,,,
ocd-person/1dfa7f10-249d-43aa-930b-a5be9e4fce9f,Matthew Winslow,Republican,7,lower,Matthew,Winslow,Male,matthew.winslow@ncleg.gov,,,,https://www.ncleg.gov/Members/MemberImage/H/776/Low,https://www.ncleg.gov/Members/Biography/H/776;https://www.ncleg.gov/Members/Committees/H/776;https://www.ncleg.gov/Members/IntroducedBills/H/776;https://www.ncleg.gov/Members/Votes/H/776,https://ballotpedia.org/Matthew_Winslow;https://en.wikipedia.org/wiki/Matthew_Winslow;https://www.linkedin.com/in/matthew-winslow-3550aa15;https://www.ncleg.gov/Members/Biography/H/776;https://www.ncleg.gov/Members/MemberTable/H,,,,,,,,,,,
ocd-person/f0121b49-81cc-45f5-98e1-1fbeee882c81,Michael Lazzara,Republican,6,upper,Michael,Lazzara,Male,michael.lazzara@ncleg.gov,,,,https://www.ncleg.gov/Members/MemberImage/S/426/Low,https://www.ncleg.gov/Members/Biography/S/426;https://www.ncleg.gov/Members/Committees/S/426;https://www.ncleg.gov/Members/IntroducedBills/S/426;https://www.ncleg.gov/Members/Votes/S/426,https://ballotpedia.org/Michael_Lazzara;https://en.wikipedia.org/wiki/Michael_Lazzara;https://justfacts.votesmart.org/candidate/biography/73981/michael-lazzara;https://www.linkedin.com/in/michael-lazzara-92052555;https://www.ncleg.gov/Members/Biography/S/426;https://www.ncleg.gov/Members/MemberTable/S,,,,,,,,,,,
ocd-person/f40a7222-92eb-4d8e-ad4d-7008b859aae7,Michael Garrett,Democratic,27,upper,Michael,Garrett,Male,michael.garrett@ncleg.gov,,,,https://www.ncleg.gov/Members/MemberImage/S/414/Low,https://www.ncleg.gov/Members/Biography/S/414;https://www.ncleg.gov/Members/Committees/S/414;https://www.ncleg.gov/Members/IntroducedBills/S/414;https://www.ncleg.gov/Members/Votes/S/414,https://ballotpedia.org/Michael_Garrett_(North_Carolina);https://en.wikipedia.org/wiki/Michael_Garrett_(politician);https://www.linkedin.com/in/michael-garrett-12774212;https://www.ncleg.gov/Members/Biography/S/414;https://www.ncleg.gov/Members/MemberTable/S,,,,,,,,,,,
ocd-person/082079ab-53d2-43e5-be5f-cb7c6054edd3,Michael Lee,Republican,7,upper,Michael,Lee,Male,michael.lee@ncleg.gov,,1968-11-29,,https://www.ncleg.gov/Members/MemberImage/S/387/Low,https://www.ncleg.gov/Members/Biography/S/387;https://www.ncleg.gov/Members/Committees/S/387;https://www.ncleg.gov/Members/IntroducedBills/S/387;https://www.ncleg.gov/Members/Votes/S/387,https://ballotpedia.org/Michael_V._Lee;https://ballotpedia.org/Michael_V._Lee_(North_Carolina_State_Senate);https://en.wikipedia.org/wiki/Michael_V._Lee;https://justfacts.votesmart.org/candidate/biography/102957/michael-lee;https://www.linkedin.com/in/michael-lee-5669b59;https://www.ncleg.gov/Members/Biography/S/387;https://www.ncleg.gov/Members/MemberTable/S,,,,,,,,,,,
ocd-person/b3b24f9e-5eb4-475e-8b06-7040cfb39fb5,Mike Colvin,Democratic,42,lower,Mike,Colvin,Male,mike.colvin@ncleg.gov,,,,https://votemikecolvin.com/wp-content/uploads/2024/01/untitled-1024x1024.jpg,https://www.ncleg.gov/Members/Biography/H/831,https://ballotpedia.org/Mike_Colvin;https://www.ncleg.gov/Members/Biography/H/831,,,,,,,,,,,
ocd-person/f6d0fc41-fbfa-4829-aa33-f5977edf1082,Mike Schietzelt,Republican,35,lower,Mike,Schietzelt,Male,mike.schietzelt@ncleg.gov,,,,https://s3.amazonaws.com/ballotpedia-api4/files/thumbs/200/300/MikeSchietzelt2024.jpg,https://www.ncleg.gov/Members/Biography/H/840,https://ballotpedia.org/Mike_Schietzelt;https://www.linkedin.com/in/michaelschietzelt;https://www.ncleg.gov/Members/Biography/H/840,,,,,,,,,,,
ocd-person/d4713ec5-e36b-49bb-bfc8-6b7fe9c0e9a7,Mitchell Setzer,Republican,89,lower,Mitchell,Setzer,Male,mitchell.setzer@ncleg.gov,,1965-03-12,,https://www.ncleg.gov/Members/MemberImage/H/149/Low,https://www.ncleg.gov/Members/Biography/H/149;https://www.ncleg.gov/Members/Committees/H/149;https://www.ncleg.gov/Members/IntroducedBills/H/149;https://www.ncleg.gov/Members/Votes/H/149,https://ballotpedia.org/Mitchell_Setzer;https://en.wikipedia.org/wiki/Mitchell_S._Setzer;https://justfacts.votesmart.org/candidate/biography/21013/mitchell-setzer;https://www.ncleg.gov/Members/Biography/H/149;https://www.ncleg.gov/Members/MemberTable/H,,,,,,,,,,,
ocd-person/018cd1c9-5b84-4f8e-8a1d-6f0326ce1f2f,Monika Johnson-Hostler,Democratic,33,lower,Monika,Johnson-Hostler,Female,monika.johnson-hostler@ncleg.gov,,,,https://www.uncfsu.edu/assets/Images/Student_Stories/Monika-Hostler.jpg,https://www.ncleg.gov/Members/Biography/H/834,https://ballotpedia.org/Monika_Johnson-Hostler;https://www.linkedin.com/in/monika-johnson-hostler-8bb7571;https://www.ncleg.gov/Members/Biography/H/834,,,,,,,,,,,
ocd-person/c733e47e-af6a-4f31-a350-010043b5164b,Mujtaba Mohammed,Democratic,38,upper,Mujtaba,Mohammed,Male,mujtaba.mohammed@ncleg.gov,,1985-06-08,,https://www.ncleg.gov/Members/MemberImage/S/417/Low,https://www.ncleg.gov/Members/Biography/S/417;https://www.ncleg.gov/Members/Committees/S/417;https://www.ncleg.gov/Members/IntroducedBills/S/417;https://www.ncleg.gov/Members/Votes/S/417,https://ballotpedia.org/Mujtaba_Mohammed;https://en.wikipedia.org/wiki/Mujtaba_A._Mohammed;https://justfacts.votesmart.org/candidate/biography/178346/mujtaba-mohammed;https://www.linkedin.com/in/mujtaba-mohammed-878a7a48;https://www.ncleg.gov/Members/Biography/S/417;https://www.ncleg.gov/Members/MemberTable/S,,,,,,,,,,,
ocd-person/6acc3963-2724-4d88-8762-f78df333be94,Nasif Majeed,Independent,99,lower,Nasif,Majeed,Male,nasif.majeed@ncleg.gov,,1945-09-27,,https://www.ncleg.gov/Members/MemberImage/H/752/Low,https://www.ncleg.gov/Members/Biography/H/752;https://www.ncleg.gov/Members/Committees/H/752;https://www.ncleg.gov/Members/IntroducedBills/H/752;https://www.ncleg.gov/Members/Votes/H/752,https://ballotpedia.org/Nasif_Majeed;https://en.wikipedia.org/wiki/Nasif_Majeed;https://justfacts.votesmart.org/candidate/biography/41645/nasif-majeed;https://www.linkedin.com/in/nasif-majeed-0589a125;https://www.ncleg.gov/Members/Biography/H/752;https://www.ncleg.gov/Members/MemberTable/H,,,,,,,,,,,
ocd-person/121cec2b-d03f-45bc-a835-1ae5f4eb18d3,Natalie Murdock,Democratic,20,upper,Natalie,Murdock,Female,natalie.murdock@ncleg.gov,,1984-01-25,,https://www.ncleg.gov/Members/MemberImage/S/422/Low,https://www.ncleg.gov/Members/Biography/S/422;https://www.ncleg.gov/Members/Committees/S/422;https://www.ncleg.gov/Members/IntroducedBills/S/422;https://www.ncleg.gov/Members/Votes/S/422,https://ballotpedia.org/Natalie_Murdock;https://en.wikipedia.org/wiki/Natalie_Murdock;https://www.linkedin.com/in/natalie-murdock-2b8ab425;https://www.ncleg.gov/Members/Biography/S/422;https://www.ncleg.gov/Members/MemberTable/S,,,,,,,,,,,
ocd-person/1e2d0ef7-d021-4427-af07-14fae1ad5aa0,Neal Jackson,Republican,78,lower,Neal,Jackson,Male,neal.jackson@ncleg.gov,,,,https://www.ncleg.gov/Members/MemberImage/H/804/Low,https://www.ncleg.gov/Members/Biography/H/804;https://www.ncleg.gov/Members/Committees/H/804;https://www.ncleg.gov/Members/IntroducedBills/H/804;https://www.ncleg.gov/Members/Votes/H/804,https://ballotpedia.org/Neal_Jackson;https://en.wikipedia.org/wiki/Neal_Jackson_(North_Carolina_politician);https://justfacts.votesmart.org/candidate/biography/202734/neal-jackson;https://www.ncleg.gov/Members/Biography/H/804;https://www.ncleg.gov/Members/MemberTable/H;https://www.nealjackson4nc.org/about,,,,,,,,,,,
ocd-person/7493bee0-b1ed-4d45-b772-b7fce91be4ff,Norman Sanderson,Republican,2,upper,Norman,Sanderson,Male,norman.sanderson@ncleg.gov,,1951-07-07,,https://www.ncleg.gov/Members/MemberImage/S/375/Low,https://www.ncleg.gov/Members/Biography/S/375;https://www.ncleg.gov/Members/Committees/S/375;https://www.ncleg.gov/Members/IntroducedBills/S/375;https://www.ncleg.gov/Members/Votes/S/375,https://ballotpedia.org/Norman_Sanderson;https://en.wikipedia.org/wiki/Norman_W._Sanderson;https://www.ncleg.gov/Members/Biography/S/375;https://www.ncleg.gov/Members/MemberTable/S,,,,,,,,,,,
ocd-person/a73e339a-9724-45a5-9ebd-f1ca506374a0,Paul Lowe,Democratic,32,upper,Paul,Lowe,Male,paul.lowe@ncleg.gov,,1959-05-19,,https://www.ncleg.gov/Members/MemberImage/S/394/Low,https://www.ncleg.gov/Members/Biography/S/394;https://www.ncleg.gov/Members/Committees/S/394;https://www.ncleg.gov/Members/IntroducedBills/S/394;https://www.ncleg.gov/Members/Votes/S/394,https://ballotpedia.org/Paul_Lowe;https://en.wikipedia.org/wiki/Paul_A._Lowe_Jr.;https://justfacts.votesmart.org/candidate/156190/paul-lowe-jr;https://www.linkedin.com/in/paul-lowe-3a76a330;https://www.ncleg.gov/Members/Biography/S/394;https://www.ncleg.gov/Members/MemberTable/S,,,,,,,,,,,
ocd-person/8f02ce28-e826-48f7-adc1-11f8e5c2ed26,Paul Scott,Republican,111,lower,Paul,Scott,Male,paul.scott@ncleg.gov,,,,"https://static.wixstatic.com/media/a254ce_1422fda1afc540a697d4c59e20275ee8~mv2.png/v1/fill/w_626,h_1003,al_c,q_90,usm_0.66_1.00_0.01,enc_auto/a254ce_1422fda1afc540a697d4c59e20275ee8~mv2.png",https://www.ncleg.gov/Members/Biography/H/841,https://ballotpedia.org/Paul_Scott_(North_Carolina);https://www.ncleg.gov/Members/Biography/H/841,,,,,,,,,,,
ocd-person/f276e61a-c569-4924-b302-caeda17a306a,Phil Berger,Republican,26,upper,Phil,Berger,Male,phil.berger@ncleg.gov,,1952-08-08,,https://www.ncleg.gov/Members/MemberImage/S/64/Low,https://www.ncleg.gov/Members/Biography/S/64;https://www.ncleg.gov/Members/Committees/S/64;https://www.ncleg.gov/Members/IntroducedBills/S/64;https://www.ncleg.gov/Members/Votes/S/64,https://ballotpedia.org/Phil_Berger;https://en.wikipedia.org/wiki/Philip_E._Berger;https://justfacts.votesmart.org/candidate/biography/41493/philip-berger-sr;https://www.linkedin.com/in/phil-berger-1b84464b;https://www.ncleg.gov/Members/Biography/S/64;https://www.ncleg.gov/Members/MemberTable/S,,,,,,,,,,,
ocd-person/efae51b3-e547-46c0-87df-4ac35c0c60de,Phil Rubin,Democratic,40,lower,Phil,Rubin,Male,phillip.rubin@ncleg.gov,,1983-08-17,,,https://www.ncleg.gov/Members/Biography/H/844,https://ballotpedia.org/Phil_Rubin;https://en.wikipedia.org/wiki/Phil_Rubin;https://justfacts.votesmart.org/candidate/biography/220821/phil-rubin;https://www.linkedin.com/in/phil-rubin;https://www.ncleg.gov/Members/Biography/H/844,,,,,,,,,,,
ocd-person/eab6e9df-d2e4-4476-b09d-cda1de0cf654,Phil Shepard,Republican,15,lower,Phil,Shepard,Male,phil.shepard@ncleg.gov,,1954-11-10,,https://www.ncleg.gov/Members/MemberImage/H/628/Low,https://www.ncleg.gov/Members/Biography/H/628;https://www.ncleg.gov/Members/Committees/H/628;https://www.ncleg.gov/Members/IntroducedBills/H/628;https://www.ncleg.gov/Members/Votes/H/628,https://ballotpedia.org/Phillip_Shepard;https://en.wikipedia.org/wiki/Phil_Shepard;https://justfacts.votesmart.org/candidate/biography/117801/phil-shepard;https://www.linkedin.com/in/phillip-shepard-b7697466;https://www.ncleg.gov/Members/Biography/H/628;https://www.ncleg.gov/Members/MemberTable/H,,,,,,,,,,,
ocd-person/4c2e2654-2647-4394-8efe-f09532225ff6,Pricey Harrison,Democratic,61,lower,Pricey,Harrison,Female,pricey.harrison@ncleg.gov,,1958-08-31,,https://www.ncleg.gov/Members/MemberImage/H/504/Low,https://www.ncleg.gov/Members/Biography/H/504;https://www.ncleg.gov/Members/Committees/H/504;https://www.ncleg.gov/Members/IntroducedBills/H/504;https://www.ncleg.gov/Members/Votes/H/504,https://ballotpedia.org/Mary_Harrison;https://en.wikipedia.org/wiki/Pricey_Harrison;https://justfacts.votesmart.org/candidate/41671/pricey-harrison;https://www.ncleg.gov/Members/Biography/H/504;https://www.ncleg.gov/Members/MemberTable/H,,,,,,,,,,,
ocd-person/25828c07-8295-45af-bd01-b044b59d530a,Ralph Hise,Republican,47,upper,Ralph,Hise,Male,ralph.hise@ncleg.gov,,1976-08-15,,https://www.ncleg.gov/Members/MemberImage/S/298/Low,https://www.ncleg.gov/Members/Biography/S/298;https://www.ncleg.gov/Members/Committees/S/298;https://www.ncleg.gov/Members/IntroducedBills/S/298;https://www.ncleg.gov/Members/Votes/S/298,https://ballotpedia.org/Ralph_Hise;https://en.wikipedia.org/wiki/Ralph_Hise;https://justfacts.votesmart.org/candidate/biography/117794/ralph-hise-jr;https://www.ncleg.gov/Members/Biography/S/298;https://www.ncleg.gov/Members/Biography/s/298;https://www.ncleg.gov/Members/MemberTable/S,,,,,,,,,,,
ocd-person/27cea850-e6f2-4fe8-a02e-26f9867d00f1,Ray Pickett,Republican,93,lower,Ray,Pickett,Male,ray.pickett@ncleg.gov,,,,https://www.ncleg.gov/Members/MemberImage/H/772/Low,https://www.ncleg.gov/Members/Biography/H/772;https://www.ncleg.gov/Members/Committees/H/772;https://www.ncleg.gov/Members/IntroducedBills/H/772;https://www.ncleg.gov/Members/Votes/H/772,https://ballotpedia.org/Ray_Pickett;https://en.wikipedia.org/wiki/Ray_Pickett;https://www.ncleg.gov/Members/Biography/H/772;https://www.ncleg.gov/Members/MemberTable/H,,,,,,,,,,,
ocd-person/7ee23b19-064e-4531-a9e8-2e928f8f2203,Renée Price,Democratic,50,lower,Renée,Price,Female,renee.price@ncleg.gov,,,,https://www.ncleg.gov/Members/MemberImage/H/810/Low,https://www.ncleg.gov/Members/Biography/H/810;https://www.ncleg.gov/Members/Committees/H/810;https://www.ncleg.gov/Members/IntroducedBills/H/810;https://www.ncleg.gov/Members/Votes/H/810,https://ballotpedia.org/Renee_Price;https://en.wikipedia.org/wiki/Renee_Price;https://www.linkedin.com/in/renee-price-94630b30;https://www.ncleg.gov/Members/Biography/H/810;https://www.ncleg.gov/Members/MemberTable/H,,,,,,,,,,,
ocd-person/3aa6f3c5-cd15-42e1-907e-92e6f5362c8f,Robert Reives,Democratic,54,lower,Robert,Reives,Male,robert.reives@ncleg.gov,,1970-09-24,,https://www.ncleg.gov/Members/MemberImage/H/684/Low,https://www.ncleg.gov/Members/Biography/H/684;https://www.ncleg.gov/Members/Committees/H/684;https://www.ncleg.gov/Members/IntroducedBills/H/684;https://www.ncleg.gov/Members/Votes/H/684,https://ballotpedia.org/Robert_Reives;https://en.wikipedia.org/wiki/Robert_T._Reives_II;https://justfacts.votesmart.org/candidate/biography/92629/robert-reives-ii;https://wrslawfirm.com/robert-reives-criminal-defense-lawyer;https://www.linkedin.com/in/wilsonreiveslawrobert;https://www.ncleg.gov/Members/Biography/H/684;https://www.ncleg.gov/Members/MemberTable/H,,,,,,,,,,,
ocd-person/230ed41f-56c1-459d-a66d-7ab0a3a8342b,Rodney Pierce,Democratic,27,lower,Rodney,Pierce,Male,rodney.pierce@ncleg.gov,,1978-10-05,,https://s3.amazonaws.com/ballotpedia-api4/files/thumbs/200/300/RodneyPierce2024.jpeg,https://www.ncleg.gov/Members/Biography/H/838,https://ballotpedia.org/Rodney_Pierce;https://en.wikipedia.org/wiki/Rodney_D._Pierce;https://www.linkedin.com/in/rodney-d-pierce-0bb40b14;https://www.ncleg.gov/Members/Biography/H/838,,,,,,,,,,,
ocd-person/4f490403-b729-4f33-b3ba-5417db20cb0b,Sam Watford,Republican,80,lower,Sam,Watford,Male,sam.watford@ncleg.gov,,,,https://www.ncleg.gov/Members/MemberImage/H/687/Low,https://www.ncleg.gov/Members/Biography/H/687;https://www.ncleg.gov/Members/Committees/H/687;https://www.ncleg.gov/Members/IntroducedBills/H/687;https://www.ncleg.gov/Members/Votes/H/687,https://ballotpedia.org/Sam_Watford;https://en.wikipedia.org/wiki/Sam_Watford;https://justfacts.votesmart.org/candidate/biography/92523/sam-watford;https://www.ncleg.gov/Members/Biography/H/687;https://www.ncleg.gov/Members/MemberTable/H,,,,,,,,,,,
ocd-person/4eb017f8-318e-43ba-b0c5-9fecbc3d0530,Sarah Crawford,Democratic,66,lower,Sarah,Crawford,Female,sarah.crawford@ncleg.gov,,,,https://www.ncleg.gov/Members/MemberImage/H/800/Low,https://www.ncleg.gov/Members/Biography/H/800;https://www.ncleg.gov/Members/Committees/H/800;https://www.ncleg.gov/Members/IntroducedBills/H/800;https://www.ncleg.gov/Members/Votes/H/800,https://ballotpedia.org/Sarah_Crawford;https://en.wikipedia.org/wiki/Sarah_Crawford_(politician);https://justfacts.votesmart.org/candidate/biography/149812/sarah-crawford;https://www.linkedin.com/in/sarah-crawford-60b1159;https://www.ncleg.gov/Members/Biography/H/800;https://www.ncleg.gov/Members/MemberTable/H,,,,,,,,,,,
ocd-person/f0d9b7f4-abb7-4111-b640-766a1f81d653,Shelly Willingham,Democratic,23,lower,Shelly,Willingham,Male,shelly.willingham@ncleg.gov,,1943-11-27,,https://www.ncleg.gov/Members/MemberImage/H/700/Low,https://www.ncleg.gov/Members/Biography/H/700;https://www.ncleg.gov/Members/Committees/H/700;https://www.ncleg.gov/Members/IntroducedBills/H/700;https://www.ncleg.gov/Members/Votes/H/700,https://ballotpedia.org/Shelly_Willingham;https://en.wikipedia.org/wiki/Shelly_Willingham;https://justfacts.votesmart.org/candidate/biography/41293/shelly-willingham;https://www.linkedin.com/in/shelly-willingham-92930662;https://www.ncleg.gov/Members/Biography/H/700;https://www.ncleg.gov/Members/MemberTable/H,,,,,,,,,,,
ocd-person/c8c4c09a-5b3a-4521-82d4-2e2ded1b6b0a,Sophia Chitlik,Democratic,22,upper,Sophia,Chitlik,Female,sophia.chitlik@ncleg.gov,,,,https://s3.amazonaws.com/ballotpedia-api4/files/thumbs/200/300/SophiaChitlik2024.jpg,https://www.ncleg.gov/Members/Biography/S/449;https://www.ncleg.gov/Members/Biography/S/452,https://ballotpedia.org/Sophia_Chitlik;https://www.linkedin.com/in/sophiachitlik;https://www.ncleg.gov/Members/Biography/S/449;https://www.ncleg.gov/Members/Biography/S/452,,,,,,,,,,,
ocd-person/6b6dc936-a880-4bdb-9fba-11e0a2ff9f01,Stephen Ross,Republican,63,lower,Stephen,Ross,Male,stephen.ross@ncleg.gov,,,,https://www.ncleg.gov/Members/MemberImage/H/812/Low,https://www.ncleg.gov/Members/Biography/H/812;https://www.ncleg.gov/Members/Committees/H/812;https://www.ncleg.gov/Members/IntroducedBills/H/812;https://www.ncleg.gov/Members/Votes/H/812,https://ballotpedia.org/Stephen_M._Ross;https://en.wikipedia.org/wiki/Stephen_M._Ross_(politician);https://justfacts.votesmart.org/candidate/biography/132378/stephen-ross;https://www.linkedin.com/in/stephen-ross-4481953b;https://www.ncleg.gov/Members/Biography/H/812;https://www.ncleg.gov/Members/MemberTable/H,,,,,,,,,,,
ocd-person/d0af18d6-b4e1-4a9a-92f3-a6950961e953,Steve Jarvis,Republican,30,upper,Steve,Jarvis,Male,steve.jarvis@ncleg.gov,,1968-04-22,,https://www.ncleg.gov/Members/MemberImage/S/430/Low,https://www.ncleg.gov/Members/Biography/S/430;https://www.ncleg.gov/Members/Committees/S/430;https://www.ncleg.gov/Members/IntroducedBills/S/430;https://www.ncleg.gov/Members/Votes/S/430,https://ballotpedia.org/Steven_Jarvis_(North_Carolina);https://en.wikipedia.org/wiki/Steve_Jarvis;https://justfacts.votesmart.org/candidate/biography/155367/steve-jarvis;https://www.linkedin.com/in/jarvisconstruction;https://www.ncleg.gov/Members/Biography/S/430;https://www.ncleg.gov/Members/MemberTable/S,,,,,,,,,,,
ocd-person/e4c62004-8706-4984-acb1-0140967173f0,Steve Tyson,Republican,3,lower,Steve,Tyson,Male,steve.tyson@ncleg.gov,,,,https://www.ncleg.gov/Members/MemberImage/H/774/Low,https://www.ncleg.gov/Members/Biography/H/774;https://www.ncleg.gov/Members/Committees/H/774;https://www.ncleg.gov/Members/IntroducedBills/H/774;https://www.ncleg.gov/Members/Votes/H/774,https://ballotpedia.org/Steve_Tyson;https://en.wikipedia.org/wiki/Steve_Tyson;https://justfacts.votesmart.org/candidate/biography/92509/steve-tyson;https://www.linkedin.com/in/steve-tyson-8419b011;https://www.ncleg.gov/Members/Biography/H/774;https://www.ncleg.gov/Members/MemberTable/H,,,,,,,,,,,
ocd-person/f29f268e-5a29-4f49-8c5e-3fa19688f4a2,Sydney Batch,Democratic,17,upper,Sydney,Batch,Female,sydney.batch@ncleg.gov,,,,https://www.ncleg.gov/Members/MemberImage/S/434/Low,https://www.ncleg.gov/Members/Biography/S/434;https://www.ncleg.gov/Members/Committees/S/434;https://www.ncleg.gov/Members/IntroducedBills/S/434;https://www.ncleg.gov/Members/Votes/S/434,https://ballotpedia.org/Sydney_Batch;https://en.wikipedia.org/wiki/Sydney_Batch;https://justfacts.votesmart.org/candidate/biography/183405/sydney-batch;https://www.linkedin.com/in/sydney-batch-0260566;https://www.ncleg.gov/Members/Biography/S/434;https://www.ncleg.gov/Members/MemberTable/S,,,,,,,,,,,
ocd-person/b654a887-2eca-41f7-83ba-60044df0fc1c,Ted Davis,Republican,20,lower,Ted,Davis,Male,ted.davis@ncleg.gov,,1950-01-23,,https://www.ncleg.gov/Members/MemberImage/H/637/Low,https://www.ncleg.gov/Members/Biography/H/637;https://www.ncleg.gov/Members/Committees/H/637;https://www.ncleg.gov/Members/IntroducedBills/H/637;https://www.ncleg.gov/Members/Votes/H/637,"https://ballotpedia.org/Ted_Davis,_Jr.;https://en.wikipedia.org/wiki/Ted_Davis_Jr.;https://justfacts.votesmart.org/candidate/biography/136665/ted-davis-jr;https://www.ncleg.gov/Members/Biography/H/637;https://www.ncleg.gov/Members/MemberTable/H",,,,,,,,,,,
ocd-person/1ac38d5f-d089-4589-bcc4-bef1f1675956,Terry Brown,Democratic,92,lower,Terry,Brown,Male,terry.brown@ncleg.gov,,1987-06-08,,https://www.ncleg.gov/Members/MemberImage/H/783/Low,https://www.ncleg.gov/Members/Biography/H/783;https://www.ncleg.gov/Members/Committees/H/783;https://www.ncleg.gov/Members/IntroducedBills/H/783;https://www.ncleg.gov/Members/Votes/H/783,https://ballotpedia.org/Terry_Brown_Jr._(North_Carolina);https://en.wikipedia.org/wiki/Terry_M._Brown_Jr.;https://www.bipc.com/terry-m.-brown-jr;https://www.linkedin.com/in/terry-brown-jr;https://www.ncleg.gov/Members/Biography/H/783;https://www.ncleg.gov/Members/MemberTable/H,,,,,,,,,,,
ocd-person/20f45197-ec0c-4031-a889-2825bffb008a,Tim Moffitt,Republican,48,upper,Tim,Moffitt,Male,tim.moffitt@ncleg.gov,,,,https://www.ncleg.gov/Members/MemberImage/S/438/Low,https://www.ncleg.gov/Members/Biography/H/623;https://www.ncleg.gov/Members/Biography/S/438;https://www.ncleg.gov/Members/Committees/H/623;https://www.ncleg.gov/Members/Committees/S/438;https://www.ncleg.gov/Members/IntroducedBills/H/623;https://www.ncleg.gov/Members/IntroducedBills/S/438;https://www.ncleg.gov/Members/Votes/H/623;https://www.ncleg.gov/Members/Votes/S/438,https://ballotpedia.org/Timothy_Moffitt;https://en.wikipedia.org/wiki/Tim_Moffitt;https://justfacts.votesmart.org/candidate/biography/103082/tim-moffitt;https://www.linkedin.com/in/tim-moffitt-92399244;https://www.ncleg.gov/Members/Biography/H/623;https://www.ncleg.gov/Members/Biography/S/438;https://www.ncleg.gov/Members/MemberTable/H;https://www.ncleg.gov/Members/MemberTable/S,,,,,,,,,,,
ocd-person/1bc1818f-49fd-478a-affa-1f167adcfb51,Tim Longest,Democratic,34,lower,Tim,Longest,Male,tim.longest@ncleg.gov,,1991-05-14,,https://www.ncleg.gov/Members/MemberImage/H/818/Low,https://www.ncleg.gov/Members/Biography/H/818;https://www.ncleg.gov/Members/Committees/H/818;https://www.ncleg.gov/Members/IntroducedBills/H/818;https://www.ncleg.gov/Members/Votes/H/818,https://ballotpedia.org/Tim_Longest;https://en.wikipedia.org/wiki/Tim_Longest;https://www.linkedin.com/in/tim-longest-66889045;https://www.ncleg.gov/Members/Biography/H/818;https://www.ncleg.gov/Members/MemberTable/H,,,,,,,,,,,
ocd-person/f836e608-2d16-4792-bec5-0993fa2db3aa,Tim Reeder,Republican,9,lower,Tim,Reeder,Male,timothy.reeder@ncleg.gov,,,,https://www.ncleg.gov/Members/MemberImage/H/811/Low,https://www.ncleg.gov/Members/Biography/H/811;https://www.ncleg.gov/Members/Committees/H/811;https://www.ncleg.gov/Members/IntroducedBills/H/811;https://www.ncleg.gov/Members/Votes/H/811,https://ballotpedia.org/Timothy_Reeder;https://www.linkedin.com/in/tim-reeder-82292b89;https://www.ncleg.gov/Members/Biography/H/811;https://www.ncleg.gov/Members/MemberTable/H,,,,,,,,,,,
ocd-person/1a7c3ce0-97be-4601-895d-8300458a7e42,Todd Carver,Republican,95,lower,Todd,Carver,Male,todd.carver@ncleg.gov,,,,https://www.iredellfreenews.com/wp-content/uploads/2023/12/Todd-Carver.jpg.webp,https://www.ncleg.gov/Members/Biography/H/842,https://ballotpedia.org/Todd_Carver;https://www.ncleg.gov/Members/Biography/H/842,,,,,,,,,,,
ocd-person/37e615d5-0c02-488c-83e2-e6e6df5b8184,Todd Johnson,Republican,35,upper,Todd,Johnson,Male,todd.johnson@ncleg.gov,,,,https://www.ncleg.gov/Members/MemberImage/S/406/Low,https://www.ncleg.gov/Members/Biography/S/406;https://www.ncleg.gov/Members/Committees/S/406;https://www.ncleg.gov/Members/IntroducedBills/S/406;https://www.ncleg.gov/Members/Votes/S/406,https://ballotpedia.org/Todd_Johnson_(North_Carolina);https://en.wikipedia.org/wiki/Todd_Johnson_(politician);https://justfacts.votesmart.org/candidate/biography/133986/todd-johnson;https://www.linkedin.com/in/todd-johnson-96827138;https://www.ncleg.gov/Members/Biography/S/406;https://www.ncleg.gov/Members/MemberTable/S,,,,,,,,,,,
ocd-person/81a19cd2-9493-4b85-b92b-44df8777530e,Tom McInnis,Republican,21,upper,Tom,McInnis,Male,tom.mcinnis@ncleg.gov,,1954-04-16,,https://www.ncleg.gov/Members/MemberImage/S/389/Low,https://www.ncleg.gov/Members/Biography/S/389;https://www.ncleg.gov/Members/Committees/S/389;https://www.ncleg.gov/Members/IntroducedBills/S/389;https://www.ncleg.gov/Members/Votes/S/389,https://ballotpedia.org/Tom_McInnis;https://en.wikipedia.org/wiki/Tom_McInnis_(North_Carolina_politician);https://justfacts.votesmart.org/candidate/biography/149828/tom-mcinnis;https://www.linkedin.com/in/tom-mcinnis-37564b23;https://www.ncleg.gov/Members/Biography/S/389;https://www.ncleg.gov/Members/MemberTable/S,,,,,,,,,,,
ocd-person/47d80aae-1c7b-4330-96bd-76db7fe8b060,Tracy Clark,Democratic,57,lower,Tracy,Clark,Female,tracy.clark@ncleg.gov,,,,https://storage.googleapis.com/enview-public-general/legislative-people-photos/148017.jpg,https://www.ncleg.gov/Members/Biography/H/822,https://ballotpedia.org/Tracy_Clark;https://en.wikipedia.org/wiki/Tracy_Clark_(politician);https://tracyclarkfornc.com/about;https://tracyclarkfornc.com/about-me;https://www.linkedin.com/in/tracyboyerclark;https://www.ncleg.gov/Members/Biography/H/822,,,,,,,,,,,
ocd-person/6045737f-cc7a-4cf5-b7e6-12419deed77b,Tricia Cotham,Republican,105,lower,Tricia,Cotham,Female,tricia.cotham@ncleg.gov,,1978-11-26,,https://www.ncleg.gov/Members/MemberImage/H/817/Low,https://www.ncleg.gov/Members/Biography/H/817;https://www.ncleg.gov/Members/Committees/H/817;https://www.ncleg.gov/Members/IntroducedBills/H/817;https://www.ncleg.gov/Members/Votes/H/817,https://ballotpedia.org/Tricia_Cotham;https://en.wikipedia.org/wiki/Tricia_Cotham;https://www.linkedin.com/in/tricia-cotham-20b96a19;https://www.ncleg.gov/Members/Biography/H/817;https://www.ncleg.gov/Members/MemberTable/H,,,,,,,,,,,
ocd-person/1ba98521-ee10-414a-9cf0-8b389ad02ffe,Val Applewhite,Democratic,19,upper,Val,Applewhite,Female,val.applewhite@ncleg.gov,,,,https://www.ncleg.gov/Members/MemberImage/S/440/Low,https://www.ncleg.gov/Members/Biography/S/440;https://www.ncleg.gov/Members/Committees/S/440;https://www.ncleg.gov/Members/IntroducedBills/S/440;https://www.ncleg.gov/Members/Votes/S/440,https://ballotpedia.org/Val_Applewhite;https://en.wikipedia.org/wiki/Val_Applewhite;https://www.linkedin.com/in/councilwoman-val-applewhite-8989151b;https://www.ncleg.gov/Members/Biography/S/440;https://www.ncleg.gov/Members/MemberTable/S,,,,,,,,,,,
ocd-person/baca6c05-f6c5-4239-bf9b-c4f57001273d,Vernetta Alston,Democratic,29,lower,Vernetta,Alston,Female,vernetta.alston@ncleg.gov,,,,https://www.ncleg.gov/Members/MemberImage/H/765/Low,https://www.ncleg.gov/Members/Biography/H/765;https://www.ncleg.gov/Members/Committees/H/765;https://www.ncleg.gov/Members/IntroducedBills/H/765;https://www.ncleg.gov/Members/Votes/H/765,https://ballotpedia.org/Vernetta_Alston;https://en.wikipedia.org/wiki/Vernetta_Alston;https://www.linkedin.com/in/vernetta-alston-7b4b5ba3;https://www.ncleg.gov/Members/Biography/H/765;https://www.ncleg.gov/Members/MemberTable/H,,,,,,,,,,,
ocd-person/ece1f23b-841d-4145-9719-3807bf29f861,Vickie Sawyer,Republican,37,upper,Vickie,Sawyer,Female,vickie.sawyer@ncleg.gov,,,,https://www.ncleg.gov/Members/MemberImage/S/405/Low,https://www.ncleg.gov/Members/Biography/S/405;https://www.ncleg.gov/Members/Committees/S/405;https://www.ncleg.gov/Members/IntroducedBills/S/405;https://www.ncleg.gov/Members/Votes/S/405,https://ballotpedia.org/Vickie_Sawyer;https://en.wikipedia.org/wiki/Vickie_Sawyer;https://justfacts.votesmart.org/candidate/biography/178345/vickie-sawyer;https://www.linkedin.com/in/vickie-sawyer-62705647;https://www.ncleg.gov/Members/Biography/S/405;https://www.ncleg.gov/Members/MemberTable/S,,,,,,,,,,,
ocd-person/fe39f817-2024-401d-a0a8-3818ca22bdb1,Ted Alexander,Republican,44,upper,Ted,Alexander,Male,ted.alexander@ncleg.gov,,1960-08-14,,https://www.ncleg.gov/Members/MemberImage/S/416/Low,https://www.ncleg.gov/Members/Biography/S/416;https://www.ncleg.gov/Members/Committees/S/416;https://www.ncleg.gov/Members/IntroducedBills/S/416;https://www.ncleg.gov/Members/Votes/S/416,https://ballotpedia.org/Ted_Alexander;https://en.wikipedia.org/wiki/W._Ted_Alexander;https://justfacts.votesmart.org/candidate/biography/149801/ted-alexander-iii;https://www.ncleg.gov/Members/Biography/S/416;https://www.ncleg.gov/Members/MemberTable/S,,,,,,,,,,,
ocd-person/5397305f-16ba-460d-aa16-3bee6185299b,Warren Daniel,Republican,46,upper,Warren,Daniel,Male,warren.daniel@ncleg.gov,,1968-12-15,,https://www.ncleg.gov/Members/MemberImage/S/295/Low,https://www.ncleg.gov/Members/Biography/S/295;https://www.ncleg.gov/Members/Committees/S/295;https://www.ncleg.gov/Members/IntroducedBills/S/295;https://www.ncleg.gov/Members/Votes/S/295,https://ballotpedia.org/Warren_Daniel;https://en.wikipedia.org/wiki/Warren_Daniel;https://justfacts.votesmart.org/candidate/biography/117792/warren-daniel;https://www.linkedin.com/in/warren-daniel-91842a11;https://www.ncleg.gov/Members/Biography/S/295;https://www.ncleg.gov/Members/MemberTable/S,,,,,,,,,,,
ocd-person/5eadd1cd-7d46-448d-9608-2901b596b24f,William Brisson,Republican,22,lower,William,Brisson,Male,william.brisson@ncleg.gov,,1946-08-18,,https://www.ncleg.gov/Members/MemberImage/H/558/Low,https://www.ncleg.gov/Members/Biography/H/558;https://www.ncleg.gov/Members/Committees/H/558;https://www.ncleg.gov/Members/IntroducedBills/H/558;https://www.ncleg.gov/Members/Votes/H/558,https://ballotpedia.org/William_Brisson;https://en.wikipedia.org/wiki/William_Brisson;https://justfacts.votesmart.org/candidate/41187/william-brisson;https://www.ncleg.gov/Members/Biography/H/558;https://www.ncleg.gov/Members/MemberTable/H,,,,,,,,,,,
ocd-person/da2ebbae-4f50-4a95-927d-359ed2a9a42b,Woodson Bradley,Democratic,42,upper,Woodson,Bradley,Female,woodson.bradley@ncleg.gov,,1973-02-05,,https://s3.amazonaws.com/ballotpedia-api4/files/thumbs/200/300/Woodson_Bradley_20240820_013503.jpg,https://www.ncleg.gov/Members/Biography/S/454,https://ballotpedia.org/Woodson_Bradley;https://en.wikipedia.org/wiki/Woodson_Bradley;https://www.linkedin.com/in/woodson-bradley-107288268;https://www.ncleg.gov/Members/Biography/S/454;https://www.woodsonbradley.com/biography,,,,,,,,,,,
ocd-person/89065b80-ca15-43b3-bbe5-c7bb5e3a3843,Wyatt Gable,Republican,14,lower,Wyatt,Gable,Male,wyatt.gable@ncleg.gov,,,,https://images.squarespace-cdn.com/content/v1/6555362b58434b0824932281/15739355-3436-4410-b02c-ed4d63322f69/untitled-7317.jpg,https://www.ncleg.gov/Members/Biography/H/837,https://ballotpedia.org/Wyatt_Gable;https://en.wikipedia.org/wiki/Wyatt_Gable;https://www.ncleg.gov/Members/Biography/H/837,,,,,,,,,,,
ocd-person/d48b59a1-cf27-438e-8a25-2f8f179992f2,Ya Liu,Democratic,21,lower,Ya,Liu,Female,ya.liu@ncleg.gov,,,,https://www.ncleg.gov/Members/MemberImage/H/806/Low,https://www.ncleg.gov/Members/Biography/H/806;https://www.ncleg.gov/Members/Committees/H/806;https://www.ncleg.gov/Members/IntroducedBills/H/806;https://www.ncleg.gov/Members/Votes/H/806,https://ballotpedia.org/Ya_Liu;https://en.wikipedia.org/wiki/Ya_Liu;https://www.ncleg.gov/Members/Biography/H/806;https://www.ncleg.gov/Members/MemberTable/H;https://yaliu4nc.com/meet-ya,,,,,,,,,,,
ocd-person/6dea5a89-20c8-4370-94c2-0dac7fe29d77,Zack Hawkins,Democratic,31,lower,Zack,Hawkins,Male,zack.hawkins@ncleg.gov,,1979-05-08,,https://www.ncleg.gov/Members/MemberImage/H/742/Low,https://www.ncleg.gov/Members/Biography/H/742;https://www.ncleg.gov/Members/Committees/H/742;https://www.ncleg.gov/Members/IntroducedBills/H/742;https://www.ncleg.gov/Members/Votes/H/742,https://ballotpedia.org/Zack_Forde-Hawkins;https://ballotpedia.org/Zack_Hawkins;https://en.wikipedia.org/wiki/Zack_Forde-Hawkins;https://www.linkedin.com/in/zack-hawkins-945b474;https://www.ncleg.gov/Members/Biography/H/742;https://www.ncleg.gov/Members/MemberTable/H,,,,,,,,,,,
