id,name,current_party,current_district,current_chamber,given_name,family_name,gender,email,biography,birth_date,death_date,image,links,sources,capitol_address,capitol_voice,capitol_fax,district_address,district_voice,district_fax,twitter,youtube,instagram,facebook,wikidata
ocd-person/e60aed5e-cbb4-4b27-ab1b-2ce1dd787dac,Aboul Khan,Republican,Rockingham 30,lower,Aboul,Khan,Male,aboul.khan@gc.nh.gov,,1960-03-01,,https://s3.amazonaws.com/ballotpedia-api4/files/thumbs/200/300/AboulKhan.jpg,https://gc.nh.gov/house/members/member.aspx?pid=736;https://gencourt.state.nh.us/downloads/Members.txt;https://gencourt.state.nh.us/house/members/member.aspx?pid=736;https://www.gencourt.state.nh.us/downloads/Members.txt;https://www.gencourt.state.nh.us/house/members/member.aspx?pid=736,https://ballotpedia.org/Aboul_Khan;https://en.wikipedia.org/wiki/Aboul_Khan;https://gc.nh.gov/house/members/member.aspx?pid=736;https://gencourt.state.nh.us/downloads/Members.txt;https://gencourt.state.nh.us/downloads/members.txt;https://gencourt.state.nh.us/house/members/member.aspx?pid=736;https://justfacts.votesmart.org/candidate/141938/aboul-khan;https://justfacts.votesmart.org/candidate/biography/141938/aboul-khan;https://www.gencourt.state.nh.us/downloads/Members.txt;https://www.gencourt.state.nh.us/house/members/member.aspx?member=377130;https://www.gencourt.state.nh.us/house/members/member.aspx?pid=736,,,,,,,,,,,
ocd-person/e6d39a32-9602-4a87-905b-a86eeefe9ae1,Adam Presa,Republican,Hillsborough 12,lower,Adam,Presa,Male,adam.presa@gc.nh.gov,,2002-06-23,,https://s3.amazonaws.com/ballotpedia-api4/files/thumbs/200/300/Adam_Presa_20240808_092147.jpg,https://gc.nh.gov/house/members/member.aspx?pid=11346;https://gencourt.state.nh.us/house/members/member.aspx?pid=11346,https://ballotpedia.org/Adam_Presa;https://en.wikipedia.org/wiki/Adam_Presa;https://gc.nh.gov/house/members/member.aspx?pid=11346;https://gencourt.state.nh.us/house/members/member.aspx?pid=11346;https://justfacts.votesmart.org/candidate/218977/adam-presa;https://www.linkedin.com/in/adam-presa-424566189,,,,,,,,,,,
ocd-person/540cbe60-cc65-4ff6-8c78-5d54488e5ed8,Aidan Ankarberg,Independent,Strafford 7,lower,Aidan,Ankarberg,Male,aidan.ankarberg@gc.nh.gov,,,,https://www.citizenscount.org/sites/default/files/styles/profile_140x176/public/2020-07/AidanAnkarberg.png?itok=Uh6Qy1u1,https://gc.nh.gov/house/members/member.aspx?pid=9947;https://gencourt.state.nh.us/downloads/Members.txt;https://gencourt.state.nh.us/house/members/member.aspx?pid=9947;https://www.aidannh.com/;https://www.gencourt.state.nh.us/house/members/member.aspx?pid=9947,https://ballotpedia.org/Aidan_K._Ankarberg;https://en.wikipedia.org/wiki/Aidan_Ankarberg;https://gc.nh.gov/house/members/member.aspx?pid=9947;https://gencourt.state.nh.us/downloads/Members.txt;https://gencourt.state.nh.us/downloads/members.txt;https://gencourt.state.nh.us/house/members/member.aspx?pid=9947;https://justfacts.votesmart.org/candidate/143473/aidan-ankarberg;https://www.aidannh.com;https://www.gencourt.state.nh.us/house/members/member.aspx?pid=9947,,,,,,,,,,,
ocd-person/3ab49eaa-77a6-4e6e-85a5-24812e78ae7a,Alexis Simpson,Democratic,Rockingham 33,lower,Alexis,Simpson,Female,alexis.simpson@gc.nh.gov,,,,https://storage.googleapis.com/enview-dev-public-general/legislative-people-photos/50343.jpg,https://gc.nh.gov/house/members/member.aspx?pid=904;https://gencourt.state.nh.us/downloads/Members.txt;https://gencourt.state.nh.us/house/members/member.aspx?pid=904;https://www.gencourt.state.nh.us/house/members/member.aspx?member=377314;https://www.gencourt.state.nh.us/house/members/member.aspx?pid=904,https://ballotpedia.org/Alexis_Simpson;https://en.wikipedia.org/wiki/Alexis_Simpson;https://gc.nh.gov/house/members/member.aspx?pid=904;https://gencourt.state.nh.us/downloads/Members.txt;https://gencourt.state.nh.us/downloads/members.txt;https://gencourt.state.nh.us/house/members/member.aspx?pid=904;https://justfacts.votesmart.org/candidate/biography/154348/alexis-simpson;https://www.gencourt.state.nh.us/house/members/member.aspx?member=377314;https://www.gencourt.state.nh.us/house/members/member.aspx?pid=904;https://www.linkedin.com/in/alexis-simpson-705630133,,,,,,,,,,,
ocd-person/ef4b9cee-5a72-452c-8720-a59d5d5ca9ef,Alice Wade,Democratic,Strafford 15,lower,Alice,Wade,Female,alice.wade@gc.nh.gov,,,,https://s3.amazonaws.com/ballotpedia-api4/files/thumbs/200/300/Alice_Wade_20240830_102929.jpg,https://gc.nh.gov/house/members/member.aspx?pid=11286;https://gencourt.state.nh.us/house/members/member.aspx?pid=11286,https://ballotpedia.org/Alice_Wade;https://en.wikipedia.org/wiki/Alice_Wade;https://gc.nh.gov/house/members/member.aspx?pid=11286;https://gencourt.state.nh.us/house/members/member.aspx?pid=11286;https://justfacts.votesmart.org/candidate/biography/219229/alice-wade;https://www.linkedin.com/in/alice-wade-nh,,,,,,,,,,,
ocd-person/36eee284-6fc9-4b03-9b5c-012b5fdd6995,Alicia Gregg,Democratic,Hillsborough 7,lower,Alicia,Gregg,Female,alicia.gregg@gc.nh.gov,,,,https://www.citizenscount.org/sites/default/files/styles/profile_140x176/public/2022-07/Alicia-Gregg.jpg,https://gc.nh.gov/house/members/member.aspx?pid=10781;https://www.gencourt.state.nh.us/house/members/member.aspx?pid=10781,https://ballotpedia.org/Alicia_Gregg;https://en.wikipedia.org/wiki/Alicia_Gregg;https://gc.nh.gov/house/members/member.aspx?pid=10781;https://justfacts.votesmart.org/candidate/208808/alicia-gregg;https://survivingtheundertow.com;https://www.gencourt.state.nh.us/house/members/member.aspx?pid=10781;https://www.linkedin.com/in/alicia-gregg-19661024a;https://www.linkedin.com/in/alicia-gregg-4aa0aa26b,,,,,,,,,,,
ocd-person/f809a410-5a03-4ebc-a0ab-32507705c479,Alissandra Murray,Democratic,Hillsborough 20,lower,Alissandra,Murray,X,alissandra.murray@gc.nh.gov,,,,https://www.citizenscount.org/sites/default/files/styles/profile_140x176/public/2022-08/alissandra-murray.jpg?itok=4aFp3Ai9,https://gc.nh.gov/house/members/member.aspx?pid=10799;https://www.gencourt.state.nh.us/house/members/member.aspx?pid=10799,https://ballotpedia.org/Alissandra_Murray;https://en.wikipedia.org/wiki/Alissandra_Murray;https://gc.nh.gov/house/members/member.aspx?pid=10799;https://justfacts.votesmart.org/candidate/208825/alissandra-murray;https://www.gencourt.state.nh.us/house/members/member.aspx?pid=10799;https://www.linkedin.com/in/alissandra-rodr%C3%ADguez-murray-aa46b1231,,,,,,,,,,,
ocd-person/69b94b6a-d5d5-430b-a4b9-c62c8414cb75,Allan Howland,Democratic,Strafford 20,lower,Allan,Howland,Male,allan.howland@gc.nh.gov,,,,https://www.ci.durham.nh.us/sites/default/files/styles/full_node_primary/public/imageattachments/administration/page/19301/allan_howland_2_-_town_council.jpg,https://gc.nh.gov/house/members/member.aspx?pid=10903;https://www.gencourt.state.nh.us/house/members/member.aspx?pid=10903,https://ballotpedia.org/Allan_Howland;https://en.wikipedia.org/wiki/Allan_Howland;https://gc.nh.gov/house/members/member.aspx?pid=10903;https://justfacts.votesmart.org/candidate/biography/208958/allan-howland;https://www.gencourt.state.nh.us/house/members/member.aspx?pid=10903,,,,,,,,,,,
ocd-person/0bc83772-75ee-453c-868c-8d2a034788b1,Allison Knab,Democratic,Rockingham 12,lower,Allison,Knab,Female,allison.knab@gc.nh.gov,,,,https://storage.googleapis.com/enview-dev-public-general/legislative-people-photos/123185.jpg,https://gc.nh.gov/house/members/member.aspx?pid=10856;https://www.gencourt.state.nh.us/house/members/member.aspx?pid=10856,https://ballotpedia.org/Allison_Knab;https://en.wikipedia.org/wiki/Allison_Knab;https://gc.nh.gov/house/members/member.aspx?pid=10856;https://justfacts.votesmart.org/candidate/208915/allison-knab;https://www.gencourt.state.nh.us/house/members/member.aspx?pid=10856;https://www.linkedin.com/in/allison-knab-24834350,,,,,,,,,,,
ocd-person/e3a1815a-a84c-4bd1-9e20-b73b07d2576f,Alvin See,Republican,Merrimack 26,lower,Alvin,See,Male,alvin.see@gc.nh.gov,,,,https://andoverbeacon.com/wp-content/uploads/2022/10/010-Town-News-News-Candidate-State-Rep-Merr-26-Rep-See-Photo-1-e1666301578915-577x1024.jpg,https://gc.nh.gov/house/members/member.aspx?pid=10682;https://www.gencourt.state.nh.us/house/members/member.aspx?pid=10682,https://ballotpedia.org/Alvin_See;https://en.wikipedia.org/wiki/Alvin_See;https://gc.nh.gov/house/members/member.aspx?pid=10682;https://justfacts.votesmart.org/candidate/biography/209188/alvin-see;https://www.gencourt.state.nh.us/house/members/member.aspx?pid=10682,,,,,,,,,,,
ocd-person/47ad413d-8b61-4b5b-8be6-9c999fb1a682,Amy Malone,Democratic,Strafford 9,lower,Amy,Malone,Female,amy.malone@gc.nh.gov,,,,https://straffordcountydemocraticcommittee.org/wp-content/uploads/2024/08/Amy-Malone-NH-candidate-300x300.jpg,https://gc.nh.gov/house/members/member.aspx?pid=11278;https://gencourt.state.nh.us/house/members/member.aspx?pid=11278,https://ballotpedia.org/Amy_Malone;https://en.wikipedia.org/wiki/Amy_Malone;https://gc.nh.gov/house/members/member.aspx?pid=11278;https://gencourt.state.nh.us/house/members/member.aspx?pid=11278;https://justfacts.votesmart.org/candidate/biography/219222/amy-malone;https://www.linkedin.com/in/amymalone78,,,,,,,,,,,
ocd-person/da5fb901-d16d-430f-b5cb-7ab556f8d4ee,Andrew Prout,Republican,Hillsborough 13,lower,Andrew,Prout,Male,andrew.prout@gc.nh.gov,,,,https://storage.googleapis.com/enview-dev-public-general/legislative-people-photos/59343.jpg,https://gc.nh.gov/house/members/member.aspx?member=408359;https://gencourt.state.nh.us/downloads/Members.txt;https://www.gencourt.state.nh.us/downloads/Members.txt;https://www.gencourt.state.nh.us/house/members/member.aspx?member=408359;https://www.gencourt.state.nh.us/house/members/member.aspx?pid=8359,https://ballotpedia.org/Andrew_Prout;https://en.wikipedia.org/wiki/Andrew_Prout;https://gc.nh.gov/house/members/member.aspx?member=408359;https://gencourt.state.nh.us/downloads/Members.txt;https://gencourt.state.nh.us/downloads/members.txt;https://justfacts.votesmart.org/candidate/biography/172342/andrew-prout;https://www.gencourt.state.nh.us/downloads/Members.txt;https://www.gencourt.state.nh.us/house/members/member.aspx?member=408359;https://www.gencourt.state.nh.us/house/members/member.aspx?pid=8359;https://www.linkedin.com/in/ajprout,,,,,,,,,,,
ocd-person/a028512b-5d61-4d23-9e28-dec7038577d6,Anita Burroughs,Democratic,Carroll 2,lower,Anita,Burroughs,Female,anita.burroughs@gc.nh.gov,,,,https://storage.googleapis.com/enview-dev-public-general/legislative-people-photos/73100.jpg,https://gc.nh.gov/house/members/member.aspx?member=408822;https://gencourt.state.nh.us/downloads/Members.txt;https://gencourt.state.nh.us/house/members/member.aspx?member=408822;https://www.gencourt.state.nh.us/downloads/Members.txt;https://www.gencourt.state.nh.us/house/members/member.aspx?pid=9044,https://ballotpedia.org/Anita_Burroughs;https://en.wikipedia.org/wiki/Anita_Burroughs;https://gc.nh.gov/house/members/member.aspx?member=408822;https://gencourt.state.nh.us/downloads/Members.txt;https://gencourt.state.nh.us/downloads/members.txt;https://gencourt.state.nh.us/house/members/member.aspx?member=408822;https://justfacts.votesmart.org/candidate/biography/185226/anita-burroughs;https://www.gencourt.state.nh.us/downloads/Members.txt;https://www.gencourt.state.nh.us/house/members/member.aspx?member=408822;https://www.gencourt.state.nh.us/house/members/member.aspx?pid=9044;https://www.linkedin.com/in/anitadburroughs,,,,,,,,,,,
ocd-person/4f07f5aa-c410-481b-b570-36ae37d64e24,Arnie Davis,Republican,Coos 2,lower,Arnie,Davis,Male,arnold.davis@gc.nh.gov,,,,https://storage.googleapis.com/enview-dev-public-general/legislative-people-photos/126565.jpg,https://gc.nh.gov/house/members/member.aspx?pid=9882;https://gencourt.state.nh.us/downloads/Members.txt;https://gencourt.state.nh.us/house/members/member.aspx?pid=9882;https://www.gencourt.state.nh.us/house/members/member.aspx?pid=9882,https://ballotpedia.org/Arnold_Davis;https://en.wikipedia.org/wiki/Arnold_Davis_(politician);https://gc.nh.gov/house/members/member.aspx?pid=9882;https://gencourt.state.nh.us/downloads/Members.txt;https://gencourt.state.nh.us/downloads/members.txt;https://gencourt.state.nh.us/house/members/member.aspx?pid=9882;https://justfacts.votesmart.org/candidate/biography/194758/arnold-davis;https://www.gencourt.state.nh.us/house/members/member.aspx?pid=9882,,,,,,,,,,,
ocd-person/3e0ee111-2332-4742-b073-a23cc37a8b51,Barbara Comtois,Republican,Belknap 7,lower,Barbara,Comtois,Female,barbara.comtois@gc.nh.gov,,,,https://storage.googleapis.com/enview-dev-public-general/legislative-people-photos/60988.jpg,https://gc.nh.gov/house/members/member.aspx?member=408274;https://gencourt.state.nh.us/downloads/Members.txt;https://gencourt.state.nh.us/house/members/member.aspx?member=408274;https://www.gencourt.state.nh.us/downloads/Members.txt;https://www.gencourt.state.nh.us/house/members/member.aspx?pid=8274,https://ballotpedia.org/Barbara_Comtois;https://gc.nh.gov/house/members/member.aspx?member=408274;https://gencourt.state.nh.us/downloads/Members.txt;https://gencourt.state.nh.us/downloads/members.txt;https://gencourt.state.nh.us/house/members/member.aspx?member=408274;https://justfacts.votesmart.org/candidate/biography/172408/barbara-comtois;https://www.gencourt.state.nh.us/downloads/Members.txt;https://www.gencourt.state.nh.us/house/members/member.aspx?member=408274;https://www.gencourt.state.nh.us/house/members/member.aspx?pid=8274,,,,,,,,,,,
ocd-person/a8bcce41-eef2-4b18-b99f-8bb34c7f94ea,Barry Faulkner,Democratic,Cheshire 10,lower,Barry,Faulkner,Male,fbfaulkner@outlook.com,,,,https://storage.googleapis.com/enview-dev-public-general/legislative-people-photos/59156.jpg,https://gc.nh.gov/house/members/member.aspx?member=407628;https://gencourt.state.nh.us/downloads/Members.txt;https://gencourt.state.nh.us/house/members/member.aspx?member=407628;https://www.gencourt.state.nh.us/downloads/Members.txt;https://www.gencourt.state.nh.us/house/members/member.aspx?pid=7628,https://ballotpedia.org/F._Barrett_Faulkner;https://bcmenvirolaw.com/about-the-firm/f-barrett-faulkner;https://gc.nh.gov/house/members/member.aspx?member=407628;https://gencourt.state.nh.us/downloads/Members.txt;https://gencourt.state.nh.us/downloads/members.txt;https://gencourt.state.nh.us/house/members/member.aspx?member=407628;https://www.gencourt.state.nh.us/downloads/Members.txt;https://www.gencourt.state.nh.us/house/members/member.aspx?member=407628;https://www.gencourt.state.nh.us/house/members/member.aspx?pid=7628;https://www.linkedin.com/in/barry-faulkner-7531432b,,,,,,,,,,,
ocd-person/49453d65-a175-4c22-bc1f-878d02ea3d45,Beth Richards,Democratic,Merrimack 17,lower,Beth,Richards,Female,bethrichardsforward3@gmail.com,,,,https://storage.googleapis.com/enview-dev-public-general/legislative-people-photos/59313.jpg,https://gc.nh.gov/house/members/member.aspx?member=408564;https://gencourt.state.nh.us/downloads/Members.txt;https://www.gencourt.state.nh.us/downloads/Members.txt;https://www.gencourt.state.nh.us/house/members/member.aspx?member=408564;https://www.gencourt.state.nh.us/house/members/member.aspx?pid=8564,https://ballotpedia.org/Beth_Richards;https://en.wikipedia.org/wiki/Beth_Richards;https://gc.nh.gov/house/members/member.aspx?member=408564;https://gencourt.state.nh.us/downloads/Members.txt;https://gencourt.state.nh.us/downloads/members.txt;https://justfacts.votesmart.org/candidate/biography/172705/beth-richards;https://www.gencourt.state.nh.us/downloads/Members.txt;https://www.gencourt.state.nh.us/house/members/member.aspx?member=408564;https://www.gencourt.state.nh.us/house/members/member.aspx?pid=8564;https://www.linkedin.com/in/beth-richards-54396a,,,,,,,,,,,
ocd-person/6f592f37-cac8-4bf0-b12c-3a86f9b444dc,Bill Boyd,Republican,Hillsborough 12,lower,Bill,Boyd,Male,bill.boyd@gc.nh.gov,,,,https://storage.googleapis.com/enview-dev-public-general/legislative-people-photos/110859.jpg,https://gc.nh.gov/house/members/member.aspx?pid=10347;https://gencourt.state.nh.us/house/members/member.aspx?pid=10347;https://www.gencourt.state.nh.us/house/members/member.aspx?pid=10347,https://ballotpedia.org/Bill_Boyd_(New_Hampshire);https://en.wikipedia.org/wiki/William_Boyd_III;https://gc.nh.gov/house/members/member.aspx?pid=10347;https://gencourt.state.nh.us/downloads/members.txt;https://gencourt.state.nh.us/house/members/default.aspx;https://gencourt.state.nh.us/house/members/member.aspx?pid=10347;https://justfacts.votesmart.org/candidate/195705/bill-boyd;https://www.gencourt.state.nh.us/house/members/member.aspx?pid=10347;https://www.linkedin.com/in/bill-boyd-11941b1,,,,,,,,,,,
ocd-person/d3c437bd-532d-458b-961f-4f6dccec1e4b,Bill Gannon,Republican,23,upper,Bill,Gannon,Male,william.gannon@gc.nh.gov,,,,https://storage.googleapis.com/enview-dev-public-general/legislative-people-photos/49858.jpg,https://gc.nh.gov/Senate/members/webpages/district23.aspx;https://gencourt.state.nh.us/downloads/Members.txt;https://gencourt.state.nh.us/Senate/members/webpages/district23.aspx;https://www.gencourt.state.nh.us/Senate/members/webpages/district23.aspx,https://ballotpedia.org/William_Gannon;https://en.wikipedia.org/wiki/Bill_Gannon_(New_Hampshire_politician);https://gc.nh.gov/Senate/members/webpages/district23.aspx;https://gencourt.state.nh.us/downloads/Members.txt;https://gencourt.state.nh.us/downloads/members.txt;https://gencourt.state.nh.us/Senate/members/webpages/district23.aspx;https://justfacts.votesmart.org/candidate/biography/154540/william-gannon;https://www.gencourt.state.nh.us/Senate/members/webpages/district23.aspx;https://www.linkedin.com/in/william-gannon-bb924646,,,,,,,,,,,
ocd-person/9839219c-e885-4957-99e8-01ebb78583de,Bill Ohm,Republican,Hillsborough 10,lower,Bill,Ohm,Male,bill.ohm@gc.nh.gov,,1947-01-06,,http://www.gencourt.state.nh.us/house/images/memberpics/376994.jpg,https://gc.nh.gov/house/members/member.aspx?pid=968;https://gencourt.state.nh.us/house/members/member.aspx?pid=968;https://www.gencourt.state.nh.us/downloads/Members.txt,https://ballotpedia.org/Bill_Ohm;https://billohm.com;https://en.wikipedia.org/wiki/Bill_Ohm;https://gc.nh.gov/house/members/member.aspx?pid=968;https://gencourt.state.nh.us/house/members/member.aspx?pid=968;https://justfacts.votesmart.org/candidate/122823/bill-ohm;https://www.gencourt.state.nh.us/downloads/Members.txt;https://www.gencourt.state.nh.us/house/members/member.aspx?member=376994,,,,,,,,,,,
ocd-person/6d4386a3-50ff-437f-bf9e-50faea1fd774,Bill Bolton,Democratic,Grafton 8,lower,Bill,Bolton,Male,bill.bolton@gc.nh.gov,,,,https://storage.googleapis.com/enview-dev-public-general/legislative-people-photos/123173.jpg,https://gc.nh.gov/house/members/member.aspx?pid=10765;https://www.gencourt.state.nh.us/house/members/member.aspx?pid=10765,https://ballotpedia.org/Bill_Bolton_(New_Hampshire);https://en.wikipedia.org/wiki/Bill_Bolton_(politician);https://gc.nh.gov/house/members/member.aspx?pid=10765;https://justfacts.votesmart.org/candidate/biography/185200/bill-bolton;https://www.gencourt.state.nh.us/house/members/member.aspx?pid=10765;https://www.linkedin.com/in/william-bolton-8bb24711,,,,,,,,,,,
ocd-person/1c179bc8-d192-44c1-aed6-4801e9d6b338,Billie Butler,Democratic,Strafford 12,lower,Billie,Butler,X,,,,,https://www.fosters.com/gcdn/authoring/authoring-images/2025/06/11/NFDD/84151476007-billie-1.jpg?width=660&height=495&fit=crop&format=pjpg&auto=webp,https://gc.nh.gov/house/members/member.aspx?pid=11524,https://ballotpedia.org/Billie_Butler;https://en.wikipedia.org/wiki/Billie_Butler;https://gc.nh.gov/house/members/member.aspx?pid=11524;https://justfacts.votesmart.org/candidate/biography/221861/billie-butler;https://www.linkedin.com/in/billiebutler,,,,,,,,,,,
ocd-person/ce46c52e-8598-4888-8a1f-d16b283a7238,Bob Lynn,Republican,Rockingham 17,lower,Bob,Lynn,Male,rjlynn4@gmail.com,,1949-08-26,,https://upload.wikimedia.org/wikipedia/commons/4/42/Robert_J._Lynn.png,https://gc.nh.gov/house/members/member.aspx?pid=9937;https://gencourt.state.nh.us/house/members/member.aspx?pid=9937;https://www.gencourt.state.nh.us/house/members/member.aspx?pid=9937,https://ballotpedia.org/Robert_J._Lynn;https://en.wikipedia.org/wiki/Robert_J._Lynn_(New_Hampshire_judge);https://gc.nh.gov/house/members/member.aspx?pid=9937;https://gencourt.state.nh.us/downloads/Members.txt;https://gencourt.state.nh.us/downloads/members.txt;https://gencourt.state.nh.us/house/members/member.aspx?pid=9937;https://justfacts.votesmart.org/candidate/biography/128464/robert-lynn;https://www.gencourt.state.nh.us/house/members/member.aspx?pid=9937,,,,,,,,,,,
ocd-person/4dadf712-9f7e-4120-bd9a-455bf619f757,Bobbi Boudman,Democratic,Carroll 7,lower,Bobbi,Boudman,Female,bobbi.boudman@gc.nh.gov,,,,https://s3.amazonaws.com/ballotpedia-api4/files/thumbs/200/300/Bobbi_Boudman.jpeg,https://gc.nh.gov/house/members/member.aspx?pid=10746,https://ballotpedia.org/Bobbi_Boudman;https://en.wikipedia.org/wiki/Bobbi_Boudman;https://gc.nh.gov/house/members/member.aspx?pid=10746,,,,,,,,,,,
ocd-person/e0dbb769-2677-4939-adc5-e1d2b253150f,Brian Cole,Republican,Hillsborough 26,lower,Brian,Cole,Male,brian.cole@gc.nh.gov,,,,https://storage.googleapis.com/enview-dev-public-general/legislative-people-photos/123198.jpg,https://gc.nh.gov/house/members/member.aspx?pid=7267;https://www.gencourt.state.nh.us/house/members/member.aspx?pid=7267,https://ballotpedia.org/Brian_D._Cole;https://en.wikipedia.org/wiki/Brian_Cole_(politician);https://gc.nh.gov/house/members/member.aspx?pid=7267;https://justfacts.votesmart.org/candidate/141881/brian-cole;https://www.gencourt.state.nh.us/house/members/member.aspx?pid=7267,,,,,,,,,,,
ocd-person/a04ceb08-3ec9-43b6-87d2-014313ada4a1,Brian Labrie,Republican,Hillsborough 2,lower,Brian,Labrie,Male,brian.labrie@gc.nh.gov,,1973-02-25,,https://www.citizenscount.org/sites/default/files/2024-06/brian-labrie.jpg,https://gc.nh.gov/house/members/member.aspx?pid=11336;https://gencourt.state.nh.us/house/members/member.aspx?pid=11336,https://ballotpedia.org/Brian_Labrie;https://en.wikipedia.org/wiki/Brian_Labrie;https://gc.nh.gov/house/members/member.aspx?pid=11336;https://gencourt.state.nh.us/house/members/member.aspx?pid=11336;https://justfacts.votesmart.org/candidate/biography/218925/brian-labrie;https://www.linkedin.com/in/bhlabrie,,,,,,,,,,,
ocd-person/4c78e7fc-43a2-467b-abe3-6ba04ad8853e,Brian Sullivan,Democratic,Sullivan 1,lower,Brian,Sullivan,Male,brian.sullivan@gc.nh.gov,,,,https://storage.googleapis.com/enview-dev-public-general/legislative-people-photos/65687.jpg,https://gc.nh.gov/house/members/member.aspx?member=408813;https://gencourt.state.nh.us/downloads/Members.txt;https://gencourt.state.nh.us/house/members/member.aspx?member=408813;https://www.gencourt.state.nh.us/downloads/Members.txt;https://www.gencourt.state.nh.us/house/members/member.aspx?pid=8986,https://ballotpedia.org/Brian_Sullivan_(New_Hampshire);https://en.wikipedia.org/wiki/Brian_Sullivan_(New_Hampshire_politician);https://gc.nh.gov/house/members/member.aspx?member=408813;https://gencourt.state.nh.us/downloads/Members.txt;https://gencourt.state.nh.us/downloads/members.txt;https://gencourt.state.nh.us/house/members/member.aspx?member=408813;https://justfacts.votesmart.org/candidate/biography/176610/brian-sullivan;https://www.gencourt.state.nh.us/downloads/Members.txt;https://www.gencourt.state.nh.us/house/members/member.aspx?member=408813;https://www.gencourt.state.nh.us/house/members/member.aspx?pid=8986;https://www.linkedin.com/in/briansullivannh,,,,,,,,,,,
ocd-person/c8d8a204-038c-4544-ad17-e12a5af19cd6,Brian Nadeau,Republican,Rockingham 4,lower,Brian,Nadeau,Male,brian.nadeau@gc.nh.gov,,,,https://www.citizenscount.org/sites/default/files/styles/profile_140x176/public/2024-06/brian-nadeau.jpg?itok=ChJ32l1Z,https://gc.nh.gov/house/members/member.aspx?pid=11396;https://gencourt.state.nh.us/house/members/member.aspx?pid=11396,https://ballotpedia.org/Brian_Nadeau;https://en.wikipedia.org/wiki/Brian_Nadeau;https://gc.nh.gov/house/members/member.aspx?pid=11396;https://gencourt.state.nh.us/house/members/member.aspx?pid=11396;https://justfacts.votesmart.org/candidate/biography/219190/brian-nadeau,,,,,,,,,,,
ocd-person/b12abcbf-fbbe-4464-854e-6960b024e62a,Brian Seaworth,Republican,Merrimack 12,lower,Brian,Seaworth,Male,brian.seaworth@gc.nh.gov,,,,https://storage.googleapis.com/enview-dev-public-general/legislative-people-photos/50176.jpg,https://gc.nh.gov/house/members/member.aspx?member=377023;https://gencourt.state.nh.us/downloads/Members.txt;https://www.gencourt.state.nh.us/downloads/Members.txt;https://www.gencourt.state.nh.us/house/members/member.aspx?member=377023;https://www.gencourt.state.nh.us/house/members/member.aspx?pid=944,https://ballotpedia.org/Brian_Seaworth;https://en.wikipedia.org/wiki/Brian_Seaworth;https://gc.nh.gov/house/members/member.aspx?member=377023;https://gencourt.state.nh.us/downloads/Members.txt;https://gencourt.state.nh.us/downloads/members.txt;https://justfacts.votesmart.org/candidate/biography/109936/brian-seaworth;https://www.brianseaworth.org/bio.html;https://www.gencourt.state.nh.us/downloads/Members.txt;https://www.gencourt.state.nh.us/house/members/member.aspx?member=377023;https://www.gencourt.state.nh.us/house/members/member.aspx?pid=944;https://www.linkedin.com/in/brian-seaworth-5761b0,,,,,,,,,,,
ocd-person/8297edd2-5298-4cef-b2ab-75d4f9fa5a31,Brian Taylor,Republican,Carroll 8,lower,Brian,Taylor,Male,brian.taylor@gc.nh.gov,,,,https://s3.amazonaws.com/ballotpedia-api4/files/thumbs/200/300/Brian_Taylor_20240808_094119.jpeg,https://gc.nh.gov/house/members/member.aspx?pid=11314;https://gencourt.state.nh.us/house/members/member.aspx?pid=11314,https://ballotpedia.org/Brian_R._Taylor;https://en.wikipedia.org/wiki/Brian_R._Taylor;https://gc.nh.gov/house/members/member.aspx?pid=11314;https://gencourt.state.nh.us/house/members/member.aspx?pid=11314;https://justfacts.votesmart.org/candidate/biography/219930/brian-taylor;https://www.linkedin.com/in/brian-taylor-b07927329,,,,,,,,,,,
ocd-person/cee0d2c5-0580-4fa6-bc84-43fa5f54144f,Bryan Morse,Republican,Merrimack 3,lower,Bryan,Morse,Male,bryan.morse@gc.nh.gov,,1993-07-20,,https://www.citizenscount.org/sites/default/files/styles/profile_140x176/public/2024-08/bryan-morse.png?itok=jhaX2zXa,https://gc.nh.gov/house/members/member.aspx?pid=11378;https://gencourt.state.nh.us/house/members/member.aspx?pid=11378,https://ballotpedia.org/Bryan_Morse;https://en.wikipedia.org/wiki/Bryan_Morse_(politician);https://gc.nh.gov/house/members/member.aspx?pid=11378;https://gencourt.state.nh.us/house/members/member.aspx?pid=11378;https://justfacts.votesmart.org/candidate/biography/219109/bryan-morse;https://www.linkedin.com/in/bryan-morse-0a2928b0,,,,,,,,,,,
ocd-person/214295d3-da3e-45cb-89bc-80de2be1a071,Buzz Scherr,Democratic,Rockingham 26,lower,Buzz,Scherr,Male,buzz.scherr@gc.nh.gov,,,,https://bloximages.newyork1.vip.townnews.com/unionleader.com/content/tncms/assets/v3/editorial/c/73/c73dbee6-e3fd-59b7-b09b-cb7ac9197a64/60b10625b5ec1.image.jpg,https://gc.nh.gov/house/members/member.aspx?pid=11267;https://gencourt.state.nh.us/house/members/member.aspx?pid=11267,https://ballotpedia.org/Buzz_Scherr;https://en.wikipedia.org/wiki/Buzz_Scherr;https://gc.nh.gov/house/members/member.aspx?pid=11267;https://gencourt.state.nh.us/house/members/member.aspx?pid=11267;https://justfacts.votesmart.org/candidate/biography/219212/buzz-scherr;https://www.linkedin.com/in/albert-scherr-713b5189,,,,,,,,,,,
ocd-person/205741ac-701b-416e-9716-c725bc7d7665,Calvin Beaulier,Republican,Grafton 1,lower,Calvin,Beaulier,Male,calvin.beaulier@gc.nh.gov,,,,https://s3.amazonaws.com/ballotpedia-api4/files/thumbs/200/300/CalvinBeaulier.jpg,https://gc.nh.gov/house/members/member.aspx?pid=9140;https://gencourt.state.nh.us/house/members/member.aspx?pid=9140,https://ballotpedia.org/Calvin_Beaulier;https://en.wikipedia.org/wiki/Calvin_Beaulier;https://gc.nh.gov/house/members/member.aspx?pid=9140;https://gencourt.state.nh.us/house/members/member.aspx?pid=9140;https://justfacts.votesmart.org/candidate/biography/185477/calvin-beaulier;https://www.linkedin.com/in/calvinbeaulier,,,,,,,,,,,
ocd-person/ae3d6133-98b5-444e-b95e-2edc2f5302dc,Carol McGuire,Republican,Merrimack 27,lower,Carol,McGuire,Female,mcguire4house@gmail.com,,,,https://storage.googleapis.com/enview-dev-public-general/legislative-people-photos/45265.jpg,https://gc.nh.gov/house/members/member.aspx?member=376841;https://gencourt.state.nh.us/downloads/Members.txt;https://www.gencourt.state.nh.us/downloads/Members.txt;https://www.gencourt.state.nh.us/house/members/member.aspx?member=376841;https://www.gencourt.state.nh.us/house/members/member.aspx?pid=584,https://ballotpedia.org/Carol_McGuire;https://en.wikipedia.org/wiki/Carol_McGuire;https://gc.nh.gov/house/members/member.aspx?member=376841;https://gencourt.state.nh.us/downloads/Members.txt;https://gencourt.state.nh.us/downloads/members.txt;https://justfacts.votesmart.org/candidate/biography/109938/carol-mcguire;https://www.gencourt.state.nh.us/downloads/Members.txt;https://www.gencourt.state.nh.us/house/members/member.aspx?member=376841;https://www.gencourt.state.nh.us/house/members/member.aspx?pid=584,,,,,,,,,,,
ocd-person/810aefbf-2c1d-448d-824a-a848d5d05910,Carrie Sorensen,Democratic,Rockingham 28,lower,Carrie,Sorensen,Female,carrie.sorensen@gc.nh.gov,,,,https://www.citizenscount.org/sites/default/files/styles/profile_140x176/public/2024-07/Carrie-Sorensen.jpg?itok=ZL-tTd5Z,https://gc.nh.gov/house/members/member.aspx?pid=11268;https://gencourt.state.nh.us/house/members/member.aspx?pid=11268,https://ballotpedia.org/Carrie_Sorensen;https://en.wikipedia.org/wiki/Carrie_Sorensen;https://gc.nh.gov/house/members/member.aspx?pid=11268;https://gencourt.state.nh.us/house/members/member.aspx?pid=11268;https://justfacts.votesmart.org/candidate/biography/219213/carrie-sorensen;https://www.linkedin.com/in/carrie-klementowicz-65498b120,,,,,,,,,,,
ocd-person/74d3b542-b2d0-426f-9835-0de12d5e4895,Carry Spier,Democratic,Hillsborough 6,lower,Carry,Spier,Female,carry.spier@gc.nh.gov,,,,https://storage.googleapis.com/enview-dev-public-general/legislative-people-photos/123143.jpg,https://gc.nh.gov/house/members/member.aspx?pid=10780;https://www.gencourt.state.nh.us/house/members/member.aspx?pid=10780,https://ballotpedia.org/Carry_Spier;https://en.wikipedia.org/wiki/Carry_Spier;https://gc.nh.gov/house/members/member.aspx?pid=10780;https://justfacts.votesmart.org/candidate/208807/carry-spier;https://www.gencourt.state.nh.us/house/members/member.aspx?pid=10780,,,,,,,,,,,
ocd-person/711423e3-ff28-4150-8a89-ec568a4f2c5d,Cassandra Levesque,Democratic,Strafford 4,lower,Cassandra,Levesque,Female,cassandra.levesque@gc.nh.gov,,,,https://storage.googleapis.com/enview-dev-public-general/legislative-people-photos/73228.jpg,https://cassandralevesque4nh.wordpress.com/;https://gc.nh.gov/house/members/member.aspx?pid=9425;https://gencourt.state.nh.us/downloads/Members.txt;https://gencourt.state.nh.us/house/members/member.aspx?pid=9425;https://www.gencourt.state.nh.us/downloads/Members.txt;https://www.gencourt.state.nh.us/house/members/member.aspx?pid=9425,https://ballotpedia.org/Cassandra_Levesque;https://cassandralevesque4nh.wordpress.com;https://en.wikipedia.org/wiki/Cassandra_Levesque;https://gc.nh.gov/house/members/member.aspx?pid=9425;https://gencourt.state.nh.us/downloads/Members.txt;https://gencourt.state.nh.us/downloads/members.txt;https://gencourt.state.nh.us/house/members/member.aspx?pid=9425;https://justfacts.votesmart.org/candidate/biography/185625/cassandra-levesque;https://www.gencourt.state.nh.us/downloads/Members.txt;https://www.gencourt.state.nh.us/house/members/member.aspx?member=408930;https://www.gencourt.state.nh.us/house/members/member.aspx?pid=9425;https://www.linkedin.com/in/cassandra-levesque-nh,,,,,,,,,,,
ocd-person/db105051-1a17-4bff-a3a3-46332533ac8a,Cathy Kenny,Republican,Hillsborough 13,lower,Cathy,Kenny,Female,cathy.kenny@gc.nh.gov,,,,https://storage.googleapis.com/enview-dev-public-general/legislative-people-photos/122628.jpg,https://gc.nh.gov/house/members/member.aspx?pid=10640;https://www.gencourt.state.nh.us/house/members/member.aspx?pid=10640,https://ballotpedia.org/Cathy_Kenny;https://en.wikipedia.org/wiki/Cathy_Kenny_(politician);https://gc.nh.gov/house/members/member.aspx?pid=10640;https://justfacts.votesmart.org/candidate/209033/cathy-kenny;https://www.gencourt.state.nh.us/house/members/member.aspx?pid=10640,,,,,,,,,,,
ocd-person/5223be3f-79ec-4442-8164-588d2ccc77e0,Catherine Rombeau,Democratic,Hillsborough 2,lower,Catherine,Rombeau,Female,catherine.rombeau@gc.nh.gov,,,,https://s3.amazonaws.com/ballotpedia-api4/files/thumbs/200/300/Catherine-Rombeau.jpg,https://gc.nh.gov/house/members/member.aspx?pid=10407;https://gencourt.state.nh.us/house/members/member.aspx?pid=10407;https://www.gencourt.state.nh.us/house/members/member.aspx?pid=10407,https://ballotpedia.org/Catherine_Rombeau;https://en.wikipedia.org/wiki/Catherine_Rombeau;https://gc.nh.gov/house/members/member.aspx?pid=10407;https://gencourt.state.nh.us/house/members/member.aspx?pid=10407;https://justfacts.votesmart.org/candidate/biography/185329/catherine-rombeau;https://www.gencourt.state.nh.us/house/members/member.aspx?pid=10407;https://www.linkedin.com/in/catherine-rombeau-7850a38;https://www.littler.com/people/catherine-rombeau,,,,,,,,,,,
ocd-person/36fb226e-9ed4-483f-a254-141baf18d295,Catherine Sofikitis,Democratic,Hillsborough 7,lower,Catherine,Sofikitis,Female,csofikitis@gmail.com,,,,https://storage.googleapis.com/enview-dev-public-general/legislative-people-photos/59340.jpg,https://gc.nh.gov/house/members/member.aspx?member=408546;https://gencourt.state.nh.us/downloads/Members.txt;https://www.gencourt.state.nh.us/downloads/Members.txt;https://www.gencourt.state.nh.us/house/members/member.aspx?member=408546;https://www.gencourt.state.nh.us/house/members/member.aspx?pid=8546,https://ballotpedia.org/Catherine_Sofikitis;https://en.wikipedia.org/wiki/Catherine_Sofikitis;https://gc.nh.gov/house/members/member.aspx?member=408546;https://gencourt.state.nh.us/downloads/Members.txt;https://gencourt.state.nh.us/downloads/members.txt;https://justfacts.votesmart.org/candidate/biography/172652/catherine-sofikitis;https://www.gencourt.state.nh.us/downloads/Members.txt;https://www.gencourt.state.nh.us/house/members/member.aspx?member=408546;https://www.gencourt.state.nh.us/house/members/member.aspx?pid=8546,,,,,,,,,,,
ocd-person/c15709b9-8514-4e8f-8a52-6b464eb8484d,Cathryn Harvey,Democratic,Cheshire 6,lower,Cathryn,Harvey,Female,cathryn.harvey@gc.nh.gov,,,,https://storage.googleapis.com/enview-dev-public-general/legislative-people-photos/60987.jpg,https://gc.nh.gov/house/members/member.aspx?member=408479;https://gencourt.state.nh.us/downloads/Members.txt;https://gencourt.state.nh.us/house/members/member.aspx?member=408479;https://www.gencourt.state.nh.us/downloads/Members.txt;https://www.gencourt.state.nh.us/house/members/member.aspx?pid=8479,https://ballotpedia.org/Cathryn_Harvey;https://gc.nh.gov/house/members/member.aspx?member=408479;https://gencourt.state.nh.us/downloads/Members.txt;https://gencourt.state.nh.us/downloads/members.txt;https://gencourt.state.nh.us/house/members/member.aspx?member=408479;https://www.gencourt.state.nh.us/downloads/Members.txt;https://www.gencourt.state.nh.us/house/members/member.aspx?member=408479;https://www.gencourt.state.nh.us/house/members/member.aspx?pid=8479,,,,,,,,,,,
ocd-person/28d59199-5bae-46fe-99f3-ec78e330cdeb,Charles McMahon,Republican,Rockingham 17,lower,Charles,McMahon,Male,cmcmahon55@gmail.com,,1954-09-21,,https://storage.googleapis.com/enview-dev-public-general/legislative-people-photos/54159.jpg,https://gc.nh.gov/house/members/member.aspx?member=376498;https://gencourt.state.nh.us/downloads/Members.txt;https://www.gencourt.state.nh.us/downloads/Members.txt;https://www.gencourt.state.nh.us/house/members/member.aspx?member=376498;https://www.gencourt.state.nh.us/house/members/member.aspx?pid=489,https://ballotpedia.org/Charles_McMahon;https://en.wikipedia.org/wiki/Charles_McMahon_(politician);https://gc.nh.gov/house/members/member.aspx?member=376498;https://gencourt.state.nh.us/downloads/Members.txt;https://gencourt.state.nh.us/downloads/members.txt;https://justfacts.votesmart.org/candidate/biography/42541/charles-mcmahon;https://www.gencourt.state.nh.us/downloads/Members.txt;https://www.gencourt.state.nh.us/house/members/member.aspx?member=376498;https://www.gencourt.state.nh.us/house/members/member.aspx?pid=489;https://www.linkedin.com/in/charles-mcmahon-07773311,,,,,,,,,,,
ocd-person/2cc808df-0763-4807-9a67-b53a1764f84c,Charlie Foote,Republican,Rockingham 13,lower,Charlie,Foote,Male,charles.foote@gc.nh.gov,,,,https://www.citizenscount.org/sites/default/files/styles/profile_140x176/public/2022-08/charles-foote.jpg,https://gc.nh.gov/house/members/member.aspx?pid=10691;https://www.gencourt.state.nh.us/house/members/member.aspx?pid=10691,https://ballotpedia.org/Charles_Foote;https://en.wikipedia.org/wiki/Charles_Foote_(New_Hampshire_politician);https://gc.nh.gov/house/members/member.aspx?pid=10691;https://justfacts.votesmart.org/candidate/biography/187347/charles-foote;https://www.gencourt.state.nh.us/house/members/member.aspx?pid=10691;https://www.linkedin.com/in/charles-foote-64383a103,,,,,,,,,,,
ocd-person/66ba1045-a0e7-4602-b228-e68dea8be29e,Charlie Melvin,Republican,Rockingham 20,lower,Charlie,Melvin,Male,charlie.melvin@gc.nh.gov,,,,https://img.youtube.com/vi/47TkmRoel30/hqdefault.jpg,https://gc.nh.gov/house/members/member.aspx?pid=8419;https://gencourt.state.nh.us/house/members/member.aspx?pid=8419;https://www.gencourt.state.nh.us/downloads/Members.txt;https://www.gencourt.state.nh.us/house/members/member.aspx?pid=8419,https://ballotpedia.org/Charles_Melvin_Sr.;https://en.wikipedia.org/wiki/Charles_Melvin_(politician);https://gc.nh.gov/house/members/member.aspx?pid=8419;https://gencourt.state.nh.us/downloads/Members.txt;https://gencourt.state.nh.us/downloads/members.txt;https://gencourt.state.nh.us/house/members/member.aspx?pid=8419;https://justfacts.votesmart.org/candidate/biography/42397/charles-melvin-sr;https://www.gencourt.state.nh.us/downloads/Members.txt;https://www.gencourt.state.nh.us/house/members/member.aspx?member=408915;https://www.gencourt.state.nh.us/house/members/member.aspx?pid=8419;https://www.linkedin.com/in/charlie-melvin-b3292682,,,,,,,,,,,
ocd-person/643751f4-6db0-4021-bf76-b8f2483d640d,Charlie St. Clair,Democratic,Belknap 5,lower,Charlie,St. Clair,Male,charlie.stclair@gc.nh.gov,,,,https://images.dailykos.com/images/448207/story_image/Charlie_St._Clair.jpg?1505263188,https://gc.nh.gov/house/members/member.aspx?pid=8956;https://gencourt.state.nh.us/house/members/member.aspx?pid=8956;https://www.gencourt.state.nh.us/downloads/Members.txt;https://www.gencourt.state.nh.us/house/members/member.aspx?pid=8956,https://ballotpedia.org/Charlie_St._Clair;https://gc.nh.gov/house/members/member.aspx?pid=8956;https://gencourt.state.nh.us/house/members/member.aspx?pid=8956;https://www.gencourt.state.nh.us/downloads/Members.txt;https://www.gencourt.state.nh.us/house/members/member.aspx?member=408811;https://www.gencourt.state.nh.us/house/members/member.aspx?pid=8956,,,,,,,,,,,
ocd-person/0dbeb05f-3510-48d3-9918-a929a6069ac2,Chris Muns,Democratic,Rockingham 29,lower,Chris,Muns,Male,chris.muns@gc.nh.gov,,,,https://storage.googleapis.com/enview-dev-public-general/legislative-people-photos/123361.jpg,https://gc.nh.gov/house/members/member.aspx?pid=755;https://gencourt.state.nh.us/house/members/member.aspx?pid=755;https://www.gencourt.state.nh.us/house/members/member.aspx?member=377150;https://www.gencourt.state.nh.us/house/members/member.aspx?pid=755,https://ballotpedia.org/Chris_Muns;https://en.wikipedia.org/wiki/Chris_Muns;https://gc.nh.gov/house/members/member.aspx?pid=755;https://gencourt.state.nh.us/downloads/Members.txt;https://gencourt.state.nh.us/house/members/member.aspx?pid=755;https://justfacts.votesmart.org/candidate/126922/chris-muns;https://www.chrismuns.net/meetchris;https://www.gencourt.state.nh.us/house/members/member.aspx?pid=755;https://www.linkedin.com/in/chrismuns,,,,,,,,,,,
ocd-person/28ef2003-b65a-4c46-92f1-b777498c5a00,Chris McAleer,Democratic,Carroll 2,lower,Chris,McAleer,Male,chris.mcaleer@gc.nh.gov,,,,https://storage.googleapis.com/enview-dev-public-general/legislative-people-photos/93730.jpg,https://gc.nh.gov/house/members/member.aspx?pid=9871;https://gencourt.state.nh.us/downloads/Members.txt;https://gencourt.state.nh.us/house/members/member.aspx?pid=9871;https://www.gencourt.state.nh.us/house/members/member.aspx?pid=9871,https://ballotpedia.org/Chris_McAleer;https://gc.nh.gov/house/members/member.aspx?pid=9871;https://gencourt.state.nh.us/downloads/Members.txt;https://gencourt.state.nh.us/downloads/members.txt;https://gencourt.state.nh.us/house/members/member.aspx?pid=9871;https://justfacts.votesmart.org/candidate/biography/194713/chris-mcaleer;https://www.gencourt.state.nh.us/house/members/member.aspx?pid=9871;https://www.linkedin.com/in/chrismcaleer,,,,,,,,,,,
ocd-person/84fef36b-d3a0-4bb1-9458-7e7b165a51ff,Christal Lloyd,Democratic,Hillsborough 8,lower,Christal,Lloyd,Female,christal.lloyd@gc.nh.gov,,,,https://cdn.runforsomething.net/candidates/2022/09/campaign/3087.jpg,https://gc.nh.gov/house/members/member.aspx?pid=10783;https://www.gencourt.state.nh.us/house/members/member.aspx?pid=10783,https://ballotpedia.org/Christal_Lloyd;https://en.wikipedia.org/wiki/Christal_Lloyd;https://gc.nh.gov/house/members/member.aspx?pid=10783;https://justfacts.votesmart.org/candidate/208810/christal-lloyd;https://www.gencourt.state.nh.us/house/members/member.aspx?pid=10783;https://www.linkedin.com/in/christal-lloyd-19847b76,,,,,,,,,,,
ocd-person/a05c5eab-d5d5-475d-a66a-39b8b514b8e6,Christine Seibert,Democratic,Hillsborough 21,lower,Christine,Seibert,Female,christine.seibert@gc.nh.gov,,,,https://s3.amazonaws.com/ballotpedia-api4/files/thumbs/200/300/Christine_Seibert3.jpeg,https://gc.nh.gov/house/members/member.aspx?pid=9077;https://www.gencourt.state.nh.us/house/members/member.aspx?pid=9077,https://ballotpedia.org/Christine_Seibert;https://en.wikipedia.org/wiki/Christine_Seibert;https://gc.nh.gov/house/members/member.aspx?pid=9077;https://justfacts.votesmart.org/candidate/185333/christine-seibert;https://www.gencourt.state.nh.us/house/members/member.aspx?pid=9077;https://www.linkedin.com/in/christine-seibert-690a2a205,,,,,,,,,,,
ocd-person/7eb393f4-db93-4fbd-95bc-3491d9a6ca93,Chris Herbert,Democratic,Hillsborough 24,lower,Chris,Herbert,Male,chris.herbert@gc.nh.gov,,,,https://storage.googleapis.com/enview-dev-public-general/legislative-people-photos/45131.jpg,https://gc.nh.gov/house/members/member.aspx?pid=856;https://gencourt.state.nh.us/downloads/Members.txt;https://www.gencourt.state.nh.us/downloads/Members.txt;https://www.gencourt.state.nh.us/house/members/member.aspx?pid=856,https://ballotpedia.org/Christopher_Herbert;https://en.wikipedia.org/wiki/Christopher_Herbert_(politician);https://gc.nh.gov/house/members/member.aspx?pid=856;https://gencourt.state.nh.us/downloads/Members.txt;https://gencourt.state.nh.us/downloads/members.txt;https://justfacts.votesmart.org/candidate/biography/154313/chris-herbert;https://www.gencourt.state.nh.us/downloads/Members.txt;https://www.gencourt.state.nh.us/house/members/member.aspx?member=377303;https://www.gencourt.state.nh.us/house/members/member.aspx?pid=856;https://www.linkedin.com/in/chris-herbert-0078a311,,,,,,,,,,,
ocd-person/24af30d5-efc3-40b2-9493-b9ef94217ada,Cindy Bennett,Republican,Rockingham 4,lower,Cindy,Bennett,Female,cindy.bennett@gc.nh.gov,,,,https://raymondrepublicans.com/wp-content/uploads/Bennett-Headshot.jpg,https://gc.nh.gov/house/members/member.aspx?pid=11395;https://gencourt.state.nh.us/house/members/member.aspx?pid=11395,https://ballotpedia.org/Cindy_Bennett;https://en.wikipedia.org/wiki/Cindy_Bennett;https://gc.nh.gov/house/members/member.aspx?pid=11395;https://gencourt.state.nh.us/house/members/member.aspx?pid=11395;https://justfacts.votesmart.org/candidate/219189/cindy-bennett;https://www.linkedin.com/in/cindy-bennett-897037142,,,,,,,,,,,
ocd-person/f3e949ce-6d98-4826-bbca-08039cea4ea4,Cindy Rosenwald,Democratic,13,upper,Cindy,Rosenwald,Female,cindy.rosenwald@gc.nh.gov,,1954-04-23,,https://storage.googleapis.com/enview-dev-public-general/legislative-people-photos/50355.jpg,https://gc.nh.gov/senate/members/webpages/district13.aspx;https://gencourt.state.nh.us/downloads/Members.txt;https://gencourt.state.nh.us/senate/members/webpages/district13.aspx;https://www.gencourt.state.nh.us/downloads/Members.txt;https://www.gencourt.state.nh.us/Senate/members/webpages/district13.aspx,https://ballotpedia.org/Lucinda_Rosenwald;https://en.wikipedia.org/wiki/Cindy_Rosenwald;https://gc.nh.gov/senate/members/webpages/district13.aspx;https://gencourt.state.nh.us/downloads/Members.txt;https://gencourt.state.nh.us/downloads/members.txt;https://gencourt.state.nh.us/senate/members/webpages/district13.aspx;https://www.gencourt.state.nh.us/downloads/Members.txt;https://www.gencourt.state.nh.us/Senate/members/webpages/district13.aspx,,,,,,,,,,,
ocd-person/bfecb4c6-509b-4c23-9c69-0e21483c44d3,Claudine Burnham,Republican,Strafford 2,lower,Claudine,Burnham,Female,claudine.burnham@gc.nh.gov,,,,https://s3.amazonaws.com/ballotpedia-api4/files/thumbs/200/300/ClaudineBurnham.jfif,https://gc.nh.gov/house/members/member.aspx?pid=10713;https://www.gencourt.state.nh.us/house/members/member.aspx?pid=10713,https://ballotpedia.org/Claudine_Burnham;https://en.wikipedia.org/wiki/Claudine_Burnham;https://gc.nh.gov/house/members/member.aspx?pid=10713;https://justfacts.votesmart.org/candidate/biography/209285/claudine-burnham;https://www.gencourt.state.nh.us/house/members/member.aspx?pid=10713;https://www.linkedin.com/in/claudine-burnham-61a55214a,,,,,,,,,,,
ocd-person/2bf4a05c-14f0-4916-964b-48bdb20f4fdd,Clayton Wood,Republican,Merrimack 13,lower,Clayton,Wood,Male,clayton.wood@gc.nh.gov,,,,https://storage.googleapis.com/enview-dev-public-general/legislative-people-photos/123441.jpg,https://gc.nh.gov/house/members/member.aspx?pid=10678;https://www.gencourt.state.nh.us/house/members/member.aspx?pid=10678,https://ballotpedia.org/Clayton_Wood;https://en.wikipedia.org/wiki/Clayton_Wood;https://gc.nh.gov/house/members/member.aspx?pid=10678;https://justfacts.votesmart.org/candidate/biography/209183/clayton-wood;https://www.gencourt.state.nh.us/house/members/member.aspx?pid=10678,,,,,,,,,,,
ocd-person/8171a035-7cc1-4a7f-b086-9bdb800782da,Connie Lane,Democratic,Merrimack 16,lower,Connie,Lane,Female,connie.lane@gc.nh.gov,,,,https://i1.wp.com/orr-reno.com/wp-content/uploads/2016/09/Connie-Boyles-Lane.png?w=262&ssl=1,https://gc.nh.gov/house/members/member.aspx?pid=9156;https://gencourt.state.nh.us/downloads/Members.txt;https://gencourt.state.nh.us/house/members/member.aspx?pid=9156;https://www.gencourt.state.nh.us/downloads/Members.txt;https://www.gencourt.state.nh.us/house/members/member.aspx?pid=9156,https://ballotpedia.org/Connie_Lane;https://en.wikipedia.org/wiki/Connie_Lane_(politician);https://gc.nh.gov/house/members/member.aspx?pid=9156;https://gencourt.state.nh.us/downloads/Members.txt;https://gencourt.state.nh.us/downloads/members.txt;https://gencourt.state.nh.us/house/members/member.aspx?pid=9156;https://justfacts.votesmart.org/candidate/biography/185623/connie-lane;https://www.gencourt.state.nh.us/downloads/Members.txt;https://www.gencourt.state.nh.us/house/members/member.aspx?member=408890;https://www.gencourt.state.nh.us/house/members/member.aspx?pid=9156;https://www.linkedin.com/in/connie-lane-86663033,,,,,,,,,,,
ocd-person/e4ac4259-d405-4839-af31-6c409719065c,Cy Aures,Republican,Merrimack 13,lower,Cy,Aures,Male,cyril.aures@gc.nh.gov,,,,https://storage.googleapis.com/enview-dev-public-general/legislative-people-photos/123156.jpg,https://gc.nh.gov/house/members/member.aspx?pid=10677;https://www.gencourt.state.nh.us/house/members/member.aspx?pid=10677,https://ballotpedia.org/Cyril_Aures;https://en.wikipedia.org/wiki/Cyril_Aures;https://gc.nh.gov/house/members/member.aspx?pid=10677;https://justfacts.votesmart.org/candidate/biography/209182/cyril-aures;https://www.gencourt.state.nh.us/house/members/member.aspx?pid=10677,,,,,,,,,,,
ocd-person/87ac63e4-d144-451e-a13b-0b834f1ef81b,Dale Girard,Republican,Sullivan 6,lower,Dale,Girard,Male,dale.girard@gc.nh.gov,,,,https://s3.amazonaws.com/ballotpedia-api4/files/thumbs/200/300/Dale_Girard_20240808_093423.jpg,https://gc.nh.gov/house/members/member.aspx?pid=11293;https://gencourt.state.nh.us/house/members/member.aspx?pid=11293,https://ballotpedia.org/Dale_Girard;https://en.wikipedia.org/wiki/Dale_Girard;https://gc.nh.gov/house/members/member.aspx?pid=11293;https://gencourt.state.nh.us/house/members/member.aspx?pid=11293;https://justfacts.votesmart.org/candidate/219234/dale-girard,,,,,,,,,,,
ocd-person/89af0a16-e17b-490b-96d1-8d445071cec2,Dale Swanson,Democratic,Hillsborough 5,lower,Dale,Swanson,Male,dale.swanson@gc.nh.gov,,,,https://nhhousedems.org/wp-content/uploads/2024/10/Dale-Swanson-headshot-1-Dale-Swanson.jpeg,https://gc.nh.gov/house/members/member.aspx?pid=11190;https://gencourt.state.nh.us/house/members/member.aspx?pid=11190,https://ballotpedia.org/Dale_Swanson;https://en.wikipedia.org/wiki/Dale_Swanson_(politician);https://gc.nh.gov/house/members/member.aspx?pid=11190;https://gencourt.state.nh.us/house/members/member.aspx?pid=11190;https://justfacts.votesmart.org/candidate/biography/218927/dale-swanson,,,,,,,,,,,
ocd-person/4ae310b1-b493-47b9-888e-e318a5ea0e76,Dan Bergeron,Democratic,Hillsborough 16,lower,Dan,Bergeron,Male,dan.bergeron@gc.nh.gov,,,,https://assets.civicengine.com/uploads/candidate/headshot/325902/325902.jpg,https://gc.nh.gov/house/members/member.aspx?pid=11203;https://gencourt.state.nh.us/house/members/member.aspx?pid=11203,https://ballotpedia.org/Dan_Bergeron;https://en.wikipedia.org/wiki/Dan_Bergeron;https://gc.nh.gov/house/members/member.aspx?pid=11203;https://gencourt.state.nh.us/house/members/member.aspx?pid=11203;https://justfacts.votesmart.org/candidate/126868/daniel-bergeron;https://www.linkedin.com/in/dhbergeron,,,,,,,,,,,
ocd-person/f67d5fcc-0dac-4bf0-b1ab-b63f73162d0b,Dan McGuire,Republican,Merrimack 14,lower,Dan,McGuire,Male,dan.mcguire@gc.nh.gov,,,,https://storage.googleapis.com/enview-dev-public-general/legislative-people-photos/21889.jpg,https://gc.nh.gov/house/members/member.aspx?member=376984;https://www.gencourt.state.nh.us/house/members/member.aspx?member=376984;https://www.gencourt.state.nh.us/house/members/member.aspx?pid=637,https://ballotpedia.org/Dan_McGuire_(New_Hampshire);https://en.wikipedia.org/wiki/Dan_McGuire;https://gc.nh.gov/house/members/member.aspx?member=376984;https://justfacts.votesmart.org/candidate/biography/109939/dan-mcguire;https://www.gencourt.state.nh.us/house/members/member.aspx?member=376984;https://www.gencourt.state.nh.us/house/members/member.aspx?pid=637,,,,,,,,,,,
ocd-person/6328e7f7-d952-4d28-98b8-75a9a6f50c8d,Dan Innis,Republican,7,upper,Dan,Innis,Male,daniel.innis@gc.nh.gov,,1963-04-07,,https://storage.googleapis.com/enview-dev-public-general/legislative-people-photos/59197.jpg,https://gc.nh.gov/senate/members/webpages/district07.aspx;https://gencourt.state.nh.us/senate/members/webpages/district07.aspx;https://www.gencourt.state.nh.us/downloads/Members.txt;https://www.gencourt.state.nh.us/Senate/members/webpages/district07.aspx,https://ballotpedia.org/Dan_Innis;https://en.wikipedia.org/wiki/Daniel_Innis;https://gc.nh.gov/senate/members/webpages/district07.aspx;https://gencourt.state.nh.us/senate/members/webpages/district07.aspx;https://justfacts.votesmart.org/candidate/biography/146070/dan-innis;https://www.gencourt.state.nh.us/downloads/Members.txt;https://www.gencourt.state.nh.us/Senate/members/webpages/district07.aspx;https://www.gencourt.state.nh.us/Senate/members/webpages/district24.aspx;https://www.linkedin.com/in/daninnis,,,,,,,,,,,
ocd-person/ce0bbcca-54b7-40f4-817f-4f17e7a212a1,Dan LeClerc,Democratic,Hillsborough 34,lower,Dan,LeClerc,Male,daniel.leclerc@gc.nh.gov,,,,https://storage.googleapis.com/enview-dev-public-general/legislative-people-photos/123345.jpg,https://gc.nh.gov/house/members/member.aspx?pid=10814;https://www.gencourt.state.nh.us/house/members/member.aspx?pid=10814,https://ballotpedia.org/Daniel_LeClerc;https://en.wikipedia.org/wiki/Daniel_LeClerc;https://gc.nh.gov/house/members/member.aspx?pid=10814;https://justfacts.votesmart.org/candidate/208838/daniel-leclerc;https://www.gencourt.state.nh.us/house/members/member.aspx?pid=10814,,,,,,,,,,,
ocd-person/36ded3c5-84fd-49cc-82cb-d03fe682ad5f,Daniel Popovici-Muller,Republican,Rockingham 17,lower,Daniel,Popovici-Muller,Male,daniel.popovicimuller@gc.nh.gov,,,,https://patch.com/img/cdn20/users/546351/20200306/091006/styles/patch_image/public/daniel-popovici-muller-windham___06090937367.jpg?width=1200,https://gc.nh.gov/house/members/member.aspx?pid=10697;https://www.gencourt.state.nh.us/house/members/member.aspx?pid=10697,https://ballotpedia.org/Daniel_Popovici-Muller;https://en.wikipedia.org/wiki/Daniel_Popovici-Muller;https://gc.nh.gov/house/members/member.aspx?pid=10697;https://justfacts.votesmart.org/candidate/209235/daniel-popovici-muller;https://www.gencourt.state.nh.us/house/members/member.aspx?pid=10697;https://www.linkedin.com/in/danielpmuller,,,,,,,,,,,
ocd-person/88428a5a-4af6-40b8-a4ff-c2ea283b758f,Dan Veilleux,Democratic,Hillsborough 34,lower,Dan,Veilleux,Male,daniel.veilleux@gc.nh.gov,,,,https://storage.googleapis.com/enview-dev-public-general/legislative-people-photos/93869.jpg,https://gc.nh.gov/house/members/member.aspx?pid=9905;https://gencourt.state.nh.us/downloads/Members.txt;https://gencourt.state.nh.us/house/members/member.aspx?pid=9905;https://www.gencourt.state.nh.us/house/members/member.aspx?pid=9905,https://ballotpedia.org/Daniel_Veilleux;https://en.wikipedia.org/wiki/Daniel_Veilleux;https://gc.nh.gov/house/members/member.aspx?pid=9905;https://gencourt.state.nh.us/downloads/Members.txt;https://gencourt.state.nh.us/downloads/members.txt;https://gencourt.state.nh.us/house/members/member.aspx?pid=9905;https://justfacts.votesmart.org/candidate/biography/185563/dan-veilleux;https://www.gencourt.state.nh.us/house/members/member.aspx?pid=9905;https://www.linkedin.com/in/daniel-veilleux-mpa-a668b08,,,,,,,,,,,
ocd-person/7349598b-1f4e-4a54-8053-34534c9663e0,Darrell Louis,Republican,Grafton 1,lower,Darrell,Louis,Male,darrell.louis@gc.nh.gov,,,,https://www.darrelllouis.com/files/86903/Untitled.png,https://gc.nh.gov/house/members/member.aspx?pid=11321;https://gencourt.state.nh.us/house/members/member.aspx?pid=11321,https://ballotpedia.org/Darrell_Louis;https://en.wikipedia.org/wiki/Darrell_Louis;https://gc.nh.gov/house/members/member.aspx?pid=11321;https://gencourt.state.nh.us/house/members/member.aspx?pid=11321;https://justfacts.votesmart.org/candidate/biography/218896/darrell-louis;https://www.darrelllouis.com,,,,,,,,,,,
ocd-person/6dfd683a-1f79-49db-95a9-07f4f9898a22,Daryl Abbas,Republican,22,upper,Daryl,Abbas,Male,daryl.abbas@gc.nh.gov,,1983-11-13,,https://storage.googleapis.com/enview-dev-public-general/legislative-people-photos/73092.jpg,https://gc.nh.gov/senate/members/webpages/district22.aspx;https://gencourt.state.nh.us/downloads/Members.txt;https://gencourt.state.nh.us/senate/members/webpages/district22.aspx;https://www.gencourt.state.nh.us/downloads/Members.txt,https://ballotpedia.org/Daryl_Abbas;https://en.wikipedia.org/wiki/Daryl_Abbas;https://gc.nh.gov/senate/members/webpages/district22.aspx;https://gencourt.state.nh.us/downloads/Members.txt;https://gencourt.state.nh.us/downloads/members.txt;https://gencourt.state.nh.us/senate/members/webpages/district22.aspx;https://justfacts.votesmart.org/candidate/biography/185319/daryl-abbas;https://www.gencourt.state.nh.us/downloads/Members.txt;https://www.gencourt.state.nh.us/house/members/member.aspx?member=408908;https://www.linkedin.com/in/daryl-abbas-0a361415;https://www.uclawgroup.com/daryl-abbas-esq,,,,,,,,,,,
ocd-person/1c956ef6-b705-4e9d-af0c-f66d6f44591e,David Love,Republican,Rockingham 13,lower,David,Love,Male,david.love@gc.nh.gov,,,,https://vote-usa.org/Image.aspx?Id=NHLoveDavidC&Col=Profile300&Def=Profile300,https://gc.nh.gov/house/members/member.aspx?pid=8407;https://gencourt.state.nh.us/downloads/Members.txt;https://gencourt.state.nh.us/house/members/member.aspx?pid=8407;https://www.gencourt.state.nh.us/downloads/Members.txt;https://www.gencourt.state.nh.us/house/members/member.aspx?pid=8407,https://ballotpedia.org/David_Love;https://en.wikipedia.org/wiki/David_Love_(politician);https://gc.nh.gov/house/members/member.aspx?pid=8407;https://gencourt.state.nh.us/downloads/Members.txt;https://gencourt.state.nh.us/downloads/members.txt;https://gencourt.state.nh.us/house/members/member.aspx?pid=8407;https://justfacts.votesmart.org/candidate/biography/173059/david-love;https://www.gencourt.state.nh.us/downloads/Members.txt;https://www.gencourt.state.nh.us/house/members/member.aspx?member=408905;https://www.gencourt.state.nh.us/house/members/member.aspx?pid=8407,,,,,,,,,,,
ocd-person/4e9bb139-f952-4fda-bce1-f1bb16c585e3,David Lundgren,Republican,Rockingham 16,lower,David,Lundgren,Male,qtipnh@aol.com,,,,https://storage.googleapis.com/enview-dev-public-general/legislative-people-photos/50134.jpg,https://gc.nh.gov/house/members/member.aspx?member=376972;https://gencourt.state.nh.us/downloads/Members.txt;https://www.gencourt.state.nh.us/downloads/Members.txt;https://www.gencourt.state.nh.us/house/members/member.aspx?member=376972;https://www.gencourt.state.nh.us/house/members/member.aspx?pid=635,https://ballotpedia.org/David_Lundgren_(New_Hampshire);https://drdavidlundgren.com;https://en.wikipedia.org/wiki/David_Lundgren;https://gc.nh.gov/house/members/member.aspx?member=376972;https://gencourt.state.nh.us/downloads/Members.txt;https://gencourt.state.nh.us/downloads/members.txt;https://justfacts.votesmart.org/candidate/biography/126587/david-lundgren;https://www.gencourt.state.nh.us/downloads/Members.txt;https://www.gencourt.state.nh.us/house/members/member.aspx?member=376972;https://www.gencourt.state.nh.us/house/members/member.aspx?pid=635;https://www.linkedin.com/in/dave-lundgren-32674b40,,,,,,,,,,,
ocd-person/ef41a7dd-a84f-47db-b794-2a6c6be48771,David Milz,Republican,Rockingham 13,lower,David,Milz,Male,david.milz@gc.nh.gov,,,,https://storage.googleapis.com/enview-dev-public-general/legislative-people-photos/49721.jpg,https://gc.nh.gov/house/members/member.aspx?member=377147;https://gencourt.state.nh.us/downloads/Members.txt;https://www.gencourt.state.nh.us/downloads/Members.txt;https://www.gencourt.state.nh.us/house/members/member.aspx?member=377147;https://www.gencourt.state.nh.us/house/members/member.aspx?pid=752,https://ballotpedia.org/David_Milz;https://en.wikipedia.org/wiki/David_Milz;https://gc.nh.gov/house/members/member.aspx?member=377147;https://gencourt.state.nh.us/downloads/Members.txt;https://gencourt.state.nh.us/downloads/members.txt;https://justfacts.votesmart.org/candidate/biography/132813/david-milz;https://www.gencourt.state.nh.us/downloads/Members.txt;https://www.gencourt.state.nh.us/house/members/member.aspx?member=377147;https://www.gencourt.state.nh.us/house/members/member.aspx?pid=752;https://www.linkedin.com/in/david-milz-24890517,,,,,,,,,,,
ocd-person/01e401fa-3dca-460b-8eac-080f6e7fce90,David Fracht,Democratic,Grafton 16,lower,David,Fracht,Male,david.fracht@gc.nh.gov,,,,https://indepthnh.org/wp-content/uploads/2023/08/F4LEEdwW0AEfuby.jpg,https://gc.nh.gov/house/members/member.aspx?pid=11041;https://gencourt.state.nh.us/house/members/member.aspx?pid=11041;https://www.gencourt.state.nh.us/house/members/member.aspx?pid=11041,https://ballotpedia.org/David_Fracht;https://en.wikipedia.org/wiki/David_Fracht;https://gc.nh.gov/house/members/member.aspx?pid=11041;https://gencourt.state.nh.us/house/members/member.aspx?pid=11041;https://justfacts.votesmart.org/candidate/biography/212283/david-fracht;https://www.gencourt.state.nh.us/house/members/member.aspx?pid=11041;https://www.linkedin.com/in/david-fracht-73657412,,,,,,,,,,,
ocd-person/cf24defe-6df3-49f3-88ca-c6774b144f19,David Watters,Democratic,4,upper,David,Watters,Male,david.watters@gc.nh.gov,,1950-12-28,,https://storage.googleapis.com/enview-dev-public-general/legislative-people-photos/50342.jpg,https://gc.nh.gov/Senate/members/webpages/district04.aspx;https://gencourt.state.nh.us/downloads/Members.txt;https://gencourt.state.nh.us/Senate/members/webpages/district04.aspx;https://www.gencourt.state.nh.us/downloads/Members.txt;https://www.gencourt.state.nh.us/Senate/members/webpages/district04.aspx,https://ballotpedia.org/David_Watters;https://en.wikipedia.org/wiki/David_H._Watters;https://gc.nh.gov/Senate/members/webpages/district04.aspx;https://gencourt.state.nh.us/downloads/Members.txt;https://gencourt.state.nh.us/downloads/members.txt;https://gencourt.state.nh.us/Senate/members/webpages/district04.aspx;https://www.gencourt.state.nh.us/downloads/Members.txt;https://www.gencourt.state.nh.us/Senate/members/webpages/district04.aspx,,,,,,,,,,,
ocd-person/c614a6b4-5a2b-46ca-89c0-1ff666aef92a,Dave Nagel,Democratic,Belknap 6,lower,Dave,Nagel,Male,davidnagelmd@gmail.com,,,,https://s3.amazonaws.com/ballotpedia-api4/files/thumbs/200/300/DavidNagel.jpg,https://gc.nh.gov/house/members/member.aspx?pid=10574;https://gencourt.state.nh.us/house/members/member.aspx?pid=10574;https://www.gencourt.state.nh.us/house/members/member.aspx?pid=10574,https://ballotpedia.org/David_Nagel;https://gc.nh.gov/house/members/member.aspx?pid=10574;https://gencourt.state.nh.us/house/members/member.aspx?pid=10574;https://www.drnagelfornh.com/about-dave.html;https://www.gencourt.state.nh.us/house/members/member.aspx?pid=10574;https://www.linkedin.com/in/david-nagel-12712a74,,,,,,,,,,,
ocd-person/d347f91a-d60c-48a2-b78b-8e387e7b38a1,David Preece,Democratic,Hillsborough 17,lower,David,Preece,Male,david.preece@gc.nh.gov,,,,https://storage.googleapis.com/enview-dev-public-general/legislative-people-photos/123142.jpg,https://gc.nh.gov/house/members/member.aspx?pid=2458;https://www.gencourt.state.nh.us/house/members/member.aspx?pid=2458,https://ballotpedia.org/David_Preece;https://en.wikipedia.org/wiki/David_Preece_(politician);https://gc.nh.gov/house/members/member.aspx?pid=2458;https://justfacts.votesmart.org/candidate/208823/david-preece;https://www.gencourt.state.nh.us/house/members/member.aspx?pid=2458;https://www.linkedin.com/in/david-preece-11420216,,,,,,,,,,,
ocd-person/c3c9bb99-9512-4bec-be04-d8b29ea96f3e,David Luneau,Democratic,Merrimack 9,lower,David,Luneau,Male,dluneaunh@gmail.com,,1965-02-11,,https://storage.googleapis.com/enview-dev-public-general/legislative-people-photos/49712.jpg,https://gc.nh.gov/house/members/member.aspx?member=377307;https://gencourt.state.nh.us/downloads/Members.txt;https://www.gencourt.state.nh.us/downloads/Members.txt;https://www.gencourt.state.nh.us/house/members/member.aspx?member=377307;https://www.gencourt.state.nh.us/house/members/member.aspx?pid=880,https://ballotpedia.org/David_Luneau;https://en.wikipedia.org/wiki/David_Luneau;https://gc.nh.gov/house/members/member.aspx?member=377307;https://gencourt.state.nh.us/downloads/Members.txt;https://gencourt.state.nh.us/downloads/members.txt;https://justfacts.votesmart.org/candidate/biography/155796/david-luneau;https://www.gencourt.state.nh.us/downloads/Members.txt;https://www.gencourt.state.nh.us/house/members/member.aspx?member=377307;https://www.gencourt.state.nh.us/house/members/member.aspx?pid=880;https://www.linkedin.com/in/dluneau,,,,,,,,,,,
ocd-person/4b449f0f-2024-4e18-bbbd-7f0bbcfa8cac,David Meuse,Democratic,Rockingham 37,lower,David,Meuse,Male,david.meuse@gc.nh.gov,,,,https://www.citizenscount.org/sites/default/files/candidate-images/davidmeuse.jpg,https://gc.nh.gov/house/members/member.aspx?pid=9226;https://gencourt.state.nh.us/downloads/Members.txt;https://gencourt.state.nh.us/house/members/member.aspx?pid=9226;https://www.gencourt.state.nh.us/downloads/Members.txt;https://www.gencourt.state.nh.us/house/members/member.aspx?pid=9226,https://ballotpedia.org/David_Meuse;https://en.wikipedia.org/wiki/David_Meuse;https://gc.nh.gov/house/members/member.aspx?pid=9226;https://gencourt.state.nh.us/downloads/Members.txt;https://gencourt.state.nh.us/downloads/members.txt;https://gencourt.state.nh.us/house/members/member.aspx?pid=9226;https://justfacts.votesmart.org/candidate/biography/185615/david-meuse;https://www.gencourt.state.nh.us/downloads/Members.txt;https://www.gencourt.state.nh.us/house/members/member.aspx?member=408924;https://www.gencourt.state.nh.us/house/members/member.aspx?pid=9226;https://www.linkedin.com/in/david-meuse-0078b79,,,,,,,,,,,
ocd-person/09308be5-c800-42a8-b0bf-afbc877ab976,David Paige,Democratic,Carroll 1,lower,David,Paige,Male,david.paige@gc.nh.gov,,,,https://www.davidfornh.com/wp-content/uploads/sites/40/2022/06/david-paige3-683x1024.jpg,https://gc.nh.gov/house/members/member.aspx?pid=10741;https://gencourt.state.nh.us/house/members/member.aspx?pid=10741;https://www.gencourt.state.nh.us/house/members/member.aspx?pid=10741,https://ballotpedia.org/David_Paige;https://gc.nh.gov/house/members/member.aspx?pid=10741;https://gencourt.state.nh.us/house/members/member.aspx?pid=10741;https://www.davidfornh.com/david;https://www.gencourt.state.nh.us/house/members/member.aspx?pid=10741;https://www.linkedin.com/in/david-paige-134958234,,,,,,,,,,,
ocd-person/e849b9fb-0e1d-4ed5-b684-2a6b3520be6a,David Rochefort,Republican,1,upper,David,Rochefort,Male,david.rochefort@gc.nh.gov,,,,https://a4pc.org/files/Rochefort_July-2022-450x600.jpg,https://gc.nh.gov/senate/members/webpages/district01.aspx;https://gencourt.state.nh.us/senate/members/webpages/district01.aspx;https://www.gencourt.state.nh.us/house/members/member.aspx?pid=10614,https://ballotpedia.org/David_Rochefort;https://en.wikipedia.org/wiki/David_Rochefort;https://gc.nh.gov/senate/members/webpages/district01.aspx;https://gencourt.state.nh.us/senate/members/webpages/district01.aspx;https://www.gencourt.state.nh.us/house/members/member.aspx?pid=10614;https://www.linkedin.com/in/david-rochefort-05912a12,,,,,,,,,,,
ocd-person/91c36b59-79ca-4370-b855-43c3d1c78b61,David Walker,Republican,Strafford 19,lower,David,Walker,Male,david.walker@gc.nh.gov,,,,https://www.fosters.com/gcdn/authoring/authoring-images/2024/10/15/NPOH/75689246007-david-walker.jpg?width=500&height=500&fit=crop&format=pjpg&auto=webp,https://gc.nh.gov/house/members/member.aspx?pid=10716;https://gencourt.state.nh.us/house/members/member.aspx?pid=10716,https://ballotpedia.org/David_Walker_(New_Hampshire);https://en.wikipedia.org/wiki/David_Walker_(New_Hampshire_politician);https://gc.nh.gov/house/members/member.aspx?pid=10716;https://gencourt.state.nh.us/house/members/member.aspx?pid=10716;https://justfacts.votesmart.org/candidate/biography/143944/david-walker;https://www.linkedin.com/in/david-walker-b345837,,,,,,,,,,,
ocd-person/8015d8e4-78cd-41a5-93f9-f6a704910c2f,Deborah Aylward,Republican,Merrimack 5,lower,Deborah,Aylward,Female,deborah.aylward@gc.nh.gov,,,,https://storage.googleapis.com/enview-dev-public-general/legislative-people-photos/123159.jpg,https://gc.nh.gov/house/members/member.aspx?pid=10670;https://www.gencourt.state.nh.us/house/members/member.aspx?pid=10670,https://aylwardnh.com;https://ballotpedia.org/Deborah_Aylward;https://en.wikipedia.org/wiki/Deborah_Aylward;https://gc.nh.gov/house/members/member.aspx?pid=10670;https://justfacts.votesmart.org/candidate/biography/209173/deborah-aylward;https://www.gencourt.state.nh.us/house/members/member.aspx?pid=10670,,,,,,,,,,,
ocd-person/925608b2-8d23-4186-85f6-4c50f334374d,Debra Altschiller,Democratic,24,upper,Debra,Altschiller,Female,debra.altschiller@gc.nh.gov,,1968-06-01,,https://storage.googleapis.com/enview-dev-public-general/legislative-people-photos/59250.jpg,https://gc.nh.gov/senate/members/webpages/district24.aspx;https://gencourt.state.nh.us/downloads/Members.txt;https://gencourt.state.nh.us/senate/members/webpages/district24.aspx;https://www.gencourt.state.nh.us/downloads/Members.txt;https://www.gencourt.state.nh.us/Senate/members/webpages/district24.aspx,https://ballotpedia.org/Debra_Altschiller;https://en.wikipedia.org/wiki/Debra_Altschiller;https://gc.nh.gov/senate/members/webpages/district24.aspx;https://gencourt.state.nh.us/downloads/Members.txt;https://gencourt.state.nh.us/downloads/members.txt;https://gencourt.state.nh.us/senate/members/webpages/district24.aspx;https://justfacts.votesmart.org/candidate/biography/173138/debra-altschiller;https://www.gencourt.state.nh.us/downloads/Members.txt;https://www.gencourt.state.nh.us/house/members/member.aspx?member=408616;https://www.gencourt.state.nh.us/Senate/members/webpages/district24.aspx;https://www.linkedin.com/in/debra-altschiller-ba809676,,,,,,,,,,,
ocd-person/7ef7472f-0bda-4708-9239-76adeca1e87e,Debra DeSimone,Republican,Rockingham 18,lower,Debra,DeSimone,Female,debra.desimone@gc.nh.gov,,,,https://storage.googleapis.com/enview-dev-public-general/legislative-people-photos/50196.jpg,https://gc.nh.gov/house/members/member.aspx?member=376807;https://gencourt.state.nh.us/downloads/Members.txt;https://www.gencourt.state.nh.us/downloads/Members.txt;https://www.gencourt.state.nh.us/house/members/member.aspx?member=376807;https://www.gencourt.state.nh.us/house/members/member.aspx?pid=570,https://ballotpedia.org/Debra_DeSimone;https://en.wikipedia.org/wiki/Debra_DeSimone;https://gc.nh.gov/house/members/member.aspx?member=376807;https://gencourt.state.nh.us/downloads/Members.txt;https://gencourt.state.nh.us/downloads/members.txt;https://justfacts.votesmart.org/candidate/110064/debra-desimone;https://www.gencourt.state.nh.us/downloads/Members.txt;https://www.gencourt.state.nh.us/house/members/member.aspx?member=376807;https://www.gencourt.state.nh.us/house/members/member.aspx?pid=570;https://www.linkedin.com/in/debra-desimone-a41a7557,,,,,,,,,,,
ocd-person/72264eda-ca33-468c-bc9d-f745c55bce68,Denis Murphy,Republican,Cheshire 11,lower,Denis,Murphy,Male,denis.murphy@gc.nh.gov,,,,https://kfne.org/x/cdn/?https://storage.googleapis.com/production-homestead-v1-0-8/588/285588/0uDBP5zg/7523dc7aab93433796fe4f2af01a5669,https://gc.nh.gov/house/members/member.aspx?pid=11452;https://gencourt.state.nh.us/house/members/member.aspx?pid=11452,https://ballotpedia.org/Denis_Murphy_II;https://gc.nh.gov/house/members/member.aspx?pid=11452;https://gencourt.state.nh.us/house/members/member.aspx?pid=11452;https://justfacts.votesmart.org/candidate/biography/109937/denis-murphy-ii,,,,,,,,,,,
ocd-person/579982ee-0c20-4345-a08d-777f6723e67c,Denise DeDe-Poulin,Republican,Strafford 6,lower,Denise,DeDe-Poulin,Female,denise.dedepoulin@gc.nh.gov,,,,https://dedepoulin.com/wp-content/uploads/2024/07/DeniseDedePoulin.jpg,https://gc.nh.gov/house/members/member.aspx?pid=11425;https://gencourt.state.nh.us/house/members/member.aspx?pid=11425,https://ballotpedia.org/Denise_DeDe-Poulin;https://en.wikipedia.org/wiki/Denise_DeDe-Poulin;https://gc.nh.gov/house/members/member.aspx?pid=11425;https://gencourt.state.nh.us/house/members/member.aspx?pid=11425;https://justfacts.votesmart.org/candidate/biography/219854/denise-dede-poulin,,,,,,,,,,,
ocd-person/8dc59c94-caba-41b2-a6ba-6bca0f595118,Denise Ricciardi,Republican,9,upper,Denise,Ricciardi,Female,denise.ricciardi@gc.nh.gov,,1961-12-16,,https://storage.googleapis.com/enview-dev-public-general/legislative-people-photos/93849.jpg,https://gc.nh.gov/Senate/members/webpages/district09.aspx;https://gencourt.state.nh.us/downloads/Members.txt;https://gencourt.state.nh.us/Senate/members/webpages/district09.aspx;https://www.gencourt.state.nh.us/Senate/members/webpages/district09.aspx,https://ballotpedia.org/Denise_Ricciardi;https://en.wikipedia.org/wiki/Denise_Ricciardi;https://gc.nh.gov/Senate/members/webpages/district09.aspx;https://gencourt.state.nh.us/downloads/Members.txt;https://gencourt.state.nh.us/downloads/members.txt;https://gencourt.state.nh.us/Senate/members/webpages/district09.aspx;https://justfacts.votesmart.org/candidate/biography/194274/denise-ricciardi;https://www.gencourt.state.nh.us/Senate/members/webpages/district09.aspx,,,,,,,,,,,
ocd-person/d6200a81-3d99-4ff7-93e0-e2f3b49cfd65,Dennis Malloy,Democratic,Rockingham 24,lower,Dennis,Malloy,Male,dennis.malloy@gc.nh.gov,,,,https://storage.googleapis.com/enview-dev-public-general/legislative-people-photos/59309.jpg,https://gc.nh.gov/house/members/member.aspx?member=377137;https://gencourt.state.nh.us/downloads/Members.txt;https://www.gencourt.state.nh.us/downloads/Members.txt;https://www.gencourt.state.nh.us/house/members/member.aspx?member=377137;https://www.gencourt.state.nh.us/house/members/member.aspx?pid=742,https://ballotpedia.org/Dennis_Malloy;https://en.wikipedia.org/wiki/Dennis_Malloy;https://gc.nh.gov/house/members/member.aspx?member=377137;https://gencourt.state.nh.us/downloads/Members.txt;https://gencourt.state.nh.us/downloads/members.txt;https://justfacts.votesmart.org/candidate/biography/141790/dennis-malloy;https://www.gencourt.state.nh.us/downloads/Members.txt;https://www.gencourt.state.nh.us/house/members/member.aspx?member=377137;https://www.gencourt.state.nh.us/house/members/member.aspx?pid=742;https://www.linkedin.com/in/dennis-malloy-39820838,,,,,,,,,,,
ocd-person/4568bf8a-b56b-43ec-a00f-718341eb6cb9,Dennis Mannion,Republican,Rockingham 25,lower,Dennis,Mannion,Male,dennis.mannion@gc.nh.gov,,,,"https://img1.wsimg.com/isteam/ip/ebfaec8d-b793-4eb6-ac39-a9bdf899e928/57475A20-CA58-4725-80DE-C7E21225874B.jpeg/:/cr=t:22.2%25,l:22.2%25,w:60.24%25,h:60.24%25/rs=w:1280,h:1707",https://gc.nh.gov/house/members/member.aspx?pid=10705;https://www.gencourt.state.nh.us/house/members/member.aspx?pid=10705,https://ballotpedia.org/Dennis_Mannion;https://en.wikipedia.org/wiki/Dennis_Mannion_(politician);https://gc.nh.gov/house/members/member.aspx?pid=10705;https://justfacts.votesmart.org/candidate/210484/dennis-mannion;https://www.gencourt.state.nh.us/house/members/member.aspx?pid=10705;https://www.linkedin.com/in/dennismannion,,,,,,,,,,,
ocd-person/592ab77a-caf9-4132-ba45-effb3ecb012e,Diane Kelley,Republican,Hillsborough 32,lower,Diane,Kelley,Female,diane.kelley@gc.nh.gov,,,,https://static.votesmart.org/static/canphoto/195062.jpg,https://gc.nh.gov/house/members/member.aspx?pid=9909;https://gencourt.state.nh.us/downloads/Members.txt;https://gencourt.state.nh.us/house/members/member.aspx?pid=9909;https://www.gencourt.state.nh.us/house/members/member.aspx?pid=9909,https://ballotpedia.org/Diane_Kelley;https://en.wikipedia.org/wiki/Diane_Kelley;https://gc.nh.gov/house/members/member.aspx?pid=9909;https://gencourt.state.nh.us/downloads/Members.txt;https://gencourt.state.nh.us/downloads/members.txt;https://gencourt.state.nh.us/house/members/member.aspx?pid=9909;https://justfacts.votesmart.org/candidate/195062/diane-kelley;https://www.gencourt.state.nh.us/house/members/member.aspx?pid=9909,,,,,,,,,,,
ocd-person/7cc1d333-efac-47fb-a109-98113c762790,Diane Pauer,Republican,Hillsborough 36,lower,Diane,Pauer,Female,diane.pauer@gc.nh.gov,,,,https://storage.googleapis.com/enview-dev-public-general/legislative-people-photos/93758.jpg,https://gc.nh.gov/house/members/member.aspx?pid=9910;https://gencourt.state.nh.us/downloads/Members.txt;https://gencourt.state.nh.us/house/members/member.aspx?pid=9910;https://www.gencourt.state.nh.us/house/members/member.aspx?pid=9910,https://ballotpedia.org/Diane_Pauer;https://en.wikipedia.org/wiki/Diane_Pauer;https://gc.nh.gov/house/members/member.aspx?pid=9910;https://gencourt.state.nh.us/downloads/Members.txt;https://gencourt.state.nh.us/downloads/members.txt;https://gencourt.state.nh.us/house/members/member.aspx?pid=9910;https://justfacts.votesmart.org/candidate/195060/diane-pauer;https://www.gencourt.state.nh.us/house/members/member.aspx?pid=9910,,,,,,,,,,,
ocd-person/5e1bcd9f-9dd0-46b1-8c7f-b9e84bbba8e7,Dick Thackston,Republican,Cheshire 12,lower,Dick,Thackston,Male,thackston3@aol.com,,,,https://storage.googleapis.com/enview-dev-public-general/legislative-people-photos/123438.jpg,https://gc.nh.gov/house/members/member.aspx?pid=6938;https://www.gencourt.state.nh.us/house/members/member.aspx?pid=6938,https://ballotpedia.org/Dick_Thackston;https://gc.nh.gov/house/members/member.aspx?pid=6938;https://www.gencourt.state.nh.us/house/members/member.aspx?pid=6938;https://www.linkedin.com/in/dick-thackston-crb-abrm-49061610;https://www.thackston4nh.com/about,,,,,,,,,,,
ocd-person/8be0bff9-f1a4-410d-9177-0080a7c40f0a,Dillon Dumont,Republican,Hillsborough 13,lower,Dillon,Dumont,Male,dillon.dumont@gc.nh.gov,,,,https://www.hudsonnh.gov/sites/default/files/styles/full_node_primary/public/imageattachments/directory/53200/d._dumont_-_4-21-23.jpg?itok=u_RPt8Z2,https://gc.nh.gov/house/members/member.aspx?pid=11348;https://gencourt.state.nh.us/house/members/member.aspx?pid=11348,https://ballotpedia.org/Dillon_Dumont;https://en.wikipedia.org/wiki/Dillon_Dumont;https://gc.nh.gov/house/members/member.aspx?pid=11348;https://gencourt.state.nh.us/house/members/member.aspx?pid=11348;https://justfacts.votesmart.org/candidate/218982/dillon-dumont,,,,,,,,,,,
ocd-person/538f12b2-0914-4107-9b08-6f498e7eec66,Donald McFarlane,Republican,Grafton 18,lower,Donald,McFarlane,Male,donald.mcfarlane@gc.nh.gov,,,,https://s3.amazonaws.com/ballotpedia-api4/files/thumbs/200/300/DonaldMcFarlane2024.jpeg,https://gc.nh.gov/house/members/member.aspx?pid=10913;https://gencourt.state.nh.us/house/members/member.aspx?pid=10913,https://ballotpedia.org/Donald_McFarlane;https://en.wikipedia.org/wiki/Donald_McFarlane;https://gc.nh.gov/house/members/member.aspx?pid=10913;https://gencourt.state.nh.us/house/members/member.aspx?pid=10913;https://justfacts.votesmart.org/candidate/biography/209002/donald-mcfarlane;https://www.linkedin.com/in/dmcfarlane,,,,,,,,,,,
ocd-person/3d27678e-e5ec-4ba7-989d-3e4d50245fff,Donald Selby,Republican,Rockingham 9,lower,Donald,Selby,Male,donald.selby@gc.nh.gov,,,,https://static.votesmart.org/static/canphoto/219197.jpg,https://gc.nh.gov/house/members/member.aspx?pid=11402;https://gencourt.state.nh.us/house/members/member.aspx?pid=11402,https://ballotpedia.org/Donald_Selby;https://en.wikipedia.org/wiki/Donald_Selby;https://gc.nh.gov/house/members/member.aspx?pid=11402;https://gencourt.state.nh.us/house/members/member.aspx?pid=11402;https://justfacts.votesmart.org/candidate/biography/219197/donald-selby;https://www.linkedin.com/in/donaldselby,,,,,,,,,,,
ocd-person/8e013e93-3dd2-4530-a42f-d9ba62ea5f04,Donovan Fenton,Democratic,10,upper,Donovan,Fenton,Male,donovan.fenton@gc.nh.gov,,1988-11-26,,https://storage.googleapis.com/enview-dev-public-general/legislative-people-photos/59154.jpg,https://gc.nh.gov/senate/members/webpages/district10.aspx;https://gencourt.state.nh.us/senate/members/webpages/district10.aspx;https://www.gencourt.state.nh.us/Senate/members/webpages/district10.aspx,https://ballotpedia.org/Donovan_Fenton;https://en.wikipedia.org/wiki/Donovan_Fenton;https://gc.nh.gov/senate/members/webpages/district10.aspx;https://gencourt.state.nh.us/senate/members/webpages/district10.aspx;https://justfacts.votesmart.org/candidate/biography/172485/donovan-fenton;https://www.gencourt.state.nh.us/Senate/members/webpages/district10.aspx;https://www.linkedin.com/in/donovan-fenton-88719661,,,,,,,,,,,
ocd-person/464c15d2-0b67-47e6-8c0a-fc556b336d4a,Douglas Trottier,Republican,Belknap 8,lower,Douglas,Trottier,Male,douglastrottier1@gmail.com,,,,https://www.citizenscount.org/sites/default/files/styles/profile_140x176/public/2020-07/douglas-r-trottier.png?itok=8gaHTq0I,https://gc.nh.gov/house/members/member.aspx?pid=9867;https://gencourt.state.nh.us/downloads/Members.txt;https://gencourt.state.nh.us/house/members/member.aspx?pid=9867;https://www.gencourt.state.nh.us/house/members/member.aspx?pid=9867,https://ballotpedia.org/Douglas_Trottier;https://en.wikipedia.org/wiki/Douglas_Trottier;https://gc.nh.gov/house/members/member.aspx?pid=9867;https://gencourt.state.nh.us/downloads/Members.txt;https://gencourt.state.nh.us/downloads/members.txt;https://gencourt.state.nh.us/house/members/member.aspx?pid=9867;https://justfacts.votesmart.org/candidate/biography/194690/douglas-trottier;https://www.gencourt.state.nh.us/house/members/member.aspx?pid=9867,,,,,,,,,,,
ocd-person/5db11498-80a8-4136-9c50-2c7f1a2f6826,Doug Thomas,Republican,Rockingham 16,lower,Doug,Thomas,Male,doug.thomasnh@gmail.com,,,,https://storage.googleapis.com/enview-dev-public-general/legislative-people-photos/50471.jpg,https://gc.nh.gov/house/members/member.aspx?member=377267;https://gencourt.state.nh.us/downloads/Members.txt;https://www.gencourt.state.nh.us/downloads/Members.txt;https://www.gencourt.state.nh.us/house/members/member.aspx?member=377267;https://www.gencourt.state.nh.us/house/members/member.aspx?pid=907,https://ballotpedia.org/Doug_Thomas;https://en.wikipedia.org/wiki/Douglas_Thomas_(New_Hampshire_politician);https://gc.nh.gov/house/members/member.aspx?member=377267;https://gencourt.state.nh.us/downloads/Members.txt;https://gencourt.state.nh.us/downloads/members.txt;https://justfacts.votesmart.org/candidate/154549/doug-thomas;https://www.gencourt.state.nh.us/downloads/Members.txt;https://www.gencourt.state.nh.us/house/members/member.aspx?member=377267;https://www.gencourt.state.nh.us/house/members/member.aspx?pid=907;https://www.linkedin.com/in/doug-thomas-77648617,,,,,,,,,,,
ocd-person/31e633fb-0fd5-43e8-8a18-2bd0c1d6bca9,Dru Fox,Democratic,Cheshire 2,lower,Dru,Fox,Female,dru.fox@gc.nh.gov,,,,https://storage.googleapis.com/enview-dev-public-general/legislative-people-photos/93749.jpg,https://gc.nh.gov/house/members/member.aspx?pid=9873;https://gencourt.state.nh.us/downloads/Members.txt;https://gencourt.state.nh.us/house/members/member.aspx?pid=9873;https://www.gencourt.state.nh.us/house/members/member.aspx?pid=9873,https://ballotpedia.org/Dru_Fox;https://gc.nh.gov/house/members/member.aspx?pid=9873;https://gencourt.state.nh.us/downloads/Members.txt;https://gencourt.state.nh.us/downloads/members.txt;https://gencourt.state.nh.us/house/members/member.aspx?pid=9873;https://justfacts.votesmart.org/candidate/biography/194847/dru-fox;https://www.gencourt.state.nh.us/house/members/member.aspx?pid=9873;https://www.linkedin.com/in/dru-fox-3a188819,,,,,,,,,,,
ocd-person/3ffd7496-524f-40b6-92d8-0e932f002a90,Efstathia Booras,Democratic,Hillsborough 8,lower,Efstathia,Booras,Female,efstathia.booras@gc.nh.gov,,,,https://storage.googleapis.com/enview-dev-public-general/legislative-people-photos/49509.jpg,https://gc.nh.gov/house/members/member.aspx?pid=679;https://gencourt.state.nh.us/downloads/Members.txt;https://gencourt.state.nh.us/house/members/member.aspx?pid=679;https://www.gencourt.state.nh.us/house/members/member.aspx?member=377071;https://www.gencourt.state.nh.us/house/members/member.aspx?pid=679,https://ballotpedia.org/Efstathia_Booras;https://en.wikipedia.org/wiki/Efstathia_Booras;https://gc.nh.gov/house/members/member.aspx?pid=679;https://gencourt.state.nh.us/downloads/Members.txt;https://gencourt.state.nh.us/downloads/members.txt;https://gencourt.state.nh.us/house/members/member.aspx?pid=679;https://justfacts.votesmart.org/candidate/biography/143264/efstathia-booras;https://www.gencourt.state.nh.us/house/members/member.aspx?member=377071;https://www.gencourt.state.nh.us/house/members/member.aspx?pid=679;https://www.linkedin.com/in/efstathia-booras-a3208821;https://www.linkedin.com/in/efstathia-c-booras-5332a1b;https://www.linkedin.com/in/efstathia-c-booras-9517a944,,,,,,,,,,,
ocd-person/956f70c5-6a5c-455f-b17d-c25f04b25db1,Eileen Kelly,Democratic,Merrimack 8,lower,Eileen,Kelly,Female,eileen.kelly@gc.nh.gov,,,,https://s3.amazonaws.com/ballotpedia-api4/files/thumbs/200/300/EileenKellyNH-min.jpeg,https://gc.nh.gov/house/members/member.aspx?pid=9441;https://gencourt.state.nh.us/house/members/member.aspx?pid=9441,https://ballotpedia.org/Eileen_Kelly_(New_Hampshire);https://en.wikipedia.org/wiki/Eileen_Kelly_(politician);https://gc.nh.gov/house/members/member.aspx?pid=9441;https://gencourt.state.nh.us/house/members/member.aspx?pid=9441;https://justfacts.votesmart.org/candidate/biography/219123/eileen-kelly;https://www.linkedin.com/in/eileen-kelly-7651a75,,,,,,,,,,,
ocd-person/3b5abb0c-bfa9-4dfb-a84d-a60f7d3f8bc7,Eleana Colby,Democratic,Merrimack 9,lower,Eleana,Colby,Female,eleana.colby@gc.nh.gov,,,,https://images.squarespace-cdn.com/content/v1/663a2f1a05f40556a0069e03/a2255153-1aac-4e80-8553-b2b455647675/Front+Porch.jpg,https://gc.nh.gov/house/members/member.aspx?pid=11230;https://gencourt.state.nh.us/house/members/member.aspx?pid=11230,https://ballotpedia.org/Eleana_Colby;https://en.wikipedia.org/wiki/Eleana_Colby;https://gc.nh.gov/house/members/member.aspx?pid=11230;https://gencourt.state.nh.us/house/members/member.aspx?pid=11230;https://justfacts.votesmart.org/candidate/biography/219125/eleana-colby,,,,,,,,,,,
ocd-person/77304532-17fb-4b2c-aed6-213a435e4a46,Ellen Read,Democratic,Rockingham 10,lower,Ellen,Read,Female,ellen4nh@gmail.com,,,,https://storage.googleapis.com/enview-dev-public-general/legislative-people-photos/61282.jpg,https://gc.nh.gov/house/members/member.aspx?member=408613;https://gencourt.state.nh.us/downloads/Members.txt;https://gencourt.state.nh.us/house/members/member.aspx?member=408613;https://www.gencourt.state.nh.us/downloads/Members.txt;https://www.gencourt.state.nh.us/house/members/member.aspx?pid=8613,https://ballotpedia.org/Ellen_Read;https://en.wikipedia.org/wiki/Ellen_Read;https://gc.nh.gov/house/members/member.aspx?member=408613;https://gencourt.state.nh.us/downloads/Members.txt;https://gencourt.state.nh.us/downloads/members.txt;https://gencourt.state.nh.us/house/members/member.aspx?member=408613;https://justfacts.votesmart.org/candidate/172683/ellen-read;https://www.ellen4nh.com;https://www.gencourt.state.nh.us/downloads/Members.txt;https://www.gencourt.state.nh.us/house/members/member.aspx?member=408613;https://www.gencourt.state.nh.us/house/members/member.aspx?pid=8613;https://www.linkedin.com/in/ellen-read-30061485,,,,,,,,,,,
ocd-person/194a44fa-ae6e-4f8a-80fa-1ba652df02ba,Ellen Rockmore,Democratic,Grafton 12,lower,Ellen,Rockmore,Female,ellen.rockmore@gc.nh.gov,,,,https://d34zq6icsxu12y.cloudfront.net/assets/uploads/136FB17E-F543-45AA-9674-FE85B497B3A6_1_201_a.jpeg,https://gc.nh.gov/house/members/member.aspx?pid=11183;https://gencourt.state.nh.us/house/members/member.aspx?pid=11183,https://ballotpedia.org/Ellen_Rockmore;https://en.wikipedia.org/wiki/Ellen_Rockmore;https://gc.nh.gov/house/members/member.aspx?pid=11183;https://gencourt.state.nh.us/house/members/member.aspx?pid=11183;https://justfacts.votesmart.org/candidate/biography/218911/ellen-rockmore,,,,,,,,,,,
ocd-person/a8e2dc1d-b828-475a-92d4-373129360dcb,Eric Gallager,Democratic,Merrimack 20,lower,Eric,Gallager,Male,eric.gallager@gc.nh.gov,,,,https://storage.googleapis.com/enview-dev-public-general/legislative-people-photos/93767.jpg,https://gc.nh.gov/house/members/member.aspx?pid=9926;https://gencourt.state.nh.us/downloads/Members.txt;https://gencourt.state.nh.us/house/members/member.aspx?pid=9926;https://www.gencourt.state.nh.us/house/members/member.aspx?pid=9926,https://ballotpedia.org/Eric_Gallager;https://en.wikipedia.org/wiki/Eric_Gallager;https://gc.nh.gov/house/members/member.aspx?pid=9926;https://gencourt.state.nh.us/downloads/Members.txt;https://gencourt.state.nh.us/downloads/members.txt;https://gencourt.state.nh.us/house/members/member.aspx?pid=9926;https://justfacts.votesmart.org/candidate/biography/185382/eric-gallager;https://www.gencourt.state.nh.us/house/members/member.aspx?pid=9926;https://www.linkedin.com/in/eric-gallager-44118a34,,,,,,,,,,,
ocd-person/fa004123-5b0b-4019-8f74-8c43570c388c,Eric Turer,Democratic,Rockingham 6,lower,Eric,Turer,Male,eric.turer@gc.nh.gov,,,,https://photos.jsi.com/Photos/US/35335.jpg,https://gc.nh.gov/house/members/member.aspx?pid=9999;https://www.ericturerfornh.com/;https://www.gencourt.state.nh.us/house/members/member.aspx?pid=9999,https://ballotpedia.org/Eric_Turer;https://en.wikipedia.org/wiki/Eric_Turer;https://gc.nh.gov/house/members/member.aspx?pid=9999;https://justfacts.votesmart.org/candidate/185618/eric-turer;https://www.ericturerfornh.com;https://www.gencourt.state.nh.us/house/members/member.aspx?pid=9999;https://www.linkedin.com/in/eric-turer-0ab7937,,,,,,,,,,,
ocd-person/94df7a3f-b27d-42c1-9ecc-1ebdc707c9ae,Erica Layon,Republican,Rockingham 13,lower,Erica,Layon,Female,erica.layon@gc.nh.gov,,,,https://storage.googleapis.com/enview-dev-public-general/legislative-people-photos/104187.jpg,https://gc.nh.gov/house/members/member.aspx?pid=9935;https://gencourt.state.nh.us/downloads/Members.txt;https://gencourt.state.nh.us/house/members/member.aspx?pid=9935;https://www.gencourt.state.nh.us/house/members/member.aspx?pid=9935,https://ballotpedia.org/Erica_Layon;https://en.wikipedia.org/wiki/Erica_Layon;https://gc.nh.gov/house/members/member.aspx?pid=9935;https://gencourt.state.nh.us/downloads/Members.txt;https://gencourt.state.nh.us/downloads/members.txt;https://gencourt.state.nh.us/house/members/member.aspx?pid=9935;https://justfacts.votesmart.org/candidate/biography/195044/erica-layon;https://www.gencourt.state.nh.us/house/members/member.aspx?pid=9935;https://www.linkedin.com/in/erica-layon-b97292,,,,,,,,,,,
ocd-person/cd3ca080-a00e-4ad2-a5c4-897d8939c32b,Erica de Vries,Democratic,Rockingham 29,lower,Erica,de Vries,Female,erica.devries@gc.nh.gov,,,,https://www.seacoastonline.com/gcdn/authoring/authoring-images/2024/10/01/NPOH/75469967007-erica-de-vries.jpg?width=1200&disable=upscale&format=pjpg&auto=webp,https://gc.nh.gov/house/members/member.aspx?pid=10887;https://gencourt.state.nh.us/house/members/member.aspx?pid=10887,https://ballotpedia.org/Erica_de_Vries;https://ballotpedia.org/Erica_deVries;https://en.wikipedia.org/wiki/Erica_de_Vries;https://gc.nh.gov/house/members/member.aspx?pid=10887;https://gencourt.state.nh.us/house/members/member.aspx?pid=10887;https://justfacts.votesmart.org/candidate/210285/erica-devries;https://www.linkedin.com/in/ericardevries,,,,,,,,,,,
ocd-person/5a468f0d-8baf-47e9-92da-2db62373030f,Erik Johnson,Democratic,Strafford 11,lower,Erik,Johnson,Male,erik.johnson@gc.nh.gov,,,,https://www.fosters.com/gcdn/authoring/authoring-images/2024/02/28/NPOH/72776423007-72712182007-erikjohnson.jpg,https://gc.nh.gov/house/members/member.aspx?pid=11134;https://www.gencourt.state.nh.us/house/members/member.aspx?pid=11134,https://ballotpedia.org/Erik_Johnson_(New_Hampshire);https://en.wikipedia.org/wiki/Erik_Johnson_(politician);https://gc.nh.gov/house/members/member.aspx?pid=11134;https://justfacts.votesmart.org/candidate/biography/128196/erik-johnson;https://www.erjcpa.com/erjcpa;https://www.gencourt.state.nh.us/house/members/member.aspx?pid=11134;https://www.linkedin.com/in/erikrjohnsoncpa,,,,,,,,,,,
ocd-person/b30166c7-822f-4680-9aa0-0b62e3caf9bd,Erin Kerwin,Democratic,Hillsborough 40,lower,Erin,Kerwin,Female,erin.kerwin@gc.nh.gov,,,,https://www.citizenscount.org/sites/default/files/2024-06/erin-kerwin.jpg,https://gc.nh.gov/house/members/member.aspx?pid=11218;https://gencourt.state.nh.us/house/members/member.aspx?pid=11218,https://ballotpedia.org/Erin_Kerwin;https://en.wikipedia.org/wiki/Erin_Kerwin;https://gc.nh.gov/house/members/member.aspx?pid=11218;https://gencourt.state.nh.us/house/members/member.aspx?pid=11218;https://justfacts.votesmart.org/candidate/biography/219014/erin-kerwin;https://www.linkedin.com/in/erin-stevens-a404995,,,,,,,,,,,
ocd-person/6e5dc279-9e21-4971-9d63-eaf55886db57,Ernesto Gonzalez,Republican,Merrimack 3,lower,Ernesto,Gonzalez,Male,ernesto.gonzalez@gc.nh.gov,,1956-07-01,,https://s3.amazonaws.com/ballotpedia-api4/files/thumbs/200/300/ErnestoLeonardoGonzalez3.jpeg,https://gc.nh.gov/house/members/member.aspx?pid=11377;https://gencourt.state.nh.us/house/members/member.aspx?pid=11377,https://ballotpedia.org/Ernesto_Leonardo_Gonzalez_(New_Hampshire);https://en.wikipedia.org/wiki/Ernesto_Gonzalez_(politician);https://gc.nh.gov/house/members/member.aspx?pid=11377;https://gencourt.state.nh.us/house/members/member.aspx?pid=11377;https://justfacts.votesmart.org/candidate/219107/ernesto-leonardo-gonzalez;https://www.linkedin.com/in/ernesto-gonzalez-81235236,,,,,,,,,,,
ocd-person/0119879d-c522-4d71-992d-936a57389093,Fred Davis,Democratic,Hillsborough 3,lower,Fred,Davis,Male,fred.davis@gc.nh.gov,,1962-07-22,,https://s3.amazonaws.com/ballotpedia-api4/files/thumbs/200/300/Fred_Davis.jpg,https://gc.nh.gov/house/members/member.aspx?pid=9109;https://www.gencourt.state.nh.us/downloads/Members.txt;https://www.gencourt.state.nh.us/house/members/member.aspx?pid=9109,https://ballotpedia.org/Fred_Davis_Jr.;https://en.wikipedia.org/wiki/Fred_Davis_Jr.;https://gc.nh.gov/house/members/member.aspx?pid=9109;https://justfacts.votesmart.org/candidate/biography/185582/fred-davis;https://www.gencourt.state.nh.us/downloads/Members.txt;https://www.gencourt.state.nh.us/house/members/member.aspx?member=408873;https://www.gencourt.state.nh.us/house/members/member.aspx?pid=9109,,,,,,,,,,,
ocd-person/01d85172-f83f-48ee-8c35-8979a95c9190,Gaby Grossman,Democratic,Rockingham 11,lower,Gaby,Grossman,Female,gaby.grossman@gc.nh.gov,,,,https://storage.googleapis.com/enview-dev-public-general/legislative-people-photos/73218.jpg,https://gc.nh.gov/house/members/member.aspx?pid=9218;https://gencourt.state.nh.us/downloads/Members.txt;https://gencourt.state.nh.us/house/members/member.aspx?pid=9218;https://www.gencourt.state.nh.us/downloads/Members.txt;https://www.gencourt.state.nh.us/house/members/member.aspx?pid=9218,https://ballotpedia.org/Gaby_Grossman;https://en.wikipedia.org/wiki/Gaby_Grossman;https://gc.nh.gov/house/members/member.aspx?pid=9218;https://gencourt.state.nh.us/downloads/Members.txt;https://gencourt.state.nh.us/downloads/members.txt;https://gencourt.state.nh.us/house/members/member.aspx?pid=9218;https://justfacts.votesmart.org/candidate/biography/185601/gaby-grossman;https://www.gencourt.state.nh.us/downloads/Members.txt;https://www.gencourt.state.nh.us/house/members/member.aspx?member=408918;https://www.gencourt.state.nh.us/house/members/member.aspx?pid=9218;https://www.linkedin.com/in/gaby-grossman-4023112a,,,,,,,,,,,
ocd-person/26cadaaa-59d2-4c71-b23b-9f103dbd3e81,Gary Gilmore,Democratic,Strafford 16,lower,Gary,Gilmore,Male,gary.gilmore@gc.nh.gov,,,,https://straffordcountydemocraticcommittee.org/wp-content/uploads/2024/08/Gary-Gilmore_NH-candidate-300x300.jpg,https://gc.nh.gov/house/members/member.aspx?pid=4998;https://gencourt.state.nh.us/house/members/member.aspx?pid=4998,https://ballotpedia.org/Gary_Gilmore;https://en.wikipedia.org/wiki/Gary_Gilmore_(politician);https://gc.nh.gov/house/members/member.aspx?pid=4998;https://gencourt.state.nh.us/house/members/member.aspx?pid=4998;https://justfacts.votesmart.org/candidate/biography/21379/gary-gilmore,,,,,,,,,,,
ocd-person/281c916b-4280-41ff-9ee1-ba183d838536,Gary Daniels,Republican,Hillsborough 43,lower,Gary,Daniels,Male,gary.daniels@gc.nh.gov,,1954-05-16,,http://www.livefreeordiealliance.org/Portals/0/images_candidates/GDanielsHH40.jpg,https://gc.nh.gov/house/members/member.aspx?pid=423;https://www.gencourt.state.nh.us/Senate/members/webpages/district11.aspx,https://ballotpedia.org/Gary_Daniels;https://en.wikipedia.org/wiki/Gary_L._Daniels;https://gc.nh.gov/house/members/member.aspx?pid=423;https://gencourt.state.nh.us/downloads/Members.txt;https://gencourt.state.nh.us/downloads/members.txt;https://justfacts.votesmart.org/candidate/biography/5006/gary-daniels;https://www.gencourt.state.nh.us/Senate/members/webpages/district11.aspx;https://www.linkedin.com/in/gary-daniels-2bb29616,,,,,,,,,,,
ocd-person/5d98b66b-f4d1-4776-953f-67dc348fdd12,Gary Woods,Democratic,Merrimack 30,lower,Gary,Woods,Male,gary.woods@gc.nh.gov,,,,https://static.votesmart.org/static/canphoto/185380.jpg,https://gc.nh.gov/house/members/member.aspx?pid=9167;https://gencourt.state.nh.us/downloads/Members.txt;https://gencourt.state.nh.us/house/members/member.aspx?pid=9167;https://www.gencourt.state.nh.us/downloads/Members.txt,https://ballotpedia.org/Gary_Woods_(New_Hampshire);https://en.wikipedia.org/wiki/Gary_Woods_(politician);https://gc.nh.gov/house/members/member.aspx?pid=9167;https://gencourt.state.nh.us/downloads/Members.txt;https://gencourt.state.nh.us/downloads/members.txt;https://gencourt.state.nh.us/house/members/member.aspx?pid=9167;https://justfacts.votesmart.org/candidate/biography/185380/gary-woods;https://www.gencourt.state.nh.us/downloads/Members.txt;https://www.gencourt.state.nh.us/house/members/member.aspx?member=408895,,,,,,,,,,,
ocd-person/1d25683b-5c85-41cb-8585-6e18ddd0f648,Geoff Smith,Democratic,Strafford 21,lower,Geoff,Smith,Male,geoff.smith@gc.nh.gov,,,,https://www.gannett-cdn.com/presto/2022/09/08/NFDD/05d04a1f-87b2-4f2f-be88-18c7eefc1bc2-Gsmith_Headshot.jpg?width=300&height=355&fit=crop&format=pjpg&auto=webp,https://gc.nh.gov/house/members/member.aspx?pid=10905;https://www.gencourt.state.nh.us/house/members/member.aspx?pid=10905,https://ballotpedia.org/Geoff_Smith;https://en.wikipedia.org/wiki/Geoffrey_Smith_(New_Hampshire_politician);https://gc.nh.gov/house/members/member.aspx?pid=10905;https://justfacts.votesmart.org/candidate/biography/210744/geoff-smith;https://www.gencourt.state.nh.us/house/members/member.aspx?pid=10905;https://www.linkedin.com/in/geoffrey-smith-3b646a101,,,,,,,,,,,
ocd-person/1d64c012-42cd-433e-9e51-d449279fe57e,George Sykes,Democratic,Grafton 14,lower,George,Sykes,Male,george.sykes@gc.nh.gov,,1951-06-03,,https://storage.googleapis.com/enview-dev-public-general/legislative-people-photos/49851.jpg,https://gc.nh.gov/house/members/member.aspx?member=377176;https://gencourt.state.nh.us/downloads/Members.txt;https://www.gencourt.state.nh.us/downloads/Members.txt;https://www.gencourt.state.nh.us/house/members/member.aspx?member=377176;https://www.gencourt.state.nh.us/house/members/member.aspx?pid=781,https://ballotpedia.org/George_Sykes;https://en.wikipedia.org/wiki/George_Sykes_(New_Hampshire_politician);https://gc.nh.gov/house/members/member.aspx?member=377176;https://gencourt.state.nh.us/downloads/Members.txt;https://gencourt.state.nh.us/downloads/members.txt;https://justfacts.votesmart.org/candidate/biography/141710/george-sykes;https://lebanonnh.gov/1017/Councilor-George-Sykes;https://www.gencourt.state.nh.us/downloads/Members.txt;https://www.gencourt.state.nh.us/house/members/member.aspx?member=377176;https://www.gencourt.state.nh.us/house/members/member.aspx?pid=781,,,,,,,,,,,
ocd-person/8ecb185e-f9d2-4da1-94af-8ea367b7b34a,George Grant,Republican,Sullivan 5,lower,George,Grant,Male,george.grant@gc.nh.gov,,,,https://images.squarespace-cdn.com/content/v1/66dfa3554a4adb713d84216a/3071f119-e8b0-4f19-be72-993a6c7f8fea/George-Grant-Sul5-2+%281%29.jpg,https://gc.nh.gov/house/members/member.aspx?pid=10729;https://gencourt.state.nh.us/house/members/member.aspx?pid=10729,https://ballotpedia.org/George_Grant;https://en.wikipedia.org/wiki/George_Grant_(New_Hampshire_politician);https://gc.nh.gov/house/members/member.aspx?pid=10729;https://gencourt.state.nh.us/house/members/member.aspx?pid=10729;https://justfacts.votesmart.org/candidate/biography/210505/george-grant,,,,,,,,,,,
ocd-person/915a097c-1280-478b-b200-0903e323e9e5,Gerry Griffin,Republican,Hillsborough 42,lower,Gerry,Griffin,Male,gerald.griffin@gc.nh.gov,,,,https://storage.googleapis.com/enview-dev-public-general/legislative-people-photos/59179.jpg,https://gc.nh.gov/house/members/member.aspx?pid=8314;https://gencourt.state.nh.us/downloads/Members.txt;https://gencourt.state.nh.us/house/members/member.aspx?pid=8314;https://www.gencourt.state.nh.us/downloads/Members.txt;https://www.gencourt.state.nh.us/house/members/member.aspx?pid=8314,https://ballotpedia.org/Gerald_Griffin;https://en.wikipedia.org/wiki/Gerald_Griffin_(politician);https://gc.nh.gov/house/members/member.aspx?pid=8314;https://gencourt.state.nh.us/downloads/Members.txt;https://gencourt.state.nh.us/downloads/members.txt;https://gencourt.state.nh.us/house/members/member.aspx?pid=8314;https://justfacts.votesmart.org/candidate/173013/gerald-griffin;https://www.gencourt.state.nh.us/downloads/Members.txt;https://www.gencourt.state.nh.us/house/members/member.aspx?member=408314;https://www.gencourt.state.nh.us/house/members/member.aspx?pid=8314;https://www.linkedin.com/in/gerry-griffin-nh-plates-85861743,,,,,,,,,,,
ocd-person/03774445-16e9-4857-8015-317a3d8705a3,Gerry Ward,Democratic,Rockingham 27,lower,Gerry,Ward,Male,ward4staterep@gmail.com,,,,https://storage.googleapis.com/enview-dev-public-general/legislative-people-photos/50517.jpg,https://gc.nh.gov/house/members/member.aspx?member=377188;https://gencourt.state.nh.us/downloads/Members.txt;https://www.gencourt.state.nh.us/downloads/Members.txt;https://www.gencourt.state.nh.us/house/members/member.aspx?member=377188;https://www.gencourt.state.nh.us/house/members/member.aspx?pid=792,https://ballotpedia.org/Gerry_Ward;https://en.wikipedia.org/wiki/Gerry_Ward_(politician);https://gc.nh.gov/house/members/member.aspx?member=377188;https://gencourt.state.nh.us/downloads/Members.txt;https://gencourt.state.nh.us/downloads/members.txt;https://justfacts.votesmart.org/candidate/141785/gerry-ward;https://www.gencourt.state.nh.us/downloads/Members.txt;https://www.gencourt.state.nh.us/house/members/member.aspx?member=377188;https://www.gencourt.state.nh.us/house/members/member.aspx?pid=792,,,,,,,,,,,
ocd-person/620d9d69-c8fb-47ad-ad25-1c1ef75c39dd,Glen Aldrich,Republican,Belknap 6,lower,Glen,Aldrich,Male,glennaldrich@proton.me,,1957-12-20,,http://www.gencourt.state.nh.us/house/images/memberpics/377203.jpg,https://gc.nh.gov/house/members/member.aspx?pid=806;https://gencourt.state.nh.us/downloads/Members.txt;https://gencourt.state.nh.us/house/members/member.aspx?pid=806;https://www.gencourt.state.nh.us/downloads/Members.txt;https://www.gencourt.state.nh.us/house/members/member.aspx?member=377203,https://ballotpedia.org/Glen_Aldrich;https://en.wikipedia.org/wiki/Glen_Aldrich;https://gc.nh.gov/house/members/member.aspx?pid=806;https://gencourt.state.nh.us/downloads/Members.txt;https://gencourt.state.nh.us/downloads/members.txt;https://gencourt.state.nh.us/house/members/member.aspx?pid=806;https://www.gencourt.state.nh.us/downloads/Members.txt;https://www.gencourt.state.nh.us/house/members/member.aspx?member=377203,,,,,,,,,,,
ocd-person/56f58b74-b3b6-4f73-ad18-15af5119c4bc,Glenn Bailey,Republican,Strafford 2,lower,Glenn,Bailey,Male,grbailey@metrocast.net,,,,https://s3.amazonaws.com/ballotpedia-api4/files/thumbs/200/300/Glenn-Bailey.jpg,https://gc.nh.gov/house/members/member.aspx?pid=9946;https://gencourt.state.nh.us/downloads/Members.txt;https://gencourt.state.nh.us/house/members/member.aspx?pid=9946;https://www.gencourt.state.nh.us/house/members/member.aspx?pid=9946,https://ballotpedia.org/Glenn_Bailey_(New_Hampshire);https://en.wikipedia.org/wiki/Glenn_Bailey;https://gc.nh.gov/house/members/member.aspx?pid=9946;https://gencourt.state.nh.us/downloads/Members.txt;https://gencourt.state.nh.us/downloads/members.txt;https://gencourt.state.nh.us/house/members/member.aspx?pid=9946;https://justfacts.votesmart.org/candidate/194983/glenn-bailey;https://www.gencourt.state.nh.us/house/members/member.aspx?pid=9946,,,,,,,,,,,
ocd-person/f1292af8-a209-4ff7-87b5-086acddcc10e,Greg Sargent,Democratic,Merrimack 7,lower,Greg,Sargent,Male,gregory.sargent@gc.nh.gov,,,,https://victoryfund.org/wp-content/uploads/2024/09/IMG_0539-500x500-250x250.jpg,https://gc.nh.gov/house/members/member.aspx?pid=10832;https://gencourt.state.nh.us/house/members/member.aspx?pid=10832,https://ballotpedia.org/Gregory_Sargent;https://en.wikipedia.org/wiki/Gregory_Sargent;https://gc.nh.gov/house/members/member.aspx?pid=10832;https://gencourt.state.nh.us/house/members/member.aspx?pid=10832;https://justfacts.votesmart.org/candidate/biography/208876/gregory-sargent;https://www.linkedin.com/in/greg-sargent-59971860,,,,,,,,,,,
ocd-person/852df922-484b-412f-a604-c2d67efee5ec,Greg Hill,Republican,Merrimack 2,lower,Greg,Hill,Male,greghillnh@gmail.com,,,,https://www.citizenscount.org/sites/default/files/styles/profile_140x176/public/candidate-images/ghillmh3.jpg?itok=5R4Y1pzI,https://gc.nh.gov/house/members/member.aspx?pid=943;https://gencourt.state.nh.us/downloads/Members.txt;https://gencourt.state.nh.us/house/members/member.aspx?pid=943;https://www.gencourt.state.nh.us/downloads/Members.txt;https://www.gencourt.state.nh.us/house/members/member.aspx?pid=943,https://ballotpedia.org/Gregory_Hill_(New_Hampshire);https://en.wikipedia.org/wiki/Gregory_Hill_(politician);https://gc.nh.gov/house/members/member.aspx?pid=943;https://gencourt.state.nh.us/downloads/Members.txt;https://gencourt.state.nh.us/downloads/members.txt;https://gencourt.state.nh.us/house/members/member.aspx?pid=943;https://justfacts.votesmart.org/candidate/biography/126565/gregory-hill;https://www.gencourt.state.nh.us/downloads/Members.txt;https://www.gencourt.state.nh.us/house/members/member.aspx?member=376948;https://www.gencourt.state.nh.us/house/members/member.aspx?pid=943,,,,,,,,,,,
ocd-person/ff64ec8f-c8be-4e9c-8dce-3397cdc2401e,Heath Howard,Democratic,Strafford 4,lower,Heath,Howard,Male,heath.howard@gc.nh.gov,,,,https://storage.googleapis.com/enview-dev-public-general/legislative-people-photos/123321.jpg,https://gc.nh.gov/house/members/member.aspx?pid=10004;https://www.gencourt.state.nh.us/house/members/member.aspx?pid=10004,https://ballotpedia.org/Heath_Howard;https://en.wikipedia.org/wiki/Heath_Howard;https://gc.nh.gov/house/members/member.aspx?pid=10004;https://justfacts.votesmart.org/candidate/biography/194854/heath-howard;https://www.gencourt.state.nh.us/house/members/member.aspx?pid=10004;https://www.linkedin.com/in/heath-howard-313b99173;https://www.linkedin.com/in/heathhowardnh,,,,,,,,,,,
ocd-person/b14568dd-d9f5-4557-8ccd-0d000c231650,Heather Baldwin,Democratic,Grafton 4,lower,Heather,Baldwin,Female,heather.baldwin@gc.nh.gov,,,,https://s3.amazonaws.com/ballotpedia-api4/files/thumbs/200/300/Heather_Baldwin.jpg,https://gc.nh.gov/house/members/member.aspx?pid=10762;https://www.gencourt.state.nh.us/house/members/member.aspx?pid=10762,https://ballotpedia.org/Heather_Baldwin;https://en.wikipedia.org/wiki/Heather_Baldwin;https://gc.nh.gov/house/members/member.aspx?pid=10762;https://justfacts.votesmart.org/candidate/biography/208681/heather-baldwin;https://www.gencourt.state.nh.us/house/members/member.aspx?pid=10762;https://www.heatherpbaldwin.com/meet-heather,,,,,,,,,,,
ocd-person/e1e26c8f-3b7f-42bf-89e2-33331ff83bb3,Heather Raymond,Democratic,Hillsborough 5,lower,Heather,Raymond,Female,heather.raymond@gc.nh.gov,,,,https://nhhousedems.org/wp-content/uploads/2022/09/632c91a44ffa8-768x1152.jpeg,https://gc.nh.gov/house/members/member.aspx?pid=10779;https://gencourt.state.nh.us/house/members/member.aspx?pid=10779;https://www.gencourt.state.nh.us/house/members/member.aspx?pid=10779,https://ballotpedia.org/Heather_Raymond;https://en.wikipedia.org/wiki/Heather_Raymond;https://gc.nh.gov/house/members/member.aspx?pid=10779;https://gencourt.state.nh.us/house/members/member.aspx?pid=10779;https://justfacts.votesmart.org/candidate/208806/heather-raymond;https://www.gencourt.state.nh.us/house/members/member.aspx?pid=10779;https://www.linkedin.com/in/heather-raymond-59482985,,,,,,,,,,,
ocd-person/1a1bb56f-cf92-4af0-b65e-3831e8a07b64,Henry Giasson,Republican,Hillsborough 29,lower,Henry,Giasson,Male,henry.giasson@gc.nh.gov,,,,https://www.citizenscount.org/sites/default/files/styles/profile_140x176/public/2024-08/henry-giasson.jpg?itok=BzgSzzpz,https://gc.nh.gov/house/members/member.aspx?pid=11363;https://gencourt.state.nh.us/house/members/member.aspx?pid=11363,https://ballotpedia.org/Henry_Giasson;https://en.wikipedia.org/wiki/Henry_Giasson;https://gc.nh.gov/house/members/member.aspx?pid=11363;https://gencourt.state.nh.us/house/members/member.aspx?pid=11363;https://justfacts.votesmart.org/candidate/209040/henry-giasson-iii;https://www.linkedin.com/in/henry-giasson-64451289,,,,,,,,,,,
ocd-person/a1852031-32a0-4f94-95b8-57ddcc5ab576,Hope Damon,Democratic,Sullivan 8,lower,Hope,Damon,Female,hope.damon@gc.nh.gov,,,,https://storage.googleapis.com/enview-dev-public-general/legislative-people-photos/123204.jpg,https://gc.nh.gov/house/members/member.aspx?pid=10910;https://www.gencourt.state.nh.us/house/members/member.aspx?pid=10910,https://ballotpedia.org/Hope_Damon;https://en.wikipedia.org/wiki/Hope_Damon;https://gc.nh.gov/house/members/member.aspx?pid=10910;https://justfacts.votesmart.org/candidate/208964/hope-damon;https://www.gencourt.state.nh.us/house/members/member.aspx?pid=10910;https://www.hopefornh.com/about,,,,,,,,,,,
ocd-person/c4122c6a-ed23-492e-b813-59a0fed1ec86,Howard Pearl,Republican,17,upper,Howard,Pearl,Male,howard.pearl@gc.nh.gov,,1969-12-31,,https://storage.googleapis.com/enview-dev-public-general/legislative-people-photos/59217.jpg,https://gc.nh.gov/senate/members/webpages/district17.aspx;https://gencourt.state.nh.us/senate/members/webpages/district17.aspx;https://www.gencourt.state.nh.us/Senate/members/webpages/district17.aspx,https://ballotpedia.org/Howard_Pearl;https://en.wikipedia.org/wiki/Howard_Pearl;https://gc.nh.gov/senate/members/webpages/district17.aspx;https://gencourt.state.nh.us/senate/members/webpages/district17.aspx;https://justfacts.votesmart.org/candidate/biography/141848/howard-pearl;https://www.gencourt.state.nh.us/Senate/members/webpages/district17.aspx;https://www.linkedin.com/in/howard-pearl-383a6391,,,,,,,,,,,
ocd-person/9bae2e1c-4557-48a0-8adb-531347472614,J.D. Bernardy,Republican,Rockingham 36,lower,J.D.,Bernardy,Male,jd.bernardy@comcast.net,,,,https://www.citizenscount.org/sites/default/files/styles/profile_140x176/public/2020-08/JDBernardy.png?itok=IhGAlNMd,https://gc.nh.gov/house/members/member.aspx?pid=9941;https://gencourt.state.nh.us/downloads/Members.txt;https://gencourt.state.nh.us/house/members/member.aspx?pid=9941;https://www.gencourt.state.nh.us/house/members/member.aspx?pid=9941,https://ballotpedia.org/J_D_Bernardy;https://en.wikipedia.org/wiki/JD_Bernardy;https://gc.nh.gov/house/members/member.aspx?pid=9941;https://gencourt.state.nh.us/downloads/Members.txt;https://gencourt.state.nh.us/downloads/members.txt;https://gencourt.state.nh.us/house/members/member.aspx?pid=9941;https://justfacts.votesmart.org/candidate/195036/j-d-bernardy;https://www.gencourt.state.nh.us/house/members/member.aspx?pid=9941,,,,,,,,,,,
ocd-person/26f01212-5287-4735-aa1f-77e4f0d2acb6,Jaci Grote,Democratic,Rockingham 24,lower,Jaci,Grote,Female,jaci.grote@gc.nh.gov,,,,https://storage.googleapis.com/enview-dev-public-general/legislative-people-photos/73222.jpg,https://gc.nh.gov/house/members/member.aspx?member=408923;https://gencourt.state.nh.us/downloads/Members.txt;https://gencourt.state.nh.us/house/members/member.aspx?member=408923;https://www.gencourt.state.nh.us/downloads/Members.txt;https://www.gencourt.state.nh.us/house/members/member.aspx?pid=9225,https://ballotpedia.org/Jaci_Grote;https://en.wikipedia.org/wiki/Jaci_Grote;https://gc.nh.gov/house/members/member.aspx?member=408923;https://gencourt.state.nh.us/downloads/Members.txt;https://gencourt.state.nh.us/downloads/members.txt;https://gencourt.state.nh.us/house/members/member.aspx?member=408923;https://justfacts.votesmart.org/candidate/185612/jaci-grote;https://www.gencourt.state.nh.us/downloads/Members.txt;https://www.gencourt.state.nh.us/house/members/member.aspx?member=408923;https://www.gencourt.state.nh.us/house/members/member.aspx?pid=9225;https://www.linkedin.com/in/jaci-grote-4a588911,,,,,,,,,,,
ocd-person/0772e02f-5d9a-45d3-aa62-81a5416b06e2,Jack Flanagan,Republican,Hillsborough 45,lower,Jack,Flanagan,Male,jack.flanagan@gc.nh.gov,,1957-11-23,,http://www.gencourt.state.nh.us/house/images/memberpics/376936.jpg,https://gc.nh.gov/house/members/member.aspx?pid=623;https://gencourt.state.nh.us/house/members/member.aspx?pid=623;https://www.gencourt.state.nh.us/house/members/member.aspx?member=376936,https://ballotpedia.org/Jack_Flanagan;https://en.wikipedia.org/wiki/Jack_Flanagan_(New_Hampshire_politician);https://gc.nh.gov/house/members/member.aspx?pid=623;https://gencourt.state.nh.us/house/members/member.aspx?pid=623;https://justfacts.votesmart.org/candidate/biography/14551/jack-flanagan;https://www.gencourt.state.nh.us/downloads/Members.txt;https://www.gencourt.state.nh.us/house/members/member.aspx?member=376936;https://www.linkedin.com/in/jack-flanagan-84514950,,,,,,,,,,,
ocd-person/2520dc46-648c-44d0-ba1f-fe09b17a9d8b,Jim Spillane,Republican,Rockingham 2,lower,Jim,Spillane,Male,james@jamesspillane.org,,,,https://storage.googleapis.com/enview-dev-public-general/legislative-people-photos/45053.jpg,https://gc.nh.gov/house/members/member.aspx?member=377264;https://gencourt.state.nh.us/downloads/Members.txt;https://www.gencourt.state.nh.us/downloads/Members.txt;https://www.gencourt.state.nh.us/house/members/member.aspx?member=377264;https://www.gencourt.state.nh.us/house/members/member.aspx?pid=905,https://ballotpedia.org/James_Spillane;https://en.wikipedia.org/wiki/James_Spillane;https://gc.nh.gov/house/members/member.aspx?member=377264;https://gencourt.state.nh.us/downloads/Members.txt;https://gencourt.state.nh.us/downloads/members.txt;https://jamesspillane.org/js/about-james;https://justfacts.votesmart.org/candidate/biography/154538/james-spillane;https://www.gencourt.state.nh.us/downloads/Members.txt;https://www.gencourt.state.nh.us/house/members/member.aspx?member=377264;https://www.gencourt.state.nh.us/house/members/member.aspx?pid=905;https://www.linkedin.com/in/jaspillane,,,,,,,,,,,
ocd-person/cfbe3994-9a8b-4edf-80e7-d087700ca75a,James Roesener,Democratic,Merrimack 22,lower,James,Roesener,Male,james.roesener@gc.nh.gov,,,,https://victoryfund.org/wp-content/uploads/2017/01/James-Roesener-1024x576.png,https://gc.nh.gov/house/members/member.aspx?pid=10840;https://gencourt.state.nh.us/house/members/member.aspx?pid=10840;https://www.gencourt.state.nh.us/house/members/member.aspx?pid=10840,https://ballotpedia.org/James_Leon_Roesener;https://en.wikipedia.org/wiki/James_Roesener;https://gc.nh.gov/house/members/member.aspx?pid=10840;https://gencourt.state.nh.us/house/members/member.aspx?pid=10840;https://justfacts.votesmart.org/candidate/biography/208892/james-roesener;https://www.gencourt.state.nh.us/house/members/member.aspx?pid=10840;https://www.linkedin.com/in/james-roesener-65a2b8228,,,,,,,,,,,
ocd-person/58bff024-3ec3-431f-bfa7-0d499b0bb780,James Newsom,Democratic,Merrimack 9,lower,James,Newsom,Male,james.newsom@gc.nh.gov,,,,https://s3.amazonaws.com/ballotpedia-api4/files/thumbs/200/300/James_Newsom_20240914_104139.jpg,https://gc.nh.gov/house/members/member.aspx?pid=11232;https://gencourt.state.nh.us/house/members/member.aspx?pid=11232,https://ballotpedia.org/James_Newsom_(New_Hampshire);https://en.wikipedia.org/wiki/James_Newsom;https://gc.nh.gov/house/members/member.aspx?pid=11232;https://gencourt.state.nh.us/house/members/member.aspx?pid=11232;https://justfacts.votesmart.org/candidate/biography/219128/james-newsom;https://www.linkedin.com/in/james-newsom-51419a31,,,,,,,,,,,
ocd-person/e6443187-eb51-42eb-8bd7-349ed0ba9641,James Gray,Republican,6,upper,James,Gray,Male,james.gray@gc.nh.gov,,,,https://storage.googleapis.com/enview-dev-public-general/legislative-people-photos/45621.jpg,https://gc.nh.gov/Senate/members/webpages/district06.aspx;https://gencourt.state.nh.us/downloads/Members.txt;https://gencourt.state.nh.us/Senate/members/webpages/district06.aspx;https://www.gencourt.state.nh.us/downloads/Members.txt;https://www.gencourt.state.nh.us/Senate/members/webpages/district06.aspx,https://ballotpedia.org/James_Gray_(New_Hampshire);https://en.wikipedia.org/wiki/James_P._Gray_(New_Hampshire_politician);https://gc.nh.gov/Senate/members/webpages/district06.aspx;https://gencourt.state.nh.us/downloads/Members.txt;https://gencourt.state.nh.us/downloads/members.txt;https://gencourt.state.nh.us/Senate/members/webpages/district06.aspx;https://www.gencourt.state.nh.us/downloads/Members.txt;https://www.gencourt.state.nh.us/Senate/members/webpages/district06.aspx,,,,,,,,,,,
ocd-person/c027d650-709d-440f-8740-84b3e11406ba,Jim MacKay,Democratic,Merrimack 18,lower,Jim,MacKay,Male,james.mackay@mygait.com,,1930-05-08,,https://storage.googleapis.com/enview-dev-public-general/legislative-people-photos/50479.jpg,https://gc.nh.gov/house/members/member.aspx?member=376028;https://gencourt.state.nh.us/downloads/Members.txt;https://www.gencourt.state.nh.us/downloads/Members.txt;https://www.gencourt.state.nh.us/house/members/member.aspx?member=376028;https://www.gencourt.state.nh.us/house/members/member.aspx?pid=440,https://ballotpedia.org/Jim_MacKay;https://en.wikipedia.org/wiki/James_MacKay_(New_Hampshire_politician);https://gc.nh.gov/house/members/member.aspx?member=376028;https://gencourt.state.nh.us/downloads/Members.txt;https://gencourt.state.nh.us/downloads/members.txt;https://justfacts.votesmart.org/candidate/biography/8339/james-mackay;https://www.gencourt.state.nh.us/downloads/Members.txt;https://www.gencourt.state.nh.us/house/members/member.aspx?member=376028;https://www.gencourt.state.nh.us/house/members/member.aspx?pid=440;https://www.linkedin.com/in/james-mackay-26585037,,,,,,,,,,,
ocd-person/8ee6ee68-5ccb-4871-b815-6ed27c68c3ae,Jim Qualey,Republican,Cheshire 18,lower,Jim,Qualey,Male,jim.qualey@gc.nh.gov,,,,https://s3.amazonaws.com/ballotpedia-api4/files/thumbs/200/300/Jim-Qualey.PNG,https://gc.nh.gov/house/members/member.aspx?pid=9875;https://gencourt.state.nh.us/downloads/Members.txt;https://gencourt.state.nh.us/house/members/member.aspx?pid=9875;https://www.gencourt.state.nh.us/house/members/member.aspx?pid=9875,https://ballotpedia.org/Jim_Qualey;https://en.wikipedia.org/wiki/Jim_Qualey;https://gc.nh.gov/house/members/member.aspx?pid=9875;https://gencourt.state.nh.us/downloads/Members.txt;https://gencourt.state.nh.us/downloads/members.txt;https://gencourt.state.nh.us/house/members/member.aspx?pid=9875;https://justfacts.votesmart.org/candidate/194724/jim-qualey;https://www.gencourt.state.nh.us/house/members/member.aspx?pid=9875;https://www.linkedin.com/in/jim-qualey-232a0142,,,,,,,,,,,
ocd-person/14936ed1-5203-4f3e-be18-4243f1fff521,Jim Summers,Republican,Rockingham 20,lower,Jim,Summers,Male,james.summers@gc.nh.gov,,,,https://www.citizenscount.org/sites/default/files/styles/profile_140x176/public/candidate-images/jimsummers.jpg?itok=7IqtSp2Z,https://gc.nh.gov/house/members/member.aspx?pid=9294;https://www.gencourt.state.nh.us/house/members/member.aspx?pid=9294,https://ballotpedia.org/James_Summers;https://en.wikipedia.org/wiki/James_Summers_(American_politician);https://gc.nh.gov/house/members/member.aspx?pid=9294;https://justfacts.votesmart.org/candidate/122827/james-summers;https://www.gencourt.state.nh.us/house/members/member.aspx?pid=9294;https://www.linkedin.com/in/dr-james-jim-summers-5221392;https://www.linkedin.com/in/jim-summers-d-b-a-c-5221392,,,,,,,,,,,
ocd-person/15de6eda-2f2d-4807-9ff1-e770c60ca46c,James Thibault,Republican,Merrimack 25,lower,James,Thibault,Male,james.thibault@gc.nh.gov,,2005-12-27,,https://storage.googleapis.com/enview-dev-public-general/legislative-people-photos/161688.jpg,https://gc.nh.gov/house/members/member.aspx?pid=10980;https://gencourt.state.nh.us/house/members/member.aspx?pid=10980,https://ballotpedia.org/James_Thibault;https://en.wikipedia.org/wiki/James_Thibualt;https://gc.nh.gov/house/members/member.aspx?pid=10980;https://gencourt.state.nh.us/house/members/member.aspx?pid=10980;https://justfacts.votesmart.org/candidate/biography/219162/james-thibault;https://www.linkedin.com/in/james4nh,,,,,,,,,,,
ocd-person/0723bc3a-b040-40e5-9eaa-60c12f148828,James Tierney,Republican,Coos 1,lower,James,Tierney,Male,james.tierney@gc.nh.gov,,,,,https://gc.nh.gov/house/members/member.aspx?pid=8023;https://www.gencourt.state.nh.us/house/members/member.aspx?pid=8023,"https://ballotpedia.org/James_W._Tierney,_Jr.;https://en.wikipedia.org/wiki/James_Tierney_Jr.;https://gc.nh.gov/house/members/member.aspx?pid=8023;https://justfacts.votesmart.org/candidate/biography/143313/james-tierney;https://www.gencourt.state.nh.us/house/members/member.aspx?pid=8023",,,,,,,,,,,
ocd-person/2830876f-1a4d-4332-ae2a-a97607c4e1b9,Janet Wall,Democratic,Strafford 11,lower,Janet,Wall,Female,janet.wall@gc.nh.gov,,1949-11-21,,https://storage.googleapis.com/enview-dev-public-general/legislative-people-photos/54346.jpg,https://gc.nh.gov/house/members/member.aspx?member=372557;https://gencourt.state.nh.us/downloads/Members.txt;https://www.gencourt.state.nh.us/downloads/Members.txt;https://www.gencourt.state.nh.us/house/members/member.aspx?member=372557;https://www.gencourt.state.nh.us/house/members/member.aspx?pid=415,https://ballotpedia.org/Janet_Wall;https://en.wikipedia.org/wiki/Janet_Wall;https://gc.nh.gov/house/members/member.aspx?member=372557;https://gencourt.state.nh.us/downloads/Members.txt;https://gencourt.state.nh.us/downloads/members.txt;https://justfacts.votesmart.org/candidate/biography/8596/janet-wall;https://www.gencourt.state.nh.us/downloads/Members.txt;https://www.gencourt.state.nh.us/house/members/member.aspx?member=372557;https://www.gencourt.state.nh.us/house/members/member.aspx?pid=415,,,,,,,,,,,
ocd-person/5aab63e3-55a7-485a-b6ee-93a9533b760a,Janet Lucas,Democratic,Grafton 7,lower,Janet,Lucas,Female,janet.lucas@gc.nh.gov,,,,https://www.citizenscount.org/sites/default/files/2024-10/janet-lucas.jpg,https://gc.nh.gov/house/members/member.aspx?pid=11181;https://gencourt.state.nh.us/house/members/member.aspx?pid=11181,https://ballotpedia.org/Janet_Marie_Lucas;https://en.wikipedia.org/wiki/Janet_Lucas;https://gc.nh.gov/house/members/member.aspx?pid=11181;https://gencourt.state.nh.us/house/members/member.aspx?pid=11181;https://justfacts.votesmart.org/candidate/biography/218906/janet-lucas,,,,,,,,,,,
ocd-person/80eb1932-bf31-4008-b48b-640178bfa0d3,Jared Sullivan,Democratic,Grafton 2,lower,Jared,Sullivan,Male,jared.sullivan@gc.nh.gov,,,,https://www.citizenscount.org/sites/default/files/styles/profile_140x176/public/2022-10/jared-sullivan.jpg?itok=-ZrM4eNJ,https://gc.nh.gov/house/members/member.aspx?pid=10761;https://www.gencourt.state.nh.us/house/members/member.aspx?pid=10761,https://ballotpedia.org/Jared_Sullivan;https://en.wikipedia.org/wiki/Jared_Sullivan;https://gc.nh.gov/house/members/member.aspx?pid=10761;https://justfacts.votesmart.org/candidate/biography/210468/jared-sullivan;https://www.gencourt.state.nh.us/house/members/member.aspx?pid=10761;https://www.linkedin.com/in/economistjared,,,,,,,,,,,
ocd-person/6e2bc564-5cd1-4f96-a265-4753b7f12ee1,Jason Osborne,Republican,Rockingham 2,lower,Jason,Osborne,Male,jason@osborne4nh.com,,,,https://storage.googleapis.com/enview-dev-public-general/legislative-people-photos/49460.jpg,https://gc.nh.gov/house/members/member.aspx?pid=901;https://gencourt.state.nh.us/downloads/Members.txt;https://www.gencourt.state.nh.us/downloads/Members.txt;https://www.gencourt.state.nh.us/house/members/member.aspx?pid=901,https://ballotpedia.org/Jason_Osborne_(New_Hampshire);https://en.wikipedia.org/wiki/Jason_Osborne_(politician);https://gc.nh.gov/house/members/member.aspx?pid=901;https://gencourt.state.nh.us/downloads/Members.txt;https://gencourt.state.nh.us/downloads/members.txt;https://justfacts.votesmart.org/candidate/biography/154541/jessie-osborne;https://www.gencourt.state.nh.us/downloads/Members.txt;https://www.gencourt.state.nh.us/house/members/member.aspx?member=377253;https://www.gencourt.state.nh.us/house/members/member.aspx?pid=901;https://www.linkedin.com/in/jason-osborne-7bb8b1316,,,,,,,,,,,
ocd-person/f96a83f9-c085-451a-9b6b-4f79e2472e90,Jay Markell,Republican,Rockingham 18,lower,Jay,Markell,Male,jay.markell@gc.nh.gov,,,,"https://static.wixstatic.com/media/a58611_c00244dce5ea457ec1a1d4d2b41ef9c6.jpg/v1/fill/w_600,h_433,al_c,q_80,usm_0.66_1.00_0.01,enc_avif,quality_auto/Jay%2520Markell_JPG.jpg",https://gc.nh.gov/house/members/member.aspx?pid=11413;https://gencourt.state.nh.us/house/members/member.aspx?pid=11413,https://ballotpedia.org/Jay_Markell;https://en.wikipedia.org/wiki/Jay_Markell;https://gc.nh.gov/house/members/member.aspx?pid=11413;https://gencourt.state.nh.us/house/members/member.aspx?pid=11413;https://justfacts.votesmart.org/candidate/biography/219243/jay-markell;https://www.linkedin.com/in/jay-markell-5b237a55,,,,,,,,,,,
ocd-person/f47878eb-66fe-4d01-92ea-4d3190c6183c,Jean Jeudy,Democratic,Hillsborough 23,lower,Jean,Jeudy,Male,jean.jeudy@gc.nh.gov,,,,https://storage.googleapis.com/enview-dev-public-general/legislative-people-photos/50492.jpg,https://gc.nh.gov/house/members/member.aspx?member=376657;https://gencourt.state.nh.us/downloads/Members.txt;https://www.gencourt.state.nh.us/downloads/Members.txt;https://www.gencourt.state.nh.us/house/members/member.aspx?member=376657;https://www.gencourt.state.nh.us/house/members/member.aspx?pid=527,https://ballotpedia.org/Jean_Jeudy;https://en.wikipedia.org/wiki/Jean_Jeudy;https://gc.nh.gov/house/members/member.aspx?member=376657;https://gencourt.state.nh.us/downloads/Members.txt;https://gencourt.state.nh.us/downloads/members.txt;https://justfacts.votesmart.org/candidate/42077/jean-jeudy;https://www.gencourt.state.nh.us/downloads/Members.txt;https://www.gencourt.state.nh.us/house/members/member.aspx?member=376657;https://www.gencourt.state.nh.us/house/members/member.aspx?pid=527,,,,,,,,,,,
ocd-person/84f79859-fef0-441d-80bb-5edeafc70e78,Jeanine Notter,Republican,Hillsborough 12,lower,Jeanine,Notter,Female,jeanine.notter@gc.nh.gov,,,,https://storage.googleapis.com/enview-dev-public-general/legislative-people-photos/50434.jpg,https://gc.nh.gov/house/members/member.aspx?member=376991;https://gencourt.state.nh.us/downloads/Members.txt;https://www.gencourt.state.nh.us/downloads/Members.txt;https://www.gencourt.state.nh.us/house/members/member.aspx?member=376991;https://www.gencourt.state.nh.us/house/members/member.aspx?pid=639,https://ballotpedia.org/Jeanine_Notter;https://en.wikipedia.org/wiki/Jeanine_Notter;https://gc.nh.gov/house/members/member.aspx?member=376991;https://gencourt.state.nh.us/downloads/Members.txt;https://gencourt.state.nh.us/downloads/members.txt;https://justfacts.votesmart.org/candidate/biography/122804/jeanine-notter;https://www.gencourt.state.nh.us/downloads/Members.txt;https://www.gencourt.state.nh.us/house/members/member.aspx?member=376991;https://www.gencourt.state.nh.us/house/members/member.aspx?pid=639;https://www.linkedin.com/in/rep-jeanine-notter-337983b,,,,,,,,,,,
ocd-person/ff500f6d-8768-4947-af54-b2881b1134a4,Jeff Tenczar,Republican,Hillsborough 1,lower,Jeff,Tenczar,Male,jeffrey.tenczar@gc.nh.gov,,,,https://www.citizenscount.org/sites/default/files/styles/profile_140x176/public/2022-07/tenczar-jeff.jpg,https://gc.nh.gov/house/members/member.aspx?pid=10624;https://www.gencourt.state.nh.us/house/members/member.aspx?pid=10624,https://ballotpedia.org/Jeffrey_Tenczar;https://en.wikipedia.org/wiki/Jeffrey_Tenczar;https://gc.nh.gov/house/members/member.aspx?pid=10624;https://justfacts.votesmart.org/candidate/biography/209010/jeffrey-tenczar;https://www.gencourt.state.nh.us/house/members/member.aspx?pid=10624;https://www.linkedin.com/in/jeffrey-tenczar-58b0aaba,,,,,,,,,,,
ocd-person/50eaea14-c7e4-4aac-890e-bda69eb86978,Jennifer Rhodes,Republican,Cheshire 17,lower,Jennifer,Rhodes,Female,jennifer.rhodes@gc.nh.gov,,,,https://storage.googleapis.com/enview-dev-public-general/legislative-people-photos/93780.jpg,https://gc.nh.gov/house/members/member.aspx?pid=9878;https://gencourt.state.nh.us/downloads/Members.txt;https://gencourt.state.nh.us/house/members/member.aspx?pid=9878;https://www.gencourt.state.nh.us/house/members/member.aspx?pid=9878,https://ballotpedia.org/Jennifer_Rhodes;https://en.wikipedia.org/wiki/Jennifer_Rhodes_(politician);https://gc.nh.gov/house/members/member.aspx?pid=9878;https://gencourt.state.nh.us/downloads/Members.txt;https://gencourt.state.nh.us/downloads/members.txt;https://gencourt.state.nh.us/house/members/member.aspx?pid=9878;https://justfacts.votesmart.org/candidate/194753/jennifer-rhodes;https://www.gencourt.state.nh.us/house/members/member.aspx?pid=9878;https://www.jenniferrhodes.us;https://www.linkedin.com/in/jennifer-rhodes-11b1971b3,,,,,,,,,,,
ocd-person/64122b0a-5dcf-4f7e-aa74-cff67dcb67b3,Jennifer Mandelbaum,Democratic,Rockingham 21,lower,Jennifer,Mandelbaum,Female,jenfornh@gmail.com,,,,https://s3.amazonaws.com/ballotpedia-api4/files/thumbs/200/300/JenniferMandelbaum2024.jpg,https://gc.nh.gov/house/members/member.aspx?pid=11135;https://www.gencourt.state.nh.us/house/members/member.aspx?pid=11135,https://ballotpedia.org/Jennifer_Mandelbaum;https://en.wikipedia.org/wiki/Jennifer_Mandelbaum;https://gc.nh.gov/house/members/member.aspx?pid=11135;https://justfacts.votesmart.org/candidate/215379/jennifer-mandelbaum;https://www.gencourt.state.nh.us/house/members/member.aspx?pid=11135;https://www.jennifermandelbaum.com;https://www.linkedin.com/in/jennifermandelbaum,,,,,,,,,,,
ocd-person/c258b160-4a1f-461e-8fed-18597f349df9,Jeremy Slottje,Republican,Hillsborough 13,lower,Jeremy,Slottje,Male,,,,,https://advocacyassets.congressplus.net/pictures/52660.jpg,https://gc.nh.gov/house/members/member.aspx?pid=11349;https://gencourt.state.nh.us/house/members/member.aspx?pid=11349,https://ballotpedia.org/Jeremy_Slottje;https://en.wikipedia.org/wiki/Jeremy_Slottje;https://gc.nh.gov/house/members/member.aspx?pid=11349;https://gencourt.state.nh.us/house/members/member.aspx?pid=11349;https://justfacts.votesmart.org/candidate/218983/jeremy-slottje;https://www.linkedin.com/in/jeremy-slottje-424988259,,,,,,,,,,,
ocd-person/80181303-730c-46b5-88e5-ccfbf32b132f,Jerry Stringham,Democratic,Grafton 3,lower,Jerry,Stringham,Male,jerry.stringham@gc.nh.gov,,,,https://jerrymstringham.com/wp-content/uploads/2018/08/profile2-600x679.jpg,https://gc.nh.gov/house/members/member.aspx?pid=9058;https://gencourt.state.nh.us/house/members/member.aspx?pid=9058;https://www.gencourt.state.nh.us/house/members/member.aspx?pid=9058,https://ballotpedia.org/Jerry_Stringham;https://en.wikipedia.org/wiki/Jerry_Stringham;https://gc.nh.gov/house/members/member.aspx?pid=9058;https://gencourt.state.nh.us/house/members/member.aspx?pid=9058;https://justfacts.votesmart.org/candidate/biography/185530/jerry-stringham;https://www.gencourt.state.nh.us/house/members/member.aspx?pid=9058;https://www.linkedin.com/in/jerry-stringham-4aa162,,,,,,,,,,,
ocd-person/3787c84d-f615-4e9d-bac8-42f86ea308db,Jess Edwards,Republican,Rockingham 31,lower,Jess,Edwards,Male,jess.edwards@gc.nh.gov,,,,https://storage.googleapis.com/enview-dev-public-general/legislative-people-photos/59227.jpg,https://gc.nh.gov/house/members/member.aspx?member=408392;https://gencourt.state.nh.us/downloads/Members.txt;https://gencourt.state.nh.us/house/members/member.aspx?member=408392;https://www.gencourt.state.nh.us/downloads/Members.txt;https://www.gencourt.state.nh.us/house/members/member.aspx?pid=8392,https://ballotpedia.org/Jess_Edwards;https://en.wikipedia.org/wiki/Jess_Edwards;https://gc.nh.gov/house/members/member.aspx?member=408392;https://gencourt.state.nh.us/downloads/Members.txt;https://gencourt.state.nh.us/downloads/members.txt;https://gencourt.state.nh.us/house/members/member.aspx?member=408392;https://justfacts.votesmart.org/candidate/biography/172496/jess-edwards;https://www.gencourt.state.nh.us/downloads/Members.txt;https://www.gencourt.state.nh.us/house/members/member.aspx?member=408392;https://www.gencourt.state.nh.us/house/members/member.aspx?pid=8392;https://www.linkedin.com/in/jessecedwardsjr,,,,,,,,,,,
ocd-person/47233e65-87c6-4a8b-ba37-271c2413615d,Jessica LaMontagne,Democratic,Strafford 17,lower,Jessica,LaMontagne,Female,jessica.lamontagne@gc.nh.gov,,,,https://storage.googleapis.com/enview-dev-public-general/legislative-people-photos/123342.jpg,https://gc.nh.gov/house/members/member.aspx?pid=10900;https://www.gencourt.state.nh.us/house/members/member.aspx?pid=10900,https://ballotpedia.org/Jessica_LaMontagne;https://en.wikipedia.org/wiki/Jessica_LaMontagne;https://gc.nh.gov/house/members/member.aspx?pid=10900;https://jessicalamontagne.squarespace.com/about;https://www.gencourt.state.nh.us/house/members/member.aspx?pid=10900;https://www.linkedin.com/in/jessica-lamontagne-74958641,,,,,,,,,,,
ocd-person/d607d081-ecb8-4d5d-bc2f-d3ee78a627c7,Jessica Grill,Democratic,Hillsborough 18,lower,Jessica,Grill,Female,jessica.grill@gc.nh.gov,,,,https://s3.amazonaws.com/ballotpedia-api4/files/thumbs/200/300/Jessica_Grill.jpg,https://gc.nh.gov/house/members/member.aspx?pid=10797;https://www.gencourt.state.nh.us/house/members/member.aspx?pid=10797,https://ballotpedia.org/Jessica_Grill;https://en.wikipedia.org/wiki/Jessica_Grill;https://gc.nh.gov/house/members/member.aspx?pid=10797;https://justfacts.votesmart.org/candidate/208824/jessica-grill;https://www.gencourt.state.nh.us/house/members/member.aspx?pid=10797;https://www.linkedin.com/in/jessicamgrill,,,,,,,,,,,
ocd-person/de8891e6-5b3f-4fb5-8c5d-63ab84c70e59,Jim Fedolfi,Republican,Hillsborough 30,lower,Jim,Fedolfi,Male,jfedolfi@comcast.net,,,,https://storage.googleapis.com/enview-dev-public-general/legislative-people-photos/60549.jpg,https://gc.nh.gov/house/members/member.aspx?member=408299;https://gencourt.state.nh.us/downloads/Members.txt;https://gencourt.state.nh.us/house/members/member.aspx?member=408299;https://www.gencourt.state.nh.us/downloads/Members.txt;https://www.gencourt.state.nh.us/house/members/member.aspx?pid=8299,https://ballotpedia.org/Jim_Fedolfi;https://en.wikipedia.org/wiki/Jim_Fedolfi;https://gc.nh.gov/house/members/member.aspx?member=408299;https://gencourt.state.nh.us/downloads/Members.txt;https://gencourt.state.nh.us/downloads/members.txt;https://gencourt.state.nh.us/house/members/member.aspx?member=408299;https://justfacts.votesmart.org/candidate/biography/172996/jim-fedolfi;https://www.gencourt.state.nh.us/downloads/Members.txt;https://www.gencourt.state.nh.us/house/members/member.aspx?member=408299;https://www.gencourt.state.nh.us/house/members/member.aspx?pid=8299,,,,,,,,,,,
ocd-person/c46f0617-3009-41d2-97e3-a51004d83430,Jim Gruber,Democratic,Cheshire 16,lower,Jim,Gruber,Male,james.gruber@gc.nh.gov,,1950-02-28,,https://bloximages.chicago2.vip.townnews.com/sentinelsource.com/content/tncms/assets/v3/editorial/8/6b/86bd474a-7adb-50c5-9491-7676f44ac2ca/67202db7ba624.image.jpg,https://gc.nh.gov/house/members/member.aspx?pid=11171;https://gencourt.state.nh.us/house/members/member.aspx?pid=11171,https://ballotpedia.org/James_Gruber;https://en.wikipedia.org/wiki/James_Gruber_(politician);https://gc.nh.gov/house/members/member.aspx?pid=11171;https://gencourt.state.nh.us/house/members/member.aspx?pid=11171;https://justfacts.votesmart.org/candidate/biography/218882/james-gruber;https://www.linkedin.com/in/james-gruber-a008aa88,,,,,,,,,,,
ocd-person/ec6cfbd9-53fd-4643-b2c9-b0889f417baa,Jim Guzofski,Republican,Rockingham 1,lower,Jim,Guzofski,Male,james.guzofski@gc.nh.gov,,,,https://s3.amazonaws.com/ballotpedia-api4/files/thumbs/200/300/GuzofskiJames.jpg,https://gc.nh.gov/house/members/member.aspx?pid=11393;https://gencourt.state.nh.us/house/members/member.aspx?pid=11393,https://ballotpedia.org/James_Guzofski;https://en.wikipedia.org/wiki/James_Guzofski;https://gc.nh.gov/house/members/member.aspx?pid=11393;https://gencourt.state.nh.us/house/members/member.aspx?pid=11393;https://justfacts.votesmart.org/candidate/212229/james-guzofski,,,,,,,,,,,
ocd-person/fa8b39ea-006f-420a-9a3f-fe36d0db8776,Jim Kofalt,Republican,Hillsborough 32,lower,Jim,Kofalt,Male,jim.kofalt@gc.nh.gov,,,,https://static.votesmart.org/static/canphoto/154516.jpg,https://gc.nh.gov/house/members/member.aspx?pid=9895;https://gencourt.state.nh.us/downloads/Members.txt;https://gencourt.state.nh.us/house/members/member.aspx?pid=9895;https://www.gencourt.state.nh.us/house/members/member.aspx?pid=9895,https://ballotpedia.org/Jim_Kofalt;https://en.wikipedia.org/wiki/Jim_Kofalt;https://gc.nh.gov/house/members/member.aspx?pid=9895;https://gencourt.state.nh.us/downloads/Members.txt;https://gencourt.state.nh.us/downloads/members.txt;https://gencourt.state.nh.us/house/members/member.aspx?pid=9895;https://justfacts.votesmart.org/candidate/biography/154516/jim-kofalt;https://www.gencourt.state.nh.us/house/members/member.aspx?pid=9895;https://www.linkedin.com/in/jim-kofalt,,,,,,,,,,,
ocd-person/e6b59654-1e8f-4f6b-b01f-7d69bb76ffec,Jim Creighton,Republican,Hillsborough 30,lower,Jim,Creighton,Male,creighton4nh@gmail.com,,,,https://storage.googleapis.com/enview-dev-public-general/legislative-people-photos/93924.jpg,https://gc.nh.gov/house/members/member.aspx?pid=9917;https://gencourt.state.nh.us/downloads/Members.txt;https://gencourt.state.nh.us/house/members/member.aspx?pid=9917;https://www.gencourt.state.nh.us/house/members/member.aspx?pid=9917,https://ballotpedia.org/Jim_Creighton;https://en.wikipedia.org/wiki/Jim_Creighton_(politician);https://gc.nh.gov/house/members/member.aspx?pid=9917;https://gencourt.state.nh.us/downloads/Members.txt;https://gencourt.state.nh.us/downloads/members.txt;https://gencourt.state.nh.us/house/members/member.aspx?pid=9917;https://justfacts.votesmart.org/candidate/194735/jim-creighton;https://www.gencourt.state.nh.us/house/members/member.aspx?pid=9917;https://www.linkedin.com/in/james-creighton-8585611a,,,,,,,,,,,
ocd-person/4bb909b9-4651-4272-8d8d-3b649850e965,Jim Snodgrass,Democratic,Merrimack 28,lower,Jim,Snodgrass,Male,jim.snodgrass@gc.nh.gov,,,,https://nhhousedems.org/wp-content/uploads/2024/10/Jon-Snodgrass-2-739x1024.jpg,https://gc.nh.gov/house/members/member.aspx?pid=11238;https://gencourt.state.nh.us/house/members/member.aspx?pid=11238,https://ballotpedia.org/Jim_Snodgrass;https://en.wikipedia.org/wiki/Jim_Snodgrass;https://gc.nh.gov/house/members/member.aspx?pid=11238;https://gencourt.state.nh.us/house/members/member.aspx?pid=11238;https://justfacts.votesmart.org/candidate/biography/219166/jim-snodgrass,,,,,,,,,,,
ocd-person/deb760cf-91f7-415c-949a-bab0c5311d6f,Jim Maggiore,Democratic,Rockingham 23,lower,Jim,Maggiore,Male,jim.maggiore@gc.nh.gov,,,,https://www.citizenscount.org/sites/default/files/styles/profile_140x176/public/candidate-images/jimmaggiore.jpg?itok=mrb5_XQt,https://gc.nh.gov/house/members/member.aspx?pid=9224;https://gencourt.state.nh.us/downloads/Members.txt;https://gencourt.state.nh.us/house/members/member.aspx?pid=9224;https://www.gencourt.state.nh.us/downloads/Members.txt;https://www.gencourt.state.nh.us/house/members/member.aspx?pid=9224,https://ballotpedia.org/Jim_Maggiore_(New_Hampshire_House);https://en.wikipedia.org/wiki/Jim_Maggiore;https://gc.nh.gov/house/members/member.aspx?pid=9224;https://gencourt.state.nh.us/downloads/Members.txt;https://gencourt.state.nh.us/downloads/members.txt;https://gencourt.state.nh.us/house/members/member.aspx?pid=9224;https://justfacts.votesmart.org/candidate/172400/jim-maggiore;https://www.gencourt.state.nh.us/downloads/Members.txt;https://www.gencourt.state.nh.us/house/members/member.aspx?member=408922;https://www.gencourt.state.nh.us/house/members/member.aspx?pid=9224;https://www.linkedin.com/in/biopro,,,,,,,,,,,
ocd-person/97c57bb8-58d9-43b2-9ccb-5c926022f89f,Jodi Newell,Democratic,Cheshire 4,lower,Jodi,Newell,Female,jodi.newell@gc.nh.gov,,,,https://www.citizenscount.org/sites/default/files/styles/profile_140x176/public/2022-09/Jodi-Newell.jpg,https://gc.nh.gov/house/members/member.aspx?pid=10750;https://gencourt.state.nh.us/house/members/member.aspx?pid=10750;https://www.gencourt.state.nh.us/house/members/member.aspx?pid=10750,https://ballotpedia.org/Jodi_Newell;https://gc.nh.gov/house/members/member.aspx?pid=10750;https://gencourt.state.nh.us/house/members/member.aspx?pid=10750;https://www.gencourt.state.nh.us/house/members/member.aspx?pid=10750;https://www.linkedin.com/in/jodi-newell-1582b53a,,,,,,,,,,,
ocd-person/1f649bd8-815d-47b9-aca3-6e11ef2da422,Jodi Nelson,Republican,Rockingham 13,lower,Jodi,Nelson,Female,jodi.nelson@gc.nh.gov,,,,https://nhjournal.com/wp-content/uploads/2021/12/Nelson-300x300.jpeg,https://gc.nh.gov/house/members/member.aspx?pid=10440;https://gencourt.state.nh.us/house/members/member.aspx?pid=10440;https://www.gencourt.state.nh.us/house/members/member.aspx?pid=10440,https://ballotpedia.org/Jodi_Nelson_(New_Hampshire);https://en.wikipedia.org/wiki/Jodi_Nelson;https://gc.nh.gov/house/members/member.aspx?pid=10440;https://gencourt.state.nh.us/house/members/member.aspx?pid=10440;https://justfacts.votesmart.org/candidate/biography/199138/jodi-nelson;https://www.gencourt.state.nh.us/house/members/member.aspx?pid=10440,,,,,,,,,,,
ocd-person/e7800d58-1019-4aff-8d1a-22faba9d3e23,Joe Alexander,Republican,Hillsborough 29,lower,Joe,Alexander,Male,joe.alexander@gc.nh.gov,,,,https://kubrick.htvapps.com/htv-prod-media.s3.amazonaws.com/images/joealexanderphoto-png-1571786224.png,https://gc.nh.gov/house/members/member.aspx?pid=9165;https://gencourt.state.nh.us/downloads/Members.txt;https://gencourt.state.nh.us/house/members/member.aspx?pid=9165;https://www.gencourt.state.nh.us/downloads/Members.txt;https://www.gencourt.state.nh.us/house/members/member.aspx?pid=9165,https://ballotpedia.org/Joe_Alexander_Jr.;https://en.wikipedia.org/wiki/Joe_Alexander_Jr.;https://gc.nh.gov/house/members/member.aspx?pid=9165;https://gencourt.state.nh.us/downloads/Members.txt;https://gencourt.state.nh.us/downloads/members.txt;https://gencourt.state.nh.us/house/members/member.aspx?pid=9165;https://justfacts.votesmart.org/candidate/biography/175812/joe-alexander-jr;https://www.gencourt.state.nh.us/downloads/Members.txt;https://www.gencourt.state.nh.us/house/members/member.aspx?member=408950;https://www.gencourt.state.nh.us/house/members/member.aspx?pid=9165;https://www.linkedin.com/in/joseph-alexander-22a3079a,,,,,,,,,,,
ocd-person/5afc747c-0880-4f38-9ae3-28a966cd7a64,Joe Hamblen,Republican,Carroll 3,lower,Joe,Hamblen,Male,joseph.hamblen@gc.nh.gov,,,,https://lh3.googleusercontent.com/9PpyqvnxL-_EDZreC-j_BhwrWNQfFmzOa0LJZZN3ZQb2bQL1-4-Ydqb5dIDmBNVw_-wH7o1IHIJLT9umwqybtvBFcceDHPTFOlxETjMyktrePP02rsizB4FAIzDsy9AFWA=w1280,https://gc.nh.gov/house/members/member.aspx?pid=11313;https://gencourt.state.nh.us/house/members/member.aspx?pid=11313,https://ballotpedia.org/Joseph_Hamblen;https://en.wikipedia.org/wiki/Joseph_Hamblen;https://gc.nh.gov/house/members/member.aspx?pid=11313;https://gencourt.state.nh.us/house/members/member.aspx?pid=11313,,,,,,,,,,,
ocd-person/568a287b-89c6-44b7-a8e6-a5188ef7f9bc,Joe Sweeney,Republican,Rockingham 25,lower,Joe,Sweeney,Male,joe.sweeney@gc.nh.gov,,1993-11-08,,https://storage.googleapis.com/enview-dev-public-general/legislative-people-photos/49847.jpg,https://gc.nh.gov/house/members/member.aspx?pid=779;https://gencourt.state.nh.us/downloads/Members.txt;https://gencourt.state.nh.us/house/members/member.aspx?pid=779;https://www.gencourt.state.nh.us/house/members/member.aspx?member=377174;https://www.gencourt.state.nh.us/house/members/member.aspx?pid=779,https://ballotpedia.org/Joe_Sweeney;https://en.wikipedia.org/wiki/Joseph_Sweeney_(American_politician);https://gc.nh.gov/house/members/member.aspx?pid=779;https://gencourt.state.nh.us/downloads/Members.txt;https://gencourt.state.nh.us/downloads/members.txt;https://gencourt.state.nh.us/house/members/member.aspx?pid=779;https://justfacts.votesmart.org/candidate/141928/joe-sweeney;https://www.gencourt.state.nh.us/house/members/member.aspx?member=377174;https://www.gencourt.state.nh.us/house/members/member.aspx?pid=779;https://www.linkedin.com/in/joesweeneynh,,,,,,,,,,,
ocd-person/c4ba3022-267a-4ca0-8aad-2a2daa3af0db,John Leavitt,Republican,Merrimack 10,lower,John,Leavitt,Male,john.leavitt@gc.nh.gov,,,,https://storage.googleapis.com/enview-dev-public-general/legislative-people-photos/59215.jpg,https://gc.nh.gov/house/members/member.aspx?pid=8381;https://gencourt.state.nh.us/downloads/Members.txt;https://gencourt.state.nh.us/house/members/member.aspx?pid=8381;https://www.gencourt.state.nh.us/downloads/Members.txt;https://www.gencourt.state.nh.us/house/members/member.aspx?pid=8381,https://ballotpedia.org/John_A._Leavitt;https://en.wikipedia.org/wiki/John_Leavitt_(politician);https://gc.nh.gov/house/members/member.aspx?pid=8381;https://gencourt.state.nh.us/downloads/Members.txt;https://gencourt.state.nh.us/downloads/members.txt;https://gencourt.state.nh.us/house/members/member.aspx?pid=8381;https://justfacts.votesmart.org/candidate/biography/172486/john-leavitt;https://www.gencourt.state.nh.us/downloads/Members.txt;https://www.gencourt.state.nh.us/house/members/member.aspx?member=408381;https://www.gencourt.state.nh.us/house/members/member.aspx?pid=8381;https://www.linkedin.com/in/hon-john-a-leavitt-3709a751,,,,,,,,,,,
ocd-person/35c51630-9b9c-411a-9b98-0842cb6093df,John Hunt,Republican,Cheshire 14,lower,John,Hunt,Male,jbhunt@prodigy.net,,1956-11-13,,https://storage.googleapis.com/enview-dev-public-general/legislative-people-photos/50487.jpg,https://gc.nh.gov/house/members/member.aspx?member=372375;https://gencourt.state.nh.us/downloads/Members.txt;https://www.gencourt.state.nh.us/downloads/Members.txt;https://www.gencourt.state.nh.us/house/members/member.aspx?member=372375;https://www.gencourt.state.nh.us/house/members/member.aspx?pid=414,https://ballotpedia.org/John_Hunt_(New_Hampshire);https://en.wikipedia.org/wiki/John_B._Hunt;https://gc.nh.gov/house/members/member.aspx?member=372375;https://gencourt.state.nh.us/downloads/Members.txt;https://gencourt.state.nh.us/downloads/members.txt;https://justfacts.votesmart.org/candidate/biography/8051/john-hunt;https://www.gencourt.state.nh.us/downloads/Members.txt;https://www.gencourt.state.nh.us/house/members/member.aspx?member=372375;https://www.gencourt.state.nh.us/house/members/member.aspx?pid=414,,,,,,,,,,,
ocd-person/4c4f4974-0202-43a0-9aba-f41d0f99603a,John Janigian,Republican,Rockingham 25,lower,John,Janigian,Male,john.janigian@gc.nh.gov,,,,https://storage.googleapis.com/enview-dev-public-general/legislative-people-photos/59233.jpg,https://gc.nh.gov/house/members/member.aspx?member=408412;https://gencourt.state.nh.us/downloads/Members.txt;https://gencourt.state.nh.us/house/members/member.aspx?member=408412;https://www.gencourt.state.nh.us/downloads/Members.txt;https://www.gencourt.state.nh.us/house/members/member.aspx?pid=8412,https://ballotpedia.org/John_Janigian;https://en.wikipedia.org/wiki/John_Janigian;https://gc.nh.gov/house/members/member.aspx?member=408412;https://gencourt.state.nh.us/downloads/Members.txt;https://gencourt.state.nh.us/downloads/members.txt;https://gencourt.state.nh.us/house/members/member.aspx?member=408412;https://justfacts.votesmart.org/candidate/biography/173063/john-janigian;https://www.gencourt.state.nh.us/downloads/Members.txt;https://www.gencourt.state.nh.us/house/members/member.aspx?member=408412;https://www.gencourt.state.nh.us/house/members/member.aspx?pid=8412;https://www.linkedin.com/in/john-janigian-1695888,,,,,,,,,,,
ocd-person/fcd4cdd8-007f-4d0d-b4c5-371db50e81a5,John Larochelle,Democratic,Strafford 19,lower,John,Larochelle,Male,john.larochelle@gc.nh.gov,,,,https://encrypted-tbn0.gstatic.com/images?q=tbn:ANd9GcR9ZbTDURwWF8S0AVA9twgNvOu92KPEOL5v4A&s,https://gc.nh.gov/house/members/member.aspx?pid=11288;https://gencourt.state.nh.us/house/members/member.aspx?pid=11288,https://ballotpedia.org/John_Larochelle;https://en.wikipedia.org/wiki/John_Larochelle;https://gc.nh.gov/house/members/member.aspx?pid=11288;https://gencourt.state.nh.us/house/members/member.aspx?pid=11288;https://justfacts.votesmart.org/candidate/biography/111932/john-larochelle,,,,,,,,,,,
ocd-person/433c67d6-bfdc-410e-87e2-463c93d55a17,John Potucek,Republican,Rockingham 13,lower,John,Potucek,Male,john.potucek@gc.nh.gov,,,,https://storage.googleapis.com/enview-dev-public-general/legislative-people-photos/45142.jpg,https://gc.nh.gov/house/members/member.aspx?member=377257;https://gencourt.state.nh.us/downloads/Members.txt;https://www.gencourt.state.nh.us/downloads/Members.txt;https://www.gencourt.state.nh.us/house/members/member.aspx?member=377257;https://www.gencourt.state.nh.us/house/members/member.aspx?pid=902,https://ballotpedia.org/John_Potucek;https://en.wikipedia.org/wiki/John_Potucek_(New_Hampshire_politician);https://gc.nh.gov/house/members/member.aspx?member=377257;https://gencourt.state.nh.us/downloads/Members.txt;https://gencourt.state.nh.us/downloads/members.txt;https://justfacts.votesmart.org/candidate/biography/154553/john-potucek;https://www.gencourt.state.nh.us/downloads/Members.txt;https://www.gencourt.state.nh.us/house/members/member.aspx?member=377257;https://www.gencourt.state.nh.us/house/members/member.aspx?pid=902;https://www.linkedin.com/in/john-potucek-8653aa31,,,,,,,,,,,
ocd-person/d3dab509-1268-4b4f-b363-98932002bf2e,John Cloutier,Democratic,Sullivan 6,lower,John,Cloutier,Male,jocloutier@comcast.net,,1957-11-15,,https://storage.googleapis.com/enview-dev-public-general/legislative-people-photos/50190.jpg,https://gc.nh.gov/house/members/member.aspx?member=375829;https://gc.nh.gov/house/members/member.aspx?pid=427;https://gencourt.state.nh.us/downloads/Members.txt;https://www.gencourt.state.nh.us/downloads/Members.txt;https://www.gencourt.state.nh.us/house/members/member.aspx?member=375829;https://www.gencourt.state.nh.us/house/members/member.aspx?pid=427,https://ballotpedia.org/John_Cloutier;https://en.wikipedia.org/wiki/John_Cloutier;https://gc.nh.gov/house/members/member.aspx?member=375829;https://gc.nh.gov/house/members/member.aspx?pid=427;https://gencourt.state.nh.us/downloads/Members.txt;https://gencourt.state.nh.us/downloads/members.txt;https://justfacts.votesmart.org/candidate/biography/4985/john-cloutier;https://www.gencourt.state.nh.us/downloads/Members.txt;https://www.gencourt.state.nh.us/house/members/member.aspx?member=375829;https://www.gencourt.state.nh.us/house/members/member.aspx?pid=427;https://www.linkedin.com/in/john-cloutier-49525a14,,,,,,,,,,,
ocd-person/84047292-5618-45d3-afbf-16bb611f415d,John Schneller,Republican,Hillsborough 2,lower,John,Schneller,Male,john.schneller@gc.nh.gov,,,,https://patch.com/img/cdn20/users/546351/20240905/101328/styles/patch_image/public/john-schneller-2024-campaign___05220730224.jpg?width=1200,https://gc.nh.gov/house/members/member.aspx?pid=4027;https://gencourt.state.nh.us/house/members/member.aspx?pid=4027,https://ballotpedia.org/John_Schneller;https://en.wikipedia.org/wiki/John_Schneller_(politician);https://gc.nh.gov/house/members/member.aspx?pid=4027;https://gencourt.state.nh.us/house/members/member.aspx?pid=4027;https://justfacts.votesmart.org/candidate/biography/154480/john-schneller;https://www.linkedin.com/in/john-schneller-9b041b1b,,,,,,,,,,,
ocd-person/a365b40c-5682-4627-ae84-764e7da7219e,John Sellers,Republican,Grafton 10,lower,John,Sellers,Male,john.sellers@gc.nh.gov,,,,https://storage.googleapis.com/enview-dev-public-general/legislative-people-photos/123422.jpg,https://gc.nh.gov/house/members/member.aspx?pid=10620;https://gencourt.state.nh.us/house/members/member.aspx?pid=10620;https://www.gencourt.state.nh.us/house/members/member.aspx?pid=10620,https://ballotpedia.org/John_Sellers_(New_Hampshire);https://en.wikipedia.org/wiki/John_Sellers_(New_Hampshire_politician);https://gc.nh.gov/house/members/member.aspx?pid=10620;https://gencourt.state.nh.us/house/members/member.aspx?pid=10620;https://justfacts.votesmart.org/candidate/biography/209005/john-sellers;https://www.gencourt.state.nh.us/house/members/member.aspx?pid=10620,,,,,,,,,,,
ocd-person/78fa874f-3651-424e-a8c7-094b2d89de95,John Stone,Democratic,Strafford 12,lower,John,Stone,Male,biggamehunter53@aol.com,,,,https://straffordcountydemocraticcommittee.org/wp-content/uploads/2024/08/John-Stone-Candidate-Profile-300x300.jpg,https://gc.nh.gov/house/members/member.aspx?pid=11284;https://gencourt.state.nh.us/house/members/member.aspx?pid=11284,https://ballotpedia.org/John_Joseph_Stone;https://gc.nh.gov/house/members/member.aspx?pid=11284;https://gencourt.state.nh.us/house/members/member.aspx?pid=11284;https://justfacts.votesmart.org/candidate/biography/219228/john-stone,,,,,,,,,,,
ocd-person/fe4b2b32-0709-486c-910c-fa3bcfc54056,John Suiter,Republican,Hillsborough 36,lower,John,Suiter,Male,john.suiter@gc.nh.gov,,,,https://www.ledgertranscript.com/attachments/35/47349035.jpg,https://gc.nh.gov/house/members/member.aspx?pid=11369;https://gencourt.state.nh.us/house/members/member.aspx?pid=11369,https://ballotpedia.org/John_Suiter;https://en.wikipedia.org/wiki/John_Suiter;https://gc.nh.gov/house/members/member.aspx?pid=11369;https://gencourt.state.nh.us/house/members/member.aspx?pid=11369;https://justfacts.votesmart.org/candidate/219010/john-suiter,,,,,,,,,,,
ocd-person/81a14b0b-f5dd-4e7a-b500-c9dc0a56c2be,John Sytek,Republican,Rockingham 25,lower,John,Sytek,Male,john.sytek@gc.nh.gov,,1943-03-19,,https://storage.googleapis.com/enview-dev-public-general/legislative-people-photos/50380.jpg,https://gc.nh.gov/house/members/member.aspx?member=375692;https://gencourt.state.nh.us/downloads/Members.txt;https://www.gencourt.state.nh.us/downloads/Members.txt;https://www.gencourt.state.nh.us/house/members/member.aspx?member=375692;https://www.gencourt.state.nh.us/house/members/member.aspx?pid=426,https://ballotpedia.org/John_Sytek;https://en.wikipedia.org/wiki/John_Sytek;https://gc.nh.gov/house/members/member.aspx?member=375692;https://gencourt.state.nh.us/downloads/Members.txt;https://gencourt.state.nh.us/downloads/members.txt;https://justfacts.votesmart.org/candidate/8571/john-sytek;https://www.gencourt.state.nh.us/downloads/Members.txt;https://www.gencourt.state.nh.us/house/members/member.aspx?member=375692;https://www.gencourt.state.nh.us/house/members/member.aspx?pid=426;https://www.linkedin.com/in/john-sytek-5081852,,,,,,,,,,,
ocd-person/a22a36bb-3514-4d76-a39e-791902f41d6c,John MacDonald,Republican,Carroll 6,lower,John,MacDonald,Male,john.macdonald@gc.nh.gov,,,,https://www.citizenscount.org/sites/default/files/styles/profile_140x176/public/candidate-images/JohnTMacdonald.jpg?itok=E0Xsy4nv,https://gc.nh.gov/house/members/member.aspx?pid=9411;https://gencourt.state.nh.us/downloads/Members.txt;https://gencourt.state.nh.us/house/members/member.aspx?pid=9411;https://www.gencourt.state.nh.us/downloads/Members.txt;https://www.gencourt.state.nh.us/house/members/member.aspx?pid=9411,https://ballotpedia.org/John_MacDonald_(New_Hampshire);https://gc.nh.gov/house/members/member.aspx?pid=9411;https://gencourt.state.nh.us/downloads/Members.txt;https://gencourt.state.nh.us/downloads/members.txt;https://gencourt.state.nh.us/house/members/member.aspx?pid=9411;https://justfacts.votesmart.org/candidate/biography/185231/john-macdonald;https://www.gencourt.state.nh.us/downloads/Members.txt;https://www.gencourt.state.nh.us/house/members/member.aspx?member=408825;https://www.gencourt.state.nh.us/house/members/member.aspx?pid=9411;https://www.linkedin.com/in/john-macdonald-esq-25163016,,,,,,,,,,,
ocd-person/4df69dca-ac45-46e2-a42d-26d77ddcdde4,Jon Morton,Republican,Hillsborough 39,lower,Jon,Morton,Male,jonathan.morton@gc.nh.gov,,,,https://s3.amazonaws.com/ballotpedia-api4/files/thumbs/200/300/Jonathan_Morton_20240826_041814.jpg,https://gc.nh.gov/house/members/member.aspx?pid=11371;https://gencourt.state.nh.us/house/members/member.aspx?pid=11371,https://ballotpedia.org/Jonathan_Morton;https://en.wikipedia.org/wiki/Jonathan_Morton;https://gc.nh.gov/house/members/member.aspx?pid=11371;https://gencourt.state.nh.us/house/members/member.aspx?pid=11371;https://justfacts.votesmart.org/candidate/biography/219012/jonathan-morton;https://www.linkedin.com/in/jonmortonnh,,,,,,,,,,,
ocd-person/87b1ae9f-d7ad-4fc2-b96c-a03c1926c4b1,Jonah Wheeler,Democratic,Hillsborough 33,lower,Jonah,Wheeler,Male,jonah.wheeler@gc.nh.gov,,2003-03-01,,"https://static.wixstatic.com/media/4655f1_d2a8a2149cf54e91832ddb103872eee0~mv2.jpg/v1/fill/w_400,h_400,al_c,q_80,usm_0.66_1.00_0.01,enc_auto/i-BFnhF57-X4_edited.jpg",https://gc.nh.gov/house/members/member.aspx?pid=10813;https://www.gencourt.state.nh.us/house/members/member.aspx?pid=10813,https://ballotpedia.org/Jonah_Wheeler;https://en.wikipedia.org/wiki/Jonah_Wheeler;https://gc.nh.gov/house/members/member.aspx?pid=10813;https://justfacts.votesmart.org/candidate/208837/jonah-wheeler;https://www.gencourt.state.nh.us/house/members/member.aspx?pid=10813;https://www.linkedin.com/in/jonah-orion-wheeler-7b137a2b2,,,,,,,,,,,
ocd-person/214b10b8-1ed6-4964-8aab-32c6609965f6,Jonathan Smith,Republican,Carroll 5,lower,Jonathan,Smith,Male,jonathan.smith@gc.nh.gov,,,,https://bloximages.newyork1.vip.townnews.com/conwaydailysun.com/content/tncms/assets/v3/editorial/d/32/d32c40ee-0fb6-11eb-8b8e-a7afe05f98e4/5f8a1bf422620.image.jpg,https://gc.nh.gov/house/members/member.aspx?pid=9869;https://gencourt.state.nh.us/downloads/Members.txt;https://gencourt.state.nh.us/house/members/member.aspx?pid=9869;https://www.gencourt.state.nh.us/house/members/member.aspx?pid=9869,https://ballotpedia.org/Jonathan_Smith_(New_Hampshire);https://gc.nh.gov/house/members/member.aspx?pid=9869;https://gencourt.state.nh.us/downloads/Members.txt;https://gencourt.state.nh.us/downloads/members.txt;https://gencourt.state.nh.us/house/members/member.aspx?pid=9869;https://www.gencourt.state.nh.us/house/members/member.aspx?pid=9869,,,,,,,,,,,
ocd-person/31f696d4-f806-4eb3-a8ce-5b1d2a2eba93,Jordan Ulery,Republican,Hillsborough 13,lower,Jordan,Ulery,Male,repulery@comcast.net,,1949-10-19,,https://storage.googleapis.com/enview-dev-public-general/legislative-people-photos/21895.jpg,https://gc.nh.gov/house/members/member.aspx?member=376635;https://gencourt.state.nh.us/downloads/Members.txt;https://www.gencourt.state.nh.us/downloads/Members.txt;https://www.gencourt.state.nh.us/house/members/member.aspx?member=376635;https://www.gencourt.state.nh.us/house/members/member.aspx?pid=520,https://ballotpedia.org/Jordan_Ulery;https://en.wikipedia.org/wiki/Jordan_Ulery;https://gc.nh.gov/house/members/member.aspx?member=376635;https://gencourt.state.nh.us/downloads/Members.txt;https://gencourt.state.nh.us/downloads/members.txt;https://justfacts.votesmart.org/candidate/42373/jordan-ulery;https://www.gencourt.state.nh.us/downloads/Members.txt;https://www.gencourt.state.nh.us/house/members/member.aspx?member=376635;https://www.gencourt.state.nh.us/house/members/member.aspx?pid=520;https://www.linkedin.com/in/ulery-jordan-9a30aa143,,,,,,,,,,,
ocd-person/3d1f7d21-9a20-4245-b51f-03ca0d2b14eb,Jose Cambrils,Republican,Merrimack 4,lower,Jose,Cambrils,Male,jose4nh@comcast.net,,,,https://storage.googleapis.com/enview-dev-public-general/legislative-people-photos/93925.jpg,https://gc.nh.gov/house/members/member.aspx?pid=9925;https://gencourt.state.nh.us/downloads/Members.txt;https://gencourt.state.nh.us/house/members/member.aspx?pid=9925;https://www.gencourt.state.nh.us/house/members/member.aspx?pid=9925,https://ballotpedia.org/Jose_Cambrils;https://en.wikipedia.org/wiki/Jose_Cambrils;https://gc.nh.gov/house/members/member.aspx?pid=9925;https://gencourt.state.nh.us/downloads/Members.txt;https://gencourt.state.nh.us/downloads/members.txt;https://gencourt.state.nh.us/house/members/member.aspx?pid=9925;https://justfacts.votesmart.org/candidate/biography/185500/jose-cambrils;https://www.gencourt.state.nh.us/house/members/member.aspx?pid=9925,,,,,,,,,,,
ocd-person/772f5157-b959-4aed-beaa-6bd67ab8fefe,Joe Guthrie,Republican,Rockingham 15,lower,Joe,Guthrie,Male,joseph.guthrie@gc.nh.gov,,1929-11-10,,https://storage.googleapis.com/enview-dev-public-general/legislative-people-photos/49861.jpg,https://gc.nh.gov/house/members/member.aspx?member=376127;https://gencourt.state.nh.us/downloads/Members.txt;https://www.gencourt.state.nh.us/downloads/Members.txt;https://www.gencourt.state.nh.us/house/members/member.aspx?member=376127;https://www.gencourt.state.nh.us/house/members/member.aspx?pid=936,https://ballotpedia.org/Joe_Guthrie;https://en.wikipedia.org/wiki/Joseph_Guthrie_(politician);https://gc.nh.gov/house/members/member.aspx?member=376127;https://gencourt.state.nh.us/downloads/Members.txt;https://gencourt.state.nh.us/downloads/members.txt;https://justfacts.votesmart.org/candidate/14506/joseph-guthrie;https://www.gencourt.state.nh.us/downloads/Members.txt;https://www.gencourt.state.nh.us/house/members/member.aspx?member=376127;https://www.gencourt.state.nh.us/house/members/member.aspx?pid=936;https://www.linkedin.com/in/joe-guthrie-a027b0a1,,,,,,,,,,,
ocd-person/894db7b4-6c38-493e-9935-0f54a6cda8b7,Joseph Barton,Republican,Grafton 1,lower,Joseph,Barton,Male,joseph.barton@gc.nh.gov,,,,,https://gc.nh.gov/house/members/member.aspx?pid=11320;https://gencourt.state.nh.us/house/members/member.aspx?pid=11320,https://ballotpedia.org/Joseph_Barton;https://en.wikipedia.org/wiki/Joseph_Barton_(New_Hampshire_politician);https://gc.nh.gov/house/members/member.aspx?pid=11320;https://gencourt.state.nh.us/house/members/member.aspx?pid=11320;https://justfacts.votesmart.org/candidate/biography/218894/joseph-barton,,,,,,,,,,,
ocd-person/533fb85c-c4f0-41f3-9bc6-8b1c422a9693,Judy Aron,Republican,Sullivan 4,lower,Judy,Aron,Female,judy.aron@gc.nh.gov,,,,https://storage.googleapis.com/enview-dev-public-general/legislative-people-photos/73096.jpg,https://gc.nh.gov/house/members/member.aspx?pid=9429;https://gencourt.state.nh.us/downloads/Members.txt;https://gencourt.state.nh.us/house/members/member.aspx?pid=9429;https://www.gencourt.state.nh.us/downloads/Members.txt;https://www.gencourt.state.nh.us/house/members/member.aspx?pid=9429,https://ballotpedia.org/Judy_Aron;https://en.wikipedia.org/wiki/Judy_Aron;https://gc.nh.gov/house/members/member.aspx?pid=9429;https://gencourt.state.nh.us/downloads/Members.txt;https://gencourt.state.nh.us/downloads/members.txt;https://gencourt.state.nh.us/house/members/member.aspx?pid=9429;https://justfacts.votesmart.org/candidate/biography/185539/judy-aron;https://www.gencourt.state.nh.us/downloads/Members.txt;https://www.gencourt.state.nh.us/house/members/member.aspx?member=408942;https://www.gencourt.state.nh.us/house/members/member.aspx?pid=9429;https://www.linkedin.com/in/judy-aron-8a01a72a,,,,,,,,,,,
ocd-person/77ca15e6-ebe1-4ef5-8bc9-ed3dff861f38,Julie Gilman,Democratic,Rockingham 11,lower,Julie,Gilman,Female,julie.gilman@gc.nh.gov,,,,https://storage.googleapis.com/enview-dev-public-general/legislative-people-photos/60990.jpg,https://gc.nh.gov/house/members/member.aspx?member=408615;https://gencourt.state.nh.us/downloads/Members.txt;https://gencourt.state.nh.us/house/members/member.aspx?member=408615;https://www.gencourt.state.nh.us/downloads/Members.txt;https://www.gencourt.state.nh.us/house/members/member.aspx?pid=8615,https://ballotpedia.org/Julie_Gilman;https://en.wikipedia.org/wiki/Julie_Gilman;https://gc.nh.gov/house/members/member.aspx?member=408615;https://gencourt.state.nh.us/downloads/Members.txt;https://gencourt.state.nh.us/downloads/members.txt;https://gencourt.state.nh.us/house/members/member.aspx?member=408615;https://justfacts.votesmart.org/candidate/172690/julie-gilman;https://www.gencourt.state.nh.us/downloads/Members.txt;https://www.gencourt.state.nh.us/house/members/member.aspx?member=408615;https://www.gencourt.state.nh.us/house/members/member.aspx?pid=8615;https://www.linkedin.com/in/julie-gilman-70634710,,,,,,,,,,,
ocd-person/44b33c8b-b7ee-41e3-a7a4-601a53746e36,Julie Miles,Republican,Hillsborough 12,lower,Julie,Miles,Female,julie.miles@gc.nh.gov,,,,https://www.citizenscount.org/sites/default/files/styles/profile_140x176/public/2024-10/julie-miles2.jpg?itok=oAndAg1b,https://gc.nh.gov/house/members/member.aspx?pid=11345;https://gencourt.state.nh.us/house/members/member.aspx?pid=11345,https://ballotpedia.org/Julie_Miles;https://en.wikipedia.org/wiki/Julie_Miles;https://gc.nh.gov/house/members/member.aspx?pid=11345;https://gencourt.state.nh.us/house/members/member.aspx?pid=11345;https://justfacts.votesmart.org/candidate/biography/218976/julie-miles;https://www.linkedin.com/in/juliemiles,,,,,,,,,,,
ocd-person/5d7f39ae-2cc4-4b36-bd76-828a24bc454d,Juliet Harvey-Bolia,Republican,Belknap 3,lower,Juliet,Harvey-Bolia,Female,juliet.harveybolia@gc.nh.gov,,,,https://static.votesmart.org/static/canphoto/194686.jpg,https://gc.nh.gov/house/members/member.aspx?pid=9865;https://gencourt.state.nh.us/downloads/Members.txt;https://gencourt.state.nh.us/house/members/member.aspx?pid=9865;https://www.gencourt.state.nh.us/house/members/member.aspx?pid=9865,https://ballotpedia.org/Juliet_Harvey-Bolia;https://gc.nh.gov/house/members/member.aspx?pid=9865;https://gencourt.state.nh.us/downloads/Members.txt;https://gencourt.state.nh.us/downloads/members.txt;https://gencourt.state.nh.us/house/members/member.aspx?pid=9865;https://justfacts.votesmart.org/candidate/biography/194686/juliet-harvey-bolia;https://www.gencourt.state.nh.us/house/members/member.aspx?pid=9865,,,,,,,,,,,
ocd-person/0d4bc96e-c56f-42a3-b602-54222dfdd883,Julius Soti,Republican,Rockingham 35,lower,Julius,Soti,Male,rep.jsoti@gmail.com,,,,https://storage.googleapis.com/enview-dev-public-general/legislative-people-photos/113796.jpg,https://gc.nh.gov/house/members/member.aspx?pid=9936;https://gencourt.state.nh.us/downloads/Members.txt;https://gencourt.state.nh.us/house/members/member.aspx?pid=9936;https://www.gencourt.state.nh.us/house/members/member.aspx?pid=9936,https://ballotpedia.org/Julius_Soti;https://en.wikipedia.org/wiki/Julius_Soti;https://gc.nh.gov/house/members/member.aspx?pid=9936;https://gencourt.state.nh.us/downloads/Members.txt;https://gencourt.state.nh.us/downloads/members.txt;https://gencourt.state.nh.us/house/members/member.aspx?pid=9936;https://justfacts.votesmart.org/candidate/185316/julius-soti;https://justfacts.votesmart.org/candidate/biography/185316/julius-soti;https://www.gencourt.state.nh.us/house/members/member.aspx?pid=9936;https://www.linkedin.com/in/julius-fredi-soti-566b8425,,,,,,,,,,,
ocd-person/a0936f2f-8170-47f9-8b05-6c6697a95968,Karel Crawford,Republican,Carroll 3,lower,Karel,Crawford,Female,karel.crawford@gc.nh.gov,,,,https://storage.googleapis.com/enview-dev-public-general/legislative-people-photos/49868.jpg,https://gc.nh.gov/house/members/member.aspx?member=377087;https://gencourt.state.nh.us/downloads/Members.txt;https://www.gencourt.state.nh.us/downloads/Members.txt;https://www.gencourt.state.nh.us/house/members/member.aspx?member=377087;https://www.gencourt.state.nh.us/house/members/member.aspx?pid=694,https://ballotpedia.org/Karel_Crawford;https://gc.nh.gov/house/members/member.aspx?member=377087;https://gencourt.state.nh.us/downloads/Members.txt;https://gencourt.state.nh.us/downloads/members.txt;https://justfacts.votesmart.org/candidate/biography/141860/karel-crawford;https://www.gencourt.state.nh.us/downloads/Members.txt;https://www.gencourt.state.nh.us/house/members/member.aspx?member=377087;https://www.gencourt.state.nh.us/house/members/member.aspx?pid=694;https://www.linkedin.com/in/karel-crawford-21a53436,,,,,,,,,,,
ocd-person/947e2e2b-04eb-4f92-9f83-aef8760517e0,Karen Ebel,Democratic,Merrimack 7,lower,Karen,Ebel,Female,karen.ebel@gc.nh.gov,,,,https://storage.googleapis.com/enview-dev-public-general/legislative-people-photos/49900.jpg,https://gc.nh.gov/house/members/member.aspx?member=377093;https://gencourt.state.nh.us/downloads/Members.txt;https://www.gencourt.state.nh.us/downloads/Members.txt;https://www.gencourt.state.nh.us/house/members/member.aspx?member=377093;https://www.gencourt.state.nh.us/house/members/member.aspx?pid=700,https://ballotpedia.org/Karen_Ebel;https://en.wikipedia.org/wiki/Karen_Ebel;https://gc.nh.gov/house/members/member.aspx?member=377093;https://gencourt.state.nh.us/downloads/Members.txt;https://gencourt.state.nh.us/downloads/members.txt;https://justfacts.votesmart.org/candidate/biography/141759/karen-ebel;https://www.gencourt.state.nh.us/downloads/Members.txt;https://www.gencourt.state.nh.us/house/members/member.aspx?member=377093;https://www.gencourt.state.nh.us/house/members/member.aspx?pid=700,,,,,,,,,,,
ocd-person/46f2bce3-b004-4b9c-8202-494feab86dee,Karen Hegner,Democratic,Hillsborough 41,lower,Karen,Hegner,Female,karen.hegner@gc.nh.gov,,1970-09-11,,https://nhhousedems.org/wp-content/uploads/2024/10/4L5A7663HR-Karen-Hegner-1-683x1024.jpg,https://gc.nh.gov/house/members/member.aspx?pid=11221;https://gencourt.state.nh.us/house/members/member.aspx?pid=11221,https://ballotpedia.org/Karen_Hegner;https://en.wikipedia.org/wiki/Karen_Hegner;https://gc.nh.gov/house/members/member.aspx?pid=11221;https://gencourt.state.nh.us/house/members/member.aspx?pid=11221;https://justfacts.votesmart.org/candidate/biography/219018/karen-hegner;https://www.linkedin.com/in/karen-hegner-9130b7a,,,,,,,,,,,
ocd-person/4c8bec8a-e86d-4316-8b2e-2f8c4157cae5,Kat McGhee,Democratic,Hillsborough 35,lower,Kat,McGhee,Female,kat.mcghee@gc.nh.gov,,,,https://storage.googleapis.com/enview-dev-public-general/legislative-people-photos/73176.jpg,https://gc.nh.gov/house/members/member.aspx?pid=6966;https://gencourt.state.nh.us/downloads/Members.txt;https://gencourt.state.nh.us/house/members/member.aspx?pid=6966;https://www.gencourt.state.nh.us/downloads/Members.txt;https://www.gencourt.state.nh.us/house/members/member.aspx?pid=6966,https://ballotpedia.org/Kat_McGhee;https://en.wikipedia.org/wiki/Kat_McGhee;https://gc.nh.gov/house/members/member.aspx?pid=6966;https://gencourt.state.nh.us/downloads/Members.txt;https://gencourt.state.nh.us/downloads/members.txt;https://gencourt.state.nh.us/house/members/member.aspx?pid=6966;https://justfacts.votesmart.org/candidate/biography/141738/kat-mcghee;https://www.gencourt.state.nh.us/downloads/Members.txt;https://www.gencourt.state.nh.us/house/members/member.aspx?member=408947;https://www.gencourt.state.nh.us/house/members/member.aspx?pid=6966;https://www.linkedin.com/in/kathy-mcghee-m-ed-pmp-870a798,,,,,,,,,,,
ocd-person/79bb2147-ea4b-4706-8b38-ee2309613ea0,Kate Murray,Democratic,Rockingham 22,lower,Kate,Murray,Female,kate.murray@gc.nh.gov,,,,https://storage.googleapis.com/enview-dev-public-general/legislative-people-photos/59307.jpg,https://gc.nh.gov/house/members/member.aspx?member=408619;https://gencourt.state.nh.us/downloads/Members.txt;https://www.gencourt.state.nh.us/downloads/Members.txt;https://www.gencourt.state.nh.us/house/members/member.aspx?member=408619;https://www.gencourt.state.nh.us/house/members/member.aspx?pid=8619,https://ballotpedia.org/Kate_Murray;https://en.wikipedia.org/wiki/Kate_Murray_(New_Hampshire_politician);https://gc.nh.gov/house/members/member.aspx?member=408619;https://gencourt.state.nh.us/downloads/Members.txt;https://gencourt.state.nh.us/downloads/members.txt;https://justfacts.votesmart.org/candidate/172694/kate-murray;https://www.gencourt.state.nh.us/downloads/Members.txt;https://www.gencourt.state.nh.us/house/members/member.aspx?member=408619;https://www.gencourt.state.nh.us/house/members/member.aspx?pid=8619;https://www.katemurrayfornh.us/about.html;https://www.linkedin.com/in/kate-murray-6011b428,,,,,,,,,,,
ocd-person/b7d43cab-3399-4022-a2a4-9415937b3daa,Katelyn Kuttab,Republican,Rockingham 17,lower,Katelyn,Kuttab,Female,katelyn.kuttab@gc.nh.gov,,,,https://storage.googleapis.com/enview-dev-public-general/legislative-people-photos/123341.jpg,https://gc.nh.gov/house/members/member.aspx?pid=10695;https://www.gencourt.state.nh.us/house/members/member.aspx?pid=10695,https://ballotpedia.org/Katelyn_Kuttab;https://en.wikipedia.org/wiki/Katelyn_Kuttab;https://gc.nh.gov/house/members/member.aspx?pid=10695;https://justfacts.votesmart.org/candidate/209233/katelyn-kuttab;https://www.gencourt.state.nh.us/house/members/member.aspx?pid=10695;https://www.linkedin.com/in/kkuttab,,,,,,,,,,,
ocd-person/a0a8c9d8-1f27-4d28-a249-8a5856ea5c05,Katherine Prudhomme-O'Brien,Republican,Rockingham 13,lower,Katherine,Prudhomme-O'Brien,Female,kpo@gc.nh.gov,,,,https://storage.googleapis.com/enview-dev-public-general/legislative-people-photos/45619.jpg,https://gc.nh.gov/house/members/member.aspx?member=377258;https://gencourt.state.nh.us/downloads/Members.txt;https://www.gencourt.state.nh.us/downloads/Members.txt;https://www.gencourt.state.nh.us/house/members/member.aspx?member=377258,https://ballotpedia.org/Katherine_O%27Brien;https://ballotpedia.org/Katherine_Prudhomme-O%27Brien;https://en.wikipedia.org/wiki/Katherine_Prudhomme_O%27Brien;https://gc.nh.gov/house/members/member.aspx?member=377258;https://gencourt.state.nh.us/downloads/Members.txt;https://justfacts.votesmart.org/candidate/biography/185307/katherine-prudhomme-obrien;https://www.gencourt.state.nh.us/downloads/Members.txt;https://www.gencourt.state.nh.us/house/members/member.aspx?member=377258,,,,,,,,,,,
ocd-person/dca02694-20ad-476e-8b56-2ff59d3d8ba6,Kathi Paquette,Republican,Hillsborough 25,lower,Kathi,Paquette,Female,kathleen.paquette@gc.nh.gov,,,,https://www.citizenscount.org/sites/default/files/styles/profile_140x176/public/2024-10/kathleen-paquette2.jpg?itok=EFb590kd,https://gc.nh.gov/house/members/member.aspx?pid=10648;https://gencourt.state.nh.us/house/members/member.aspx?pid=10648,https://ballotpedia.org/Kathleen_Paquette;https://en.wikipedia.org/wiki/Kathleen_Paquette;https://gc.nh.gov/house/members/member.aspx?pid=10648;https://gencourt.state.nh.us/house/members/member.aspx?pid=10648;https://justfacts.votesmart.org/candidate/biography/211123/kathleen-paquette;https://www.linkedin.com/in/kathleen-paquette-a6520294,,,,,,,,,,,
ocd-person/4f2dee8b-bbd5-41d9-8bd4-bf2f60556ed7,Kathy Staub,Democratic,Hillsborough 25,lower,Kathy,Staub,Female,kathy.staub@gc.nh.gov,,,,https://s3.amazonaws.com/ballotpedia-api4/files/thumbs/200/300/KathyStaub.jpg,https://gc.nh.gov/house/members/member.aspx?pid=10801;https://www.gencourt.state.nh.us/house/members/member.aspx?pid=10801,https://ballotpedia.org/Kathy_Staub;https://en.wikipedia.org/wiki/Kathy_Staub;https://gc.nh.gov/house/members/member.aspx?pid=10801;https://justfacts.votesmart.org/candidate/211122/kathy-staub;https://www.gencourt.state.nh.us/house/members/member.aspx?pid=10801;https://www.linkedin.com/in/kathy-staub-3137637,,,,,,,,,,,
ocd-person/437d084e-35d3-4a37-9ccb-61d6fcc43b1c,Katy Peternel,Republican,Carroll 6,lower,Katy,Peternel,Female,katy.peternel@gc.nh.gov,,,,https://www.citizenscount.org/sites/default/files/styles/profile_140x176/public/2022-07/Katy-Peternel.jpg,https://gc.nh.gov/house/members/member.aspx?pid=10579;https://www.gencourt.state.nh.us/house/members/member.aspx?pid=10579,https://ballotpedia.org/Katy_Peternel;https://gc.nh.gov/house/members/member.aspx?pid=10579;https://www.gencourt.state.nh.us/house/members/member.aspx?pid=10579;https://www.linkedin.com/in/katy-peternel-53ba28243,,,,,,,,,,,
ocd-person/0e6b2514-25d6-4e16-bcbd-5029e90df22d,Keith Erf,Republican,Hillsborough 28,lower,Keith,Erf,Male,keith.erf@gc.nh.gov,,,,https://static.votesmart.org/static/canphoto/185241.jpg,https://gc.nh.gov/house/members/member.aspx?pid=9416;https://gencourt.state.nh.us/downloads/Members.txt;https://gencourt.state.nh.us/house/members/member.aspx?pid=9416;https://keitherf.com/;https://www.gencourt.state.nh.us/downloads/Members.txt;https://www.gencourt.state.nh.us/house/members/member.aspx?pid=9416,https://ballotpedia.org/Keith_Erf;https://en.wikipedia.org/wiki/Keith_Erf;https://gc.nh.gov/house/members/member.aspx?pid=9416;https://gencourt.state.nh.us/downloads/Members.txt;https://gencourt.state.nh.us/downloads/members.txt;https://gencourt.state.nh.us/house/members/member.aspx?pid=9416;https://justfacts.votesmart.org/candidate/biography/185241/keith-erf;https://keitherf.com;https://www.gencourt.state.nh.us/downloads/Members.txt;https://www.gencourt.state.nh.us/house/members/member.aspx?member=408845;https://www.gencourt.state.nh.us/house/members/member.aspx?pid=9416;https://www.linkedin.com/in/keith-erf-0b46311,,,,,,,,,,,
ocd-person/c975be5b-c686-4489-92d2-5b8ba36f9974,Keith Ammon,Republican,Hillsborough 42,lower,Keith,Ammon,Male,keith.ammon@gc.nh.gov,,,,https://storage.googleapis.com/enview-dev-public-general/legislative-people-photos/49492.jpg,https://gc.nh.gov/house/members/member.aspx?pid=836;https://gencourt.state.nh.us/house/members/member.aspx?pid=836;https://www.gencourt.state.nh.us/house/members/member.aspx?member=377204,https://ballotpedia.org/Keith_Ammon;https://en.wikipedia.org/wiki/Keith_Ammon;https://gc.nh.gov/house/members/member.aspx?pid=836;https://gencourt.state.nh.us/downloads/members.txt;https://gencourt.state.nh.us/house/members/member.aspx?pid=836;https://justfacts.votesmart.org/candidate/biography/154517/keith-ammon,,,,,,,,,,,
ocd-person/7ec573c3-d961-4d08-a71c-d239490b5c1a,Keith Murphy,Republican,16,upper,Keith,Murphy,Male,keith.murphy@gc.nh.gov,,1975-06-11,,https://storage.googleapis.com/enview-dev-public-general/legislative-people-photos/50378.jpg,https://gc.nh.gov/senate/members/webpages/district16.aspx;https://gencourt.state.nh.us/senate/members/webpages/district16.aspx;https://www.gencourt.state.nh.us/Senate/members/webpages/district16.aspx,https://ballotpedia.org/Keith_Murphy;https://en.wikipedia.org/wiki/Keith_Murphy;https://gc.nh.gov/senate/members/webpages/district16.aspx;https://gencourt.state.nh.us/senate/members/webpages/district16.aspx;https://justfacts.votesmart.org/candidate/biography/69051/keith-murphy;https://www.gencourt.state.nh.us/Senate/members/webpages/district16.aspx;https://www.linkedin.com/in/keith-murphy-1507a11a,,,,,,,,,,,
ocd-person/b9b6f587-2395-497d-8f04-dfaae1b3d7f4,Kelley Potenza,Republican,Strafford 19,lower,Kelley,Potenza,Female,kelley.potenza@gc.nh.gov,,,,https://storage.googleapis.com/enview-dev-public-general/legislative-people-photos/123396.jpg,https://gc.nh.gov/house/members/member.aspx?pid=10726;https://www.gencourt.state.nh.us/house/members/member.aspx?pid=10726,https://ballotpedia.org/Kelley_Potenza;https://en.wikipedia.org/wiki/Kelley_Potenza;https://gc.nh.gov/house/members/member.aspx?pid=10726;https://justfacts.votesmart.org/candidate/biography/209309/kelley-potenza;https://kelley4nh.com/about;https://www.gencourt.state.nh.us/house/members/member.aspx?pid=10726;https://www.linkedin.com/in/kelley-potenza,,,,,,,,,,,
ocd-person/e2f9dd7e-b221-4cf0-b7de-5daa70658669,Ken Weyler,Republican,Rockingham 14,lower,Ken,Weyler,Male,kweyler@aol.com,,1941-10-18,,https://storage.googleapis.com/enview-dev-public-general/legislative-people-photos/50390.jpg,https://gc.nh.gov/house/members/member.aspx?member=374470;https://gencourt.state.nh.us/downloads/Members.txt;https://www.gencourt.state.nh.us/downloads/Members.txt;https://www.gencourt.state.nh.us/house/members/member.aspx?member=374470;https://www.gencourt.state.nh.us/house/members/member.aspx?pid=422,https://ballotpedia.org/Ken_Weyler;https://en.wikipedia.org/wiki/Kenneth_Weyler;https://gc.nh.gov/house/members/member.aspx?member=374470;https://gencourt.state.nh.us/downloads/Members.txt;https://gencourt.state.nh.us/downloads/members.txt;https://justfacts.votesmart.org/candidate/biography/8607/kenneth-weyler;https://www.gencourt.state.nh.us/downloads/Members.txt;https://www.gencourt.state.nh.us/house/members/member.aspx?member=374470;https://www.gencourt.state.nh.us/house/members/member.aspx?pid=422,,,,,,,,,,,
ocd-person/b99b0bbb-4710-43c7-a6b5-0e04524eedf0,Kevin Avard,Republican,12,upper,Kevin,Avard,Male,kevin.avard@gc.nh.gov,,1963-01-25,,https://storage.googleapis.com/enview-dev-public-general/legislative-people-photos/50507.jpg,https://gc.nh.gov/Senate/members/webpages/district12.aspx;https://gencourt.state.nh.us/downloads/Members.txt;https://gencourt.state.nh.us/Senate/members/webpages/district12.aspx;https://www.gencourt.state.nh.us/Senate/members/webpages/district12.aspx,https://ballotpedia.org/Kevin_Avard;https://en.wikipedia.org/wiki/Kevin_Avard;https://gc.nh.gov/Senate/members/webpages/district12.aspx;https://gencourt.state.nh.us/downloads/Members.txt;https://gencourt.state.nh.us/downloads/members.txt;https://gencourt.state.nh.us/Senate/members/webpages/district12.aspx;https://justfacts.votesmart.org/candidate/biography/13431/kevin-avard;https://www.gencourt.state.nh.us/Senate/members/webpages/district12.aspx;https://www.linkedin.com/in/kevin-avard-94624797,,,,,,,,,,,
ocd-person/2a474f9c-7a7d-4d4f-8c7c-73ade8e11ad8,Kevin Scully,Republican,Hillsborough 8,lower,Kevin,Scully,Male,kevin.scully@gc.nh.gov,,,,http://www.gencourt.state.nh.us/house/images/memberpics/408351.jpg,https://gc.nh.gov/house/members/member.aspx?pid=8351;https://gencourt.state.nh.us/house/members/member.aspx?pid=8351;https://www.gencourt.state.nh.us/downloads/Members.txt;https://www.gencourt.state.nh.us/house/members/member.aspx?member=408351,https://ballotpedia.org/Kevin_Scully_(New_Hampshire);https://en.wikipedia.org/wiki/Kevin_Scully;https://gc.nh.gov/house/members/member.aspx?pid=8351;https://gencourt.state.nh.us/house/members/member.aspx?pid=8351;https://justfacts.votesmart.org/candidate/biography/172459/kevin-scully;https://www.gencourt.state.nh.us/downloads/Members.txt;https://www.gencourt.state.nh.us/house/members/member.aspx?member=408351;https://www.linkedin.com/in/kevin-scully-6203056,,,,,,,,,,,
ocd-person/9d10ccec-b571-4eea-b025-9ed7634b6516,Kevin Verville,Republican,Rockingham 2,lower,Kevin,Verville,Male,kevin.verville@gc.nh.gov,,,,https://storage.googleapis.com/enview-dev-public-general/legislative-people-photos/59219.jpg,https://gc.nh.gov/house/members/member.aspx?member=408388;https://gencourt.state.nh.us/downloads/Members.txt;https://gencourt.state.nh.us/house/members/member.aspx?member=408388;https://www.gencourt.state.nh.us/downloads/Members.txt;https://www.gencourt.state.nh.us/house/members/member.aspx?pid=8388,https://ballotpedia.org/Kevin_Verville;https://en.wikipedia.org/wiki/Kevin_Verville;https://gc.nh.gov/house/members/member.aspx?member=408388;https://gencourt.state.nh.us/downloads/Members.txt;https://gencourt.state.nh.us/downloads/members.txt;https://gencourt.state.nh.us/house/members/member.aspx?member=408388;https://justfacts.votesmart.org/candidate/biography/172491/kevin-verville;https://www.gencourt.state.nh.us/downloads/Members.txt;https://www.gencourt.state.nh.us/house/members/member.aspx?member=408388;https://www.gencourt.state.nh.us/house/members/member.aspx?pid=8388;https://www.linkedin.com/in/kevin-verville-1b677776,,,,,,,,,,,
ocd-person/35bc8d7d-92ae-41de-95eb-d515df5b9e9b,Kim Rice,Republican,Hillsborough 38,lower,Kim,Rice,Female,kimberly.rice@gc.nh.gov,,,,https://storage.googleapis.com/enview-dev-public-general/legislative-people-photos/45117.jpg,https://gc.nh.gov/house/members/member.aspx?pid=863;https://gencourt.state.nh.us/house/members/member.aspx?pid=863;https://www.gencourt.state.nh.us/house/members/member.aspx?member=377259,https://ballotpedia.org/Kimberly_Rice_(New_Hampshire);https://en.wikipedia.org/wiki/Kimberly_Rice;https://gc.nh.gov/house/members/member.aspx?pid=863;https://gencourt.state.nh.us/house/members/member.aspx?pid=863;https://justfacts.votesmart.org/candidate/biography/154512/kim-rice;https://www.gencourt.state.nh.us/house/members/member.aspx?member=377259,,,,,,,,,,,
ocd-person/4246d501-b872-4cf9-bfd8-7ef21015da7a,Kristin Noble,Republican,Hillsborough 2,lower,Kristin,Noble,Female,kristin.noble@gc.nh.gov,,,,https://kristinnoble.com/wp-content/uploads/2022/06/Kristin-Noble1.png,https://gc.nh.gov/house/members/member.aspx?pid=10626;https://gencourt.state.nh.us/house/members/member.aspx?pid=10626;https://www.gencourt.state.nh.us/house/members/member.aspx?pid=10626,https://ballotpedia.org/Kristin_Noble;https://en.wikipedia.org/wiki/Kristin_Noble;https://gc.nh.gov/house/members/member.aspx?pid=10626;https://gencourt.state.nh.us/house/members/member.aspx?pid=10626;https://justfacts.votesmart.org/candidate/biography/154477/kristin-noble;https://www.gencourt.state.nh.us/house/members/member.aspx?pid=10626,,,,,,,,,,,
ocd-person/8698b473-ea4e-4126-8766-a2b5b5878702,Kris Schultz,Democratic,Merrimack 29,lower,Kris,Schultz,Female,kris.schultz@gc.nh.gov,,,,https://storage.googleapis.com/enview-dev-public-general/legislative-people-photos/64191.jpg,https://gc.nh.gov/house/members/member.aspx?member=408808;https://gencourt.state.nh.us/downloads/Members.txt;https://gencourt.state.nh.us/house/members/member.aspx?member=408808;https://www.gencourt.state.nh.us/downloads/Members.txt;https://www.gencourt.state.nh.us/house/members/member.aspx?pid=8858,https://ballotpedia.org/Kris_Schultz;https://gc.nh.gov/house/members/member.aspx?member=408808;https://gencourt.state.nh.us/downloads/Members.txt;https://gencourt.state.nh.us/downloads/members.txt;https://gencourt.state.nh.us/house/members/member.aspx?member=408808;https://justfacts.votesmart.org/candidate/biography/176781/kristina-schultz;https://www.gencourt.state.nh.us/downloads/Members.txt;https://www.gencourt.state.nh.us/house/members/member.aspx?member=408808;https://www.gencourt.state.nh.us/house/members/member.aspx?pid=8858,,,,,,,,,,,
ocd-person/ea8d6a3b-8312-4ffe-a85a-e8a9776ec560,Kristine Perez,Republican,Rockingham 16,lower,Kristine,Perez,Female,kristine.perez@gc.nh.gov,,,,https://storage.googleapis.com/enview-dev-public-general/legislative-people-photos/123383.jpg,https://gc.nh.gov/house/members/member.aspx?pid=10694;https://www.gencourt.state.nh.us/house/members/member.aspx?pid=10694,https://ballotpedia.org/Kristine_Perez;https://en.wikipedia.org/wiki/Kristine_Perez;https://gc.nh.gov/house/members/member.aspx?pid=10694;https://justfacts.votesmart.org/candidate/209221/kristine-perez;https://www.gencourt.state.nh.us/house/members/member.aspx?pid=10694,,,,,,,,,,,
ocd-person/26d443c0-53fe-480b-bf4c-7b7a28a109e9,Larry Gagne,Republican,Hillsborough 16,lower,Larry,Gagne,Male,lgagne25@comcast.net,,,,https://storage.googleapis.com/enview-dev-public-general/legislative-people-photos/50452.jpg,https://gc.nh.gov/house/members/member.aspx?pid=573;https://gencourt.state.nh.us/downloads/Members.txt;https://www.gencourt.state.nh.us/downloads/Members.txt;https://www.gencourt.state.nh.us/house/members/member.aspx?member=376814;https://www.gencourt.state.nh.us/house/members/member.aspx?pid=573,https://ballotpedia.org/Larry_Gagne;https://en.wikipedia.org/wiki/Larry_Gagne;https://gc.nh.gov/house/members/member.aspx?pid=573;https://gencourt.state.nh.us/downloads/Members.txt;https://gencourt.state.nh.us/downloads/members.txt;https://justfacts.votesmart.org/candidate/110023/larry-gagne;https://www.gencourt.state.nh.us/downloads/Members.txt;https://www.gencourt.state.nh.us/house/members/member.aspx?member=376814;https://www.gencourt.state.nh.us/house/members/member.aspx?pid=573,,,,,,,,,,,
ocd-person/efbf2adf-16f5-490e-9513-a80698aab5d8,Larry Miner,Republican,Rockingham 7,lower,Larry,Miner,Male,laurence.miner@gc.nh.gov,,,,https://assets.civicengine.com/uploads/candidate/headshot/688320/688320.jpg,https://gc.nh.gov/house/members/member.aspx?pid=11399;https://gencourt.state.nh.us/house/members/member.aspx?pid=11399,https://ballotpedia.org/Laurence_Miner;https://en.wikipedia.org/wiki/Laurence_Miner;https://gc.nh.gov/house/members/member.aspx?pid=11399;https://gencourt.state.nh.us/house/members/member.aspx?pid=11399;https://justfacts.votesmart.org/candidate/biography/210489/laurence-miner,,,,,,,,,,,
ocd-person/ac414b7c-45dc-48b6-9530-eaa8e80b124f,Laura Telerski,Democratic,Hillsborough 11,lower,Laura,Telerski,Female,laura.telerski@gc.nh.gov,,,,https://storage.googleapis.com/enview-dev-public-general/legislative-people-photos/73172.jpg,https://gc.nh.gov/house/members/member.aspx?pid=9117;https://gencourt.state.nh.us/downloads/Members.txt;https://gencourt.state.nh.us/house/members/member.aspx?pid=9117;https://www.gencourt.state.nh.us/downloads/Members.txt;https://www.gencourt.state.nh.us/house/members/member.aspx?pid=9117,https://ballotpedia.org/Laura_Telerski;https://en.wikipedia.org/wiki/Laura_Telerski;https://gc.nh.gov/house/members/member.aspx?pid=9117;https://gencourt.state.nh.us/downloads/Members.txt;https://gencourt.state.nh.us/downloads/members.txt;https://gencourt.state.nh.us/house/members/member.aspx?pid=9117;https://justfacts.votesmart.org/candidate/185590/laura-telerski;https://www.gencourt.state.nh.us/downloads/Members.txt;https://www.gencourt.state.nh.us/house/members/member.aspx?member=408878;https://www.gencourt.state.nh.us/house/members/member.aspx?pid=9117,,,,,,,,,,,
ocd-person/90ca1969-94b3-4c8d-b712-e00e48a7a671,Laurel Stavis,Democratic,Grafton 13,lower,Laurel,Stavis,Female,laurel.stavis@gc.nh.gov,,,,https://lebanonnh.gov/ImageRepository/Document?documentID=20959,https://gc.nh.gov/house/members/member.aspx?pid=9063;https://gencourt.state.nh.us/downloads/Members.txt;https://gencourt.state.nh.us/house/members/member.aspx?pid=9063;https://lebanonnh.gov/1856/Councilor-Laurel-Stavis;https://www.gencourt.state.nh.us/downloads/Members.txt;https://www.gencourt.state.nh.us/house/members/member.aspx?pid=9063,https://ballotpedia.org/Laurel_Stavis;https://en.wikipedia.org/wiki/Laurel_Stavis;https://gc.nh.gov/house/members/member.aspx?pid=9063;https://gencourt.state.nh.us/downloads/Members.txt;https://gencourt.state.nh.us/downloads/members.txt;https://gencourt.state.nh.us/house/members/member.aspx?pid=9063;https://justfacts.votesmart.org/candidate/biography/185538/laurel-stavis;https://lebanonnh.gov/1856/Councilor-Laurel-Stavis;https://www.gencourt.state.nh.us/downloads/Members.txt;https://www.gencourt.state.nh.us/house/members/member.aspx?member=408840;https://www.gencourt.state.nh.us/house/members/member.aspx?pid=9063;https://www.linkedin.com/in/laurel-stavis-b574894,,,,,,,,,,,
ocd-person/b80b4918-c952-4015-82e5-585229f9c2eb,Lee Ann Kluger,Democratic,Hillsborough 6,lower,Lee Ann,Kluger,Female,leeann.kluger@gc.nh.gov,,,,https://nhhousedems.org/wp-content/uploads/2024/10/Lee-Ann-Kluger-1-693x1024.jpeg,https://gc.nh.gov/house/members/member.aspx?pid=11191;https://gencourt.state.nh.us/house/members/member.aspx?pid=11191,https://ballotpedia.org/Lee_Ann_Kluger;https://en.wikipedia.org/wiki/Lee_Ann_Kluger;https://gc.nh.gov/house/members/member.aspx?pid=11191;https://gencourt.state.nh.us/house/members/member.aspx?pid=11191;https://justfacts.votesmart.org/candidate/218930/lee-ann-kluger,,,,,,,,,,,
ocd-person/b5f897f3-cce8-43b0-a130-f98d0d88da8e,Len Turcotte,Republican,Strafford 4,lower,Len,Turcotte,Male,lenturcotte@metrocast.net,,,,https://storage.googleapis.com/enview-dev-public-general/legislative-people-photos/45130.jpg,https://gc.nh.gov/house/members/member.aspx?pid=920;https://gencourt.state.nh.us/downloads/Members.txt;https://gencourt.state.nh.us/house/members/member.aspx?pid=920;https://www.gencourt.state.nh.us/downloads/Members.txt,https://ballotpedia.org/Len_Turcotte;https://en.wikipedia.org/wiki/Len_Turcotte;https://gc.nh.gov/house/members/member.aspx?pid=920;https://gencourt.state.nh.us/downloads/Members.txt;https://gencourt.state.nh.us/downloads/members.txt;https://gencourt.state.nh.us/house/members/member.aspx?pid=920;https://justfacts.votesmart.org/candidate/biography/141973/len-turcotte;https://www.gencourt.state.nh.us/downloads/Members.txt;https://www.gencourt.state.nh.us/house/members/member.aspx?member=377269;https://www.linkedin.com/in/len-turcotte-8518486a,,,,,,,,,,,
ocd-person/a70935b5-517e-4b70-accb-26e55c34fb42,Lex Berezhny,Republican,Grafton 11,lower,Lex,Berezhny,Male,lex.berezhny@gc.nh.gov,,,,https://s3.amazonaws.com/ballotpedia-api4/files/thumbs/200/300/Lex-Berezhny.jpg,https://gc.nh.gov/house/members/member.aspx?pid=9887;https://gencourt.state.nh.us/downloads/Members.txt;https://gencourt.state.nh.us/house/members/member.aspx?pid=9887;https://www.gencourt.state.nh.us/house/members/member.aspx?pid=9887,https://ballotpedia.org/Lex_Berezhny;https://en.wikipedia.org/wiki/Lex_Berezhny;https://gc.nh.gov/house/members/member.aspx?pid=9887;https://gencourt.state.nh.us/downloads/Members.txt;https://gencourt.state.nh.us/downloads/members.txt;https://gencourt.state.nh.us/house/members/member.aspx?pid=9887;https://justfacts.votesmart.org/candidate/biography/194776/lex-berezhny;https://www.gencourt.state.nh.us/house/members/member.aspx?pid=9887;https://www.linkedin.com/in/lexberezhny,,,,,,,,,,,
ocd-person/554fe6ba-061a-413f-b2c7-c0e10c47ad01,Lilli Walsh,Republican,Rockingham 15,lower,Lilli,Walsh,Female,lilli.walsh@gc.nh.gov,,,,https://storage.googleapis.com/enview-dev-public-general/legislative-people-photos/123439.jpg,https://gc.nh.gov/house/members/member.aspx?pid=10692;https://www.gencourt.state.nh.us/house/members/member.aspx?pid=10692,https://ballotpedia.org/Lilli_Walsh;https://en.wikipedia.org/wiki/Lilli_Walsh;https://gc.nh.gov/house/members/member.aspx?pid=10692;https://justfacts.votesmart.org/candidate/209215/lilli-walsh;https://www.gencourt.state.nh.us/house/members/member.aspx?pid=10692;https://www.linkedin.com/in/lilli-walsh-5159048b,,,,,,,,,,,
ocd-person/5d2f52fe-3001-4a7f-a33e-3fa580c1dc70,Lily Foss,Democratic,Hillsborough 41,lower,Lily,Foss,Female,lily.foss@gc.nh.gov,,1990-10-01,,https://victoryfund.org/wp-content/uploads/2024/09/headshot-1-500x500-250x250.jpeg,https://gc.nh.gov/house/members/member.aspx?pid=11219;https://gencourt.state.nh.us/house/members/member.aspx?pid=11219,https://ballotpedia.org/Lily_Foss;https://en.wikipedia.org/wiki/Lily_Foss;https://gc.nh.gov/house/members/member.aspx?pid=11219;https://gencourt.state.nh.us/house/members/member.aspx?pid=11219;https://justfacts.votesmart.org/candidate/biography/219016/lily-foss;https://www.linkedin.com/in/lily-m-foss,,,,,,,,,,,
ocd-person/a9f75dde-f348-4c7a-90c9-a785ee2de208,Linda DiSilvestro,Democratic,Hillsborough 17,lower,Linda,DiSilvestro,Female,linda.disilvestro@gc.nh.gov,,,,https://storage.googleapis.com/enview-dev-public-general/legislative-people-photos/49899.jpg,https://gc.nh.gov/house/members/member.aspx?member=377091;https://gencourt.state.nh.us/downloads/Members.txt;https://www.gencourt.state.nh.us/downloads/Members.txt;https://www.gencourt.state.nh.us/house/members/member.aspx?member=377091;https://www.gencourt.state.nh.us/house/members/member.aspx?pid=698,https://ballotpedia.org/Linda_DiSilvestro;https://en.wikipedia.org/wiki/Linda_DiSilvestro;https://gc.nh.gov/house/members/member.aspx?member=377091;https://gencourt.state.nh.us/downloads/Members.txt;https://gencourt.state.nh.us/downloads/members.txt;https://justfacts.votesmart.org/candidate/biography/141723/linda-disilvestro;https://www.gencourt.state.nh.us/downloads/Members.txt;https://www.gencourt.state.nh.us/house/members/member.aspx?member=377091;https://www.gencourt.state.nh.us/house/members/member.aspx?pid=698;https://www.linkedin.com/in/linda-di-silvestro-37761274,,,,,,,,,,,
ocd-person/1e2b57f6-dbb9-4069-a71b-d40828c80cfa,Linda Harriott-Gathright,Democratic,Hillsborough 10,lower,Linda,Harriott-Gathright,Female,linda.harriottgathright@gc.nh.gov,,,,https://storage.googleapis.com/enview-dev-public-general/legislative-people-photos/73173.jpg,https://gc.nh.gov/house/members/member.aspx?pid=720;https://gencourt.state.nh.us/downloads/Members.txt;https://gencourt.state.nh.us/house/members/member.aspx?pid=720;https://www.gencourt.state.nh.us/downloads/Members.txt;https://www.gencourt.state.nh.us/house/members/member.aspx?pid=720,https://ballotpedia.org/Linda_Harriott-Gathright;https://en.wikipedia.org/wiki/Linda_Harriott-Gathright;https://gc.nh.gov/house/members/member.aspx?pid=720;https://gencourt.state.nh.us/downloads/Members.txt;https://gencourt.state.nh.us/downloads/members.txt;https://gencourt.state.nh.us/house/members/member.aspx?pid=720;https://justfacts.votesmart.org/candidate/biography/126881/linda-harriott-gathright;https://www.gencourt.state.nh.us/downloads/Members.txt;https://www.gencourt.state.nh.us/house/members/member.aspx?member=377113;https://www.gencourt.state.nh.us/house/members/member.aspx?pid=720,,,,,,,,,,,
ocd-person/61c86857-d1d9-401b-a045-3f4bac5b3312,Linda Franz,Republican,Grafton 6,lower,Linda,Franz,Female,linda.franz@gc.nh.gov,,,,https://s3.amazonaws.com/ballotpedia-api4/files/thumbs/200/300/Linda_Franz_20240808_091644.jpg,https://gc.nh.gov/house/members/member.aspx?pid=11328;https://gencourt.state.nh.us/house/members/member.aspx?pid=11328,https://ballotpedia.org/Linda_Franz;https://en.wikipedia.org/wiki/Linda_Franz;https://gc.nh.gov/house/members/member.aspx?pid=11328;https://gencourt.state.nh.us/house/members/member.aspx?pid=11328;https://justfacts.votesmart.org/candidate/biography/218905/linda-franz,,,,,,,,,,,
ocd-person/40ae4adb-2124-47ca-82b5-9eee794af4a2,Linda Gould,Republican,Hillsborough 2,lower,Linda,Gould,Female,linda.gould@gc.nh.gov,,,,https://storage.googleapis.com/enview-dev-public-general/legislative-people-photos/50192.jpg,https://gc.nh.gov/house/members/member.aspx?member=377299;https://gencourt.state.nh.us/downloads/Members.txt;https://www.gencourt.state.nh.us/downloads/Members.txt;https://www.gencourt.state.nh.us/house/members/member.aspx?member=377299;https://www.gencourt.state.nh.us/house/members/member.aspx?pid=849,https://ballotpedia.org/Linda_Gould;https://en.wikipedia.org/wiki/Linda_Gould;https://gc.nh.gov/house/members/member.aspx?member=377299;https://gencourt.state.nh.us/downloads/Members.txt;https://gencourt.state.nh.us/downloads/members.txt;https://justfacts.votesmart.org/candidate/biography/154475/linda-gould;https://www.gencourt.state.nh.us/downloads/Members.txt;https://www.gencourt.state.nh.us/house/members/member.aspx?member=377299;https://www.gencourt.state.nh.us/house/members/member.aspx?pid=849,,,,,,,,,,,
ocd-person/ad3c3841-fa56-4055-bd86-8a3c504d36a9,Linda Haskins,Democratic,Rockingham 11,lower,Linda,Haskins,Female,linda.haskins@gc.nh.gov,,,,https://storage.googleapis.com/enview-dev-public-general/legislative-people-photos/123187.jpg,https://gc.nh.gov/house/members/member.aspx?pid=10855;https://www.gencourt.state.nh.us/house/members/member.aspx?pid=10855,https://ballotpedia.org/Linda_Haskins;https://en.wikipedia.org/wiki/Linda_Haskins;https://gc.nh.gov/house/members/member.aspx?pid=10855;https://justfacts.votesmart.org/candidate/208914/linda-haskins;https://www.gencourt.state.nh.us/house/members/member.aspx?pid=10855;https://www.linkedin.com/in/linda-haskins-48840a2a,,,,,,,,,,,
ocd-person/4b68fc91-27b5-4065-af3d-b541877116f5,Linda McGrath,Republican,Rockingham 40,lower,Linda,McGrath,Female,linda.mcgrath@gc.nh.gov,,,,https://www.citizenscount.org/sites/default/files/styles/profile_140x176/public/2024-06/Linda-McGrath.jpg?itok=ntCU6dCr,https://gc.nh.gov/house/members/member.aspx?pid=11421;https://gencourt.state.nh.us/house/members/member.aspx?pid=11421,https://ballotpedia.org/Linda_McGrath;https://en.wikipedia.org/wiki/Linda_McGrath;https://gc.nh.gov/house/members/member.aspx?pid=11421;https://gencourt.state.nh.us/house/members/member.aspx?pid=11421;https://justfacts.votesmart.org/candidate/biography/219251/linda-mcgrath,,,,,,,,,,,
ocd-person/d0a3a869-3612-4910-b31b-32a88667cb84,Linda Ryan,Democratic,Hillsborough 4,lower,Linda,Ryan,Female,linda.ryan@gc.nh.gov,,,,https://www.citizenscount.org/sites/default/files/styles/profile_140x176/public/2022-09/linda-v-ryan.jpg,https://gc.nh.gov/house/members/member.aspx?pid=10776;https://www.gencourt.state.nh.us/house/members/member.aspx?pid=10776,https://ballotpedia.org/Linda_Ryan;https://en.wikipedia.org/wiki/Linda_Ryan_(politician);https://gc.nh.gov/house/members/member.aspx?pid=10776;https://justfacts.votesmart.org/candidate/biography/208803/linda-ryan;https://www.gencourt.state.nh.us/house/members/member.aspx?pid=10776,,,,,,,,,,,
ocd-person/4d68b7bf-e7fb-4c6d-ac12-526aba53e65e,Lino Avellani,Republican,Carroll 4,lower,Lino,Avellani,Male,lino.avellani@gc.nh.gov,,,,https://storage.googleapis.com/enview-dev-public-general/legislative-people-photos/49496.jpg,https://gc.nh.gov/house/members/member.aspx?member=377205;https://gencourt.state.nh.us/downloads/Members.txt;https://www.gencourt.state.nh.us/downloads/Members.txt;https://www.gencourt.state.nh.us/house/members/member.aspx?member=377205;https://www.gencourt.state.nh.us/house/members/member.aspx?pid=815,https://ballotpedia.org/Lino_Avellani;https://en.wikipedia.org/wiki/Lino_Avellani;https://gc.nh.gov/house/members/member.aspx?member=377205;https://gencourt.state.nh.us/downloads/Members.txt;https://gencourt.state.nh.us/downloads/members.txt;https://www.gencourt.state.nh.us/downloads/Members.txt;https://www.gencourt.state.nh.us/house/members/member.aspx?member=377205;https://www.gencourt.state.nh.us/house/members/member.aspx?pid=815;https://www.linkedin.com/in/lino-avellani-4268a040,,,,,,,,,,,
ocd-person/72ef654a-277a-4309-b0ae-08fee715af2c,Lisa Post,Republican,Hillsborough 42,lower,Lisa,Post,Female,lisacmpost@gmail.com,,,,https://img1.wsimg.com/isteam/ip/6c315054-4fed-4fed-ad1c-411ab3cf43e8/lisa603Apic2.1%20(2).jpg/:/rs=h:600/qt=q:95,https://gc.nh.gov/house/members/member.aspx?pid=9896;https://gencourt.state.nh.us/downloads/Members.txt;https://gencourt.state.nh.us/house/members/member.aspx?pid=9896;https://www.gencourt.state.nh.us/house/members/member.aspx?pid=9896,https://ballotpedia.org/Lisa_Post;https://en.wikipedia.org/wiki/Lisa_Post_(politician);https://gc.nh.gov/house/members/member.aspx?pid=9896;https://gencourt.state.nh.us/downloads/Members.txt;https://gencourt.state.nh.us/downloads/members.txt;https://gencourt.state.nh.us/house/members/member.aspx?pid=9896;https://justfacts.votesmart.org/candidate/194991/lisa-post;https://www.gencourt.state.nh.us/house/members/member.aspx?pid=9896,,,,,,,,,,,
ocd-person/a87a3359-2def-4743-bf8f-9df4d308f864,Lisa Freeman,Republican,Belknap 8,lower,Lisa,Freeman,Female,lisa.freeman@gc.nh.gov,,,,https://storage.googleapis.com/enview-dev-public-general/legislative-people-photos/59181.jpg,https://gc.nh.gov/house/members/member.aspx?pid=8324;https://gencourt.state.nh.us/house/members/member.aspx?member=408324;https://gencourt.state.nh.us/house/members/member.aspx?pid=8324,https://ballotpedia.org/Lisa_M._Freeman;https://en.wikipedia.org/wiki/Lisa_Freeman_(politician);https://gc.nh.gov/house/members/member.aspx?pid=8324;https://gencourt.state.nh.us/house/members/member.aspx?member=408324;https://gencourt.state.nh.us/house/members/member.aspx?pid=8324;https://justfacts.votesmart.org/candidate/biography/172436/lisa-freeman;https://www.linkedin.com/in/lisa-freeman-b394a028,,,,,,,,,,,
ocd-person/e44fbca0-a34c-4b73-aaa6-872b471b9031,Lisa Mazur,Republican,Hillsborough 44,lower,Lisa,Mazur,Female,lisa.mazur@gc.nh.gov,,,,https://storage.googleapis.com/enview-dev-public-general/legislative-people-photos/123349.jpg,https://gc.nh.gov/house/members/member.aspx?pid=10667;https://www.gencourt.state.nh.us/house/members/member.aspx?pid=10667,https://ballotpedia.org/Lisa_Mazur;https://en.wikipedia.org/wiki/Lisa_Mazur;https://gc.nh.gov/house/members/member.aspx?pid=10667;https://justfacts.votesmart.org/candidate/211173/lisa-mazur;https://www.gencourt.state.nh.us/house/members/member.aspx?pid=10667;https://www.linkedin.com/in/lisa-mazur-7955b236b,,,,,,,,,,,
ocd-person/6fbc7a9b-82b3-4897-86e1-61e3fb4a4f77,Liz Barbour,Republican,Hillsborough 35,lower,Liz,Barbour,Female,liz.barbour@gc.nh.gov,,,,"https://img1.wsimg.com/isteam/ip/e1321b08-490c-4811-92f2-f320e7731196/Liz%20Barbour%201.jpg/:/cr=t:1.57%25,l:0%25,w:100%25,h:66.31%25/rs=w:600,h:600,cg:true",https://gc.nh.gov/house/members/member.aspx?pid=10659;https://gencourt.state.nh.us/house/members/member.aspx?pid=10659,https://ballotpedia.org/Liz_Barbour;https://en.wikipedia.org/wiki/Liz_Barbour;https://gc.nh.gov/house/members/member.aspx?pid=10659;https://gencourt.state.nh.us/house/members/member.aspx?pid=10659;https://justfacts.votesmart.org/candidate/209049/liz-barbour;https://www.linkedin.com/in/liz-barbour-29ab276,,,,,,,,,,,
ocd-person/260ddf78-7100-4fee-a353-0ebf1a0615ec,Loren Foxx,Democratic,Hillsborough 2,lower,Loren,Foxx,Male,loren.foxx@gc.nh.gov,,,,https://tcbagency.com/wp-content/uploads/2021/10/10_52_50-400x547.jpg,https://gc.nh.gov/house/members/member.aspx?pid=10773;https://www.gencourt.state.nh.us/house/members/member.aspx?pid=10773,https://ballotpedia.org/Loren_Foxx;https://en.wikipedia.org/wiki/Loren_Foxx;https://gc.nh.gov/house/members/member.aspx?pid=10773;https://justfacts.votesmart.org/candidate/biography/208801/loren-foxx;https://www.gencourt.state.nh.us/house/members/member.aspx?pid=10773;https://www.linkedin.com/in/lofoxx,,,,,,,,,,,
ocd-person/a35a4483-879d-4dd2-889e-57a576e56acc,Loren Selig,Democratic,Strafford 10,lower,Loren,Selig,Female,loren.selig@gc.nh.gov,,,,https://s3.amazonaws.com/ballotpedia-api4/files/thumbs/200/300/Loren_Selig.jpg,https://gc.nh.gov/house/members/member.aspx?pid=10896;https://www.gencourt.state.nh.us/house/members/member.aspx?pid=10896,https://ballotpedia.org/Loren_Selig;https://en.wikipedia.org/wiki/Loren_Selig;https://gc.nh.gov/house/members/member.aspx?pid=10896;https://justfacts.votesmart.org/candidate/biography/208950/loren-selig;https://www.gencourt.state.nh.us/house/members/member.aspx?pid=10896;https://www.linkedin.com/in/lorenselig,,,,,,,,,,,
ocd-person/1becd24c-cc2c-46fd-9859-a06c46340b93,Lori Korzen,Republican,Coos 7,lower,Lori,Korzen,Female,lori.korzen@gc.nh.gov,,,,https://www.citizenscount.org/sites/default/files/2022-07/lori-korzen2.jpg,https://gc.nh.gov/house/members/member.aspx?pid=10612;https://gencourt.state.nh.us/house/members/member.aspx?pid=10612,https://ballotpedia.org/Lori_Korzen;https://en.wikipedia.org/wiki/Lori_Korzen;https://gc.nh.gov/house/members/member.aspx?pid=10612;https://gencourt.state.nh.us/house/members/member.aspx?pid=10612;https://justfacts.votesmart.org/candidate/biography/208995/lori-korzen;https://www.linkedin.com/in/lori-korzen-67759b76,,,,,,,,,,,
ocd-person/b89dda18-b7c5-4184-b6d9-0bff9bed045e,Lorie Ball,Republican,Rockingham 25,lower,Lorie,Ball,Female,lorie.ball@gc.nh.gov,,,,https://lorieball.com/assets/lorie-340x285.jpg,https://gc.nh.gov/house/members/member.aspx?pid=10702;https://www.gencourt.state.nh.us/house/members/member.aspx?pid=10702,https://ballotpedia.org/Lorie_Ball;https://en.wikipedia.org/wiki/Lorie_Ball;https://gc.nh.gov/house/members/member.aspx?pid=10702;https://justfacts.votesmart.org/candidate/209245/lorie-ball;https://www.gencourt.state.nh.us/house/members/member.aspx?pid=10702;https://www.linkedin.com/in/lorie-ball-6a4a2915,,,,,,,,,,,
ocd-person/9e0a9394-7bcc-451a-9ae1-439248598eae,Lou Juris,Democratic,Hillsborough 7,lower,Lou,Juris,Male,louis.juris@gc.nh.gov,,,,https://storage.googleapis.com/enview-dev-public-general/legislative-people-photos/123326.jpg,https://gc.nh.gov/house/members/member.aspx?pid=10782;https://www.gencourt.state.nh.us/house/members/member.aspx?pid=10782,https://ballotpedia.org/Louis_Juris;https://en.wikipedia.org/wiki/Louis_Juris;https://gc.nh.gov/house/members/member.aspx?pid=10782;https://justfacts.votesmart.org/candidate/208809/louis-juris;https://www.gencourt.state.nh.us/house/members/member.aspx?pid=10782;https://www.linkedin.com/in/louis-juris-40870b4,,,,,,,,,,,
ocd-person/4f84e968-9226-470f-bde4-4163efc19593,Louise Andrus,Republican,Merrimack 5,lower,Louise,Andrus,Female,louise.andrus@gc.nh.gov,,,,https://storage.googleapis.com/enview-dev-public-general/legislative-people-photos/93766.jpg,https://gc.nh.gov/house/members/member.aspx?pid=9920;https://gencourt.state.nh.us/downloads/Members.txt;https://gencourt.state.nh.us/house/members/member.aspx?pid=9920;https://www.gencourt.state.nh.us/house/members/member.aspx?pid=9920,https://ballotpedia.org/Louise_Andrus;https://en.wikipedia.org/wiki/Louise_Andrus;https://gc.nh.gov/house/members/member.aspx?pid=9920;https://gencourt.state.nh.us/downloads/Members.txt;https://gencourt.state.nh.us/downloads/members.txt;https://gencourt.state.nh.us/house/members/member.aspx?pid=9920;https://justfacts.votesmart.org/candidate/biography/194742/louise-andrus;https://www.gencourt.state.nh.us/house/members/member.aspx?pid=9920,,,,,,,,,,,
ocd-person/4854b313-26e5-49a3-8095-76298f96ced3,Lucius Parshall,Democratic,Cheshire 8,lower,Lucius,Parshall,Male,lucius.parshall@gc.nh.gov,,,,https://storage.googleapis.com/enview-dev-public-general/legislative-people-photos/93774.jpg,https://gc.nh.gov/house/members/member.aspx?pid=9874;https://gencourt.state.nh.us/downloads/Members.txt;https://gencourt.state.nh.us/house/members/member.aspx?pid=9874;https://www.gencourt.state.nh.us/house/members/member.aspx?pid=9874,https://ballotpedia.org/Lucius_Parshall;https://en.wikipedia.org/wiki/Lucius_Parshall;https://gc.nh.gov/house/members/member.aspx?pid=9874;https://gencourt.state.nh.us/downloads/Members.txt;https://gencourt.state.nh.us/downloads/members.txt;https://gencourt.state.nh.us/house/members/member.aspx?pid=9874;https://justfacts.votesmart.org/candidate/194850/lucius-parshall;https://www.gencourt.state.nh.us/house/members/member.aspx?pid=9874,,,,,,,,,,,
ocd-person/a6790cd1-6b7a-48f9-b48c-b298929578a4,Lucy Weber,Democratic,Cheshire 5,lower,Lucy,Weber,Female,lucy.weber@gc.nh.gov,,1952-08-05,,https://storage.googleapis.com/enview-dev-public-general/legislative-people-photos/21896.jpg,https://gc.nh.gov/house/members/member.aspx?pid=531;https://gencourt.state.nh.us/downloads/Members.txt;https://www.gencourt.state.nh.us/downloads/Members.txt;https://www.gencourt.state.nh.us/house/members/member.aspx?member=376668;https://www.gencourt.state.nh.us/house/members/member.aspx?pid=531,https://ballotpedia.org/Lucy_McVitty_Weber;https://en.wikipedia.org/wiki/Lucy_Weber;https://gc.nh.gov/house/members/member.aspx?pid=531;https://gencourt.state.nh.us/downloads/Members.txt;https://gencourt.state.nh.us/downloads/members.txt;https://justfacts.votesmart.org/candidate/biography/65198/lucy-weber;https://www.gencourt.state.nh.us/downloads/Members.txt;https://www.gencourt.state.nh.us/house/members/member.aspx?member=376668;https://www.gencourt.state.nh.us/house/members/member.aspx?pid=531;https://www.linkedin.com/in/lucy-weber-a7a7b14b,,,,,,,,,,,
ocd-person/b2bd1fe6-401e-41ac-88cc-a96d8a12d737,Luz Bay,Democratic,Strafford 21,lower,Luz,Bay,Female,luz.bay@gc.nh.gov,,,,https://s3.amazonaws.com/ballotpedia-api4/files/thumbs/200/300/LuzBay.jpg,https://gc.nh.gov/house/members/member.aspx?pid=10904;https://www.gencourt.state.nh.us/house/members/member.aspx?pid=10904,https://ballotpedia.org/Luz_Bay;https://en.wikipedia.org/wiki/Luz_Bay;https://gc.nh.gov/house/members/member.aspx?pid=10904;https://justfacts.votesmart.org/candidate/biography/208959/luz-bay;https://www.gencourt.state.nh.us/house/members/member.aspx?pid=10904;https://www.linkedin.com/in/luzbay,,,,,,,,,,,
ocd-person/ce051501-985a-4008-913f-38b1b05351c6,Manoj Chourasia,Democratic,Hillsborough 11,lower,Manoj,Chourasia,Male,manoj.chourasia@gc.nh.gov,,,,https://chourasia4nh.com/wp-content/uploads/2024/08/Manoj-Chourasia-1638x2048.jpg,https://gc.nh.gov/house/members/member.aspx?pid=11194;https://gencourt.state.nh.us/house/members/member.aspx?pid=11194,https://ballotpedia.org/Manoj_Chourasia;https://en.wikipedia.org/wiki/Manoj_Chourasia;https://gc.nh.gov/house/members/member.aspx?pid=11194;https://gencourt.state.nh.us/house/members/member.aspx?pid=11194;https://justfacts.votesmart.org/candidate/218938/manoj-chourasia,,,,,,,,,,,
ocd-person/20e7dbe4-40e8-4a11-bf8b-c7f7d2658725,Marc Tremblay,Republican,Coos 5,lower,Marc,Tremblay,Male,marc.tremblay@gc.nh.gov,,,,https://indepthnh.org/wp-content/uploads/2025/11/marc-tmblay.jpg,https://gc.nh.gov/house/members/member.aspx?pid=6469;https://www.gencourt.state.nh.us/house/members/member.aspx?member=377043,https://ballotpedia.org/Marc_Tremblay;https://en.wikipedia.org/wiki/Marc_Tremblay_(politician);https://gc.nh.gov/house/members/member.aspx?pid=6469;https://gencourt.state.nh.us/downloads/Members(Asterisk%20Delimited).txt;https://justfacts.votesmart.org/candidate/126086/marc-tremblay;https://justfacts.votesmart.org/candidate/biography/126086/marc-tremblay;https://www.linkedin.com/in/marc-tremblay-09a61455,,,,,,,,,,,
ocd-person/a5b1edc7-c0a1-49fe-824c-a9177a8e1218,Marc Plamondon,Democratic,Hillsborough 3,lower,Marc,Plamondon,Male,marc.plamondon@gc.nh.gov,,,,https://d1fdloi71mui9q.cloudfront.net/wxHeDOlTmrng9JXrmHMA_PzA4v4H07EpaEbgi,https://gc.nh.gov/house/members/member.aspx?pid=10998;https://gencourt.state.nh.us/house/members/member.aspx?pid=10998;https://www.gencourt.state.nh.us/house/members/member.aspx?pid=10998,https://ballotpedia.org/Marc_Plamondon;https://en.wikipedia.org/wiki/Marc_Plamondon;https://gc.nh.gov/house/members/member.aspx?pid=10998;https://gencourt.state.nh.us/house/members/member.aspx?pid=10998;https://justfacts.votesmart.org/candidate/biography/75104/marc-plamondon;https://www.gencourt.state.nh.us/house/members/member.aspx?pid=10998,,,,,,,,,,,
ocd-person/17abebe7-d58e-456b-b716-5cdadf60cbc7,Margaret Drye,Republican,Sullivan 7,lower,Margaret,Drye,Female,margaret.drye@gc.nh.gov,,,,https://storage.googleapis.com/enview-dev-public-general/legislative-people-photos/123211.jpg,https://gc.nh.gov/house/members/member.aspx?pid=9284;https://www.gencourt.state.nh.us/house/members/member.aspx?pid=9284,https://ballotpedia.org/Margaret_Drye;https://en.wikipedia.org/wiki/Margaret_Drye;https://gc.nh.gov/house/members/member.aspx?pid=9284;https://justfacts.votesmart.org/candidate/176609/margaret-drye;https://www.gencourt.state.nh.us/house/members/member.aspx?pid=9284,,,,,,,,,,,
ocd-person/f3ab13ac-5040-4533-b5f3-ce49dec5020f,Marie Bjelobrk,Republican,Grafton 5,lower,Marie,Bjelobrk,Female,marie.bjelobrk@gc.nh.gov,,,,"https://img1.wsimg.com/isteam/ip/68dec262-1b58-48db-9d8d-810d96aa4e9f/IMG_5259.jpeg/:/cr=t:0%25,l:12.5%25,w:75%25,h:100%25/rs=w:600,h:600,cg:true",https://gc.nh.gov/house/members/member.aspx?pid=11326;https://gencourt.state.nh.us/house/members/member.aspx?pid=11326,https://ballotpedia.org/Marie_Louise_Bjelobrk;https://en.wikipedia.org/wiki/Marie_Louise_Bjelobrk;https://gc.nh.gov/house/members/member.aspx?pid=11326;https://gencourt.state.nh.us/house/members/member.aspx?pid=11326;https://justfacts.votesmart.org/candidate/biography/218901/marie-louise-bjelobrk,,,,,,,,,,,
ocd-person/86b31d04-3a4b-4199-b10e-27bd337f0a34,Marjorie Smith,Democratic,Strafford 10,lower,Marjorie,Smith,Female,msmithpen@aol.com,,1941-02-22,,https://storage.googleapis.com/enview-dev-public-general/legislative-people-photos/45370.jpg,https://gc.nh.gov/house/members/member.aspx?member=376166;https://gencourt.state.nh.us/downloads/Members.txt;https://www.gencourt.state.nh.us/downloads/Members.txt;https://www.gencourt.state.nh.us/house/members/member.aspx?member=376166;https://www.gencourt.state.nh.us/house/members/member.aspx?pid=452,https://ballotpedia.org/Marjorie_Smith;https://en.wikipedia.org/wiki/Marjorie_Smith;https://gc.nh.gov/house/members/member.aspx?member=376166;https://gencourt.state.nh.us/downloads/Members.txt;https://gencourt.state.nh.us/downloads/members.txt;https://justfacts.votesmart.org/candidate/biography/14725/marjorie-smith;https://www.gencourt.state.nh.us/downloads/Members.txt;https://www.gencourt.state.nh.us/house/members/member.aspx?member=376166;https://www.gencourt.state.nh.us/house/members/member.aspx?pid=452,,,,,,,,,,,
ocd-person/248ddc70-c3e0-4ec2-94ff-1d1de0d0e9fc,Mark Vallone,Democratic,Rockingham 5,lower,Mark,Vallone,Male,mark.vallone@gc.nh.gov,,,,https://www.gannett-cdn.com/authoring/2018/11/08/NPOH/ghows-SO-7a29a32c-45e6-3fe0-e053-0100007f452c-3c584aa9.jpeg?width=1200&disable=upscale&format=pjpg&auto=webp,https://gc.nh.gov/house/members/member.aspx?pid=9210;https://gencourt.state.nh.us/house/members/member.aspx?pid=9210;https://www.gencourt.state.nh.us/house/members/member.aspx?pid=9210,https://ballotpedia.org/Mark_Vallone;https://en.wikipedia.org/wiki/Mark_Vallone;https://gc.nh.gov/house/members/member.aspx?pid=9210;https://gencourt.state.nh.us/house/members/member.aspx?pid=9210;https://justfacts.votesmart.org/candidate/185596/mark-vallone;https://www.gencourt.state.nh.us/house/members/member.aspx?pid=9210,,,,,,,,,,,
ocd-person/c344ed7a-6fea-4f17-9c48-4e27d67bebc8,Mark McConkey,Republican,3,upper,Mark,McConkey,Male,mark.mcconkey@gc.nh.gov,,,,https://storage.googleapis.com/enview-dev-public-general/legislative-people-photos/50148.jpg,https://gc.nh.gov/senate/members/webpages/district03.aspx;https://gencourt.state.nh.us/downloads/Members.txt;https://gencourt.state.nh.us/house/members/member.aspx?pid=488;https://gencourt.state.nh.us/senate/members/webpages/district03.aspx;https://www.gencourt.state.nh.us/downloads/Members.txt;https://www.gencourt.state.nh.us/house/members/member.aspx?pid=488,https://ballotpedia.org/Mark_McConkey;https://gc.nh.gov/senate/members/webpages/district03.aspx;https://gencourt.state.nh.us/downloads/Members.txt;https://gencourt.state.nh.us/downloads/members.txt;https://gencourt.state.nh.us/house/members/member.aspx?pid=488;https://gencourt.state.nh.us/senate/members/webpages/district03.aspx;https://justfacts.votesmart.org/candidate/biography/42599/mark-mcconkey;https://www.gencourt.state.nh.us/downloads/Members.txt;https://www.gencourt.state.nh.us/house/members/member.aspx?member=376495;https://www.gencourt.state.nh.us/house/members/member.aspx?pid=488;https://www.linkedin.com/in/mark-mcconkey-44046b12,,,,,,,,,,,
ocd-person/b50abef6-0b19-4d5c-97c9-f757f3b571ad,Mark Proulx,Republican,Hillsborough 15,lower,Mark,Proulx,Male,mark.proulx@gc.nh.gov,,1958-04-21,,https://storage.googleapis.com/enview-dev-public-general/legislative-people-photos/50154.jpg,https://gc.nh.gov/house/members/member.aspx?member=377007;https://www.gencourt.state.nh.us/house/members/member.aspx?member=377007;https://www.gencourt.state.nh.us/house/members/member.aspx?pid=932,https://ballotpedia.org/Mark_Proulx;https://en.wikipedia.org/wiki/Mark_Proulx;https://gc.nh.gov/house/members/member.aspx?member=377007;https://gencourt.state.nh.us/downloads/Members(Asterisk%20Delimited).txt;https://justfacts.votesmart.org/candidate/biography/122785/mark-proulx;https://www.gencourt.state.nh.us/downloads/Members.txt;https://www.gencourt.state.nh.us/house/members/member.aspx?member=377007;https://www.gencourt.state.nh.us/house/members/member.aspx?pid=932;https://www.linkedin.com/in/mark-proulx-0061639,,,,,,,,,,,
ocd-person/b089786f-4435-4822-a7d6-3725cca787bf,Mark McLean,Republican,Hillsborough 15,lower,Mark,McLean,Male,mark.mclean@gc.nh.gov,,,,https://storage.googleapis.com/enview-dev-public-general/legislative-people-photos/49848.jpg,https://gc.nh.gov/house/members/member.aspx?member=377251;https://gencourt.state.nh.us/downloads/Members.txt;https://gencourt.state.nh.us/house/members/member.aspx?member=377251;https://www.gencourt.state.nh.us/downloads/Members.txt;https://www.gencourt.state.nh.us/house/members/member.aspx?pid=859,https://ballotpedia.org/Mark_McLean;https://en.wikipedia.org/wiki/Mark_McLean_(politician);https://gc.nh.gov/house/members/member.aspx?member=377251;https://gencourt.state.nh.us/downloads/Members.txt;https://gencourt.state.nh.us/downloads/members.txt;https://gencourt.state.nh.us/house/members/member.aspx?member=377251;https://justfacts.votesmart.org/candidate/154490/mark-mclean;https://www.gencourt.state.nh.us/downloads/Members.txt;https://www.gencourt.state.nh.us/house/members/member.aspx?member=377251;https://www.gencourt.state.nh.us/house/members/member.aspx?pid=859;https://www.linkedin.com/in/mark-mclean-52a845127,,,,,,,,,,,
ocd-person/8c6eeb07-d048-47fd-9f0e-718460e2edc9,Mark Paige,Democratic,Rockingham 11,lower,Mark,Paige,Male,mark.paige@gc.nh.gov,,,,https://s3.amazonaws.com/ballotpedia-api4/files/thumbs/200/300/Mark-Paige.PNG,https://gc.nh.gov/house/members/member.aspx?pid=9942;https://gencourt.state.nh.us/downloads/Members.txt;https://gencourt.state.nh.us/house/members/member.aspx?pid=9942;https://www.gencourt.state.nh.us/house/members/member.aspx?pid=9942,https://ballotpedia.org/Mark_Paige;https://en.wikipedia.org/wiki/Mark_Paige;https://gc.nh.gov/house/members/member.aspx?pid=9942;https://gencourt.state.nh.us/downloads/Members.txt;https://gencourt.state.nh.us/downloads/members.txt;https://gencourt.state.nh.us/house/members/member.aspx?pid=9942;https://justfacts.votesmart.org/candidate/194880/mark-paige;https://www.gencourt.state.nh.us/house/members/member.aspx?pid=9942;https://www.linkedin.com/in/mark-paige-81a34111,,,,,,,,,,,
ocd-person/6c90e0a1-d9d5-488c-a9a3-898ca5b0f9a4,Mark Pearson,Republican,Rockingham 34,lower,Mark,Pearson,Male,mark.pearson@gc.nh.gov,,,,https://storage.googleapis.com/enview-dev-public-general/legislative-people-photos/59305.jpg,https://gc.nh.gov/house/members/member.aspx?member=408749;https://gencourt.state.nh.us/downloads/Members.txt;https://www.gencourt.state.nh.us/downloads/Members.txt;https://www.gencourt.state.nh.us/house/members/member.aspx?member=408749;https://www.gencourt.state.nh.us/house/members/member.aspx?pid=8749,https://ballotpedia.org/Mark_A._Pearson;https://en.wikipedia.org/wiki/Mark_Pearson_(American_politician);https://gc.nh.gov/house/members/member.aspx?member=408749;https://gencourt.state.nh.us/downloads/Members.txt;https://gencourt.state.nh.us/downloads/members.txt;https://justfacts.votesmart.org/candidate/biography/175324/mark-pearson;https://www.gencourt.state.nh.us/downloads/Members.txt;https://www.gencourt.state.nh.us/house/members/member.aspx?member=408749;https://www.gencourt.state.nh.us/house/members/member.aspx?pid=8749,,,,,,,,,,,
ocd-person/69275b32-0ad6-48a4-9787-bf2869573772,Mark MacKenzie,Democratic,Hillsborough 40,lower,Mark,MacKenzie,Male,mark.mackenzie@gc.nh.gov,,,,https://storage.googleapis.com/enview-dev-public-general/legislative-people-photos/59183.jpg,https://gc.nh.gov/house/members/member.aspx?member=408516;https://gencourt.state.nh.us/house/members/member.aspx?member=408516;https://www.gencourt.state.nh.us/downloads/Members.txt;https://www.gencourt.state.nh.us/house/members/member.aspx?pid=8516,https://ballotpedia.org/Mark_S._Mackenzie;https://en.wikipedia.org/wiki/Mark_MacKenzie;https://gc.nh.gov/house/members/member.aspx?member=408516;https://gencourt.state.nh.us/house/members/member.aspx?member=408516;https://justfacts.votesmart.org/candidate/biography/172597/mark-mackenzie;https://www.gencourt.state.nh.us/downloads/Members.txt;https://www.gencourt.state.nh.us/house/members/member.aspx?member=408516;https://www.gencourt.state.nh.us/house/members/member.aspx?pid=8516;https://www.linkedin.com/in/mark-s-mackenzie-b066a622,,,,,,,,,,,
ocd-person/01358592-fa6d-49bf-a933-ea2f223572d7,Mark Warden,Republican,Hillsborough 39,lower,Mark,Warden,Male,mark.warden@gc.nh.gov,,,,https://s3.amazonaws.com/ballotpedia-api4/files/thumbs/200/300/Mark_Warden_candidate_photo__Medium__fixed.JPG,https://gc.nh.gov/house/members/member.aspx?pid=662;https://gencourt.state.nh.us/downloads/Members.txt;https://gencourt.state.nh.us/house/members/member.aspx?pid=662;https://www.gencourt.state.nh.us/downloads/Members.txt,https://ballotpedia.org/Mark_Warden;https://en.wikipedia.org/wiki/Mark_Warden;https://gc.nh.gov/house/members/member.aspx?pid=662;https://gencourt.state.nh.us/downloads/Members.txt;https://gencourt.state.nh.us/downloads/members.txt;https://gencourt.state.nh.us/house/members/member.aspx?pid=662;https://justfacts.votesmart.org/candidate/122391/mark-warden;https://www.gencourt.state.nh.us/downloads/Members.txt;https://www.gencourt.state.nh.us/house/members/member.aspx?member=377049;https://www.linkedin.com/in/mark-warden-9358752,,,,,,,,,,,
ocd-person/27e55643-df5b-49aa-8529-082cd786c0f8,Martin Jack,Democratic,Hillsborough 10,lower,Martin,Jack,Male,martin.jack@gc.nh.gov,,,,https://storage.googleapis.com/enview-dev-public-general/legislative-people-photos/49471.jpg,https://gc.nh.gov/house/members/member.aspx?member=377126;https://gencourt.state.nh.us/downloads/Members.txt;https://www.gencourt.state.nh.us/downloads/Members.txt;https://www.gencourt.state.nh.us/house/members/member.aspx?member=377126;https://www.gencourt.state.nh.us/house/members/member.aspx?pid=733,https://ballotpedia.org/Martin_Jack;https://en.wikipedia.org/wiki/Martin_Jack_(politician);https://gc.nh.gov/house/members/member.aspx?member=377126;https://gencourt.state.nh.us/downloads/Members.txt;https://gencourt.state.nh.us/downloads/members.txt;https://justfacts.votesmart.org/candidate/biography/141751/marty-jack;https://www.gencourt.state.nh.us/downloads/Members.txt;https://www.gencourt.state.nh.us/house/members/member.aspx?member=377126;https://www.gencourt.state.nh.us/house/members/member.aspx?pid=733;https://www.linkedin.com/in/marty-jack-7193a43,,,,,,,,,,,
ocd-person/0929165d-f73c-4820-8820-209de58c1e78,Mary Hakken-Phillips,Democratic,Grafton 12,lower,Mary,Hakken-Phillips,Female,mary.hakkenphillips@gc.nh.gov,,,,https://storage.googleapis.com/enview-dev-public-general/legislative-people-photos/93751.jpg,https://gc.nh.gov/house/members/member.aspx?pid=9889;https://gencourt.state.nh.us/downloads/Members.txt;https://gencourt.state.nh.us/house/members/member.aspx?pid=9889;https://www.gencourt.state.nh.us/house/members/member.aspx?pid=9889,https://ballotpedia.org/Mary_Hakken-Phillips;https://en.wikipedia.org/wiki/Mary_Hakken-Phillips;https://gc.nh.gov/house/members/member.aspx?pid=9889;https://gencourt.state.nh.us/downloads/Members.txt;https://gencourt.state.nh.us/downloads/members.txt;https://gencourt.state.nh.us/house/members/member.aspx?pid=9889;https://justfacts.votesmart.org/candidate/194874/mary-hakken-phillips;https://www.gencourt.state.nh.us/house/members/member.aspx?pid=9889;https://www.linkedin.com/in/mary-hakken-phillips-070079a2;https://www.tarbellbrodich.com/attorneys/mary-hakken-phillips,,,,,,,,,,,
ocd-person/c353b272-e9b3-41d1-812c-17ee08295476,Mary Ford,Republican,Rockingham 3,lower,Mary,Ford,Female,mary.ford@gc.nh.gov,,,,https://www.digitalequity.us/wp-content/uploads/2022/05/mary-ford-300x.png,https://gc.nh.gov/house/members/member.aspx?pid=11394;https://gencourt.state.nh.us/house/members/member.aspx?pid=11394,https://ballotpedia.org/Mary_Ford;https://gc.nh.gov/house/members/member.aspx?pid=11394;https://gencourt.state.nh.us/house/members/member.aspx?pid=11394;https://justfacts.votesmart.org/candidate/biography/219183/mary-ford;https://www.linkedin.com/in/mary-ford-0a2b67112,,,,,,,,,,,
ocd-person/4b40718c-8dbd-4df2-a1a0-75a9093778ce,Mary Georges,Democratic,Hillsborough 23,lower,Mary,Georges,Female,mary.georges@gc.nh.gov,,,,"https://static.wixstatic.com/media/69da16_6b5521b823c14ea8a30142dee26d3334~mv2.jpg/v1/crop/x_0,y_21,w_1078,h_1325/fill/w_310,h_381,al_c,q_80,usm_0.66_1.00_0.01,enc_avif,quality_auto/69da16_6b5521b823c14ea8a30142dee26d3334~mv2.jpg",https://gc.nh.gov/house/members/member.aspx?pid=11206;https://gencourt.state.nh.us/house/members/member.aspx?pid=11206,https://ballotpedia.org/Mary_Ngwanda_Georges;https://en.wikipedia.org/wiki/Mary_Ngwanda_Georges;https://gc.nh.gov/house/members/member.aspx?pid=11206;https://gencourt.state.nh.us/house/members/member.aspx?pid=11206;https://justfacts.votesmart.org/candidate/biography/219850/mary-georges,,,,,,,,,,,
ocd-person/0e6f806c-ba57-4dc6-b6b4-f2a926288ca3,Mary Jane Wallner,Democratic,Merrimack 19,lower,Mary Jane,Wallner,Female,mjwallner@gc.nh.gov,,1946-10-25,,https://storage.googleapis.com/enview-dev-public-general/legislative-people-photos/50474.jpg,https://gc.nh.gov/house/members/member.aspx?member=368423;https://gencourt.state.nh.us/downloads/Members.txt;https://www.gencourt.state.nh.us/downloads/Members.txt;https://www.gencourt.state.nh.us/house/members/member.aspx?member=368423;https://www.gencourt.state.nh.us/house/members/member.aspx?pid=411,https://ballotpedia.org/Mary_Jane_Wallner;https://en.wikipedia.org/wiki/Mary_Jane_Wallner;https://gc.nh.gov/house/members/member.aspx?member=368423;https://gencourt.state.nh.us/downloads/Members.txt;https://gencourt.state.nh.us/downloads/members.txt;https://justfacts.votesmart.org/candidate/biography/8597/mary-wallner;https://www.gencourt.state.nh.us/downloads/Members.txt;https://www.gencourt.state.nh.us/house/members/member.aspx?member=368423;https://www.gencourt.state.nh.us/house/members/member.aspx?pid=411,,,,,,,,,,,
ocd-person/bdc7b519-4849-4992-b21b-f5563d642285,Mary Murphy,Republican,Hillsborough 27,lower,Mary,Murphy,Female,mary.murphy@gc.nh.gov,,1957-10-30,,https://www.marymurphynh.com/__static/f58f47d1-c80b-4bd0-84ac-d2baddf9754f/image_desktop,https://gc.nh.gov/house/members/member.aspx?pid=11360;https://gencourt.state.nh.us/house/members/member.aspx?pid=11360,https://ballotpedia.org/Mary_Murphy_(New_Hampshire);https://en.wikipedia.org/wiki/Mary_Murphy_(New_Hampshire_politician);https://gc.nh.gov/house/members/member.aspx?pid=11360;https://gencourt.state.nh.us/house/members/member.aspx?pid=11360;https://justfacts.votesmart.org/candidate/biography/218997/mary-murphy;https://marycarrollmurphynh.com;https://www.linkedin.com/in/marycarrollmurphy,,,,,,,,,,,
ocd-person/472f8b30-237d-44fe-8d3e-af33b833d8eb,Matt Drew,Republican,Hillsborough 19,lower,Matt,Drew,Male,matt.drew@gc.nh.gov,,,,https://assets.civicengine.com/uploads/candidate/headshot/829995/829995.jpg,https://gc.nh.gov/house/members/member.aspx?pid=11355;https://gencourt.state.nh.us/house/members/member.aspx?pid=11355,https://ballotpedia.org/Matt_Drew;https://en.wikipedia.org/wiki/Matt_Drew;https://gc.nh.gov/house/members/member.aspx?pid=11355;https://gencourt.state.nh.us/house/members/member.aspx?pid=11355;https://justfacts.votesmart.org/candidate/218991/matt-drew,,,,,,,,,,,
ocd-person/5709592a-7c88-41e3-8295-7c05146327e2,Matt Sabourin dit Choinière,Republican,Rockingham 30,lower,Matt,Sabourin dit Choinière,Male,matt.sabourin@gc.nh.gov,,,,https://upload.wikimedia.org/wikipedia/commons/thumb/6/6a/Matt_Sabourin_dit_Choiniere_by_Gage_Skidmore.jpg/220px-Matt_Sabourin_dit_Choiniere_by_Gage_Skidmore.jpg,https://gc.nh.gov/house/members/member.aspx?pid=11420;https://gencourt.state.nh.us/house/members/member.aspx?pid=11420,https://ballotpedia.org/Matt_Sabourin;https://en.wikipedia.org/wiki/Matt_Sabourin;https://gc.nh.gov/house/members/member.aspx?pid=11420;https://gencourt.state.nh.us/house/members/member.aspx?pid=11420;https://justfacts.votesmart.org/candidate/biography/219249/matt-sabourin,,,,,,,,,,,
ocd-person/61d2e8f3-f2b9-4357-81af-fe982ee1821f,Matt Wilhelm,Democratic,Hillsborough 21,lower,Matt,Wilhelm,Male,matt.wilhelm@gc.nh.gov,,1981-05-19,,https://storage.googleapis.com/enview-dev-public-general/legislative-people-photos/73178.jpg,https://gc.nh.gov/house/members/member.aspx?pid=9134;https://gencourt.state.nh.us/downloads/Members.txt;https://gencourt.state.nh.us/house/members/member.aspx?pid=9134;https://www.gencourt.state.nh.us/downloads/Members.txt;https://www.gencourt.state.nh.us/house/members/member.aspx?pid=9134,https://ballotpedia.org/Matt_Wilhelm;https://en.wikipedia.org/wiki/Matthew_Wilhelm;https://gc.nh.gov/house/members/member.aspx?pid=9134;https://gencourt.state.nh.us/downloads/Members.txt;https://gencourt.state.nh.us/downloads/members.txt;https://gencourt.state.nh.us/house/members/member.aspx?pid=9134;https://justfacts.votesmart.org/candidate/biography/185372/matt-wilhelm;https://www.gencourt.state.nh.us/downloads/Members.txt;https://www.gencourt.state.nh.us/house/members/member.aspx?member=408887;https://www.gencourt.state.nh.us/house/members/member.aspx?pid=9134;https://www.linkedin.com/in/mbdubayou,,,,,,,,,,,
ocd-person/3b11dc06-256a-430c-9f75-7ebe69267e4d,Matt Coker,Republican,Belknap 2,lower,Matt,Coker,Male,matthew.coker@gc.nh.gov,,,,https://storage.googleapis.com/enview-dev-public-general/legislative-people-photos/123196.jpg,https://gc.nh.gov/house/members/member.aspx?pid=10733;https://www.gencourt.state.nh.us/house/members/member.aspx?pid=10733,https://ballotpedia.org/Matt_Coker;https://ballotpedia.org/Matthew_Coker;https://en.wikipedia.org/wiki/Matthew_Coker;https://gc.nh.gov/house/members/member.aspx?pid=10733;https://justfacts.votesmart.org/candidate/biography/208641/matthew-coker;https://www.gencourt.state.nh.us/house/members/member.aspx?pid=10733,,,,,,,,,,,
ocd-person/08622297-087a-4e0e-97ad-abd8e81a89d8,Matthew Pitaro,Republican,Merrimack 11,lower,Matthew,Pitaro,Male,matthew.pitaro@gc.nh.gov,,,,,https://gc.nh.gov/house/members/member.aspx?pid=9928;https://gencourt.state.nh.us/downloads/Members.txt;https://gencourt.state.nh.us/house/members/member.aspx?pid=9928,https://ballotpedia.org/Matthew_Pitaro;https://gc.nh.gov/house/members/member.aspx?pid=9928;https://gencourt.state.nh.us/downloads/Members.txt;https://gencourt.state.nh.us/downloads/members.txt;https://gencourt.state.nh.us/house/members/member.aspx?pid=9928;https://justfacts.votesmart.org/candidate/biography/185273/matthew-pitaro;https://www.linkedin.com/in/matthew-pitaro-b456b062,,,,,,,,,,,
ocd-person/3e70b6de-08a4-4ee5-a1c5-482f9394c475,Matthew Hicks,Democratic,Merrimack 24,lower,Matthew,Hicks,Male,matthew.hicks@gc.nh.gov,,,,https://s3.amazonaws.com/ballotpedia-api4/files/thumbs/200/300/Matthew_Hicks.jpg,https://gc.nh.gov/house/members/member.aspx?pid=10844;https://www.gencourt.state.nh.us/house/members/member.aspx?pid=10844,https://ballotpedia.org/Matthew_Hicks;https://en.wikipedia.org/wiki/Matthew_Hicks;https://gc.nh.gov/house/members/member.aspx?pid=10844;https://justfacts.votesmart.org/candidate/biography/208895/matthew-hicks;https://www.gencourt.state.nh.us/house/members/member.aspx?pid=10844;https://www.linkedin.com/in/matthew-hicks-phd-9a1bb222,,,,,,,,,,,
ocd-person/4a80db99-34b2-4d33-995b-41d889592bf3,Maureen Mooney,Republican,Hillsborough 12,lower,Maureen,Mooney,Female,maureen.mooney@gc.nh.gov,,,,https://storage.googleapis.com/enview-dev-public-general/legislative-people-photos/93861.jpg,https://gc.nh.gov/house/members/member.aspx?pid=5772;https://gencourt.state.nh.us/downloads/Members.txt;https://gencourt.state.nh.us/house/members/member.aspx?pid=5772;https://www.gencourt.state.nh.us/house/members/member.aspx?pid=5772,https://ballotpedia.org/Maureen_Mooney;https://en.wikipedia.org/wiki/Maureen_Mooney;https://gc.nh.gov/house/members/member.aspx?pid=5772;https://gencourt.state.nh.us/downloads/Members.txt;https://gencourt.state.nh.us/downloads/members.txt;https://gencourt.state.nh.us/house/members/member.aspx?pid=5772;https://justfacts.votesmart.org/candidate/biography/42661/maureen-mooney;https://votemooney.com/biography;https://www.gencourt.state.nh.us/house/members/member.aspx?pid=5772;https://www.linkedin.com/in/maureen-mooney-2698b79,,,,,,,,,,,
ocd-person/f1902aac-3930-478d-9e89-60cef8bcae0b,Megan Murray,Democratic,Hillsborough 37,lower,Megan,Murray,Female,megan.murray@gc.nh.gov,,,,https://www.citizenscount.org/sites/default/files/styles/profile_140x176/public/candidate-images/meganmurray.jpg?itok=wkaoaE_6,https://gc.nh.gov/house/members/member.aspx?pid=9095;https://gencourt.state.nh.us/downloads/Members.txt;https://gencourt.state.nh.us/house/members/member.aspx?pid=9095;https://www.gencourt.state.nh.us/downloads/Members.txt;https://www.gencourt.state.nh.us/house/members/member.aspx?pid=9095,https://ballotpedia.org/Megan_Murray;https://en.wikipedia.org/wiki/Megan_Murray_(politician);https://gc.nh.gov/house/members/member.aspx?pid=9095;https://gencourt.state.nh.us/downloads/Members.txt;https://gencourt.state.nh.us/downloads/members.txt;https://gencourt.state.nh.us/house/members/member.aspx?pid=9095;https://justfacts.votesmart.org/candidate/biography/185562/megan-murray;https://www.gencourt.state.nh.us/downloads/Members.txt;https://www.gencourt.state.nh.us/house/members/member.aspx?member=408943;https://www.gencourt.state.nh.us/house/members/member.aspx?pid=9095,,,,,,,,,,,
ocd-person/ee439da0-f552-4df7-80d4-cd6b19ecd5df,Melissa Litchfield,Republican,Rockingham 32,lower,Melissa,Litchfield,Female,melissa.litchfield@gc.nh.gov,,,,https://www.citizenscount.org/sites/default/files/styles/profile_140x176/public/2020-07/Melissa-A-Litchfield.png?itok=xRRtK9LK,https://gc.nh.gov/house/members/member.aspx?pid=9940;https://gencourt.state.nh.us/downloads/Members.txt;https://gencourt.state.nh.us/house/members/member.aspx?pid=9940,https://ballotpedia.org/Melissa_Litchfield;https://en.wikipedia.org/wiki/Melissa_Litchfield;https://gc.nh.gov/house/members/member.aspx?pid=9940;https://gencourt.state.nh.us/downloads/Members.txt;https://gencourt.state.nh.us/downloads/members.txt;https://gencourt.state.nh.us/house/members/member.aspx?pid=9940;https://justfacts.votesmart.org/candidate/campaign-finance/195037/melissa-litchfield,,,,,,,,,,,
ocd-person/db534ca2-9d91-4578-b093-9b3ed61695eb,Merryl Gibbs,Democratic,Merrimack 23,lower,Merryl,Gibbs,Female,merryl.gibbs@gc.nh.gov,,,,https://www.citizenscount.org/sites/default/files/styles/profile_140x176/public/2022-10/merryl-gibbs.jpg,https://gc.nh.gov/house/members/member.aspx?pid=10843;https://www.gencourt.state.nh.us/house/members/member.aspx?pid=10843,https://ballotpedia.org/Merryl_Gibbs;https://en.wikipedia.org/wiki/Merryl_Gibbs;https://gc.nh.gov/house/members/member.aspx?pid=10843;https://justfacts.votesmart.org/candidate/biography/208894/merryl-gibbs;https://www.gencourt.state.nh.us/house/members/member.aspx?pid=10843;https://www.linkedin.com/in/merryl-gibbs-25797652,,,,,,,,,,,
ocd-person/0f78413a-b328-4856-ab48-21a5d4d614c0,Michael Edgar,Democratic,Rockingham 29,lower,Michael,Edgar,Male,michael.edgar@gc.nh.gov,,,,https://storage.googleapis.com/enview-dev-public-general/legislative-people-photos/54810.jpg,https://gc.nh.gov/house/members/member.aspx?member=377778;https://gencourt.state.nh.us/downloads/Members.txt;https://gencourt.state.nh.us/house/members/member.aspx?member=377778;https://www.gencourt.state.nh.us/downloads/Members.txt;https://www.gencourt.state.nh.us/house/members/member.aspx?pid=1056,https://ballotpedia.org/Mike_Edgar;https://en.wikipedia.org/wiki/Michael_Edgar;https://gc.nh.gov/house/members/member.aspx?member=377778;https://gencourt.state.nh.us/downloads/Members.txt;https://gencourt.state.nh.us/downloads/members.txt;https://gencourt.state.nh.us/house/members/member.aspx?member=377778;https://justfacts.votesmart.org/candidate/biography/141783/michael-edgar;https://www.gencourt.state.nh.us/downloads/Members.txt;https://www.gencourt.state.nh.us/house/members/member.aspx?member=377778;https://www.gencourt.state.nh.us/house/members/member.aspx?pid=1056,,,,,,,,,,,
ocd-person/2952c8e8-7d64-43a3-8502-fa6f8110fa14,Michael Aron,Republican,Sullivan 8,lower,Michael,Aron,Male,michael.aron@gc.nh.gov,,,,https://aron4nh.com/wp-content/uploads/2024/06/17951-550x413.jpeg,https://gc.nh.gov/house/members/member.aspx?pid=11442;https://gencourt.state.nh.us/house/members/member.aspx?pid=11442,https://ballotpedia.org/Michael_Aron;https://en.wikipedia.org/wiki/Michael_Aron_(American_politician);https://gc.nh.gov/house/members/member.aspx?pid=11442;https://gencourt.state.nh.us/house/members/member.aspx?pid=11442;https://justfacts.votesmart.org/candidate/209317/michael-aron;https://www.linkedin.com/in/michael-aron-b6279315,,,,,,,,,,,
ocd-person/facb5409-244f-4381-8452-e6a1078bb1c5,Michael Cahill,Democratic,Rockingham 10,lower,Michael,Cahill,Male,michael.cahill@gc.nh.gov,,,,https://storage.googleapis.com/enview-dev-public-general/legislative-people-photos/49903.jpg,https://gc.nh.gov/house/members/member.aspx?member=377079;https://gencourt.state.nh.us/downloads/Members.txt;https://www.gencourt.state.nh.us/downloads/Members.txt;https://www.gencourt.state.nh.us/house/members/member.aspx?member=377079;https://www.gencourt.state.nh.us/house/members/member.aspx?pid=687,https://ballotpedia.org/Michael_Cahill;https://en.wikipedia.org/wiki/Michael_Cahill_(New_Hampshire_politician);https://gc.nh.gov/house/members/member.aspx?member=377079;https://gencourt.state.nh.us/downloads/Members.txt;https://gencourt.state.nh.us/downloads/members.txt;https://justfacts.votesmart.org/candidate/143292/michael-cahill;https://justfacts.votesmart.org/candidate/biography/143292/michael-cahill;https://www.gencourt.state.nh.us/downloads/Members.txt;https://www.gencourt.state.nh.us/house/members/member.aspx?member=377079;https://www.gencourt.state.nh.us/house/members/member.aspx?pid=687,,,,,,,,,,,
ocd-person/21e95dbc-c226-4f4a-9fa2-8f5b374d0a98,Mike Harrington,Republican,Strafford 18,lower,Mike,Harrington,Male,harringt@metrocast.net,,1953-10-24,,https://storage.googleapis.com/enview-dev-public-general/legislative-people-photos/61178.jpg,https://gc.nh.gov/house/members/member.aspx?pid=5122;https://gencourt.state.nh.us/downloads/Members.txt;https://gencourt.state.nh.us/house/members/member.aspx?pid=5122;https://www.gencourt.state.nh.us/downloads/Members.txt;https://www.gencourt.state.nh.us/house/members/member.aspx?pid=5122,https://ballotpedia.org/Michael_Harrington_(New_Hampshire);https://en.wikipedia.org/wiki/Michael_Harrington_(New_Hampshire_politician);https://gc.nh.gov/house/members/member.aspx?pid=5122;https://gencourt.state.nh.us/downloads/Members.txt;https://gencourt.state.nh.us/downloads/members.txt;https://gencourt.state.nh.us/house/members/member.aspx?pid=5122;https://justfacts.votesmart.org/candidate/biography/14569/michael-harrington;https://www.gencourt.state.nh.us/downloads/Members.txt;https://www.gencourt.state.nh.us/house/members/member.aspx?member=376347;https://www.gencourt.state.nh.us/house/members/member.aspx?pid=5122;https://www.linkedin.com/in/mike-harrington-29625413,,,,,,,,,,,
ocd-person/6d72216e-2f3d-4c60-9ce0-dc2c365d2033,Michael Granger,Republican,Strafford 2,lower,Michael,Granger,Male,michael.granger@gc.nh.gov,,,,https://www.citizenscount.org/sites/default/files/styles/profile_140x176/public/2022-09/michael-granger.jpg,https://gc.nh.gov/house/members/member.aspx?pid=10714;https://www.gencourt.state.nh.us/house/members/member.aspx?pid=10714,https://ballotpedia.org/Michael_Granger;https://en.wikipedia.org/wiki/Michael_Granger_(politician);https://gc.nh.gov/house/members/member.aspx?pid=10714;https://granger4nh.com/bio;https://justfacts.votesmart.org/candidate/biography/210492/michael-granger;https://www.gencourt.state.nh.us/house/members/member.aspx?pid=10714,,,,,,,,,,,
ocd-person/acb20216-f193-42e1-9304-2b1d3572e61d,Mike Moffett,Republican,Merrimack 4,lower,Mike,Moffett,Male,michael.moffett@gc.nh.gov,,1955-05-30,,https://storage.googleapis.com/enview-dev-public-general/legislative-people-photos/59314.jpg,https://gc.nh.gov/house/members/member.aspx?pid=7144;https://gencourt.state.nh.us/downloads/Members.txt;https://gencourt.state.nh.us/house/members/member.aspx?pid=7144;https://www.gencourt.state.nh.us/downloads/Members.txt,https://ballotpedia.org/Michael_Moffett;https://en.wikipedia.org/wiki/Michael_Moffett_(politician);https://gc.nh.gov/house/members/member.aspx?pid=7144;https://gencourt.state.nh.us/downloads/Members.txt;https://gencourt.state.nh.us/downloads/members.txt;https://gencourt.state.nh.us/house/members/member.aspx?pid=7144;https://justfacts.votesmart.org/candidate/biography/42035/michael-moffett;https://www.gencourt.state.nh.us/downloads/Members.txt;https://www.gencourt.state.nh.us/house/members/member.aspx?member=407144;https://www.linkedin.com/in/michael-moffett-050b9823,,,,,,,,,,,
ocd-person/1aa8819a-e1bd-4569-93ec-305ad61e8ea4,Michael Vose,Republican,Rockingham 5,lower,Michael,Vose,Male,michael.vose@gc.nh.gov,,,,https://storage.googleapis.com/enview-dev-public-general/legislative-people-photos/61167.jpg,https://gc.nh.gov/house/members/member.aspx?pid=909;https://gencourt.state.nh.us/downloads/Members.txt;https://www.gencourt.state.nh.us/downloads/Members.txt;https://www.gencourt.state.nh.us/house/members/member.aspx?pid=909,https://ballotpedia.org/Michael_Vose;https://en.wikipedia.org/wiki/Michael_Vose;https://gc.nh.gov/house/members/member.aspx?pid=909;https://gencourt.state.nh.us/downloads/Members.txt;https://gencourt.state.nh.us/downloads/members.txt;https://justfacts.votesmart.org/candidate/biography/154583/michael-vose;https://nhrepvose.com/about-2;https://www.gencourt.state.nh.us/downloads/Members.txt;https://www.gencourt.state.nh.us/house/members/member.aspx?member=377272;https://www.gencourt.state.nh.us/house/members/member.aspx?pid=909;https://www.linkedin.com/in/g-michael-vose-6ba3a34,,,,,,,,,,,
ocd-person/c924901e-1cc8-4574-ae7c-19f3e52d2031,Mike Bordes,Republican,Belknap 5,lower,Mike,Bordes,Male,mike.bordes@gc.nh.gov,,,,https://www.citizenscount.org/sites/default/files/styles/profile_140x176/public/2020-07/mike-bordes.png?itok=kgP2odgc,https://gc.nh.gov/house/members/member.aspx?pid=9861;https://gencourt.state.nh.us/downloads/Members.txt;https://gencourt.state.nh.us/house/members/member.aspx?pid=9861;https://www.gencourt.state.nh.us/house/members/member.aspx?pid=9861,https://ballotpedia.org/Mike_Bordes;https://gc.nh.gov/house/members/member.aspx?pid=9861;https://gencourt.state.nh.us/downloads/Members.txt;https://gencourt.state.nh.us/downloads/members.txt;https://gencourt.state.nh.us/house/members/member.aspx?pid=9861;https://www.gencourt.state.nh.us/house/members/member.aspx?pid=9861,,,,,,,,,,,
ocd-person/07c09a56-23ba-4c8b-90bd-5668f22c5103,Mike Drago,Republican,Rockingham 4,lower,Mike,Drago,Male,mike.drago@gc.nh.gov,,,,https://www.citizenscount.org/sites/default/files/styles/profile_140x176/public/2022-08/mike-drago.jpg,https://gc.nh.gov/house/members/member.aspx?pid=10686;https://www.gencourt.state.nh.us/house/members/member.aspx?pid=10686,https://ballotpedia.org/Mike_Drago;https://en.wikipedia.org/wiki/Mike_Drago;https://gc.nh.gov/house/members/member.aspx?pid=10686;https://justfacts.votesmart.org/candidate/209193/mike-drago;https://www.gencourt.state.nh.us/house/members/member.aspx?pid=10686,,,,,,,,,,,
ocd-person/7c8a79bb-76d5-488c-988b-084fa40b34c7,Mike Ouellet,Republican,Coos 3,lower,Mike,Ouellet,Male,mike.ouellet@gc.nh.gov,,,,https://d2gjqh9j26unp0.cloudfront.net/profilepic/227f30057b7cd301a7270acf80d1caf5,https://gc.nh.gov/house/members/member.aspx?pid=10609;https://gencourt.state.nh.us/house/members/member.aspx?pid=10609;https://www.gencourt.state.nh.us/house/members/member.aspx?pid=10609,https://ballotpedia.org/Mike_Ouellet;https://en.wikipedia.org/wiki/Mike_Ouellet;https://gc.nh.gov/house/members/member.aspx?pid=10609;https://gencourt.state.nh.us/house/members/member.aspx?pid=10609;https://justfacts.votesmart.org/candidate/biography/208992/mike-ouellet;https://www.gencourt.state.nh.us/house/members/member.aspx?pid=10609;https://www.linkedin.com/in/mike-ouellet-43694284,,,,,,,,,,,
ocd-person/75ad73cd-6591-4a64-9f6b-7558bbaf3689,Mike Belcher,Republican,Carroll 4,lower,Mike,Belcher,Male,mike.belcher@gc.nh.gov,,,,https://s3.amazonaws.com/ballotpedia-api4/files/thumbs/200/300/Michael_Belcher.jpg,https://gc.nh.gov/house/members/member.aspx?pid=10578;https://www.gencourt.state.nh.us/house/members/member.aspx?pid=10578,https://ballotpedia.org/Mike_Belcher;https://gc.nh.gov/house/members/member.aspx?pid=10578;https://www.gencourt.state.nh.us/house/members/member.aspx?pid=10578,,,,,,,,,,,
ocd-person/4825494b-dbbb-44f4-a4a7-dee1df0a87ae,Molly Howard,Democratic,Hillsborough 31,lower,Molly,Howard,Female,molly.howard@gc.nh.gov,,,,https://storage.googleapis.com/enview-dev-public-general/legislative-people-photos/123322.jpg,https://gc.nh.gov/house/members/member.aspx?pid=10810;https://www.gencourt.state.nh.us/house/members/member.aspx?pid=10810,https://ballotpedia.org/Molly_Howard;https://en.wikipedia.org/wiki/Molly_Howard;https://gc.nh.gov/house/members/member.aspx?pid=10810;https://justfacts.votesmart.org/candidate/208834/molly-howard;https://www.gencourt.state.nh.us/house/members/member.aspx?pid=10810;https://www.linkedin.com/in/mollychoward,,,,,,,,,,,
ocd-person/c85e3c8a-f2b9-40d5-a830-7c59a1328bf4,Muriel Hall,Democratic,Merrimack 9,lower,Muriel,Hall,Female,muriel.hall@gc.nh.gov,,,,https://storage.googleapis.com/enview-dev-public-general/legislative-people-photos/112357.jpg,https://gc.nh.gov/house/members/member.aspx?pid=10352;https://gencourt.state.nh.us/house/members/member.aspx?pid=10352;https://www.gencourt.state.nh.us/house/members/member.aspx?pid=10352,https://ballotpedia.org/Muriel_Hall;https://en.wikipedia.org/wiki/Muriel_Hall;https://gc.nh.gov/house/members/member.aspx?pid=10352;https://gencourt.state.nh.us/house/members/member.aspx?pid=10352;https://justfacts.votesmart.org/candidate/biography/195854/muriel-hall;https://www.gencourt.state.nh.us/house/members/member.aspx?pid=10352,,,,,,,,,,,
ocd-person/0d466dcc-c612-4c5e-b080-0bd257ec589d,Myles England,Democratic,Strafford 12,lower,Myles,England,Male,myles.england@gc.nh.gov,,,,https://www.fosters.com/gcdn/authoring/authoring-images/2024/10/10/NPOH/75606291007-myles-england.jpg,https://gc.nh.gov/house/members/member.aspx?pid=11281;https://gencourt.state.nh.us/house/members/member.aspx?pid=11281,https://ballotpedia.org/Myles_England;https://en.wikipedia.org/wiki/Myles_England;https://gc.nh.gov/house/members/member.aspx?pid=11281;https://gencourt.state.nh.us/house/members/member.aspx?pid=11281;https://justfacts.votesmart.org/candidate/political-courage-test/219225/myles-england;https://www.linkedin.com/in/mylesengland,,,,,,,,,,,
ocd-person/0ac05fa7-143f-4ae9-8ac8-99de42d21779,Nancy Murphy,Democratic,Hillsborough 12,lower,Nancy,Murphy,Female,nancy.murphy@gc.nh.gov,,,,https://storage.googleapis.com/enview-dev-public-general/legislative-people-photos/123402.jpg,https://gc.nh.gov/house/members/member.aspx?pid=9089;https://gencourt.state.nh.us/house/members/member.aspx?pid=9089;https://www.gencourt.state.nh.us/downloads/Members.txt;https://www.gencourt.state.nh.us/house/members/member.aspx?pid=9089,https://ballotpedia.org/Nancy_Murphy;https://en.wikipedia.org/wiki/Nancy_Murphy;https://gc.nh.gov/house/members/member.aspx?pid=9089;https://gencourt.state.nh.us/house/members/member.aspx?pid=9089;https://justfacts.votesmart.org/candidate/biography/185558/nancy-murphy;https://www.gencourt.state.nh.us/downloads/Members.txt;https://www.gencourt.state.nh.us/house/members/member.aspx?member=408861;https://www.gencourt.state.nh.us/house/members/member.aspx?pid=9089,,,,,,,,,,,
ocd-person/f20b1b61-dfc7-4ea0-b0cf-3705e7c7283e,Ned Raynolds,Democratic,Rockingham 39,lower,Ned,Raynolds,Male,ned.raynolds@gc.nh.gov,,,,https://www.gannett-cdn.com/authoring/2019/10/15/NPOH/ghows-SO-94f3f1c5-649c-7f85-e053-0100007fcf09-d1bff693.jpeg,https://gc.nh.gov/house/members/member.aspx?pid=10886;https://www.gencourt.state.nh.us/house/members/member.aspx?pid=10886,https://ballotpedia.org/Ned_Raynolds;https://en.wikipedia.org/wiki/Ned_Raynolds;https://gc.nh.gov/house/members/member.aspx?pid=10886;https://justfacts.votesmart.org/candidate/210284/ned-raynolds;https://www.gencourt.state.nh.us/house/members/member.aspx?pid=10886;https://www.linkedin.com/in/nedraynolds,,,,,,,,,,,
ocd-person/170e4582-46d4-480d-9bca-b49b2ba8baf3,Nick Germana,Democratic,Cheshire 15,lower,Nick,Germana,Male,nicholas.germana@gc.nh.gov,,,,https://bloximages.chicago2.vip.townnews.com/sentinelsource.com/content/tncms/assets/v3/editorial/2/e0/2e0a3cf2-10e3-5a56-ba16-be959f9118ef/60667450d6fe6.image.jpg?resize=400%2C545,https://gc.nh.gov/house/members/member.aspx?pid=10748;https://gencourt.state.nh.us/house/members/member.aspx?pid=10748;https://www.gencourt.state.nh.us/house/members/member.aspx?pid=10748,https://ballotpedia.org/Nicholas_Germana;https://en.wikipedia.org/wiki/Nicholas_Germana;https://gc.nh.gov/house/members/member.aspx?pid=10748;https://gencourt.state.nh.us/house/members/member.aspx?pid=10748;https://justfacts.votesmart.org/candidate/biography/208670/nicholas-germana;https://www.gencourt.state.nh.us/house/members/member.aspx?pid=10748,,,,,,,,,,,
ocd-person/276d3407-ff3e-4e21-966d-696cfde5faa8,Nicholas Bridle,Republican,Rockingham 29,lower,Nicholas,Bridle,Male,nicholas.bridle@gc.nh.gov,,1983-11-07,,https://s3.amazonaws.com/ballotpedia-api4/files/thumbs/200/300/nbridle.jpg,https://gc.nh.gov/house/members/member.aspx?pid=11419;https://gencourt.state.nh.us/house/members/member.aspx?pid=11419,https://ballotpedia.org/Nicholas_Bridle;https://en.wikipedia.org/wiki/Nicholas_Bridle;https://gc.nh.gov/house/members/member.aspx?pid=11419;https://gencourt.state.nh.us/house/members/member.aspx?pid=11419;https://justfacts.votesmart.org/candidate/219248/nicholas-bridle;https://www.linkedin.com/in/nicholasbridle,,,,,,,,,,,
ocd-person/854e522b-afa5-4359-b826-71aaa8b89f39,Nicole Leapley,Democratic,Hillsborough 22,lower,Nicole,Leapley,Female,nicole.leapley@gc.nh.gov,,,,https://storage.googleapis.com/enview-dev-public-general/legislative-people-photos/123344.jpg,https://gc.nh.gov/house/members/member.aspx?pid=10800;https://www.gencourt.state.nh.us/house/members/member.aspx?pid=10800,https://ballotpedia.org/Nicole_Leapley;https://en.wikipedia.org/wiki/Nicole_Leapley;https://gc.nh.gov/house/members/member.aspx?pid=10800;https://justfacts.votesmart.org/candidate/208826/nicole-leapley;https://www.gencourt.state.nh.us/house/members/member.aspx?pid=10800;https://www.linkedin.com/in/nicoleleapley;https://www.nicoleleapleyfornh.com/about,,,,,,,,,,,
ocd-person/2fe799f4-a099-4667-ac0d-1bce40a08e3d,Paige Beauchemin,Democratic,Hillsborough 3,lower,Paige,Beauchemin,Female,paige.beauchemin@gc.nh.gov,,,,https://s3.amazonaws.com/ballotpedia-api4/files/thumbs/200/300/PaigeBeauchemin.jpg,https://gc.nh.gov/house/members/member.aspx?pid=11100;https://gencourt.state.nh.us/house/members/member.aspx?pid=11100;https://www.gencourt.state.nh.us/house/members/member.aspx?pid=11100,https://ballotpedia.org/Paige_Beauchemin;https://en.wikipedia.org/wiki/Paige_Beauchemin;https://gc.nh.gov/house/members/member.aspx?pid=11100;https://gencourt.state.nh.us/house/members/member.aspx?pid=11100;https://justfacts.votesmart.org/candidate/biography/212779/paige-beauchemin;https://www.gencourt.state.nh.us/house/members/member.aspx?pid=11100;https://www.linkedin.com/in/paigebeauchemin,,,,,,,,,,,
ocd-person/8efd1438-4fbb-4e6a-ab55-73222f232022,Pam Brown,Republican,Rockingham 14,lower,Pam,Brown,Female,pam.brown@gc.nh.gov,,,,https://s3.amazonaws.com/ballotpedia-api4/files/thumbs/200/300/Pam_Brown_20240830_101150.png,https://gc.nh.gov/house/members/member.aspx?pid=11407;https://gencourt.state.nh.us/house/members/member.aspx?pid=11407,https://ballotpedia.org/Pam_Brown_(New_Hampshire_House_Rockingham_14);https://en.wikipedia.org/wiki/Pam_Brown_(New_Hampshire_politician);https://gc.nh.gov/house/members/member.aspx?pid=11407;https://gencourt.state.nh.us/house/members/member.aspx?pid=11407,,,,,,,,,,,
ocd-person/e657ef2c-bfc3-4a08-99fe-4456be3bfe2a,Patricia Cornell,Democratic,Hillsborough 22,lower,Patricia,Cornell,Female,patricia.cornell@gc.nh.gov,,,,https://storage.googleapis.com/enview-dev-public-general/legislative-people-photos/49439.jpg,https://gc.nh.gov/house/members/member.aspx?member=377289;https://gencourt.state.nh.us/downloads/Members.txt;https://www.gencourt.state.nh.us/downloads/Members.txt;https://www.gencourt.state.nh.us/house/members/member.aspx?member=377289;https://www.gencourt.state.nh.us/house/members/member.aspx?pid=841,https://ballotpedia.org/Patricia_Cornell;https://en.wikipedia.org/wiki/Patricia_Cornell;https://gc.nh.gov/house/members/member.aspx?member=377289;https://gencourt.state.nh.us/downloads/Members.txt;https://gencourt.state.nh.us/downloads/members.txt;https://justfacts.votesmart.org/candidate/biography/154281/patricia-cornell;https://www.gencourt.state.nh.us/downloads/Members.txt;https://www.gencourt.state.nh.us/house/members/member.aspx?member=377289;https://www.gencourt.state.nh.us/house/members/member.aspx?pid=841;https://www.linkedin.com/in/patricia-cornell-77a2a416,,,,,,,,,,,
ocd-person/c480dbd4-efbc-4a6b-9fc2-37bef688e2de,Patrick Long,Democratic,Hillsborough 26,lower,Patrick,Long,Male,patrickn.long@gc.nh.gov,,,,"https://img1.wsimg.com/isteam/ip/d4fab62f-59ba-41d7-84ef-760321aeb31c/230305%20photo.jpg/:/cr=t:0%25,l:0%25,w:100%25,h:100%25/rs=w:1160,h:1163",https://gc.nh.gov/house/members/member.aspx?pid=11177;https://gencourt.state.nh.us/house/members/member.aspx?pid=11177,https://ballotpedia.org/Patrick_Long_(New_Hampshire_state_representative);https://en.wikipedia.org/wiki/Patrick_Long_(politician);https://gc.nh.gov/house/members/member.aspx?pid=11177;https://gencourt.state.nh.us/house/members/member.aspx?pid=11177;https://www.linkedin.com/in/patrick-long-b376847,,,,,,,,,,,
ocd-person/14d0ff58-3340-4344-bb79-c6acd5f8ba6c,Pat Long,Democratic,20,upper,Pat,Long,Male,pat.long@gc.nh.gov,,,,https://storage.googleapis.com/enview-dev-public-general/legislative-people-photos/50199.jpg,https://gc.nh.gov/senate/members/webpages/district20.aspx;https://gencourt.state.nh.us/downloads/Members.txt;https://gencourt.state.nh.us/senate/members/webpages/district20.aspx;https://www.gencourt.state.nh.us/downloads/Members.txt;https://www.gencourt.state.nh.us/house/members/member.aspx?member=376696;https://www.gencourt.state.nh.us/house/members/member.aspx?pid=540,https://ballotpedia.org/Patrick_Long;https://ballotpedia.org/Patrick_Long_(New_Hampshire_state_senator);https://gc.nh.gov/senate/members/webpages/district20.aspx;https://gencourt.state.nh.us/downloads/Members.txt;https://gencourt.state.nh.us/downloads/members.txt;https://gencourt.state.nh.us/senate/members/webpages/district20.aspx;https://justfacts.votesmart.org/candidate/biography/66257/patrick-long;https://www.gencourt.state.nh.us/downloads/Members.txt;https://www.gencourt.state.nh.us/house/members/member.aspx?member=376696;https://www.gencourt.state.nh.us/house/members/member.aspx?pid=540;https://www.linkedin.com/in/patrick-long-a47168149,,,,,,,,,,,
ocd-person/8488ba3a-e608-4f0d-9d7b-7e6e13244917,Paul Terry,Republican,Belknap 7,lower,Paul,Terry,Male,paul.terry@gc.nh.gov,,,,https://paulterryfornh.com/wp-content/uploads/2020/06/Paul8.jpg,https://gc.nh.gov/house/members/member.aspx?pid=9866;https://gencourt.state.nh.us/downloads/Members.txt;https://gencourt.state.nh.us/house/members/member.aspx?pid=9866;https://www.gencourt.state.nh.us/house/members/member.aspx?pid=9866,https://ballotpedia.org/Paul_Terry;https://en.wikipedia.org/wiki/Paul_Terry_(politician);https://gc.nh.gov/house/members/member.aspx?pid=9866;https://gencourt.state.nh.us/downloads/Members.txt;https://gencourt.state.nh.us/downloads/members.txt;https://gencourt.state.nh.us/house/members/member.aspx?pid=9866;https://justfacts.votesmart.org/candidate/biography/194687/paul-terry;https://www.gencourt.state.nh.us/house/members/member.aspx?pid=9866,,,,,,,,,,,
ocd-person/9a1db7df-83d0-4f2f-8c3c-7610f8012ce6,Paul Tudor,Republican,Rockingham 1,lower,Paul,Tudor,Male,paultudor.1strockingham@gmail.com,,,,https://static.votesmart.org/static/canphoto/195052.jpg,https://gc.nh.gov/house/members/member.aspx?pid=9930;https://gencourt.state.nh.us/downloads/Members.txt;https://gencourt.state.nh.us/house/members/member.aspx?pid=9930;https://www.gencourt.state.nh.us/house/members/member.aspx?pid=9930,https://ballotpedia.org/Paul_Tudor;https://en.wikipedia.org/wiki/Paul_Tudor;https://gc.nh.gov/house/members/member.aspx?pid=9930;https://gencourt.state.nh.us/downloads/Members.txt;https://gencourt.state.nh.us/downloads/members.txt;https://gencourt.state.nh.us/house/members/member.aspx?pid=9930;https://justfacts.votesmart.org/candidate/biography/195052/paul-tudor;https://www.gencourt.state.nh.us/house/members/member.aspx?pid=9930;https://www.linkedin.com/in/paul-tudor-b688a0a4,,,,,,,,,,,
ocd-person/b2021972-0991-4a95-a897-b7e992eac8dd,Paul Dargie,Democratic,Hillsborough 43,lower,Paul,Dargie,Male,paul.dargie@gc.nh.gov,,,,https://www.citizenscount.org/sites/default/files/styles/profile_140x176/public/candidate-images/PaulDargie.jpg?itok=ss_z_Alb,https://gc.nh.gov/house/members/member.aspx?pid=9097;https://gencourt.state.nh.us/house/members/member.aspx?pid=9097,https://ballotpedia.org/Paul_Dargie;https://en.wikipedia.org/wiki/Paul_Dargie;https://gc.nh.gov/house/members/member.aspx?pid=9097;https://gencourt.state.nh.us/house/members/member.aspx?pid=9097;https://justfacts.votesmart.org/candidate/biography/185565/paul-dargie;https://www.linkedin.com/in/paul-dargie-8a927b6,,,,,,,,,,,
ocd-person/f96a072d-9add-44b0-8028-0ec057f31f52,Paul Berch,Democratic,Cheshire 6,lower,Paul,Berch,Male,paul.berch@gc.nh.gov,,,,http://www.gencourt.state.nh.us/house/images/memberpics/377068.jpg,https://gc.nh.gov/house/members/member.aspx?pid=676;https://gencourt.state.nh.us/downloads/Members.txt;https://gencourt.state.nh.us/house/members/member.aspx?pid=676;https://www.gencourt.state.nh.us/downloads/Members.txt;https://www.gencourt.state.nh.us/house/members/member.aspx?member=377068,https://ballotpedia.org/Paul_Berch;https://en.wikipedia.org/wiki/Paul_Berch;https://gc.nh.gov/house/members/member.aspx?pid=676;https://gencourt.state.nh.us/downloads/Members.txt;https://gencourt.state.nh.us/downloads/members.txt;https://gencourt.state.nh.us/house/members/member.aspx?pid=676;https://justfacts.votesmart.org/candidate/biography/122291/paul-berch;https://www.gencourt.state.nh.us/downloads/Members.txt;https://www.gencourt.state.nh.us/house/members/member.aspx?member=377068,,,,,,,,,,,
ocd-person/3d7dffbf-59f3-4a2f-a29a-bcece98c17fb,Peggy Balboni,Democratic,Rockingham 38,lower,Peggy,Balboni,Female,peggy.balboni@gc.nh.gov,,,,https://storage.googleapis.com/enview-dev-public-general/legislative-people-photos/123163.jpg,https://gc.nh.gov/house/members/member.aspx?pid=10885;https://www.gencourt.state.nh.us/house/members/member.aspx?pid=10885,https://ballotpedia.org/Peggy_Balboni;https://en.wikipedia.org/wiki/Peggy_Balboni;https://gc.nh.gov/house/members/member.aspx?pid=10885;https://justfacts.votesmart.org/candidate/210283/peggy-balboni;https://www.gencourt.state.nh.us/house/members/member.aspx?pid=10885,,,,,,,,,,,
ocd-person/16654889-3b48-44d6-a6d3-8da5d7a434f1,Peter Schmidt,Democratic,Strafford 14,lower,Peter,Schmidt,Male,peterbarrettschmidt@gmail.com,,,,https://storage.googleapis.com/enview-dev-public-general/legislative-people-photos/45280.jpg,https://gc.nh.gov/house/members/member.aspx?member=376521;https://gencourt.state.nh.us/downloads/Members.txt;https://www.gencourt.state.nh.us/downloads/Members.txt;https://www.gencourt.state.nh.us/house/members/member.aspx?member=376521;https://www.gencourt.state.nh.us/house/members/member.aspx?pid=496,https://ballotpedia.org/Peter_Schmidt_(New_Hampshire);https://en.wikipedia.org/wiki/Peter_B._Schmidt;https://gc.nh.gov/house/members/member.aspx?member=376521;https://gencourt.state.nh.us/downloads/Members.txt;https://gencourt.state.nh.us/downloads/members.txt;https://justfacts.votesmart.org/candidate/42754/peter-schmidt;https://www.gencourt.state.nh.us/downloads/Members.txt;https://www.gencourt.state.nh.us/house/members/member.aspx?member=376521;https://www.gencourt.state.nh.us/house/members/member.aspx?pid=496,,,,,,,,,,,
ocd-person/af8ff7f6-ee61-492f-87cc-8fc69bee7886,Peter Lovett,Democratic,Grafton 8,lower,Peter,Lovett,Male,peter.lovett@gc.nh.gov,,,,https://s3.amazonaws.com/ballotpedia-api4/files/thumbs/200/300/PeterLovett.png,https://gc.nh.gov/house/members/member.aspx?pid=10766;https://www.gencourt.state.nh.us/house/members/member.aspx?pid=10766,https://ballotpedia.org/Peter_Lovett;https://en.wikipedia.org/wiki/Peter_Lovett;https://gc.nh.gov/house/members/member.aspx?pid=10766;https://justfacts.votesmart.org/candidate/biography/208683/peter-lovett;https://www.gencourt.state.nh.us/house/members/member.aspx?pid=10766,,,,,,,,,,,
ocd-person/e2026731-25f3-42b3-bd92-f6b3fc101f01,Peter Mehegan,Republican,Merrimack 12,lower,Peter,Mehegan,Male,peter.mehegan@gc.nh.gov,,,,https://assets.civicengine.com/uploads/candidate/headshot/830128/830128.jpg,https://gc.nh.gov/house/members/member.aspx?pid=11382;https://gencourt.state.nh.us/house/members/member.aspx?pid=11382,https://ballotpedia.org/Peter_Mehegan;https://en.wikipedia.org/wiki/Peter_Mehegan;https://gc.nh.gov/house/members/member.aspx?pid=11382;https://gencourt.state.nh.us/house/members/member.aspx?pid=11382;https://justfacts.votesmart.org/candidate/biography/219143/peter-mehegan,,,,,,,,,,,
ocd-person/622ea33c-23b7-4074-9ed6-75d2086677e8,Pete Morency,Republican,Coos 5,lower,Pete,Morency,Male,peter.morency@gc.nh.gov,,,,https://bloximages.newyork1.vip.townnews.com/conwaydailysun.com/content/tncms/assets/v3/editorial/6/46/6467e002-7331-11ec-9cc3-9f90488fe870/61de0acc9a4e0.image.jpg?resize=400%2C308,https://gc.nh.gov/house/members/member.aspx?pid=8401;https://gencourt.state.nh.us/house/members/member.aspx?pid=8401,https://ballotpedia.org/Peter_Morency;https://en.wikipedia.org/wiki/Pete_Morency;https://gc.nh.gov/house/members/member.aspx?pid=8401;https://gencourt.state.nh.us/house/members/member.aspx?pid=8401;https://justfacts.votesmart.org/candidate/biography/218888/peter-morency,,,,,,,,,,,
ocd-person/1bf3d6c4-3325-4571-b2f7-6a28422dada6,Peter Petrigno,Democratic,Hillsborough 43,lower,Peter,Petrigno,Male,peter.petrigno@gc.nh.gov,,1954-01-07,,https://storage.googleapis.com/enview-dev-public-general/legislative-people-photos/73162.jpg,https://gc.nh.gov/house/members/member.aspx?pid=9099;https://gencourt.state.nh.us/downloads/Members.txt;https://gencourt.state.nh.us/house/members/member.aspx?pid=9099;https://www.gencourt.state.nh.us/downloads/Members.txt;https://www.gencourt.state.nh.us/house/members/member.aspx?pid=9099,https://ballotpedia.org/Peter_Petrigno;https://en.wikipedia.org/wiki/Peter_Petrigno;https://gc.nh.gov/house/members/member.aspx?pid=9099;https://gencourt.state.nh.us/downloads/Members.txt;https://gencourt.state.nh.us/downloads/members.txt;https://gencourt.state.nh.us/house/members/member.aspx?pid=9099;https://justfacts.votesmart.org/candidate/185567/peter-petrigno;https://www.gencourt.state.nh.us/downloads/Members.txt;https://www.gencourt.state.nh.us/house/members/member.aspx?member=408958;https://www.gencourt.state.nh.us/house/members/member.aspx?pid=9099;https://www.linkedin.com/in/peter-petrigno-040759139,,,,,,,,,,,
ocd-person/86708f42-531f-4e57-a6b1-f5b11ff9389c,Peter Leishman,Democratic,Hillsborough 33,lower,Peter,Leishman,Male,prleishman@aol.com,,1951-10-03,,https://storage.googleapis.com/enview-dev-public-general/legislative-people-photos/50207.jpg,https://gc.nh.gov/house/members/member.aspx?member=376139;https://gencourt.state.nh.us/downloads/Members.txt;https://www.gencourt.state.nh.us/downloads/Members.txt;https://www.gencourt.state.nh.us/house/members/member.aspx?member=376139;https://www.gencourt.state.nh.us/house/members/member.aspx?pid=450,https://ballotpedia.org/Peter_Leishman;https://en.wikipedia.org/wiki/Peter_Leishman;https://gc.nh.gov/house/members/member.aspx?member=376139;https://gencourt.state.nh.us/downloads/Members.txt;https://gencourt.state.nh.us/downloads/members.txt;https://justfacts.votesmart.org/candidate/14252/peter-leishman;https://www.gencourt.state.nh.us/downloads/Members.txt;https://www.gencourt.state.nh.us/house/members/member.aspx?member=376139;https://www.gencourt.state.nh.us/house/members/member.aspx?pid=450;https://www.linkedin.com/in/peter-leishman-a0504219,,,,,,,,,,,
ocd-person/b4735fd9-309f-40b0-a554-c646dde34fc1,Peter Varney,Republican,Belknap 7,lower,Peter,Varney,Male,pvarney@atsnh.com,,,,https://storage.googleapis.com/enview-dev-public-general/legislative-people-photos/49813.jpg,https://gc.nh.gov/house/members/member.aspx?member=377271;https://gencourt.state.nh.us/downloads/Members.txt;https://www.gencourt.state.nh.us/downloads/Members.txt;https://www.gencourt.state.nh.us/house/members/member.aspx?member=377271;https://www.gencourt.state.nh.us/house/members/member.aspx?pid=814,https://ballotpedia.org/Peter_Varney;https://en.wikipedia.org/wiki/Peter_Varney_(politician);https://gc.nh.gov/house/members/member.aspx?member=377271;https://gencourt.state.nh.us/downloads/Members.txt;https://gencourt.state.nh.us/downloads/members.txt;https://www.gencourt.state.nh.us/downloads/Members.txt;https://www.gencourt.state.nh.us/house/members/member.aspx?member=377271;https://www.gencourt.state.nh.us/house/members/member.aspx?pid=814;https://www.linkedin.com/in/peter-varney-b8248774,,,,,,,,,,,
ocd-person/2c42e95c-0192-4910-9fc6-8a43b58c6467,Peter Bixby,Democratic,Strafford 13,lower,Peter,Bixby,Male,peter.bixby@gc.nh.gov,,,,https://storage.googleapis.com/enview-dev-public-general/legislative-people-photos/45125.jpg,https://gc.nh.gov/house/members/member.aspx?member=377070;https://gencourt.state.nh.us/downloads/Members.txt;https://www.gencourt.state.nh.us/downloads/Members.txt;https://www.gencourt.state.nh.us/house/members/member.aspx?member=377070;https://www.gencourt.state.nh.us/house/members/member.aspx?pid=678,https://ballotpedia.org/Peter_Bixby;https://en.wikipedia.org/wiki/Peter_Bixby;https://gc.nh.gov/house/members/member.aspx?member=377070;https://gencourt.state.nh.us/downloads/Members.txt;https://gencourt.state.nh.us/downloads/members.txt;https://justfacts.votesmart.org/candidate/biography/141796/peter-bixby;https://www.gencourt.state.nh.us/downloads/Members.txt;https://www.gencourt.state.nh.us/house/members/member.aspx?member=377070;https://www.gencourt.state.nh.us/house/members/member.aspx?pid=678,,,,,,,,,,,
ocd-person/09cfaba9-f3ee-41d6-8cf7-0c93613109cd,Philip Jones,Democratic,Cheshire 3,lower,Philip,Jones,Male,philip.jones@gc.nh.gov,,,,https://bloximages.chicago2.vip.townnews.com/sentinelsource.com/content/tncms/assets/v3/editorial/c/45/c457ee2b-e565-5b59-b3ae-0c2e9b900599/6352dd6e9dda8.image.jpg,https://gc.nh.gov/house/members/member.aspx?pid=10749;https://www.gencourt.state.nh.us/house/members/member.aspx?pid=10749,https://ballotpedia.org/Philip_Jones_(New_Hampshire);https://gc.nh.gov/house/members/member.aspx?pid=10749;https://www.gencourt.state.nh.us/house/members/member.aspx?pid=10749,,,,,,,,,,,
ocd-person/19404ada-b556-4609-9814-f19db9c0a0ad,Phyllis Katsakiores,Republican,Rockingham 13,lower,Phyllis,Katsakiores,Female,pkatsakiores@comcast.net,,1934-09-22,,https://storage.googleapis.com/enview-dev-public-general/legislative-people-photos/50340.jpg,https://gc.nh.gov/house/members/member.aspx?member=332247;https://gencourt.state.nh.us/downloads/Members.txt;https://www.gencourt.state.nh.us/downloads/Members.txt;https://www.gencourt.state.nh.us/house/members/member.aspx?member=332247;https://www.gencourt.state.nh.us/house/members/member.aspx?pid=960,https://ballotpedia.org/Phyllis_Katsakiores;https://en.wikipedia.org/wiki/Phyllis_Katsakiores;https://gc.nh.gov/house/members/member.aspx?member=332247;https://gencourt.state.nh.us/downloads/Members.txt;https://gencourt.state.nh.us/downloads/members.txt;https://justfacts.votesmart.org/candidate/biography/8198/phyllis-katsakiores;https://www.gencourt.state.nh.us/downloads/Members.txt;https://www.gencourt.state.nh.us/house/members/member.aspx?member=332247;https://www.gencourt.state.nh.us/house/members/member.aspx?pid=960;https://www.linkedin.com/in/phyllis-katsakiores-155b6336,,,,,,,,,,,
ocd-person/040f626d-c4bc-4c7b-a99a-1fcc5df165d9,Pierre DuPont,Republican,Hillsborough 20,lower,Pierre,DuPont,Male,pierre.dupont@gc.nh.gov,,,,https://www.manchestergop.com/wp-content/uploads/2024/07/Pierre_Dupont.png,https://gc.nh.gov/house/members/member.aspx?pid=10644;https://gencourt.state.nh.us/house/members/member.aspx?pid=10644,https://ballotpedia.org/Pierre_Dupont;https://en.wikipedia.org/wiki/Pierre_Dupont_(New_Hampshire_politician);https://gc.nh.gov/house/members/member.aspx?pid=10644;https://gencourt.state.nh.us/house/members/member.aspx?pid=10644;https://justfacts.votesmart.org/candidate/209036/pierre-dupont;https://www.linkedin.com/in/pierre-dupont-12b7959,,,,,,,,,,,
ocd-person/ac6ce16b-a462-4727-8e4b-724c7c19e58c,Ralph Boehm,Republican,Hillsborough 38,lower,Ralph,Boehm,Male,rgboehm@comcast.net,,,,https://storage.googleapis.com/enview-dev-public-general/legislative-people-photos/54027.jpg,https://gc.nh.gov/house/members/member.aspx?pid=502;https://gencourt.state.nh.us/downloads/Members.txt;https://gencourt.state.nh.us/house/members/member.aspx?pid=502;https://www.gencourt.state.nh.us/downloads/Members.txt;https://www.gencourt.state.nh.us/house/members/member.aspx?member=376553;https://www.gencourt.state.nh.us/house/members/member.aspx?pid=502,https://ballotpedia.org/Ralph_Boehm;https://en.wikipedia.org/wiki/Ralph_Boehm;https://gc.nh.gov/house/members/member.aspx?pid=502;https://gencourt.state.nh.us/downloads/Members.txt;https://gencourt.state.nh.us/downloads/members.txt;https://gencourt.state.nh.us/house/members/member.aspx?pid=502;https://justfacts.votesmart.org/candidate/biography/42443/ralph-boehm;https://www.gencourt.state.nh.us/downloads/Members.txt;https://www.gencourt.state.nh.us/house/members/member.aspx?member=376553;https://www.gencourt.state.nh.us/house/members/member.aspx?pid=502,,,,,,,,,,,
ocd-person/f68b34d8-19af-449e-a4cc-3d2729bb9e23,Ray Newman,Democratic,Hillsborough 4,lower,Ray,Newman,Male,ray.newman@gc.nh.gov,,,,https://www.citizenscount.org/sites/default/files/styles/candidate_detail_page_-_thumb/public/candidate-images/raynewman.jpg?itok=fz_-ogHQ,https://gc.nh.gov/house/members/member.aspx?pid=9107;https://gencourt.state.nh.us/downloads/Members.txt;https://gencourt.state.nh.us/house/members/member.aspx?pid=9107;https://www.gencourt.state.nh.us/downloads/Members.txt;https://www.gencourt.state.nh.us/house/members/member.aspx?pid=9107,https://ballotpedia.org/Ray_Newman;https://en.wikipedia.org/wiki/Ray_Newman_(politician);https://gc.nh.gov/house/members/member.aspx?pid=9107;https://gencourt.state.nh.us/downloads/Members.txt;https://gencourt.state.nh.us/downloads/members.txt;https://gencourt.state.nh.us/house/members/member.aspx?pid=9107;https://justfacts.votesmart.org/candidate/biography/185367/ray-newman;https://www.gencourt.state.nh.us/downloads/Members.txt;https://www.gencourt.state.nh.us/house/members/member.aspx?member=408871;https://www.gencourt.state.nh.us/house/members/member.aspx?pid=9107;https://www.linkedin.com/in/ray-newman-81293564,,,,,,,,,,,
ocd-person/c67b2f9d-8f52-4ce4-b613-781763f0bfe4,Ray Peeples,Republican,Hillsborough 14,lower,Ray,Peeples,Male,raymond.peeples@gc.nh.gov,,1956-04-25,,https://s3.amazonaws.com/ballotpedia-api4/files/thumbs/200/300/RayPeeples2024.jpg,https://gc.nh.gov/house/members/member.aspx?pid=11350;https://gencourt.state.nh.us/house/members/member.aspx?pid=11350,https://ballotpedia.org/Ray_Peeples;https://en.wikipedia.org/wiki/Raymond_Peeples;https://gc.nh.gov/house/members/member.aspx?pid=11350;https://gencourt.state.nh.us/house/members/member.aspx?pid=11350;https://justfacts.votesmart.org/candidate/219849/raymond-peeples;https://www.linkedin.com/in/raymond-peeples-603,,,,,,,,,,,
ocd-person/81c0f95e-01e6-492f-9d68-42396dc3a9a0,Ray Plante,Republican,Merrimack 27,lower,Ray,Plante,Male,ray.plante@gc.nh.gov,,,,https://s3.amazonaws.com/ballotpedia-api4/files/thumbs/200/300/RaymondPlante.jpeg,https://gc.nh.gov/house/members/member.aspx?pid=10121;https://gencourt.state.nh.us/house/members/member.aspx?pid=10121,https://ballotpedia.org/Ray_Plante;https://en.wikipedia.org/wiki/Ray_Plante;https://gc.nh.gov/house/members/member.aspx?pid=10121;https://gencourt.state.nh.us/house/members/member.aspx?pid=10121;https://justfacts.votesmart.org/candidate/biography/194989/raymond-plante;https://www.linkedin.com/in/rayplantenh,,,,,,,,,,,
ocd-person/c20b7693-7f2c-4646-af7f-d57518edd1a4,Rebecca Perkins Kwoka,Democratic,21,upper,Rebecca,Perkins Kwoka,Female,rebecca.perkinskwoka@gc.nh.gov,,,,https://storage.googleapis.com/enview-dev-public-general/legislative-people-photos/93795.jpg,https://gc.nh.gov/Senate/members/webpages/district21.aspx;https://gencourt.state.nh.us/downloads/Members.txt;https://gencourt.state.nh.us/Senate/members/webpages/district21.aspx;https://www.gencourt.state.nh.us/Senate/members/webpages/district21.aspx,https://ballotpedia.org/Rebecca_Perkins_Kwoka;https://en.wikipedia.org/wiki/Rebecca_Perkins_Kwoka;https://gc.nh.gov/Senate/members/webpages/district21.aspx;https://gencourt.state.nh.us/downloads/Members.txt;https://gencourt.state.nh.us/downloads/members.txt;https://gencourt.state.nh.us/Senate/members/webpages/district21.aspx;https://www.gencourt.state.nh.us/Senate/members/webpages/district21.aspx;https://www.linkedin.com/in/rebecca-perkins-kwoka-92457b5,,,,,,,,,,,
ocd-person/461c9024-c8c3-44a5-91d6-015a6587db5f,Regina Birdsell,Republican,19,upper,Regina,Birdsell,Female,regina.birdsell@gc.nh.gov,,1956-03-04,,https://storage.googleapis.com/enview-dev-public-general/legislative-people-photos/50497.jpg,https://gc.nh.gov/senate/members/webpages/district19.aspx;https://gencourt.state.nh.us/downloads/Members.txt;https://gencourt.state.nh.us/senate/members/webpages/district19.aspx;https://www.gencourt.state.nh.us/downloads/Members.txt;https://www.gencourt.state.nh.us/Senate/members/webpages/district19.aspx,https://ballotpedia.org/Regina_Birdsell;https://en.wikipedia.org/wiki/Regina_Birdsell;https://gc.nh.gov/senate/members/webpages/district19.aspx;https://gencourt.state.nh.us/downloads/Members.txt;https://gencourt.state.nh.us/downloads/members.txt;https://gencourt.state.nh.us/senate/members/webpages/district19.aspx;https://www.gencourt.state.nh.us/downloads/Members.txt;https://www.gencourt.state.nh.us/Senate/members/webpages/district19.aspx;https://www.linkedin.com/in/regina-birdsell-0520801,,,,,,,,,,,
ocd-person/f34606de-25d3-4e18-991e-b21727563eb6,Riché Colcombe,Republican,Hillsborough 30,lower,Riché,Colcombe,Female,riche.colcombe@gc.nh.gov,,,,https://s3.amazonaws.com/ballotpedia-api4/files/thumbs/200/300/richecolcombe2.jpg,https://gc.nh.gov/house/members/member.aspx?pid=10099;https://www.gencourt.state.nh.us/house/members/member.aspx?pid=10099,https://ballotpedia.org/Riche_Colcombe;https://en.wikipedia.org/wiki/Rich%C3%A9_Colcombe;https://gc.nh.gov/house/members/member.aspx?pid=10099;https://justfacts.votesmart.org/candidate/194734/riche-colcombe;https://www.gencourt.state.nh.us/house/members/member.aspx?pid=10099;https://www.linkedin.com/in/rich%C3%A9-colcombe-24993b51;https://www.linkedin.com/in/riche-colcombe-a1aa64368,,,,,,,,,,,
ocd-person/34a4f745-0a57-454d-acc0-598c6fcc35ce,Rich Nalevanko,Republican,Cheshire 9,lower,Rich,Nalevanko,Male,rich.nalevanko@gc.nh.gov,,,,https://www.citizenscount.org/sites/default/files/styles/profile_140x176/public/2024-08/richard-nalevanko.jpg?itok=_iuss5l1,https://gc.nh.gov/house/members/member.aspx?pid=10030;https://gencourt.state.nh.us/house/members/member.aspx?pid=10030,https://ballotpedia.org/Richard_Nalevanko;https://gc.nh.gov/house/members/member.aspx?pid=10030;https://gencourt.state.nh.us/house/members/member.aspx?pid=10030;https://justfacts.votesmart.org/candidate/122301/richard-nalevanko,,,,,,,,,,,
ocd-person/47c165c7-ecd9-4b88-b9f7-2e58e8e290d4,Dick Ames,Democratic,Cheshire 13,lower,Dick,Ames,Male,amesinjaffrey@gmail.com,,,,https://storage.googleapis.com/enview-dev-public-general/legislative-people-photos/49436.jpg,https://gc.nh.gov/house/members/member.aspx?member=377061;https://gencourt.state.nh.us/downloads/Members.txt;https://www.gencourt.state.nh.us/downloads/Members.txt;https://www.gencourt.state.nh.us/house/members/member.aspx?member=377061;https://www.gencourt.state.nh.us/house/members/member.aspx?pid=669,https://ballotpedia.org/Richard_Ames_(New_Hampshire);https://en.wikipedia.org/wiki/Richard_Ames_(New_Hampshire_politician);https://gc.nh.gov/house/members/member.aspx?member=377061;https://gencourt.state.nh.us/downloads/Members.txt;https://gencourt.state.nh.us/downloads/members.txt;https://justfacts.votesmart.org/candidate/biography/126847/richard-ames;https://www.gencourt.state.nh.us/downloads/Members.txt;https://www.gencourt.state.nh.us/house/members/member.aspx?member=377061;https://www.gencourt.state.nh.us/house/members/member.aspx?pid=669,,,,,,,,,,,
ocd-person/c715d154-3822-42b6-ab75-73181ac7be0a,Richard Tripp,Republican,Rockingham 13,lower,Richard,Tripp,Male,richard.tripp@gc.nh.gov,,,,https://storage.googleapis.com/enview-dev-public-general/legislative-people-photos/59231.jpg,https://gc.nh.gov/house/members/member.aspx?pid=8408;https://gencourt.state.nh.us/downloads/Members.txt;https://gencourt.state.nh.us/house/members/member.aspx?pid=8408;https://www.gencourt.state.nh.us/downloads/Members.txt;https://www.gencourt.state.nh.us/house/members/member.aspx?pid=8408,https://ballotpedia.org/Richard_Tripp;https://en.wikipedia.org/wiki/Richard_Tripp;https://gc.nh.gov/house/members/member.aspx?pid=8408;https://gencourt.state.nh.us/downloads/Members.txt;https://gencourt.state.nh.us/downloads/members.txt;https://gencourt.state.nh.us/house/members/member.aspx?pid=8408;https://justfacts.votesmart.org/candidate/160456/richard-tripp;https://www.gencourt.state.nh.us/downloads/Members.txt;https://www.gencourt.state.nh.us/house/members/member.aspx?member=408408;https://www.gencourt.state.nh.us/house/members/member.aspx?pid=8408;https://www.linkedin.com/in/richard-tripp-work-8a314934,,,,,,,,,,,
ocd-person/d08d07c4-6aa0-4ce4-a940-924ab72e216f,Richard Brown,Republican,Carroll 8,lower,Richard,Brown,Male,richard.brown@gc.nh.gov,,,,https://www.citizenscount.org/sites/default/files/styles/profile_140x176/public/2022-08/richard-brown.jpg,https://gc.nh.gov/house/members/member.aspx?pid=10577;https://gencourt.state.nh.us/house/members/member.aspx?pid=10577;https://www.gencourt.state.nh.us/house/members/member.aspx?pid=10577,https://ballotpedia.org/Richard_Brown_(New_Hampshire);https://gc.nh.gov/house/members/member.aspx?pid=10577;https://gencourt.state.nh.us/house/members/member.aspx?pid=10577;https://www.gencourt.state.nh.us/house/members/member.aspx?pid=10577;https://www.linkedin.com/in/richard-r-brown-leed-ap-18156318,,,,,,,,,,,
ocd-person/c11f9fad-128e-455e-896e-2e880b6cc29e,Rich Lascelles,Republican,Hillsborough 14,lower,Rich,Lascelles,Male,richard.lascelles@gc.nh.gov,,,,https://storage.googleapis.com/enview-dev-public-general/legislative-people-photos/59187.jpg,https://gc.nh.gov/house/members/member.aspx?member=408331;https://gencourt.state.nh.us/downloads/Members.txt;https://gencourt.state.nh.us/house/members/member.aspx?member=408331;https://www.gencourt.state.nh.us/downloads/Members.txt;https://www.gencourt.state.nh.us/house/members/member.aspx?pid=8331,https://ballotpedia.org/Richard_W._Lascelles;https://en.wikipedia.org/wiki/Richard_Lascelles;https://gc.nh.gov/house/members/member.aspx?member=408331;https://gencourt.state.nh.us/downloads/Members.txt;https://gencourt.state.nh.us/downloads/members.txt;https://gencourt.state.nh.us/house/members/member.aspx?member=408331;https://justfacts.votesmart.org/candidate/172445/rich-lascelles;https://www.gencourt.state.nh.us/downloads/Members.txt;https://www.gencourt.state.nh.us/house/members/member.aspx?member=408331;https://www.gencourt.state.nh.us/house/members/member.aspx?pid=8331;https://www.linkedin.com/in/rich-lascelles-54a25518,,,,,,,,,,,
ocd-person/1bd6c569-f2dd-4670-bf82-ef3ea4b15960,Rick Ladd,Republican,Grafton 5,lower,Rick,Ladd,Male,rick.ladd@gc.nh.gov,,,,https://storage.googleapis.com/enview-dev-public-general/legislative-people-photos/21887.jpg,https://gc.nh.gov/house/members/member.aspx?pid=582;https://gencourt.state.nh.us/downloads/Members.txt;https://gencourt.state.nh.us/house/members/member.aspx?pid=582;https://www.gencourt.state.nh.us/downloads/Members.txt;https://www.gencourt.state.nh.us/house/members/member.aspx?pid=582,https://ballotpedia.org/Rick_Ladd;https://gc.nh.gov/house/members/member.aspx?pid=582;https://gencourt.state.nh.us/downloads/Members.txt;https://gencourt.state.nh.us/downloads/members.txt;https://gencourt.state.nh.us/house/members/member.aspx?pid=582;https://www.gencourt.state.nh.us/downloads/Members.txt;https://www.gencourt.state.nh.us/house/members/member.aspx?member=376832;https://www.gencourt.state.nh.us/house/members/member.aspx?pid=582;https://www.linkedin.com/in/rick-ladd-2a753b40,,,,,,,,,,,
ocd-person/3ce1bede-22ef-4c98-b958-1bca45624608,Rick Devoid,Republican,Merrimack 1,lower,Rick,Devoid,Male,rick.devoid@gc.nh.gov,,,,https://s3.amazonaws.com/ballotpedia-api4/files/thumbs/200/300/RickyDevoid2024.jpeg,https://gc.nh.gov/house/members/member.aspx?pid=10669;https://gencourt.state.nh.us/house/members/member.aspx?pid=10669,https://ballotpedia.org/Ricky_Devoid;https://en.wikipedia.org/wiki/Ricky_Devoid;https://gc.nh.gov/house/members/member.aspx?pid=10669;https://gencourt.state.nh.us/house/members/member.aspx?pid=10669;https://justfacts.votesmart.org/candidate/209170/ricky-devoid;https://www.linkedin.com/in/rick-devoid-0a3b9735,,,,,,,,,,,
ocd-person/6554d13d-8086-437d-8b44-e5a164b34933,Rita Mattson,Republican,Cheshire 18,lower,Rita,Mattson,Female,rita.mattson@gc.nh.gov,,,,https://www.citizenscount.org/sites/default/files/styles/profile_140x176/public/2024-10/Rita-Mattson.jpg?itok=yh9OW9aS,https://gc.nh.gov/house/members/member.aspx?pid=10034;https://gencourt.state.nh.us/house/members/member.aspx?pid=10034,https://ballotpedia.org/Rita_Mattson;https://en.wikipedia.org/wiki/Rita_Mattson;https://gc.nh.gov/house/members/member.aspx?pid=10034;https://gencourt.state.nh.us/house/members/member.aspx?pid=10034;https://justfacts.votesmart.org/candidate/biography/194720/rita-mattson,,,,,,,,,,,
ocd-person/c62fca24-e8c3-4f87-95dd-cb52a3d58c05,Bob Harb,Republican,Rockingham 20,lower,Bob,Harb,Male,robert.harb@gc.nh.gov,,,,https://storage.googleapis.com/enview-dev-public-general/legislative-people-photos/76012.jpg,https://gc.nh.gov/house/members/member.aspx?pid=9293;https://gencourt.state.nh.us/downloads/Members.txt;https://gencourt.state.nh.us/house/members/member.aspx?pid=9293;https://www.gencourt.state.nh.us/downloads/Members.txt;https://www.gencourt.state.nh.us/house/members/member.aspx?pid=9293,https://ballotpedia.org/Robert_Harb;https://en.wikipedia.org/wiki/Robert_Harb;https://gc.nh.gov/house/members/member.aspx?pid=9293;https://gencourt.state.nh.us/downloads/Members.txt;https://gencourt.state.nh.us/downloads/members.txt;https://gencourt.state.nh.us/house/members/member.aspx?pid=9293;https://justfacts.votesmart.org/candidate/biography/185513/robert-harb;https://www.gencourt.state.nh.us/downloads/Members.txt;https://www.gencourt.state.nh.us/house/members/member.aspx?member=408914;https://www.gencourt.state.nh.us/house/members/member.aspx?pid=9293;https://www.linkedin.com/in/bob-harb-b9a8b615,,,,,,,,,,,
ocd-person/e7f37a7a-0f05-4fd3-944d-be2c41cc200b,Robert Wherry,Republican,Hillsborough 13,lower,Robert,Wherry,Male,robert.wherry@gc.nh.gov,,,,https://storage.googleapis.com/enview-dev-public-general/legislative-people-photos/123403.jpg,https://gc.nh.gov/house/members/member.aspx?pid=10641;https://www.gencourt.state.nh.us/house/members/member.aspx?pid=10641,https://ballotpedia.org/Robert_Wherry_(New_Hampshire);https://en.wikipedia.org/wiki/Robert_Wherry_(politician);https://gc.nh.gov/house/members/member.aspx?pid=10641;https://justfacts.votesmart.org/candidate/209034/robert-wherry;https://www.gencourt.state.nh.us/house/members/member.aspx?pid=10641;https://www.linkedin.com/in/bobwherry,,,,,,,,,,,
ocd-person/225fd1a2-5691-411a-b0ba-48c1943a139b,Robley Hall,Republican,Strafford 1,lower,Robley,Hall,Male,robley.hall@gc.nh.gov,,,,https://s3.amazonaws.com/ballotpedia-api4/files/thumbs/200/300/Robley_Hall_2025.jpg,https://gc.nh.gov/house/members/member.aspx?pid=11423;https://gencourt.state.nh.us/house/members/member.aspx?pid=11423,https://ballotpedia.org/Robley_Hall;https://en.wikipedia.org/wiki/Robley_Hall;https://gc.nh.gov/house/members/member.aspx?pid=11423;https://gencourt.state.nh.us/house/members/member.aspx?pid=11423;https://justfacts.votesmart.org/candidate/110845/robley-hall,,,,,,,,,,,
ocd-person/e0b29cba-9dd9-4e90-889c-e5eaea7d174c,Ron Dunn,Republican,Rockingham 16,lower,Ron,Dunn,Male,ron.dunn@gc.nh.gov,,,,https://www.voterondunn.com/images/109810/Ron_Dunn.png,https://gc.nh.gov/house/members/member.aspx?pid=10693;https://www.gencourt.state.nh.us/house/members/member.aspx?pid=10693,https://ballotpedia.org/Ron_Dunn;https://en.wikipedia.org/wiki/Ron_Dunn_(politician);https://gc.nh.gov/house/members/member.aspx?pid=10693;https://justfacts.votesmart.org/candidate/209216/ron-dunn;https://www.gencourt.state.nh.us/house/members/member.aspx?pid=10693;https://www.linkedin.com/in/ron-dunn-05b13b8;https://www.voterondunn.com/meet_ron,,,,,,,,,,,
ocd-person/1a5923c6-3e1f-4ebe-8739-17c9e9642403,Rosemarie Rung,Democratic,Hillsborough 12,lower,Rosemarie,Rung,Female,rosemarie.rung@gc.nh.gov,,,,https://www.insidesources.com/wp-content/uploads/2020/06/rung-300x300.jpg,https://gc.nh.gov/house/members/member.aspx?pid=9090;https://gencourt.state.nh.us/downloads/Members.txt;https://gencourt.state.nh.us/house/members/member.aspx?pid=9090;https://rosemarierung.com/;https://www.gencourt.state.nh.us/downloads/Members.txt;https://www.gencourt.state.nh.us/house/members/member.aspx?pid=9090,https://ballotpedia.org/Rosemarie_Rung;https://en.wikipedia.org/wiki/Rosemarie_Rung;https://gc.nh.gov/house/members/member.aspx?pid=9090;https://gencourt.state.nh.us/downloads/Members.txt;https://gencourt.state.nh.us/downloads/members.txt;https://gencourt.state.nh.us/house/members/member.aspx?pid=9090;https://justfacts.votesmart.org/candidate/biography/185559/rosemarie-rung;https://rosemarierung.com;https://rosemarierung.com/about;https://www.gencourt.state.nh.us/downloads/Members.txt;https://www.gencourt.state.nh.us/house/members/member.aspx?member=408862;https://www.gencourt.state.nh.us/house/members/member.aspx?pid=9090;https://www.linkedin.com/in/rosemarie-rung-apr-4759842,,,,,,,,,,,
ocd-person/1b016eb0-b4c0-4929-b957-ef9de5b46031,Ross Berry,Republican,Hillsborough 44,lower,Ross,Berry,Male,ross.berry@gc.nh.gov,,1989-12-16,,https://storage.googleapis.com/enview-dev-public-general/legislative-people-photos/93938.jpg,https://gc.nh.gov/house/members/member.aspx?pid=9919;https://gencourt.state.nh.us/downloads/Members.txt;https://gencourt.state.nh.us/house/members/member.aspx?pid=9919;https://www.gencourt.state.nh.us/house/members/member.aspx?pid=9919,https://ballotpedia.org/Ross_Berry;https://en.wikipedia.org/wiki/Ross_Berry;https://gc.nh.gov/house/members/member.aspx?pid=9919;https://gencourt.state.nh.us/downloads/Members.txt;https://gencourt.state.nh.us/downloads/members.txt;https://gencourt.state.nh.us/house/members/member.aspx?pid=9919;https://justfacts.votesmart.org/candidate/194740/ross-berry;https://www.gencourt.state.nh.us/house/members/member.aspx?pid=9919;https://www.linkedin.com/in/rossberry,,,,,,,,,,,
ocd-person/9aae937c-2a6d-4654-a18e-d76e1b379e51,Russ Dumais,Republican,Belknap 6,lower,Russ,Dumais,Male,russell.dumais@gc.nh.gov,,,,https://bloximages.newyork1.vip.townnews.com/laconiadailysun.com/content/tncms/assets/v3/editorial/3/33/3330e0b6-5949-11ed-9877-0b2d40bf1fa8/636012e676cdb.image.jpg,https://gc.nh.gov/house/members/member.aspx?member=377221;https://www.gencourt.state.nh.us/house/members/member.aspx?member=377221;https://www.gencourt.state.nh.us/house/members/member.aspx?pid=807,https://ballotpedia.org/Russell_Dumais;https://en.wikipedia.org/wiki/Russell_Dumais;https://gc.nh.gov/house/members/member.aspx?member=377221;https://justfacts.votesmart.org/candidate/biography/154398/russell-dumais;https://www.gencourt.state.nh.us/house/members/member.aspx?member=377221;https://www.gencourt.state.nh.us/house/members/member.aspx?pid=807,,,,,,,,,,,
ocd-person/33c30ffc-2203-48fc-9161-e14946abce23,Russ Muirhead,Democratic,Grafton 12,lower,Russ,Muirhead,Male,russell.muirhead@gc.nh.gov,,,,https://snworksceo.imgix.net/drt/1ca40038-9f0d-422c-b469-afddf7607f69.sized-1000x1000.jpg?dpr=2,https://gc.nh.gov/house/members/member.aspx?pid=9890;https://gencourt.state.nh.us/downloads/Members.txt;https://gencourt.state.nh.us/house/members/member.aspx?pid=9890;https://www.gencourt.state.nh.us/house/members/member.aspx?pid=9890,https://ballotpedia.org/Russell_Muirhead;https://en.wikipedia.org/wiki/Russell_Muirhead;https://gc.nh.gov/house/members/member.aspx?pid=9890;https://gencourt.state.nh.us/downloads/Members.txt;https://gencourt.state.nh.us/downloads/members.txt;https://gencourt.state.nh.us/house/members/member.aspx?pid=9890;https://justfacts.votesmart.org/candidate/biography/194877/russell-muirhead;https://www.gencourt.state.nh.us/house/members/member.aspx?pid=9890;https://www.linkedin.com/in/russell-muirhead-292b491a,,,,,,,,,,,
ocd-person/9089a509-1f26-4770-adc6-199ed716e692,Ruth Ward,Republican,8,upper,Ruth,Ward,Female,ruth.ward@gc.nh.gov,,1936-11-19,,https://storage.googleapis.com/enview-dev-public-general/legislative-people-photos/59194.jpg,https://gc.nh.gov/Senate/members/webpages/district08.aspx;https://gencourt.state.nh.us/downloads/Members.txt;https://gencourt.state.nh.us/Senate/members/webpages/district08.aspx;https://www.gencourt.state.nh.us/downloads/Members.txt;https://www.gencourt.state.nh.us/Senate/members/webpages/district08.aspx,https://ballotpedia.org/Ruth_Ward;https://en.wikipedia.org/wiki/Ruth_Ward;https://gc.nh.gov/Senate/members/webpages/district08.aspx;https://gencourt.state.nh.us/downloads/Members.txt;https://gencourt.state.nh.us/downloads/members.txt;https://gencourt.state.nh.us/Senate/members/webpages/district08.aspx;https://www.gencourt.state.nh.us/downloads/Members.txt;https://www.gencourt.state.nh.us/Senate/members/webpages/district08.aspx;https://www.linkedin.com/in/ruth-ward-72489662,,,,,,,,,,,
ocd-person/2260bb0a-065f-4d26-a814-f70aa2c16705,Sallie Fellows,Democratic,Grafton 8,lower,Sallie,Fellows,Female,sallie.fellows@gc.nh.gov,,,,https://storage.googleapis.com/enview-dev-public-general/legislative-people-photos/73134.jpg,https://gc.nh.gov/house/members/member.aspx?pid=9059;https://gencourt.state.nh.us/downloads/Members.txt;https://gencourt.state.nh.us/house/members/member.aspx?pid=9059;https://www.gencourt.state.nh.us/downloads/Members.txt;https://www.gencourt.state.nh.us/house/members/member.aspx?pid=9059,https://ballotpedia.org/Sallie_Fellows;https://en.wikipedia.org/wiki/Sallie_Fellows;https://gc.nh.gov/house/members/member.aspx?pid=9059;https://gencourt.state.nh.us/downloads/Members.txt;https://gencourt.state.nh.us/downloads/members.txt;https://gencourt.state.nh.us/house/members/member.aspx?pid=9059;https://justfacts.votesmart.org/candidate/biography/185234/sallie-fellows;https://www.gencourt.state.nh.us/downloads/Members.txt;https://www.gencourt.state.nh.us/house/members/member.aspx?member=408836;https://www.gencourt.state.nh.us/house/members/member.aspx?pid=9059,,,,,,,,,,,
ocd-person/b0df7728-b702-4448-b36e-e09cdacbd16d,Sam Farrington,Republican,Strafford 8,lower,Sam,Farrington,Male,samuel.farrington@gc.nh.gov,,,,https://www.fosters.com/gcdn/authoring/authoring-images/2024/10/11/NPOH/75629933007-sam-farringtoncandidate.jpg,https://gc.nh.gov/house/members/member.aspx?pid=11426;https://gencourt.state.nh.us/house/members/member.aspx?pid=11426,https://ballotpedia.org/Samuel_Farrington;https://en.wikipedia.org/wiki/Samuel_Farrington;https://gc.nh.gov/house/members/member.aspx?pid=11426;https://gencourt.state.nh.us/house/members/member.aspx?pid=11426;https://justfacts.votesmart.org/candidate/biography/219254/samuel-farrington;https://www.linkedin.com/in/samuel-farrington,,,,,,,,,,,
ocd-person/d699ae32-c8ba-43d2-a127-fdc38e722bc7,Samantha Jacobs,Democratic,Cheshire 15,lower,Samantha,Jacobs,Female,samantha.jacobs@gc.nh.gov,,,,https://www.citizenscount.org/sites/default/files/2024-08/samantha-jacobs.jpg,https://gc.nh.gov/house/members/member.aspx?pid=11170;https://gencourt.state.nh.us/house/members/member.aspx?pid=11170,https://ballotpedia.org/Samantha_Jacobs;https://en.wikipedia.org/wiki/Samantha_Jacobs;https://gc.nh.gov/house/members/member.aspx?pid=11170;https://gencourt.state.nh.us/house/members/member.aspx?pid=11170;https://justfacts.votesmart.org/candidate/biography/218881/samantha-jacobs;https://www.linkedin.com/in/samantha-jacobs-92a63b133,,,,,,,,,,,
ocd-person/db63311e-bd1c-454a-8d9f-7e89cf645a72,Sanjeev Manohar,Democratic,Hillsborough 9,lower,Sanjeev,Manohar,Male,sanjeev.manohar@gc.nh.gov,,,,https://s3.amazonaws.com/ballotpedia-api4/files/thumbs/200/300/Sanjeev_Manohar.jpg,https://gc.nh.gov/house/members/member.aspx?pid=11192;https://gencourt.state.nh.us/house/members/member.aspx?pid=11192,https://ballotpedia.org/Sanjeev_Manohar;https://en.wikipedia.org/wiki/Sanjeev_Manohar;https://gc.nh.gov/house/members/member.aspx?pid=11192;https://gencourt.state.nh.us/house/members/member.aspx?pid=11192;https://justfacts.votesmart.org/candidate/biography/218932/sanjeev-manohar;https://sanjeevmanohar.com/about;https://www.linkedin.com/in/sanjeev-k-manohar-8aa2b57,,,,,,,,,,,
ocd-person/9f34527d-c08a-4112-8046-1ce5a61b3f0a,Santosh Salvi,Democratic,Hillsborough 9,lower,Santosh,Salvi,Male,santosh.salvi@gc.nh.gov,,,,https://www.citizenscount.org/sites/default/files/styles/profile_140x176/public/2024-07/Santosh-Salvi.jpg?itok=1z0kzaJz,https://gc.nh.gov/house/members/member.aspx?pid=11193;https://gencourt.state.nh.us/house/members/member.aspx?pid=11193,https://ballotpedia.org/Santosh_Salvi;https://en.wikipedia.org/wiki/Santosh_Salvi;https://gc.nh.gov/house/members/member.aspx?pid=11193;https://gencourt.state.nh.us/house/members/member.aspx?pid=11193;https://justfacts.votesmart.org/candidate/biography/218933/santosh-salvi;https://www.linkedin.com/in/santosh-salvi-599238a,,,,,,,,,,,
ocd-person/44357af0-cbba-4906-87fd-1929564931b9,Sayra DeVito,Republican,Rockingham 8,lower,Sayra,DeVito,Female,sayra.devito@gc.nh.gov,,,,https://www.citizenscount.org/sites/default/files/2024-10/Sayra-DeVito.jpg,https://gc.nh.gov/house/members/member.aspx?pid=11401;https://gencourt.state.nh.us/house/members/member.aspx?pid=11401,https://ballotpedia.org/Sayra_DeVito;https://en.wikipedia.org/wiki/Sayra_DeVito;https://gc.nh.gov/house/members/member.aspx?pid=11401;https://gencourt.state.nh.us/house/members/member.aspx?pid=11401;https://justfacts.votesmart.org/candidate/biography/219195/sayra-devito;https://www.linkedin.com/in/sayradevito,,,,,,,,,,,
ocd-person/b51774f3-49ab-4d3f-b103-683491aa57c4,Scott Bryer,Republican,Rockingham 1,lower,Scott,Bryer,Male,scott.bryer@gc.nh.gov,,,,https://encrypted-tbn0.gstatic.com/images?q=tbn:ANd9GcQHivbnkev9ZEmBU7qQV5RFV-iAnBnb1Fs8GA&s,https://gc.nh.gov/house/members/member.aspx?pid=11392;https://gencourt.state.nh.us/house/members/member.aspx?pid=11392,https://ballotpedia.org/Scott_Bryer;https://en.wikipedia.org/wiki/Scott_Bryer;https://gc.nh.gov/house/members/member.aspx?pid=11392;https://gencourt.state.nh.us/house/members/member.aspx?pid=11392;https://justfacts.votesmart.org/candidate/biography/208904/scott-bryer;https://www.linkedin.com/in/scott-bryer-cpa-cgma-91629442,,,,,,,,,,,
ocd-person/8d99d9dc-999d-438c-84c8-01d80f1ef5cd,Sean Durkin,Republican,Coos 1,lower,Sean,Durkin,Male,seandurkin4nh@gmail.com,,,,https://nhjournal.com/wp-content/uploads/2024/01/sean-durkin-300x300.jpeg,https://gc.nh.gov/house/members/member.aspx?pid=11118;https://www.gencourt.state.nh.us/house/members/member.aspx?pid=11118,https://ballotpedia.org/Sean_Durkin;https://en.wikipedia.org/wiki/Sean_Durkin_(politician);https://gc.nh.gov/house/members/member.aspx?pid=11118;https://justfacts.votesmart.org/candidate/biography/214107/sean-durkin;https://www.gencourt.state.nh.us/house/members/member.aspx?pid=11118,,,,,,,,,,,
ocd-person/15d93e43-ec08-4958-8f3b-1d56d95eb574,Seth King,Republican,Coos 4,lower,Seth,King,Male,seth.king@gc.nh.gov,,,,https://www.citizenscount.org/sites/default/files/styles/profile_140x176/public/2022-06/Seth-King.jpg?itok=bvhWHfUY,https://gc.nh.gov/house/members/member.aspx?pid=10610;https://www.gencourt.state.nh.us/house/members/member.aspx?pid=10610,https://ballotpedia.org/Seth_King_(New_Hampshire);https://en.wikipedia.org/wiki/Seth_King_(politician);https://gc.nh.gov/house/members/member.aspx?pid=10610;https://justfacts.votesmart.org/candidate/biography/208994/seth-king;https://www.gencourt.state.nh.us/house/members/member.aspx?pid=10610,,,,,,,,,,,
ocd-person/027bd13f-0029-48f3-a5dd-76b15a95546d,Seth Miller,Democratic,Strafford 21,lower,Seth,Miller,Male,seth.miller@gc.nh.gov,,,,https://straffordcountydemocraticcommittee.org/wp-content/uploads/2024/07/Seth-miller-NH-state-rep-1-300x300.jpg,https://gc.nh.gov/house/members/member.aspx?pid=11291;https://gencourt.state.nh.us/house/members/member.aspx?pid=11291,https://ballotpedia.org/Seth_Miller;https://en.wikipedia.org/wiki/Seth_Miller_(politician);https://gc.nh.gov/house/members/member.aspx?pid=11291;https://gencourt.state.nh.us/house/members/member.aspx?pid=11291;https://justfacts.votesmart.org/candidate/biography/219232/seth-miller;https://www.linkedin.com/in/sethbmiller,,,,,,,,,,,
ocd-person/a56b0587-b57f-4dbb-a977-ba82c714a379,Shane Sirois,Republican,Hillsborough 32,lower,Shane,Sirois,Male,shane.sirois@gc.nh.gov,,,,https://storage.googleapis.com/enview-dev-public-general/legislative-people-photos/123423.jpg,https://gc.nh.gov/house/members/member.aspx?pid=10653;https://shanesirois.wordpress.com/;https://www.gencourt.state.nh.us/house/members/member.aspx?pid=10653,https://ballotpedia.org/Shane_Sirois;https://en.wikipedia.org/wiki/Shane_Sirois;https://gc.nh.gov/house/members/member.aspx?pid=10653;https://justfacts.votesmart.org/candidate/209044/shane-sirois;https://shanesirois.wordpress.com;https://www.gencourt.state.nh.us/house/members/member.aspx?pid=10653;https://www.linkedin.com/in/shane-sirois-0a666b257,,,,,,,,,,,
ocd-person/00964fc0-dd57-44c3-87bf-b6d5bbc34560,Sharon Carson,Republican,14,upper,Sharon,Carson,Female,sharon.carson@gc.nh.gov,,1957-11-11,,https://storage.googleapis.com/enview-dev-public-general/legislative-people-photos/21900.jpg,https://gc.nh.gov/Senate/members/webpages/district14.aspx;https://gencourt.state.nh.us/downloads/Members.txt;https://gencourt.state.nh.us/Senate/members/webpages/district14.aspx;https://www.gencourt.state.nh.us/downloads/Members.txt;https://www.gencourt.state.nh.us/Senate/members/webpages/district14.aspx,https://ballotpedia.org/Sharon_Carson;https://en.wikipedia.org/wiki/Sharon_Carson;https://gc.nh.gov/Senate/members/webpages/district14.aspx;https://gencourt.state.nh.us/downloads/Members.txt;https://gencourt.state.nh.us/downloads/members.txt;https://gencourt.state.nh.us/Senate/members/webpages/district14.aspx;https://justfacts.votesmart.org/candidate/biography/42537/sharon-carson;https://www.gencourt.state.nh.us/downloads/Members.txt;https://www.gencourt.state.nh.us/Senate/members/webpages/district14.aspx,,,,,,,,,,,
ocd-person/d4473432-7416-4a64-9a3f-24b7ce96c446,Sheri Minor,Republican,Belknap 5,lower,Sheri,Minor,Female,sheri.minor@gc.nh.gov,,,,https://bloximages.newyork1.vip.townnews.com/laconiadailysun.com/content/tncms/assets/v3/editorial/1/f4/1f434246-8fee-11ef-b4d0-934cb1784f3f/6716bec6842b5.image.jpg?resize=309%2C500,https://gc.nh.gov/house/members/member.aspx?pid=11310;https://gencourt.state.nh.us/house/members/member.aspx?pid=11310,https://ballotpedia.org/Sheri_Minor;https://en.wikipedia.org/wiki/Sheri_Minor;https://gc.nh.gov/house/members/member.aspx?pid=11310;https://gencourt.state.nh.us/house/members/member.aspx?pid=11310;https://justfacts.votesmart.org/candidate/biography/218740/sheri-minor,,,,,,,,,,,
ocd-person/e94c1d98-5454-40a2-8293-ee0998fee8ca,Sherm Packard,Republican,Rockingham 16,lower,Sherm,Packard,Male,sherman.packard@gc.nh.gov,,1949-02-25,,https://storage.googleapis.com/enview-dev-public-general/legislative-people-photos/54269.jpg,https://gc.nh.gov/house/members/member.aspx?member=375453;https://gencourt.state.nh.us/downloads/Members.txt;https://www.gencourt.state.nh.us/downloads/Members.txt;https://www.gencourt.state.nh.us/house/members/member.aspx?member=375453;https://www.gencourt.state.nh.us/house/members/member.aspx?pid=425,https://ballotpedia.org/Sherman_Packard;https://en.wikipedia.org/wiki/Sherman_Packard;https://gc.nh.gov/house/members/member.aspx?member=375453;https://gencourt.state.nh.us/downloads/Members.txt;https://gencourt.state.nh.us/downloads/members.txt;https://justfacts.votesmart.org/candidate/biography/8443/sherman-packard;https://www.gencourt.state.nh.us/downloads/Members.txt;https://www.gencourt.state.nh.us/house/members/member.aspx?member=375453;https://www.gencourt.state.nh.us/house/members/member.aspx?pid=425,,,,,,,,,,,
ocd-person/19278cc6-c610-4ae1-b1eb-b33f60658f0b,Sherri Reinfurt,Republican,Hillsborough 29,lower,Sherri,Reinfurt,Female,sherri.reinfurt@gc.nh.gov,,,,https://s3.amazonaws.com/ballotpedia-api4/files/thumbs/200/300/Sherri_Reinfurt_20240826_053342.jpeg,https://gc.nh.gov/house/members/member.aspx?pid=11364;https://gencourt.state.nh.us/house/members/member.aspx?pid=11364,https://ballotpedia.org/Sherri_Reinfurt;https://en.wikipedia.org/wiki/Sherri_Reinfurt;https://gc.nh.gov/house/members/member.aspx?pid=11364;https://gencourt.state.nh.us/house/members/member.aspx?pid=11364;https://justfacts.votesmart.org/candidate/biography/219000/sherri-reinfurt,,,,,,,,,,,
ocd-person/31d4d765-be08-4393-8e9a-21444cf8b411,Skip Rollins,Republican,Sullivan 3,lower,Skip,Rollins,Male,skip.rollins@gc.nh.gov,,,,https://storage.googleapis.com/enview-dev-public-general/legislative-people-photos/49864.jpg,https://gc.nh.gov/house/members/member.aspx?member=377163;https://gencourt.state.nh.us/downloads/Members.txt;https://www.gencourt.state.nh.us/downloads/Members.txt;https://www.gencourt.state.nh.us/house/members/member.aspx?member=377163;https://www.gencourt.state.nh.us/house/members/member.aspx?pid=768,https://ballotpedia.org/Skip_Rollins;https://en.wikipedia.org/wiki/Skip_Rollins;https://gc.nh.gov/house/members/member.aspx?member=377163;https://gencourt.state.nh.us/downloads/Members.txt;https://gencourt.state.nh.us/downloads/members.txt;https://justfacts.votesmart.org/candidate/biography/141976/skip-rollins;https://www.gencourt.state.nh.us/downloads/Members.txt;https://www.gencourt.state.nh.us/house/members/member.aspx?member=377163;https://www.gencourt.state.nh.us/house/members/member.aspx?pid=768,,,,,,,,,,,
ocd-person/c2f2054b-2949-44ea-b784-ffe4820eed77,Sly Karasinski,Republican,Cheshire 10,lower,Sly,Karasinski,Male,sly.karasinski@gc.nh.gov,,,,https://s3.amazonaws.com/ballotpedia-api4/files/thumbs/200/300/skarasinski.jpg,https://gc.nh.gov/house/members/member.aspx?pid=10037;https://gencourt.state.nh.us/house/members/member.aspx?pid=10037,https://ballotpedia.org/Sly_Karasinski;https://en.wikipedia.org/wiki/Sly_Karasinski;https://gc.nh.gov/house/members/member.aspx?pid=10037;https://gencourt.state.nh.us/house/members/member.aspx?pid=10037;https://justfacts.votesmart.org/candidate/biography/194725/sly-karasinski,,,,,,,,,,,
ocd-person/dfbe7855-971b-4eb3-832e-a3f67b8b6a61,Stephanie Grund,Democratic,Hillsborough 34,lower,Stephanie,Grund,Female,stephanie.grund@gc.nh.gov,,,,https://nhhousedems.org/wp-content/uploads/2024/10/Stephanie-Grund-1-1024x819.jpg,https://gc.nh.gov/house/members/member.aspx?pid=11212;https://gencourt.state.nh.us/house/members/member.aspx?pid=11212,https://ballotpedia.org/Stephanie_Grund;https://en.wikipedia.org/wiki/Stephanie_Grund;https://gc.nh.gov/house/members/member.aspx?pid=11212;https://gencourt.state.nh.us/house/members/member.aspx?pid=11212;https://justfacts.votesmart.org/candidate/biography/219851/stephanie-grund;https://www.linkedin.com/in/stephanie-grund-09794512a,,,,,,,,,,,
ocd-person/8184319b-a3eb-4538-a78a-5e5cd439e2a3,Stephanie Payeur,Democratic,Merrimack 8,lower,Stephanie,Payeur,Female,stephanie.payeur@gc.nh.gov,,,,https://www.citizenscount.org/sites/default/files/styles/profile_140x176/public/2022-10/stephanie-payeur.jpg,https://gc.nh.gov/house/members/member.aspx?pid=10834;https://gencourt.state.nh.us/house/members/member.aspx?pid=10834;https://www.gencourt.state.nh.us/house/members/member.aspx?pid=10834,https://ballotpedia.org/Stephanie_Payeur;https://en.wikipedia.org/wiki/Stephanie_Payeur;https://gc.nh.gov/house/members/member.aspx?pid=10834;https://gencourt.state.nh.us/house/members/member.aspx?pid=10834;https://justfacts.votesmart.org/candidate/biography/208878/stephanie-payeur;https://www.gencourt.state.nh.us/house/members/member.aspx?pid=10834;https://www.linkedin.com/in/stephanie-payeur-mba-mt-ascp-3639847,,,,,,,,,,,
ocd-person/2a085551-6f62-4320-a1eb-bc9a177b9a6d,Steve Pearson,Republican,Rockingham 13,lower,Steve,Pearson,Male,steve.pearson@gc.nh.gov,,,,https://www.citizenscount.org/sites/default/files/styles/profile_140x176/public/candidate-images/StephenPearson.jpg?itok=bRU8nrZr,https://gc.nh.gov/house/members/member.aspx?pid=9269;https://gencourt.state.nh.us/downloads/Members.txt;https://gencourt.state.nh.us/house/members/member.aspx?pid=9269;https://www.gencourt.state.nh.us/downloads/Members.txt;https://www.gencourt.state.nh.us/house/members/member.aspx?pid=9269,https://ballotpedia.org/Stephen_Pearson;https://en.wikipedia.org/wiki/Stephen_Pearson_(politician);https://gc.nh.gov/house/members/member.aspx?pid=9269;https://gencourt.state.nh.us/downloads/Members.txt;https://gencourt.state.nh.us/downloads/members.txt;https://gencourt.state.nh.us/house/members/member.aspx?pid=9269;https://justfacts.votesmart.org/candidate/biography/173061/stephen-pearson;https://www.gencourt.state.nh.us/downloads/Members.txt;https://www.gencourt.state.nh.us/house/members/member.aspx?member=408906;https://www.gencourt.state.nh.us/house/members/member.aspx?pid=9269,,,,,,,,,,,
ocd-person/b46ed135-4c70-40b9-81ab-94660b76be3e,Stephen Boyd,Republican,Merrimack 10,lower,Stephen,Boyd,Male,stepheneboyd@gmail.com,,,,https://s3.amazonaws.com/ballotpedia-api4/files/thumbs/200/300/StephenBoyd.jfif,https://gc.nh.gov/house/members/member.aspx?pid=9929;https://gencourt.state.nh.us/downloads/Members.txt;https://gencourt.state.nh.us/house/members/member.aspx?pid=9929;https://www.gencourt.state.nh.us/house/members/member.aspx?pid=9929,https://ballotpedia.org/Stephen_Boyd_(New_Hampshire);https://en.wikipedia.org/wiki/Stephen_Boyd_(New_Hampshire_politician);https://gc.nh.gov/house/members/member.aspx?pid=9929;https://gencourt.state.nh.us/downloads/Members.txt;https://gencourt.state.nh.us/downloads/members.txt;https://gencourt.state.nh.us/house/members/member.aspx?pid=9929;https://justfacts.votesmart.org/candidate/biography/195026/stephen-boyd;https://www.gencourt.state.nh.us/house/members/member.aspx?pid=9929;https://www.linkedin.com/in/stephen-boyd-76083aa1,,,,,,,,,,,
ocd-person/bdde38b3-3210-4b2d-890b-bbf2d2bf314a,Steve Woodcock,Democratic,Carroll 1,lower,Steve,Woodcock,Male,stevewoodcock.rep@gmail.com,,,,https://bloximages.newyork1.vip.townnews.com/conwaydailysun.com/content/tncms/assets/v3/editorial/8/cc/8cca2b78-6d85-11e8-9ca7-6bd6b0015d75/5b1e8a49f1b8e.image.jpg?resize=1200%2C1500,https://gc.nh.gov/house/members/member.aspx?pid=9046;https://gencourt.state.nh.us/downloads/Members.txt;https://gencourt.state.nh.us/house/members/member.aspx?pid=9046;https://www.gencourt.state.nh.us/downloads/Members.txt;https://www.gencourt.state.nh.us/house/members/member.aspx?pid=9046,https://ballotpedia.org/Stephen_Woodcock;https://en.wikipedia.org/wiki/Stephen_Woodcock_(politician);https://gc.nh.gov/house/members/member.aspx?pid=9046;https://gencourt.state.nh.us/downloads/Members.txt;https://gencourt.state.nh.us/downloads/members.txt;https://gencourt.state.nh.us/house/members/member.aspx?pid=9046;https://justfacts.votesmart.org/candidate/biography/185471/stephen-woodcock;https://www.gencourt.state.nh.us/downloads/Members.txt;https://www.gencourt.state.nh.us/house/members/member.aspx?member=408824;https://www.gencourt.state.nh.us/house/members/member.aspx?pid=9046;https://www.linkedin.com/in/stephen-woodcock-91598b51,,,,,,,,,,,
ocd-person/f773bff0-d2b7-4fa5-8f82-c8b519b8556b,Steve Kesselring,Republican,Hillsborough 18,lower,Steve,Kesselring,Male,steven.kesselring@gc.nh.gov,,1983-08-08,,https://www.citizenscount.org/sites/default/files/2024-06/Steven-Kesselring.jpg,https://gc.nh.gov/house/members/member.aspx?pid=11354;https://gencourt.state.nh.us/house/members/member.aspx?pid=11354,https://ballotpedia.org/Steven_Kesselring;https://en.wikipedia.org/wiki/Steven_Kesselring;https://gc.nh.gov/house/members/member.aspx?pid=11354;https://gencourt.state.nh.us/house/members/member.aspx?pid=11354;https://justfacts.votesmart.org/candidate/biography/218988/steven-kesselring;https://stevenkesselring.com/meet-steven;https://www.linkedin.com/in/steven-kesselring-25a361126,,,,,,,,,,,
ocd-person/129a2970-07b9-4136-aae1-15c689edca40,Steven Smith,Republican,Sullivan 3,lower,Steven,Smith,Male,steven.smith@gc.nh.gov,,1964-06-23,,https://storage.googleapis.com/enview-dev-public-general/legislative-people-photos/21894.jpg,https://gc.nh.gov/house/members/member.aspx?member=377031;https://gencourt.state.nh.us/downloads/Members.txt;https://www.gencourt.state.nh.us/downloads/Members.txt;https://www.gencourt.state.nh.us/house/members/member.aspx?member=377031;https://www.gencourt.state.nh.us/house/members/member.aspx?pid=656,"https://ballotpedia.org/Steven_Smith,_New_Hampshire_Politician;https://en.wikipedia.org/wiki/Steven_D._Smith;https://gc.nh.gov/house/members/member.aspx?member=377031;https://gencourt.state.nh.us/downloads/Members.txt;https://gencourt.state.nh.us/downloads/members.txt;https://justfacts.votesmart.org/candidate/biography/110851/steve-smith;https://steve4nh.com/about;https://www.gencourt.state.nh.us/downloads/Members.txt;https://www.gencourt.state.nh.us/house/members/member.aspx?member=377031;https://www.gencourt.state.nh.us/house/members/member.aspx?pid=656;https://www.linkedin.com/in/steven-smith-01a0236",,,,,,,,,,,
ocd-person/a82b5491-46a0-4062-aec5-362724f8f729,Steve Bogert,Republican,Belknap 5,lower,Steve,Bogert,Male,steven.bogert@gc.nh.gov,,,,https://storage.googleapis.com/enview-dev-public-general/legislative-people-photos/123172.jpg,https://gc.nh.gov/house/members/member.aspx?pid=10573;https://www.gencourt.state.nh.us/house/members/member.aspx?pid=10573,https://ballotpedia.org/Steven_Bogert;https://gc.nh.gov/house/members/member.aspx?pid=10573;https://www.gencourt.state.nh.us/house/members/member.aspx?pid=10573;https://www.linkedin.com/in/steve-b-b71339a7,,,,,,,,,,,
ocd-person/62edd52b-364d-4f60-a796-107ca302fdc5,Sue DeLemus,Republican,Strafford 1,lower,Sue,DeLemus,Female,susan.delemus@gc.nh.gov,,,,https://storage.googleapis.com/enview-dev-public-general/legislative-people-photos/50473.jpg,https://gc.nh.gov/house/members/member.aspx?pid=947;https://gencourt.state.nh.us/house/members/member.aspx?pid=947,https://ballotpedia.org/Susan_DeLemus;https://en.wikipedia.org/wiki/Susan_DeLemus;https://gc.nh.gov/house/members/member.aspx?pid=947;https://gencourt.state.nh.us/house/members/member.aspx?pid=947;https://justfacts.votesmart.org/candidate/126808/sue-delemus;https://www.linkedin.com/in/sue-delemus-a9691247,,,,,,,,,,,
ocd-person/27254294-07b6-4c08-90be-466800c312bc,Sue Newman,Democratic,Hillsborough 4,lower,Sue,Newman,Female,sue.newman@gc.nh.gov,,,,https://storage.googleapis.com/enview-dev-public-general/legislative-people-photos/61176.jpg,https://gc.nh.gov/house/members/member.aspx?member=408537;https://gencourt.state.nh.us/downloads/Members.txt;https://www.gencourt.state.nh.us/downloads/Members.txt;https://www.gencourt.state.nh.us/house/members/member.aspx?member=408537;https://www.gencourt.state.nh.us/house/members/member.aspx?pid=8537,https://ballotpedia.org/Sue_Newman;https://en.wikipedia.org/wiki/Sue_Newman_(politician);https://gc.nh.gov/house/members/member.aspx?member=408537;https://gencourt.state.nh.us/downloads/Members.txt;https://gencourt.state.nh.us/downloads/members.txt;https://justfacts.votesmart.org/candidate/biography/172624/sue-newman;https://www.gencourt.state.nh.us/downloads/Members.txt;https://www.gencourt.state.nh.us/house/members/member.aspx?member=408537;https://www.gencourt.state.nh.us/house/members/member.aspx?pid=8537;https://www.linkedin.com/in/sue-newman-275b731,,,,,,,,,,,
ocd-person/c9b60101-8e1e-4ca2-b5c1-3ffa019fcb3e,Susan Elberger,Democratic,Hillsborough 5,lower,Susan,Elberger,Female,susan.elberger@gc.nh.gov,,,,https://storage.googleapis.com/enview-dev-public-general/legislative-people-photos/123219.jpg,https://gc.nh.gov/house/members/member.aspx?pid=10778;https://www.gencourt.state.nh.us/house/members/member.aspx?pid=10778,https://ballotpedia.org/Susan_Elberger;https://en.wikipedia.org/wiki/Susan_Elberger;https://gc.nh.gov/house/members/member.aspx?pid=10778;https://justfacts.votesmart.org/candidate/208805/susan-elberger;https://www.gencourt.state.nh.us/house/members/member.aspx?pid=10778;https://www.linkedin.com/in/susan-elberger-b991339a,,,,,,,,,,,
ocd-person/09972c73-4e4f-471a-9888-558053aace85,Susan DeRoy,Republican,Strafford 3,lower,Susan,DeRoy,Female,susan.deroy@gc.nh.gov,,,,https://www.citizenscount.org/sites/default/files/2024-07/susan-deroy.jpg,https://gc.nh.gov/house/members/member.aspx?pid=11424;https://gencourt.state.nh.us/house/members/member.aspx?pid=11424,https://ballotpedia.org/Susan_DeRoy;https://en.wikipedia.org/wiki/Susan_DeRoy;https://gc.nh.gov/house/members/member.aspx?pid=11424;https://gencourt.state.nh.us/house/members/member.aspx?pid=11424;https://justfacts.votesmart.org/candidate/biography/219253/susan-deroy;https://www.linkedin.com/in/susan-deroy-117613a,,,,,,,,,,,
ocd-person/b3316ac6-b023-4dec-9e07-33600f4027bb,Sue Vandecasteele,Republican,Rockingham 25,lower,Sue,Vandecasteele,Female,susanjonvan@gmail.com,,,,https://www.citizenscount.org/sites/default/files/styles/profile_140x176/public/2020-07/susan-j-vandecasteele.png?itok=r8hKgMhD,https://gc.nh.gov/house/members/member.aspx?pid=9938;https://gencourt.state.nh.us/downloads/Members.txt;https://gencourt.state.nh.us/house/members/member.aspx?pid=9938;https://www.gencourt.state.nh.us/house/members/member.aspx?pid=9938,https://ballotpedia.org/Susan_Vandecasteele;https://en.wikipedia.org/wiki/Susan_Vandecasteele;https://gc.nh.gov/house/members/member.aspx?pid=9938;https://gencourt.state.nh.us/downloads/Members.txt;https://gencourt.state.nh.us/downloads/members.txt;https://gencourt.state.nh.us/house/members/member.aspx?pid=9938;https://justfacts.votesmart.org/candidate/biography/195041/susan-vandecasteele;https://www.gencourt.state.nh.us/house/members/member.aspx?pid=9938;https://www.linkedin.com/in/susan-vandecasteele-a83938213,,,,,,,,,,,
ocd-person/64a835c6-0e89-411f-bc32-331e246b10f0,Susan Porcelli,Republican,Rockingham 19,lower,Susan,Porcelli,Female,susan.porcelli@gc.nh.gov,,,,https://storage.googleapis.com/enview-dev-public-general/legislative-people-photos/123394.jpg,https://gc.nh.gov/house/members/member.aspx?pid=10700;https://www.gencourt.state.nh.us/house/members/member.aspx?pid=10700,https://ballotpedia.org/Susan_Porcelli;https://en.wikipedia.org/wiki/Susan_Porcelli;https://gc.nh.gov/house/members/member.aspx?pid=10700;https://justfacts.votesmart.org/candidate/209239/susan-porcelli;https://www.gencourt.state.nh.us/house/members/member.aspx?pid=10700;https://www.linkedin.com/in/susan-m-porcelli-88925b203,,,,,,,,,,,
ocd-person/e13283b4-defe-4f4e-8e67-4d89b8e3790c,Susan Almy,Democratic,Grafton 17,lower,Susan,Almy,Female,susan.almy@comcast.net,,1946-03-28,,https://storage.googleapis.com/enview-dev-public-general/legislative-people-photos/50437.jpg,https://gc.nh.gov/house/members/member.aspx?member=376095;https://gencourt.state.nh.us/downloads/Members.txt;https://www.gencourt.state.nh.us/downloads/Members.txt;https://www.gencourt.state.nh.us/house/members/member.aspx?member=376095;https://www.gencourt.state.nh.us/house/members/member.aspx?pid=445,https://ballotpedia.org/Susan_Almy;https://en.wikipedia.org/wiki/Susan_Almy;https://gc.nh.gov/house/members/member.aspx?member=376095;https://gencourt.state.nh.us/downloads/Members.txt;https://gencourt.state.nh.us/downloads/members.txt;https://justfacts.votesmart.org/candidate/biography/15165/susan-almy;https://www.gencourt.state.nh.us/downloads/Members.txt;https://www.gencourt.state.nh.us/house/members/member.aspx?member=376095;https://www.gencourt.state.nh.us/house/members/member.aspx?pid=445,,,,,,,,,,,
ocd-person/4c5b973d-20c9-4205-a69d-bed3b74ca391,Suzanne Chretien,Democratic,Hillsborough 19,lower,Suzanne,Chretien,Female,suzanne.chretien@gc.nh.gov,,,,https://nhhousedems.org/wp-content/uploads/2024/10/suzanne_chretien.jpg,https://gc.nh.gov/house/members/member.aspx?pid=11204;https://gencourt.state.nh.us/house/members/member.aspx?pid=11204,https://ballotpedia.org/Suzanne_Chretien;https://en.wikipedia.org/wiki/Suzanne_Chretien;https://gc.nh.gov/house/members/member.aspx?pid=11204;https://gencourt.state.nh.us/house/members/member.aspx?pid=11204;https://justfacts.votesmart.org/candidate/218989/suzanne-chretien;https://www.linkedin.com/in/suzanne-chretien-2a898720a,,,,,,,,,,,
ocd-person/de206392-deba-4ecf-96a3-33494c415417,Sue Prentiss,Democratic,5,upper,Sue,Prentiss,Female,suzanne.prentiss@gc.nh.gov,,1964-10-06,,https://storage.googleapis.com/enview-dev-public-general/legislative-people-photos/93792.jpg,https://gc.nh.gov/Senate/members/webpages/district05.aspx;https://gencourt.state.nh.us/downloads/Members.txt;https://gencourt.state.nh.us/Senate/members/webpages/district05.aspx;https://www.gencourt.state.nh.us/Senate/members/webpages/district05.aspx,https://ballotpedia.org/Suzanne_Prentiss;https://en.wikipedia.org/wiki/Suzanne_Prentiss;https://gc.nh.gov/Senate/members/webpages/district05.aspx;https://gencourt.state.nh.us/downloads/Members.txt;https://gencourt.state.nh.us/downloads/members.txt;https://gencourt.state.nh.us/Senate/members/webpages/district05.aspx;https://www.gencourt.state.nh.us/Senate/members/webpages/district05.aspx;https://www.linkedin.com/in/suzanne-prentiss-961414a4,,,,,,,,,,,
ocd-person/ce985799-268d-4190-b078-955fc63a8c3c,Sue Vail,Democratic,Hillsborough 6,lower,Sue,Vail,Female,suzanne.vail@gc.nh.gov,,1962-02-01,,https://storage.googleapis.com/enview-dev-public-general/legislative-people-photos/76050.jpg,https://gc.nh.gov/house/members/member.aspx?pid=789;https://gencourt.state.nh.us/downloads/Members.txt;https://gencourt.state.nh.us/house/members/member.aspx?pid=789;https://www.gencourt.state.nh.us/downloads/Members.txt;https://www.gencourt.state.nh.us/house/members/member.aspx?pid=789,https://ballotpedia.org/Suzanne_Vail;https://en.wikipedia.org/wiki/Suzanne_Vail;https://gc.nh.gov/house/members/member.aspx?pid=789;https://gencourt.state.nh.us/downloads/Members.txt;https://gencourt.state.nh.us/downloads/members.txt;https://gencourt.state.nh.us/house/members/member.aspx?pid=789;https://justfacts.votesmart.org/candidate/biography/141743/suzanne-vail;https://www.gencourt.state.nh.us/downloads/Members.txt;https://www.gencourt.state.nh.us/house/members/member.aspx?member=377185;https://www.gencourt.state.nh.us/house/members/member.aspx?pid=789;https://www.linkedin.com/in/suzanne-vail-b7b69b16,,,,,,,,,,,
ocd-person/93179238-e90a-433f-bafb-72333aa7c9ef,Tanya Donnelly,Republican,Rockingham 25,lower,Tanya,Donnelly,Female,tanya.donnelly@gc.nh.gov,,,,https://storage.googleapis.com/enview-dev-public-general/legislative-people-photos/123133.jpg,https://gc.nh.gov/house/members/member.aspx?pid=10704;https://www.gencourt.state.nh.us/house/members/member.aspx?pid=10704,https://ballotpedia.org/Tanya_Donnelly;https://canobielanding.com/speaker;https://en.wikipedia.org/wiki/Tanya_Donnelly_(politician);https://gc.nh.gov/house/members/member.aspx?pid=10704;https://www.gencourt.state.nh.us/house/members/member.aspx?pid=10704;https://www.linkedin.com/in/tanyadonnelly,,,,,,,,,,,
ocd-person/db4dc6cd-8c68-487f-a1e3-dd80995ba786,Tara Reardon,Democratic,15,upper,Tara,Reardon,Female,tara.reardon@gc.nh.gov,,,,https://www.citizenscount.org/sites/default/files/styles/profile_140x176/public/2024-06/tara-reardon.jpg?itok=HQZixXPG,https://gc.nh.gov/senate/members/webpages/district15.aspx;https://gencourt.state.nh.us/senate/members/webpages/district15.aspx,https://ballotpedia.org/Tara_Reardon;https://gc.nh.gov/senate/members/webpages/district15.aspx;https://gencourt.state.nh.us/senate/members/webpages/district15.aspx;https://www.linkedin.com/in/tara-reardon-90a024120,,,,,,,,,,,
ocd-person/c40abbd9-220c-4081-9ad8-9559c10f9aae,Ted Gorski,Republican,Hillsborough 2,lower,Ted,Gorski,Male,ted.gorski@gc.nh.gov,,,,https://www.tedgorski.com/wp-content/uploads/sites/23/2020/08/ted-gorski-featured.jpg,https://gc.nh.gov/house/members/member.aspx?pid=9898;https://gencourt.state.nh.us/downloads/Members.txt;https://gencourt.state.nh.us/house/members/member.aspx?pid=9898;https://www.gencourt.state.nh.us/house/members/member.aspx?pid=9898,https://ballotpedia.org/Ted_Gorski;https://en.wikipedia.org/wiki/Ted_Gorski;https://gc.nh.gov/house/members/member.aspx?pid=9898;https://gencourt.state.nh.us/downloads/Members.txt;https://gencourt.state.nh.us/downloads/members.txt;https://gencourt.state.nh.us/house/members/member.aspx?pid=9898;https://justfacts.votesmart.org/candidate/biography/194995/ted-gorski;https://www.gencourt.state.nh.us/house/members/member.aspx?pid=9898;https://www.linkedin.com/in/theodoregorski,,,,,,,,,,,
ocd-person/81cb2080-0fec-4a30-8212-71fa0679e2f3,Terri O'Rorke,Democratic,Cheshire 7,lower,Terri,O'Rorke,Female,terri.ororke@gc.nh.gov,,,,https://nhhousedems.org/wp-content/uploads/2024/10/Terri-ORorke-768x1024.jpeg,https://gc.nh.gov/house/members/member.aspx?pid=11167;https://gencourt.state.nh.us/house/members/member.aspx?pid=11167,https://ballotpedia.org/Terri_O%27Rorke;https://en.wikipedia.org/wiki/Terri_O%27Rorke;https://gc.nh.gov/house/members/member.aspx?pid=11167;https://gencourt.state.nh.us/house/members/member.aspx?pid=11167;https://justfacts.votesmart.org/candidate/biography/218874/terri-ororke;https://www.linkedin.com/in/terri-o-rorke-672b87a3,,,,,,,,,,,
ocd-person/6d43b165-fda9-4918-a2b7-ad66940062a0,Terry Roy,Republican,Rockingham 31,lower,Terry,Roy,Male,terry.roy@gc.nh.gov,,,,https://storage.googleapis.com/enview-dev-public-general/legislative-people-photos/76045.jpg,https://gc.nh.gov/house/members/member.aspx?member=408925;https://gencourt.state.nh.us/downloads/Members.txt;https://gencourt.state.nh.us/house/members/member.aspx?member=408925;https://www.gencourt.state.nh.us/downloads/Members.txt;https://www.gencourt.state.nh.us/house/members/member.aspx?pid=9272,https://ballotpedia.org/Terry_Roy;https://en.wikipedia.org/wiki/Terry_Roy;https://gc.nh.gov/house/members/member.aspx?member=408925;https://gencourt.state.nh.us/downloads/Members.txt;https://gencourt.state.nh.us/downloads/members.txt;https://gencourt.state.nh.us/house/members/member.aspx?member=408925;https://justfacts.votesmart.org/candidate/biography/185521/terry-roy;https://www.gencourt.state.nh.us/downloads/Members.txt;https://www.gencourt.state.nh.us/house/members/member.aspx?member=408925;https://www.gencourt.state.nh.us/house/members/member.aspx?pid=9272,,,,,,,,,,,
ocd-person/3427853b-656d-4c4e-9857-acb92e08187d,Terry Spahr,Democratic,Grafton 12,lower,Terry,Spahr,Male,terry.spahr@gc.nh.gov,,1966-02-17,,https://nhhousedems.org/wp-content/uploads/2024/10/Terry-Spahr-1-1024x819.jpg,https://gc.nh.gov/house/members/member.aspx?pid=11184;https://gencourt.state.nh.us/house/members/member.aspx?pid=11184,https://ballotpedia.org/Terry_Spahr;https://en.wikipedia.org/wiki/Terry_Spahr;https://gc.nh.gov/house/members/member.aspx?pid=11184;https://gencourt.state.nh.us/house/members/member.aspx?pid=11184;https://justfacts.votesmart.org/candidate/biography/218912/terry-spahr;https://www.linkedin.com/in/terry-spahr-204bbb81,,,,,,,,,,,
ocd-person/29eeecd3-79b7-489c-b1a5-ace913e619f2,Tom Schamberg,Democratic,Merrimack 6,lower,Tom,Schamberg,Male,tom.schamberg@gc.nh.gov,,,,https://www.citizenscount.org/sites/default/files/styles/profile_140x176/public/candidate-images/schamberg.jpg?itok=xCPIm8JQ,https://gc.nh.gov/house/members/member.aspx?pid=771;https://gencourt.state.nh.us/downloads/Members.txt;https://gencourt.state.nh.us/house/members/member.aspx?pid=771;https://www.gencourt.state.nh.us/downloads/Members.txt;https://www.gencourt.state.nh.us/house/members/member.aspx?pid=771,https://ballotpedia.org/Thomas_Schamberg;https://ballotpedia.org/Tom_Schamberg;https://en.wikipedia.org/wiki/Tom_Schamberg;https://gc.nh.gov/house/members/member.aspx?pid=771;https://gencourt.state.nh.us/downloads/Members.txt;https://gencourt.state.nh.us/downloads/members.txt;https://gencourt.state.nh.us/house/members/member.aspx?pid=771;https://justfacts.votesmart.org/candidate/biography/126882/tom-schamberg;https://www.gencourt.state.nh.us/downloads/Members.txt;https://www.gencourt.state.nh.us/house/members/member.aspx?member=377166;https://www.gencourt.state.nh.us/house/members/member.aspx?pid=771;https://www.linkedin.com/in/tom-schamberg-2019a220,,,,,,,,,,,
ocd-person/e325954b-c90e-4b1e-aadb-3f5cc7ec1671,Thomas Walsh,Republican,Merrimack 10,lower,Thomas,Walsh,Male,thomas.walsh@gc.nh.gov,,,,https://storage.googleapis.com/enview-dev-public-general/legislative-people-photos/49464.jpg,https://gc.nh.gov/house/members/member.aspx?member=377187;https://gencourt.state.nh.us/downloads/Members.txt;https://www.gencourt.state.nh.us/downloads/Members.txt;https://www.gencourt.state.nh.us/house/members/member.aspx?member=377187;https://www.gencourt.state.nh.us/house/members/member.aspx?pid=791,https://ballotpedia.org/Thomas_Walsh_(New_Hampshire);https://en.wikipedia.org/wiki/Thomas_Walsh_(New_Hampshire_politician);https://gc.nh.gov/house/members/member.aspx?member=377187;https://gencourt.state.nh.us/downloads/Members.txt;https://gencourt.state.nh.us/downloads/members.txt;https://justfacts.votesmart.org/candidate/biography/143325/thomas-walsh-iv;https://www.gencourt.state.nh.us/downloads/Members.txt;https://www.gencourt.state.nh.us/house/members/member.aspx?member=377187;https://www.gencourt.state.nh.us/house/members/member.aspx?pid=791,,,,,,,,,,,
ocd-person/25d71e57-9def-4149-8257-2bfb3c5e5415,Tom Cormen,Democratic,Grafton 15,lower,Tom,Cormen,Male,thomas.cormen@gc.nh.gov,,,,https://storage.googleapis.com/enview-dev-public-general/legislative-people-photos/123202.jpg,https://gc.nh.gov/house/members/member.aspx?pid=10769;https://www.gencourt.state.nh.us/house/members/member.aspx?pid=10769,https://ballotpedia.org/Thomas_Cormen;https://cormenfornh.com/#about;https://en.wikipedia.org/wiki/Thomas_H._Cormen;https://gc.nh.gov/house/members/member.aspx?pid=10769;https://justfacts.votesmart.org/candidate/biography/210472/thomas-cormen;https://www.gencourt.state.nh.us/house/members/member.aspx?pid=10769;https://www.linkedin.com/in/thomas-cormen-521684168,,,,,,,,,,,
ocd-person/22809c1b-0676-4ad9-8d0e-8a0a9d19063a,Tom Buco,Democratic,Carroll 1,lower,Tom,Buco,Male,tom.buco@gc.nh.gov,,,,https://storage.googleapis.com/enview-dev-public-general/legislative-people-photos/49512.jpg,https://gc.nh.gov/house/members/member.aspx?member=376645;https://gencourt.state.nh.us/downloads/Members.txt;https://www.gencourt.state.nh.us/downloads/Members.txt;https://www.gencourt.state.nh.us/house/members/member.aspx?member=376645;https://www.gencourt.state.nh.us/house/members/member.aspx?pid=523,https://ballotpedia.org/Tom_Buco;https://gc.nh.gov/house/members/member.aspx?member=376645;https://gencourt.state.nh.us/downloads/Members.txt;https://gencourt.state.nh.us/downloads/members.txt;https://justfacts.votesmart.org/candidate/biography/42231/thomas-buco;https://www.gencourt.state.nh.us/downloads/Members.txt;https://www.gencourt.state.nh.us/house/members/member.aspx?member=376645;https://www.gencourt.state.nh.us/house/members/member.aspx?pid=523;https://www.linkedin.com/in/tom-buco-17486233,,,,,,,,,,,
ocd-person/21a4a059-a8f3-4ec9-ac42-84983f16fb8d,Thomas Kaczynski,Republican,Strafford 5,lower,Thomas,Kaczynski,Male,thomas.kaczynski@gc.nh.gov,,,,https://www.citizenscount.org/sites/default/files/styles/profile_140x176/public/candidate-images/tkaczynskisth22.jpg,https://gc.nh.gov/house/members/member.aspx?pid=915;https://gencourt.state.nh.us/downloads/Members.txt;https://gencourt.state.nh.us/house/members/member.aspx?pid=915;https://www.gencourt.state.nh.us/house/members/member.aspx?pid=915,"https://ballotpedia.org/Thomas_L._Kaczynski,_Jr.;https://en.wikipedia.org/wiki/Thomas_Kaczynski_Jr.;https://gc.nh.gov/house/members/member.aspx?pid=915;https://gencourt.state.nh.us/downloads/Members.txt;https://gencourt.state.nh.us/downloads/members.txt;https://gencourt.state.nh.us/house/members/member.aspx?pid=915;https://justfacts.votesmart.org/candidate/biography/42343/thomas-kaczynski-jr;https://www.gencourt.state.nh.us/house/members/member.aspx?member=377241;https://www.gencourt.state.nh.us/house/members/member.aspx?pid=915",,,,,,,,,,,
ocd-person/4febed48-b7fd-4b44-98e8-fb20de52968e,Tom Southworth,Democratic,Strafford 11,lower,Tom,Southworth,Male,thomas.southworth@gc.nh.gov,,,,https://storage.googleapis.com/enview-dev-public-general/legislative-people-photos/49839.jpg,https://gc.nh.gov/house/members/member.aspx?member=377316;https://gencourt.state.nh.us/downloads/Members.txt;https://www.gencourt.state.nh.us/downloads/Members.txt;https://www.gencourt.state.nh.us/house/members/member.aspx?member=377316;https://www.gencourt.state.nh.us/house/members/member.aspx?pid=918,https://ballotpedia.org/Tom_Southworth;https://en.wikipedia.org/wiki/Thomas_Southworth;https://gc.nh.gov/house/members/member.aspx?member=377316;https://gencourt.state.nh.us/downloads/Members.txt;https://gencourt.state.nh.us/downloads/members.txt;https://justfacts.votesmart.org/candidate/biography/141797/thomas-southworth;https://www.gencourt.state.nh.us/downloads/Members.txt;https://www.gencourt.state.nh.us/house/members/member.aspx?member=377316;https://www.gencourt.state.nh.us/house/members/member.aspx?pid=918,,,,,,,,,,,
ocd-person/077af83c-d03f-45d9-8bcd-28574d9422c0,Thomas Oppel,Democratic,Grafton 9,lower,Thomas,Oppel,Male,thomas.oppel@gc.nh.gov,,,,https://www.nhnonprofits.org/sites/default/files/profile-photos/consultants/ThomasPOppel%20Close%20Up.jpeg,https://gc.nh.gov/house/members/member.aspx?pid=11182;https://gencourt.state.nh.us/house/members/member.aspx?pid=11182,https://ballotpedia.org/Thomas_Oppel;https://en.wikipedia.org/wiki/Thomas_Oppel;https://gc.nh.gov/house/members/member.aspx?pid=11182;https://gencourt.state.nh.us/house/members/member.aspx?pid=11182;https://justfacts.votesmart.org/candidate/biography/218908/thomas-oppel;https://www.linkedin.com/in/thomas-oppel-380b585;https://www.o2strategies.com/who-we-are,,,,,,,,,,,
ocd-person/5b26425f-330d-458b-b8f6-b6a2b1997b41,Tim Hartnett,Democratic,Hillsborough 41,lower,Tim,Hartnett,Male,tim.hartnett@gc.nh.gov,,,,https://www.citizenscount.org/sites/default/files/2024-09/tim-hartnett.jpg,https://gc.nh.gov/house/members/member.aspx?pid=11220;https://gencourt.state.nh.us/house/members/member.aspx?pid=11220,https://ballotpedia.org/Tim_Hartnett;https://en.wikipedia.org/wiki/Tim_Hartnett;https://gc.nh.gov/house/members/member.aspx?pid=11220;https://gencourt.state.nh.us/house/members/member.aspx?pid=11220;https://justfacts.votesmart.org/candidate/219017/tim-hartnett,,,,,,,,,,,
ocd-person/5e093007-fbc4-44da-a096-5eac6ae040f2,Tim Mannion,Republican,Hillsborough 1,lower,Tim,Mannion,Male,tim.mannion@gc.nh.gov,,,,https://www.citizenscount.org/sites/default/files/styles/profile_140x176/public/2024-08/tim-mannion.png?itok=o-p0HVXg,https://gc.nh.gov/house/members/member.aspx?pid=11332;https://gencourt.state.nh.us/house/members/member.aspx?pid=11332,https://ballotpedia.org/Tim_Mannion;https://en.wikipedia.org/wiki/Tim_Mannion;https://gc.nh.gov/house/members/member.aspx?pid=11332;https://gencourt.state.nh.us/house/members/member.aspx?pid=11332;https://justfacts.votesmart.org/candidate/biography/218917/tim-mannion,,,,,,,,,,,
ocd-person/18d80f49-9f78-441e-bf28-1ed0929b5fd3,Tim McGough,Republican,11,upper,Tim,McGough,Male,tim.mcgough@gc.nh.gov,,,,https://storage.googleapis.com/enview-dev-public-general/legislative-people-photos/123352.jpg,https://gc.nh.gov/senate/members/webpages/district11.aspx;https://gencourt.state.nh.us/senate/members/webpages/district11.aspx;https://www.gencourt.state.nh.us/house/members/member.aspx?pid=5686,https://ballotpedia.org/Tim_McGough;https://en.wikipedia.org/wiki/Tim_McGough;https://gc.nh.gov/senate/members/webpages/district11.aspx;https://gencourt.state.nh.us/senate/members/webpages/district11.aspx;https://justfacts.votesmart.org/candidate/14269/tim-mcgough;https://votemcgough.org/about;https://www.gencourt.state.nh.us/house/members/member.aspx?pid=5686;https://www.linkedin.com/in/timmcgough;https://www.votemcgough.org/about,,,,,,,,,,,
ocd-person/edcefea3-7cd4-4128-92ef-b22bc4a7c0b4,Timothy Soucy,Democratic,Merrimack 21,lower,Timothy,Soucy,Male,timothy.soucy@gc.nh.gov,,,,https://storage.googleapis.com/enview-dev-public-general/legislative-people-photos/50360.jpg,https://gc.nh.gov/house/members/member.aspx?member=376869;https://gencourt.state.nh.us/downloads/Members.txt;https://www.gencourt.state.nh.us/downloads/Members.txt;https://www.gencourt.state.nh.us/house/members/member.aspx?member=376869;https://www.gencourt.state.nh.us/house/members/member.aspx?pid=599,https://ballotpedia.org/Timothy_Soucy;https://en.wikipedia.org/wiki/Timothy_Soucy;https://gc.nh.gov/house/members/member.aspx?member=376869;https://gencourt.state.nh.us/downloads/Members.txt;https://gencourt.state.nh.us/downloads/members.txt;https://justfacts.votesmart.org/candidate/biography/109848/timothy-soucy;https://www.gencourt.state.nh.us/downloads/Members.txt;https://www.gencourt.state.nh.us/house/members/member.aspx?member=376869;https://www.gencourt.state.nh.us/house/members/member.aspx?pid=599,,,,,,,,,,,
ocd-person/5330ad05-ce69-47c0-9093-6286233c7a7d,Tim Lang,Republican,2,upper,Tim,Lang,Male,timothy.lang@gc.nh.gov,,,,https://storage.googleapis.com/enview-dev-public-general/legislative-people-photos/59100.jpg,https://gc.nh.gov/senate/members/webpages/district02.aspx;https://gencourt.state.nh.us/senate/members/webpages/district02.aspx;https://www.gencourt.state.nh.us/Senate/members/webpages/district02.aspx,"https://ballotpedia.org/Timothy_Lang,_Sr.;https://en.wikipedia.org/wiki/Timothy_Lang_Sr.;https://gc.nh.gov/senate/members/webpages/district02.aspx;https://gencourt.state.nh.us/senate/members/webpages/district02.aspx;https://justfacts.votesmart.org/candidate/biography/141853/timothy-lang-sr;https://www.gencourt.state.nh.us/Senate/members/webpages/district02.aspx;https://www.linkedin.com/in/tlangsr",,,,,,,,,,,
ocd-person/2a11a559-c16e-4211-82ea-215951d74c1f,Timothy Horrigan,Democratic,Strafford 10,lower,Timothy,Horrigan,Male,timothy.horrigan@gc.nh.gov,,1956-10-03,,https://storage.googleapis.com/enview-dev-public-general/legislative-people-photos/50387.jpg,https://gc.nh.gov/house/members/member.aspx?member=376826;https://gencourt.state.nh.us/downloads/Members.txt;https://www.gencourt.state.nh.us/downloads/Members.txt;https://www.gencourt.state.nh.us/house/members/member.aspx?member=376826;https://www.gencourt.state.nh.us/house/members/member.aspx?pid=579,https://ballotpedia.org/Timothy_Horrigan;https://en.wikipedia.org/wiki/Timothy_Horrigan;https://gc.nh.gov/house/members/member.aspx?member=376826;https://gencourt.state.nh.us/downloads/Members.txt;https://gencourt.state.nh.us/downloads/members.txt;https://justfacts.votesmart.org/candidate/biography/110051/timothy-horrigan;https://www.gencourt.state.nh.us/downloads/Members.txt;https://www.gencourt.state.nh.us/house/members/member.aspx?member=376826;https://www.gencourt.state.nh.us/house/members/member.aspx?pid=579;https://www.linkedin.com/in/timothyhorrigan,,,,,,,,,,,
ocd-person/6bf9fba1-96e4-46af-843d-5e006d357acd,Tom Mannion,Republican,Hillsborough 1,lower,Tom,Mannion,Male,tom.mannion@gc.nh.gov,,,,https://s3.amazonaws.com/ballotpedia-api4/files/thumbs/200/300/Tom_Mannion.jpg,https://gc.nh.gov/house/members/member.aspx?pid=10622;https://www.gencourt.state.nh.us/house/members/member.aspx?pid=10622,https://ballotpedia.org/Tom_Mannion;https://en.wikipedia.org/wiki/Tom_Mannion_(politician);https://gc.nh.gov/house/members/member.aspx?pid=10622;https://justfacts.votesmart.org/candidate/biography/209008/tom-mannion;https://www.gencourt.state.nh.us/house/members/member.aspx?pid=10622,,,,,,,,,,,
ocd-person/330b6b4b-dfa6-4379-ae45-bedd9b276fcd,Tom Dolan,Republican,Rockingham 16,lower,Tom,Dolan,Male,tom.dolan@gc.nh.gov,,,,https://www.citizenscount.org/sites/default/files/styles/profile_140x176/public/candidate-images/TomDolan.jpg?itok=7APGZQJ2,https://gc.nh.gov/house/members/member.aspx?pid=9268;https://gencourt.state.nh.us/downloads/Members.txt;https://gencourt.state.nh.us/house/members/member.aspx?pid=9268;https://www.gencourt.state.nh.us/downloads/Members.txt;https://www.gencourt.state.nh.us/house/members/member.aspx?pid=9268,https://ballotpedia.org/Tom_Dolan;https://en.wikipedia.org/wiki/Tom_Dolan_(politician);https://gc.nh.gov/house/members/member.aspx?pid=9268;https://gencourt.state.nh.us/downloads/Members.txt;https://gencourt.state.nh.us/downloads/members.txt;https://gencourt.state.nh.us/house/members/member.aspx?pid=9268;https://justfacts.votesmart.org/candidate/biography/185508/tom-dolan;https://www.gencourt.state.nh.us/downloads/Members.txt;https://www.gencourt.state.nh.us/house/members/member.aspx?member=408903;https://www.gencourt.state.nh.us/house/members/member.aspx?pid=9268;https://www.linkedin.com/in/tom-dolan-13298611,,,,,,,,,,,
ocd-person/8f685697-5fb0-4966-8cd0-ad3059650f8d,Tom Ploszaj,Independent,Belknap 1,lower,Tom,Ploszaj,Male,tom.ploszaj@gc.nh.gov,,,,https://storage.googleapis.com/enview-dev-public-general/legislative-people-photos/93655.jpg,https://gc.nh.gov/house/members/member.aspx?pid=9860;https://gencourt.state.nh.us/downloads/Members.txt;https://gencourt.state.nh.us/house/members/member.aspx?pid=9860;https://www.gencourt.state.nh.us/house/members/member.aspx?pid=9860,https://ballotpedia.org/Tom_Ploszaj;https://gc.nh.gov/house/members/member.aspx?pid=9860;https://gencourt.state.nh.us/downloads/Members.txt;https://gencourt.state.nh.us/downloads/members.txt;https://gencourt.state.nh.us/house/members/member.aspx?pid=9860;https://justfacts.votesmart.org/candidate/biography/141713/tom-ploszaj;https://www.gencourt.state.nh.us/house/members/member.aspx?pid=9860;https://www.linkedin.com/in/tomploszaj,,,,,,,,,,,
ocd-person/fc03907c-1276-40e7-9838-83f4ab670d03,Toni Weinstein,Democratic,Rockingham 10,lower,Toni,Weinstein,Female,toni.weinstein@gc.nh.gov,,,,https://encrypted-tbn0.gstatic.com/images?q=tbn:ANd9GcSeF798K5fu9ufFGapNpGIR3cL9CQU3pTwebA&s,https://gc.nh.gov/house/members/member.aspx?pid=11252;https://gencourt.state.nh.us/house/members/member.aspx?pid=11252,https://ballotpedia.org/Toni_Weinstein;https://en.wikipedia.org/wiki/Toni_Weinstein;https://gc.nh.gov/house/members/member.aspx?pid=11252;https://gencourt.state.nh.us/house/members/member.aspx?pid=11252;https://justfacts.votesmart.org/candidate/219200/toni-weinstein;https://www.linkedin.com/in/toni-weinstein-49714586,,,,,,,,,,,
ocd-person/960dc748-e7c7-4859-ab1d-b07f9bb7b269,Tony Caplan,Democratic,Merrimack 8,lower,Tony,Caplan,Male,tony.caplan@gc.nh.gov,,,,https://storage.googleapis.com/enview-dev-public-general/legislative-people-photos/93771.jpg,https://gc.nh.gov/house/members/member.aspx?pid=9923;https://gencourt.state.nh.us/downloads/Members.txt;https://gencourt.state.nh.us/house/members/member.aspx?pid=9923;https://www.gencourt.state.nh.us/house/members/member.aspx?pid=9923,https://anthonycaplanwrites.blogspot.com;https://ballotpedia.org/Tony_Caplan;https://en.wikipedia.org/wiki/Tony_Caplan;https://gc.nh.gov/house/members/member.aspx?pid=9923;https://gencourt.state.nh.us/downloads/Members.txt;https://gencourt.state.nh.us/downloads/members.txt;https://gencourt.state.nh.us/house/members/member.aspx?pid=9923;https://justfacts.votesmart.org/candidate/biography/194923/tony-caplan;https://www.gencourt.state.nh.us/house/members/member.aspx?pid=9923;https://www.linkedin.com/in/anthony-caplan-09b1a27,,,,,,,,,,,
ocd-person/31497c82-3d45-49e4-9232-1c435a5c72e3,Tracy Bricchi,Democratic,Merrimack 15,lower,Tracy,Bricchi,Female,tracy.bricchi@gc.nh.gov,,,,https://nhhousedems.org/wp-content/uploads/2024/10/Tracy-Bricchi-1-1024x683.jpg,https://gc.nh.gov/house/members/member.aspx?pid=11235;https://gencourt.state.nh.us/house/members/member.aspx?pid=11235,https://ballotpedia.org/Tracy_Bricchi;https://en.wikipedia.org/wiki/Tracy_Bricchi;https://gc.nh.gov/house/members/member.aspx?pid=11235;https://gencourt.state.nh.us/house/members/member.aspx?pid=11235;https://justfacts.votesmart.org/candidate/biography/219148/tracy-bricchi;https://www.linkedin.com/in/tracy-bricchi-9246532b,,,,,,,,,,,
ocd-person/f5b14d40-aa28-485b-ab61-dc07c647384a,Travis Corcoran,Republican,Hillsborough 28,lower,Travis,Corcoran,Male,tjic2020@gmail.com,,,,https://travis4nh.com/wp-content/uploads/2022/07/tjic_clark_hat-250x300.jpg,https://gc.nh.gov/house/members/member.aspx?pid=10666;https://gencourt.state.nh.us/house/members/member.aspx?pid=10666;https://www.gencourt.state.nh.us/house/members/member.aspx?pid=10666,https://ballotpedia.org/Travis_Corcoran;https://en.wikipedia.org/wiki/Travis_Corcoran;https://gc.nh.gov/house/members/member.aspx?pid=10666;https://gencourt.state.nh.us/house/members/member.aspx?pid=10666;https://justfacts.votesmart.org/candidate/209056/travis-corcoran;https://www.gencourt.state.nh.us/house/members/member.aspx?pid=10666;https://www.linkedin.com/in/tjamescorcoran,,,,,,,,,,,
ocd-person/9b0c88d1-3fd7-465a-b24e-3675d18a2dde,Travis Toner,Republican,Belknap 4,lower,Travis,Toner,Male,travis.toner@gc.nh.gov,,,,https://encrypted-tbn0.gstatic.com/images?q=tbn:ANd9GcRizqJ_tS8jAPyZ-fKtwnpQbcWBFXF3QEH0ug&s,https://gc.nh.gov/house/members/member.aspx?pid=11309;https://gencourt.state.nh.us/house/members/member.aspx?pid=11309,https://ballotpedia.org/Travis_Toner;https://en.wikipedia.org/wiki/Travis_Toner;https://gc.nh.gov/house/members/member.aspx?pid=11309;https://gencourt.state.nh.us/house/members/member.aspx?pid=11309;https://justfacts.votesmart.org/candidate/biography/218738/travis-toner;https://www.travistonerfornhrep.com,,,,,,,,,,,
ocd-person/6164e59b-1d52-4ee4-aa53-28ea86884757,Trinidad Tellez,Democratic,Hillsborough 40,lower,Trinidad,Tellez,Female,trinidad.tellez@gc.nh.gov,,,,https://i0.wp.com/healthequitystrategiesllc.com/wp-content/uploads/2021/06/trini-headshot-pink.jpeg,https://gc.nh.gov/house/members/member.aspx?pid=10820;https://www.gencourt.state.nh.us/house/members/member.aspx?pid=10820,https://ballotpedia.org/Trinidad_Tellez;https://en.wikipedia.org/wiki/Trinidad_Tellez;https://gc.nh.gov/house/members/member.aspx?pid=10820;https://justfacts.votesmart.org/candidate/208862/trinidad-tellez;https://www.gencourt.state.nh.us/house/members/member.aspx?pid=10820;https://www.linkedin.com/in/trinidad-tellez-md,,,,,,,,,,,
ocd-person/8c0d6811-045b-46ca-91c6-86e360249246,Valerie McDonnell,Republican,Rockingham 25,lower,Valerie,McDonnell,Female,valerie.mcdonnell@gc.nh.gov,,2004-05-25,,https://mcdonnellforsalem.files.wordpress.com/2022/05/img-8527.jpg?w=1024,https://gc.nh.gov/house/members/member.aspx?pid=10706;https://www.gencourt.state.nh.us/house/members/member.aspx?pid=10706,https://ballotpedia.org/Valerie_McDonnell;https://en.wikipedia.org/wiki/Valerie_McDonnell;https://gc.nh.gov/house/members/member.aspx?pid=10706;https://justfacts.votesmart.org/candidate/210485/valerie-mcdonnell;https://www.gencourt.state.nh.us/house/members/member.aspx?pid=10706;https://www.linkedin.com/in/valerie-mcdonnell-39072b255,,,,,,,,,,,
ocd-person/5c985922-36b3-4d80-986d-1f9c363920f1,Vanessa Sheehan,Republican,Hillsborough 43,lower,Vanessa,Sheehan,Female,vanessa@vanessa4nh.com,,,,https://storage.googleapis.com/enview-dev-public-general/legislative-people-photos/93872.jpg,https://gc.nh.gov/house/members/member.aspx?pid=9907;https://gencourt.state.nh.us/downloads/Members.txt;https://gencourt.state.nh.us/house/members/member.aspx?pid=9907;https://www.gencourt.state.nh.us/house/members/member.aspx?pid=9907,https://ballotpedia.org/Vanessa_Sheehan;https://en.wikipedia.org/wiki/Vanessa_Sheehan;https://gc.nh.gov/house/members/member.aspx?pid=9907;https://gencourt.state.nh.us/downloads/Members.txt;https://gencourt.state.nh.us/downloads/members.txt;https://gencourt.state.nh.us/house/members/member.aspx?pid=9907;https://justfacts.votesmart.org/candidate/biography/195016/vanessa-sheehan;https://www.gencourt.state.nh.us/house/members/member.aspx?pid=9907;https://www.linkedin.com/in/vanessa-sheehan-34a268258,,,,,,,,,,,
ocd-person/ee2f53d6-9f8b-46ef-82e1-53ba6eae54bd,Vicki Wilson,Republican,Rockingham 9,lower,Vicki,Wilson,Female,vicki.wilson@gc.nh.gov,,,,,https://gc.nh.gov/house/members/member.aspx?pid=11403;https://gencourt.state.nh.us/house/members/member.aspx?pid=11403,https://ballotpedia.org/Vicki_Wilson;https://en.wikipedia.org/wiki/Vicki_Wilson_(politician);https://gc.nh.gov/house/members/member.aspx?pid=11403;https://gencourt.state.nh.us/house/members/member.aspx?pid=11403;https://justfacts.votesmart.org/candidate/219198/vicki-wilson;https://www.linkedin.com/in/vicki-wilson-824934a8,,,,,,,,,,,
ocd-person/dbf39ca6-e569-4078-b150-f63c51784d80,Victoria Sullivan,Republican,18,upper,Victoria,Sullivan,Female,victoria.sullivan@gc.nh.gov,,1968-06-21,,https://storage.googleapis.com/enview-dev-public-general/legislative-people-photos/50177.jpg,https://gc.nh.gov/senate/members/webpages/district18.aspx;https://gencourt.state.nh.us/senate/members/webpages/district18.aspx,https://ballotpedia.org/Victoria_Sullivan;https://en.wikipedia.org/wiki/Victoria_Sullivan;https://gc.nh.gov/senate/members/webpages/district18.aspx;https://gencourt.state.nh.us/senate/members/webpages/district18.aspx;https://justfacts.votesmart.org/candidate/biography/154491/victoria-sullivan,,,,,,,,,,,
ocd-person/236f5df6-87b6-488d-86cd-a1ed3a5adb81,Terry Spilsbury,Republican,Sullivan 3,lower,Terry,Spilsbury,Male,walter.spilsbury@gc.nh.gov,,1954-12-03,,https://storage.googleapis.com/enview-dev-public-general/legislative-people-photos/93835.jpg,https://gc.nh.gov/house/members/member.aspx?pid=9950;https://gencourt.state.nh.us/downloads/Members.txt;https://gencourt.state.nh.us/house/members/member.aspx?pid=9950;https://www.gencourt.state.nh.us/house/members/member.aspx?pid=9950,https://ballotpedia.org/Walter_Spilsbury;https://en.wikipedia.org/wiki/Walter_Spilsbury;https://gc.nh.gov/house/members/member.aspx?pid=9950;https://gencourt.state.nh.us/downloads/Members.txt;https://gencourt.state.nh.us/downloads/members.txt;https://gencourt.state.nh.us/house/members/member.aspx?pid=9950;https://justfacts.votesmart.org/candidate/biography/194722/walter-spilsbury;https://www.gencourt.state.nh.us/house/members/member.aspx?pid=9950,,,,,,,,,,,
ocd-person/8588302c-ac8c-4b58-9444-0c9f29448aa0,Wayne MacDonald,Republican,Rockingham 16,lower,Wayne,MacDonald,Male,elephantsmarching@msn.com,,1954-09-06,,https://storage.googleapis.com/enview-dev-public-general/legislative-people-photos/93952.jpg,https://gc.nh.gov/house/members/member.aspx?pid=9951;https://gencourt.state.nh.us/downloads/Members.txt;https://gencourt.state.nh.us/house/members/member.aspx?pid=9951;https://www.gencourt.state.nh.us/house/members/member.aspx?pid=9951,https://ballotpedia.org/Wayne_MacDonald;https://en.wikipedia.org/wiki/Wayne_MacDonald;https://gc.nh.gov/house/members/member.aspx?pid=9951;https://gencourt.state.nh.us/downloads/Members.txt;https://gencourt.state.nh.us/downloads/members.txt;https://gencourt.state.nh.us/house/members/member.aspx?pid=9951;https://justfacts.votesmart.org/candidate/195047/wayne-macdonald;https://www.gencourt.state.nh.us/house/members/member.aspx?pid=9951;https://www.linkedin.com/in/wayne-macdonald-017b6178,,,,,,,,,,,
ocd-person/891b5235-2e56-4bbf-820a-ca7c928324e1,Wayne Hemingway,Republican,Sullivan 6,lower,Wayne,Hemingway,Male,wayne.hemingway@gc.nh.gov,,,,http://img1.wsimg.com/isteam/ip/dd261d25-a088-4d57-bcaf-6c1d15a130ab/IMG_1581.jpg,https://gc.nh.gov/house/members/member.aspx?pid=11439;https://gencourt.state.nh.us/house/members/member.aspx?pid=11439,https://ballotpedia.org/Wayne_Hemingway;https://en.wikipedia.org/wiki/Wayne_Hemingway_(politician);https://gc.nh.gov/house/members/member.aspx?pid=11439;https://gencourt.state.nh.us/house/members/member.aspx?pid=11439;https://justfacts.votesmart.org/candidate/biography/219263/wayne-hemingway,,,,,,,,,,,
ocd-person/4c3783ee-340d-4891-abf6-c4dfa6a030e3,Wayne Burton,Democratic,Strafford 10,lower,Wayne,Burton,Male,wayne.burton@gc.nh.gov,,,,http://www.gencourt.state.nh.us/house/images/memberpics/373142.jpg,https://gc.nh.gov/house/members/member.aspx?pid=974;https://gencourt.state.nh.us/house/members/member.aspx?pid=974;https://www.gencourt.state.nh.us/downloads/Members.txt,https://ballotpedia.org/Wayne_M._Burton;https://en.wikipedia.org/wiki/Wayne_Burton_(politician);https://gc.nh.gov/house/members/member.aspx?pid=974;https://gencourt.state.nh.us/house/members/member.aspx?pid=974;https://justfacts.votesmart.org/candidate/biography/154361/wayne-burton;https://www.gencourt.state.nh.us/downloads/Members.txt;https://www.gencourt.state.nh.us/house/members/member.aspx?member=373142;https://www.linkedin.com/in/wayne-burton-5b00b66,,,,,,,,,,,
ocd-person/a56c3553-5c3b-4638-89a5-e1d97ccd4516,Wayne Pearson,Democratic,Strafford 12,lower,Wayne,Pearson,Male,wayne.pearson@gc.nh.gov,,,,https://nhhousedems.org/wp-content/uploads/2024/10/Wayne-Pearson-1-1024x819.jpg,https://gc.nh.gov/house/members/member.aspx?pid=11283;https://gencourt.state.nh.us/house/members/member.aspx?pid=11283,https://ballotpedia.org/Wayne_Pearson;https://en.wikipedia.org/wiki/Wayne_Pearson;https://gc.nh.gov/house/members/member.aspx?pid=11283;https://gencourt.state.nh.us/house/members/member.aspx?pid=11283;https://justfacts.votesmart.org/candidate/biography/219227/wayne-pearson;https://www.linkedin.com/in/waynecpearson;https://www.wcpearson.com/index,,,,,,,,,,,
ocd-person/2375b05c-cf9a-4f1b-a4b0-194fac6d86bf,Wendy Thomas,Democratic,Hillsborough 12,lower,Wendy,Thomas,Female,wendy.thomas@gc.nh.gov,,,,https://nhwn.files.wordpress.com/2010/05/wendy-shot.jpg?w=676,https://gc.nh.gov/house/members/member.aspx?pid=9093;https://gencourt.state.nh.us/house/members/member.aspx?pid=9093;https://www.gencourt.state.nh.us/downloads/Members.txt;https://www.gencourt.state.nh.us/house/members/member.aspx?pid=9093,https://ballotpedia.org/Wendy_Thomas;https://en.wikipedia.org/wiki/Wendy_Thomas_(politician);https://gc.nh.gov/house/members/member.aspx?pid=9093;https://gencourt.state.nh.us/house/members/member.aspx?pid=9093;https://justfacts.votesmart.org/candidate/66834/wendy-thomas;https://www.gencourt.state.nh.us/downloads/Members.txt;https://www.gencourt.state.nh.us/house/members/member.aspx?member=408864;https://www.gencourt.state.nh.us/house/members/member.aspx?pid=9093;https://www.linkedin.com/in/wendy-thomas-225a555,,,,,,,,,,,
ocd-person/4c6a4d79-307b-4e5f-9d63-ba4f60a6892c,Will Darby,Democratic,Hillsborough 11,lower,Will,Darby,Male,will.darby@gc.nh.gov,,,,https://storage.googleapis.com/enview-dev-public-general/legislative-people-photos/123118.jpg,https://gc.nh.gov/house/members/member.aspx?pid=10785;https://www.gencourt.state.nh.us/house/members/member.aspx?pid=10785,https://ballotpedia.org/William_Darby;https://en.wikipedia.org/wiki/Will_Darby;https://gc.nh.gov/house/members/member.aspx?pid=10785;https://justfacts.votesmart.org/candidate/208813/william-darby;https://www.gencourt.state.nh.us/house/members/member.aspx?pid=10785;https://www.linkedin.com/in/willdarby,,,,,,,,,,,
ocd-person/967b5d85-d526-49ad-941a-1401fa855998,Bill Dolan,Democratic,Hillsborough 9,lower,Bill,Dolan,Male,william.dolan@gc.nh.gov,,,,http://dolanforrep.com/wp-content/uploads/2022/10/Professional-Photo-SMALL.jpg,https://gc.nh.gov/house/members/member.aspx?pid=10784;https://www.gencourt.state.nh.us/house/members/member.aspx?pid=10784,https://ballotpedia.org/William_Dolan;https://en.wikipedia.org/wiki/William_Dolan;https://gc.nh.gov/house/members/member.aspx?pid=10784;https://justfacts.votesmart.org/candidate/208811/william-dolan;https://www.gencourt.state.nh.us/house/members/member.aspx?pid=10784;https://www.linkedin.com/in/williamdolan978,,,,,,,,,,,
ocd-person/0e14232e-aea6-4da6-9380-c59375f58e7c,Bill Palmer,Democratic,Sullivan 2,lower,Bill,Palmer,Male,william.palmer@gc.nh.gov,,,,"https://img1.wsimg.com/isteam/ip/738dae47-37b5-49b6-abe3-e67d73f8b065/profile%20picture%2024x27_image_palmernh_220703.png/:/rs=w:1160,h:1305",https://gc.nh.gov/house/members/member.aspx?pid=10906;https://gencourt.state.nh.us/house/members/member.aspx?pid=10906;https://www.gencourt.state.nh.us/house/members/member.aspx?pid=10906,https://ballotpedia.org/William_Palmer_(New_Hampshire);https://en.wikipedia.org/wiki/William_Palmer_(New_Hampshire_politician);https://gc.nh.gov/house/members/member.aspx?pid=10906;https://gencourt.state.nh.us/house/members/member.aspx?pid=10906;https://justfacts.votesmart.org/candidate/biography/208961/bill-palmer;https://www.gencourt.state.nh.us/house/members/member.aspx?pid=10906,,,,,,,,,,,
ocd-person/3bc62111-d292-4ae2-a648-43b858308394,Yury Polozov,Republican,Merrimack 10,lower,Yury,Polozov,Male,yury.polozov@gc.nh.gov,,,,https://www.citizenscount.org/sites/default/files/styles/profile_140x176/public/2022-09/yuri-polozov.jpg?itok=ES4GDjOh,https://gc.nh.gov/house/members/member.aspx?pid=10676;https://www.gencourt.state.nh.us/house/members/member.aspx?pid=10676,https://ballotpedia.org/Yury_Polozov;https://en.wikipedia.org/wiki/Yury_Polozov;https://gc.nh.gov/house/members/member.aspx?pid=10676;https://justfacts.votesmart.org/candidate/biography/209181/yury-polozov;https://www.gencourt.state.nh.us/house/members/member.aspx?pid=10676;https://www.linkedin.com/in/yury-p-77148736,,,,,,,,,,,
ocd-person/82019391-800c-469e-b17b-fbbf700b6555,Zoe Manos,Democratic,Rockingham 12,lower,Zoe,Manos,Female,zoe.manos@gc.nh.gov,,,,https://www.gannett-cdn.com/presto/2022/10/20/NPOH/d99fd355-15a2-43ba-b2ac-6f0353ba64e3-Manos.jpeg?width=300&height=317&fit=crop&format=pjpg&auto=webp,https://gc.nh.gov/house/members/member.aspx?pid=10857;https://www.gencourt.state.nh.us/house/members/member.aspx?pid=10857,https://ballotpedia.org/Zoe_Manos;https://en.wikipedia.org/wiki/Zoe_Manos;https://gc.nh.gov/house/members/member.aspx?pid=10857;https://justfacts.votesmart.org/candidate/208916/zoe-manos;https://www.gencourt.state.nh.us/house/members/member.aspx?pid=10857;https://www.linkedin.com/in/zoe-r-manos-65057757,,,,,,,,,,,
