id,name,current_party,current_district,current_chamber,given_name,family_name,gender,email,biography,birth_date,death_date,image,links,sources,capitol_address,capitol_voice,capitol_fax,district_address,district_voice,district_fax,twitter,youtube,instagram,facebook,wikidata
ocd-person/d358cf84-b9ae-4bce-bb28-aa083fe082b4,Al Abdelaziz,Democratic,35,lower,Al,Abdelaziz,Male,asmabdelaziz@njleg.org,,,,,https://www.assemblydems.com/388/Alaa-Al-Abdelaziz---District-35;https://www.njleg.state.nj.us/legislative-roster/498/assemblyman-abdelaziz,https://ballotpedia.org/Alaa_Abdelaziz;https://en.wikipedia.org/wiki/Al_Abdelaziz;https://justfacts.votesmart.org/candidate/biography/187190/alaa-abdelaziz;https://www.assemblydems.com/388/Alaa-Al-Abdelaziz---District-35;https://www.njleg.state.nj.us/legislative-roster/498/assemblyman-abdelaziz,,,,"680 Broadway Suite 207, Paterson, NJ 07514",862-264-2540,862-264-1003,,,,,
ocd-person/525b3307-b007-4cfa-8166-efb0810fcda7,Al Barlas,Republican,40,lower,Al,Barlas,Male,asmbarlas@njleg.org,,1981-06-21,,,https://www.njassemblygop.com/218/Al-Barlas;https://www.njassemblygop.com/asm-barlas/;https://www.njleg.state.nj.us/legislative-roster/494/assemblyman-barlas,https://ballotpedia.org/Al_Barlas;https://en.wikipedia.org/wiki/Al_Barlas;https://justfacts.votesmart.org/candidate/biography/211694/al-barlas;https://www.linkedin.com/in/al-b-50449a7a;https://www.njassemblygop.com/218/Al-Barlas;https://www.njassemblygop.com/asm-barlas;https://www.njleg.state.nj.us/legislative-roster/494/assemblyman-barlas,,,,"100 Passaic Ave. Suite 155, Fairfield, NJ 07004",862-702-8458,,,,,,
ocd-person/fc986c0e-c1cd-422f-80c1-4d3691f34f28,Alex Sauickie,Republican,12,lower,Alex,Sauickie,Male,asmsauickie@njleg.org,,1971-01-25,,,https://njleg.state.nj.us/legislative-roster/454/assemblyman-sauickie;https://www.njassemblygop.com/233/Alex-Sauickie;https://www.njassemblygop.com/sauickie/;https://www.njleg.state.nj.us/legislative-roster/454/assemblyman-sauickie,https://assemblymanalex.com;https://ballotpedia.org/Alex_Sauickie;https://en.wikipedia.org/wiki/Alex_Sauickie;https://justfacts.votesmart.org/candidate/biography/210460/alex-sauickie-iii;https://njleg.state.nj.us/legislative-roster/454/assemblyman-sauickie;https://www.linkedin.com/in/alexsauickie;https://www.njassemblygop.com/233/Alex-Sauickie;https://www.njassemblygop.com/sauickie;https://www.njleg.state.nj.us/api/legislatorData/legislatorBio/454;https://www.njleg.state.nj.us/legislative-roster;https://www.njleg.state.nj.us/legislative-roster/454/assemblyman-sauickie,,,,"405 Route 539, Cream Ridge, NJ 08514",609-758-0205,,,,,,
ocd-person/b5f9d8c9-0f98-4d89-8a5f-82152f41687d,Alixon Collazos-Gill,Democratic,27,lower,Alixon,Collazos-Gill,Female,aswcollazosgill@njleg.org,,1977-01-27,,,https://www.assemblydems.com/204/Alixon-Collazos-Gill---District-27;https://www.assemblydems.com/alixon-collazos-gill/;https://www.njleg.state.nj.us/legislative-roster/480/assemblywoman-collazos-gill,https://ballotpedia.org/Alixon_Collazos-Gill;https://en.wikipedia.org/wiki/Alixon_Collazos-Gill;https://justfacts.votesmart.org/candidate/biography/212204/alixon-collazos-gill;https://www.assemblydems.com/204/Alixon-Collazos-Gill---District-27;https://www.assemblydems.com/alixon-collazos-gill;https://www.linkedin.com/in/alixon-collazos-b2910b31;https://www.njleg.state.nj.us/legislative-roster/480/assemblywoman-collazos-gill,,,,"39 S. Fullerton Ave. Second Floor, Suite 7, Montclair, NJ 07042",973-509-0388,,,,,,
ocd-person/acf3b54e-9725-4867-aaa5-9275ada21b37,Andrea Katz,Democratic,8,lower,Andrea,Katz,Female,aswkatz@njleg.org,,,,,https://www.assemblydems.com/168/Andrea-Katz---District-8;https://www.assemblydems.com/andrea-katz-2/;https://www.njleg.state.nj.us/legislative-roster/496/assemblywoman-katz,https://ballotpedia.org/Andrea_Katz;https://en.wikipedia.org/wiki/Andrea_Katz;https://justfacts.votesmart.org/candidate/211630/andrea-katz;https://www.assemblydems.com/168/Andrea-Katz---District-8;https://www.assemblydems.com/andrea-katz-2;https://www.linkedin.com/in/aswandreakatz;https://www.njleg.state.nj.us/legislative-roster/496/assemblywoman-katz,,,,"100 High St. Suite 101, Mount Holly, NJ 08060",609-850-2397,,,,,,
ocd-person/bd2c37cd-6c84-406e-9e38-95bd83f20f0f,Andrew Macurdy,Democratic,21,lower,Andrew,Macurdy,Male,asmmacurdy@njleg.org,,,,,https://njleg.state.nj.us/legislative-roster/505/assemblyman-macurdy;https://www.assemblydems.com/400/Andrew-Macurdy---District-21,https://ballotpedia.org/Andrew_Macurdy;https://en.wikipedia.org/wiki/Andrew_Macurdy;https://njleg.state.nj.us/legislative-roster/505/assemblyman-macurdy;https://sanfordheisler.com/team/andrew-macurdy;https://www.assemblydems.com/400/Andrew-Macurdy---District-21;https://www.linkedin.com/in/andrew-macurdy-22658a52,,,,"86 Summit Ave. Suite 302, Summit, NJ 07901",908-679-8499,908-219-4398,,,,,
ocd-person/7782ffcd-73df-41b5-9857-fd7b10953bf3,Andrew Zwicker,Democratic,16,upper,Andrew,Zwicker,Male,senzwicker@njleg.org,,1964-05-17,,https://www.njleg.state.nj.us/members/memberphotos/zwicker_andrew_2019.jpg,https://www.andrewzwicker.com;https://www.njleg.state.nj.us/legislative-roster/436/senator-zwicker;https://www.njleg.state.nj.us/members/bio.asp?Leg=386;https://www.njsendems.org/senators/andrew-zwicker/,https://ballotpedia.org/Andrew_Zwicker;https://en.wikipedia.org/wiki/Andrew_Zwicker;https://justfacts.votesmart.org/candidate/152123/andrew-zwicker;https://www.andrewzwicker.com;https://www.linkedin.com/in/andrew-zwicker-34a5028a;https://www.njleg.state.nj.us/api/legislatorData/legislatorBio/436;https://www.njleg.state.nj.us/downloads.asp;https://www.njleg.state.nj.us/legislative-roster;https://www.njleg.state.nj.us/legislative-roster/436/senator-zwicker;https://www.njleg.state.nj.us/members/abcroster.asp;https://www.njleg.state.nj.us/members/bio.asp?Leg=386;https://www.njleg.state.nj.us/members/BIO.asp?Leg=386;https://www.njsendems.org/senators/andrew-zwicker,,,,"2 Clerico Lane Building 1, Hillsborough, NJ 08844",908-308-8672,,,,,,
ocd-person/d8c826c4-95c7-465b-8448-1f05495bfc45,Angela McKnight,Democratic,31,upper,Angela,McKnight,Female,senmcknight@njleg.org,,1977-03-10,,https://www.njleg.state.nj.us/members/memberphotos/mcknight_color.jpg,https://www.njleg.state.nj.us/legislative-roster/383/assemblywoman-mcknight;https://www.njleg.state.nj.us/legislative-roster/483/senator-mcknight;https://www.njleg.state.nj.us/members/bio.asp?Leg=383;https://www.njsendems.org/183/Angela-V-McKnight,https://ballotpedia.org/Angela_McKnight;https://en.wikipedia.org/wiki/Angela_V._McKnight;https://justfacts.votesmart.org/candidate/biography/156554/angela-mcknight;https://www.angelacares.org/about;https://www.linkedin.com/in/angela-v-mcknight-33992420;https://www.njleg.state.nj.us/api/legislatorData/legislatorBio/383;https://www.njleg.state.nj.us/downloads.asp;https://www.njleg.state.nj.us/legislative-roster;https://www.njleg.state.nj.us/legislative-roster/383/assemblywoman-mcknight;https://www.njleg.state.nj.us/legislative-roster/483/senator-mcknight;https://www.njleg.state.nj.us/members/abcroster.asp;https://www.njleg.state.nj.us/members/bio.asp?Leg=383;https://www.njleg.state.nj.us/members/BIO.asp?Leg=383;https://www.njsendems.org/183/Angela-V-McKnight,,,,"2324 John F. Kennedy Blvd., Jersey City, NJ 07304",201-360-2502,,,,,,
ocd-person/ec370db8-c51e-4022-9868-5cad9c38e97d,Annette Quijano,Democratic,20,lower,Annette,Quijano,Female,aswquijano@njleg.org,,1962-07-04,,https://www.njleg.state.nj.us/members/memberphotos/quijano_annette_2020.jpg,https://www.assemblydems.com/170/Annette-Quijano---District-20;https://www.assemblydems.com/annette-quijano/;https://www.njleg.state.nj.us/legislative-roster/309/assemblywoman-quijano;https://www.njleg.state.nj.us/members/bio.asp?Leg=309,https://ballotpedia.org/Annette_Quijano;https://en.wikipedia.org/wiki/Annette_Quijano;https://justfacts.votesmart.org/candidate/biography/110881/annette-quijano;https://www.assemblydems.com/170/Annette-Quijano---District-20;https://www.assemblydems.com/annette-quijano;https://www.linkedin.com/in/annette-quijano-58957a7;https://www.njleg.state.nj.us/api/legislatorData/legislatorBio/309;https://www.njleg.state.nj.us/downloads.asp;https://www.njleg.state.nj.us/legislative-roster;https://www.njleg.state.nj.us/legislative-roster/309/assemblywoman-quijano;https://www.njleg.state.nj.us/members/abcroster.asp;https://www.njleg.state.nj.us/members/bio.asp?Leg=309;https://www.njleg.state.nj.us/members/BIO.asp?Leg=309,,,,"985 Stuyvesant Ave., Union, NJ 07083",908-624-0880,,,,,,
ocd-person/21b098a3-5f30-40c7-9169-1d4b92402a99,Anthony Angelozzi,Democratic,8,lower,Anthony,Angelozzi,Male,asmangelozzi@njleg.org,,1985-05-08,,,https://njleg.state.nj.us/legislative-roster/502/assemblyman-angelozzi;https://www.assemblydems.com/398/Anthony-Angelozzi---District-8,https://ballotpedia.org/Anthony_Angelozzi;https://en.wikipedia.org/wiki/Anthony_Angelozzi;https://justfacts.votesmart.org/candidate/biography/211631/anthony-angelozzi;https://njleg.state.nj.us/legislative-roster/502/assemblyman-angelozzi;https://www.assemblydems.com/398/Anthony-Angelozzi---District-8;https://www.linkedin.com/in/anthonyangelozzi85,,,,"135 Jackson Road Suite 1B, Medford, NJ 08055",640-600-4279,,,,,,
ocd-person/f321f20f-b8af-4d0b-85ba-e7b8dcf9ae03,Tony Bucco,Republican,25,upper,Tony,Bucco,Male,senbucco@njleg.org,,1962-04-12,,https://www.njleg.state.nj.us/members/memberphotos/bucco_a_m_color.jpg,https://bucco.senatenj.com/;https://www.njleg.state.nj.us/legislative-roster/419/senator-bucco;https://www.njleg.state.nj.us/members/bio.asp?Leg=419;https://www.senatenj.com/159/Anthony-M-Bucco---District-25---Republic,"https://ballotpedia.org/Anthony_Bucco,_Jr.;https://en.wikipedia.org/wiki/Tony_Bucco;https://justfacts.votesmart.org/candidate/biography/122157/anthony-bucco-jr;https://www.linkedin.com/in/asmbucco;https://www.njleg.state.nj.us/api/legislatorData/legislatorBio/419;https://www.njleg.state.nj.us/downloads.asp;https://www.njleg.state.nj.us/legislative-roster;https://www.njleg.state.nj.us/legislative-roster/419/senator-bucco;https://www.njleg.state.nj.us/members/abcroster.asp;https://www.njleg.state.nj.us/members/bio.asp?Leg=419;https://www.njleg.state.nj.us/members/BIO.asp?Leg=419;https://www.senatenj.com/159/Anthony-M-Bucco---District-25---Republic",,,,"75 Bloomfield Ave. Suite 302, Third Floor, Denville, NJ 07834",973-627-9700,,,,,,
ocd-person/c6d61a12-eeb5-4400-943d-68a81b0728f0,Anthony Verrelli,Democratic,15,lower,Anthony,Verrelli,Male,asmverrelli@njleg.org,,1964-01-06,,https://www.njleg.state.nj.us/members/memberphotos/verrelli_anthony_2020.jpg,https://www.assemblydems.com/177/Anthony-S-Verrelli---District-15;https://www.assemblydems.com/anthony-verrelli/;https://www.njleg.state.nj.us/legislative-roster/416/assemblyman-verrelli;https://www.njleg.state.nj.us/members/bio.asp?Leg=416,https://ballotpedia.org/Anthony_Verrelli;https://en.wikipedia.org/wiki/Anthony_Verrelli;https://justfacts.votesmart.org/candidate/biography/185078/anthony-verrelli;https://www.assemblydems.com/177/Anthony-S-Verrelli---District-15;https://www.assemblydems.com/anthony-verrelli;https://www.linkedin.com/in/anthony-verrelli-224b206;https://www.linkedin.com/in/anthony-verrelli-79ab8167;https://www.njleg.state.nj.us/api/legislatorData/legislatorBio/416;https://www.njleg.state.nj.us/downloads.asp;https://www.njleg.state.nj.us/legislative-roster;https://www.njleg.state.nj.us/legislative-roster/416/assemblyman-verrelli;https://www.njleg.state.nj.us/members/abcroster.asp;https://www.njleg.state.nj.us/members/bio.asp?Leg=416;https://www.njleg.state.nj.us/members/BIO.asp?Leg=416,,,,"150 W. State St. Suite 100B, Trenton, NJ 08608",609-292-0500,609-571-9645,,,,,
ocd-person/4ebe8d6e-9814-4f68-aa9f-148c0942eaab,Antwan McClellan,Republican,1,lower,Antwan,McClellan,Male,asmmcclellan@njleg.org,,,,http://www.njleg.state.nj.us/members/memberphotos/mcclellan_antwan_2020.jpg,https://www.njassemblygop.com/212/Antwan-McClellan;https://www.njassemblygop.com/mcclellan/;https://www.njleg.state.nj.us/legislative-roster/425/assemblyman-mcclellan,https://ballotpedia.org/Antwan_McClellan;https://en.wikipedia.org/wiki/Antwan_McClellan;https://justfacts.votesmart.org/candidate/186292/antwan-mcclellan;https://www.linkedin.com/in/antwan-mcclellan-b95b2b86;https://www.njassemblygop.com/212/Antwan-McClellan;https://www.njassemblygop.com/mcclellan;https://www.njleg.state.nj.us/api/legislatorData/legislatorBio/425;https://www.njleg.state.nj.us/legislative-roster;https://www.njleg.state.nj.us/legislative-roster/425/assemblyman-mcclellan,,,,"610 E. Landis Ave., Vineland, NJ 08360",609-778-2012,,,,,,
ocd-person/03aa8bec-9d7e-41e7-ad20-b5ba1991cab6,Aura Dunn,Republican,25,lower,Aura,Dunn,Female,aswdunn@njleg.org,,1971-11-15,,https://www.njleg.state.nj.us/members/memberphotos/dunn_aura_2020.jpg,https://www.njassemblygop.com/221/Aura-Dunn;https://www.njassemblygop.com/dunn/;https://www.njleg.state.nj.us/legislative-roster/428/assemblywoman-dunn,https://ballotpedia.org/Aura_Kenny_Dunn;https://en.wikipedia.org/wiki/Aura_K._Dunn;https://justfacts.votesmart.org/candidate/186342/aura-dunn;https://www.linkedin.com/in/aura-dunn-0b90265;https://www.linkedin.com/in/aura-kenny-dunn-0b90265;https://www.njassemblygop.com/221/Aura-Dunn;https://www.njassemblygop.com/dunn;https://www.njleg.state.nj.us/api/legislatorData/legislatorBio/428;https://www.njleg.state.nj.us/legislative-roster;https://www.njleg.state.nj.us/legislative-roster/428/assemblywoman-dunn,,,,"60 Washington St. Suite 303, Morristown, NJ 07960",973-206-1876,,,,,,
ocd-person/4dab8e3a-93be-4ad7-8cb1-5009e4c7d232,Avi Schnall,Democratic,30,lower,Avi,Schnall,Male,asmschnall@njleg.org,,1984-07-03,,,https://www.assemblydems.com/210/Alexander-Avi-Schnall---District-30;https://www.assemblydems.com/avi-schnall/;https://www.njleg.state.nj.us/legislative-roster/482/assemblyman-schnall,https://ballotpedia.org/Avi_Schnall;https://en.wikipedia.org/wiki/Avi_Schnall;https://justfacts.votesmart.org/candidate/biography/212883/avi-schnall;https://www.assemblydems.com/210/Alexander-Avi-Schnall---District-30;https://www.assemblydems.com/avi-schnall;https://www.assemblydems.com/avi-schnall/;https://www.linkedin.com/in/avischnall;https://www.njleg.state.nj.us/legislative-roster/482/assemblyman-schnall,,,,"500 River Ave. Suite 220, Lakewood, NJ 08701",848-245-9486,,,,,,
ocd-person/a189187b-df3f-4f10-8e5c-744ad7071787,Balvir Singh,Democratic,7,lower,Balvir,Singh,Male,asmsingh@njleg.org,,1984-11-09,,,https://www.assemblydems.com/389/Balvir-Singh---District-7;https://www.njleg.state.nj.us/legislative-roster/500/assemblyman-singh,https://ballotpedia.org/Balvir_Singh;https://en.wikipedia.org/wiki/Balvir_Singh;https://justfacts.votesmart.org/candidate/biography/200615/balvir-singh;https://www.assemblydems.com/389/Balvir-Singh---District-7;https://www.linkedin.com/in/BalvirSingh;https://www.njleg.state.nj.us/legislative-roster/500/assemblyman-singh,,,,"Delran Professional Center 8008 Route 130 North, Building C, Suite 450, Delran, NJ 08075",856-461-3997,,,,,,
ocd-person/18fa38fc-954e-43d9-a294-a2068828216e,Benjie Wimberly,Democratic,35,upper,Benjie,Wimberly,Male,senwimberly@njleg.org,,1964-12-01,,https://www.njleg.state.nj.us/members/memberphotos/wimberly_color.jpg,https://www.assemblydems.com/176/Benjie-E-Wimberly---District-35;https://www.assemblydems.com/benjie-wimberly/;https://www.njleg.state.nj.us/legislative-roster/347/assemblyman-wimberly;https://www.njleg.state.nj.us/legislative-roster/499/senator-wimberly;https://www.njleg.state.nj.us/members/bio.asp?Leg=347;https://www.njsendems.org/241/Benjie-E-Wimberly,https://ballotpedia.org/Benjie_Wimberly;https://en.wikipedia.org/wiki/Benjie_E._Wimberly;https://justfacts.votesmart.org/candidate/biography/129849/benjie-wimberly;https://www.assemblydems.com/176/Benjie-E-Wimberly---District-35;https://www.assemblydems.com/benjie-wimberly;https://www.linkedin.com/in/benjie-wimberly-9b360b17;https://www.njleg.state.nj.us/api/legislatorData/legislatorBio/347;https://www.njleg.state.nj.us/downloads.asp;https://www.njleg.state.nj.us/legislative-roster;https://www.njleg.state.nj.us/legislative-roster/347/assemblyman-wimberly;https://www.njleg.state.nj.us/legislative-roster/499/senator-wimberly;https://www.njleg.state.nj.us/members/abcroster.asp;https://www.njleg.state.nj.us/members/bio.asp?Leg=347;https://www.njleg.state.nj.us/members/BIO.asp?Leg=347;https://www.njsendems.org/241/Benjie-E-Wimberly,,,,"301 Main St. Suite 360, Paterson, NJ 07505",973-925-7061,,,,,,
ocd-person/177d44ba-0c93-4e26-b245-84aa2239f7b4,Bob Smith,Democratic,17,upper,Bob,Smith,Male,senbsmith@njleg.org,,1947-03-25,,https://www.njleg.state.nj.us/members/memberphotos/smith_bob_2021.jpg,https://www.njleg.state.nj.us/legislative-roster/53/senator-smith;https://www.njleg.state.nj.us/members/bio.asp?Leg=53;https://www.njsendems.org/senators/bob-smith/,"https://ballotpedia.org/Bob_Smith,_New_Jersey_Senator;https://en.wikipedia.org/wiki/Bob_Smith_(New_Jersey_State_Senator);https://justfacts.votesmart.org/candidate/biography/4201/bob-smith;https://www.linkedin.com/in/bob-smith-b9b7916;https://www.njleg.state.nj.us/api/legislatorData/legislatorBio/53;https://www.njleg.state.nj.us/downloads.asp;https://www.njleg.state.nj.us/legislative-roster;https://www.njleg.state.nj.us/legislative-roster/53/senator-smith;https://www.njleg.state.nj.us/members/abcroster.asp;https://www.njleg.state.nj.us/members/bio.asp?Leg=53;https://www.njleg.state.nj.us/members/BIO.asp?Leg=53;https://www.njsendems.org/senators/bob-smith",,,,"216 Stelton Road Suite E-5, Piscataway, NJ 08854",732-752-0770,,,,,,
ocd-person/006c1bd9-54e9-49be-9d02-12dda1119149,Brian Bergen,Republican,26,lower,Brian,Bergen,Male,asmbergen@njleg.org,,1979-07-08,,https://www.njleg.state.nj.us/members/memberphotos/bergen_brian_2020.jpg,https://www.njassemblygop.com/161/Brian-Bergen;https://www.njassemblygop.com/bergen/;https://www.njleg.state.nj.us/legislative-roster/423/assemblyman-bergen;https://www.njleg.state.nj.us/members/bio.asp?Leg=423,https://ballotpedia.org/Brian_Bergen;https://en.wikipedia.org/wiki/Brian_Bergen;https://justfacts.votesmart.org/candidate/biography/186340/brian-bergen;https://www.linkedin.com/in/briangbergen;https://www.njassemblygop.com/161/Brian-Bergen;https://www.njassemblygop.com/bergen;https://www.njleg.state.nj.us/api/legislatorData/legislatorBio/423;https://www.njleg.state.nj.us/downloads.asp;https://www.njleg.state.nj.us/legislative-roster;https://www.njleg.state.nj.us/legislative-roster/423/assemblyman-bergen;https://www.njleg.state.nj.us/members/abcroster.asp;https://www.njleg.state.nj.us/members/bio.asp?Leg=423;https://www.njleg.state.nj.us/members/BIO.asp?Leg=423,,,,"5 E. Main St. Suite 22B, Denville, NJ 07834",973-539-8113,,,,,,
ocd-person/d6731a7f-a22e-48dd-8bba-fd2c155c16c3,Brian Rumpf,Republican,9,lower,Brian,Rumpf,Male,asmrumpf@njleg.org,,1964-05-11,,https://www.njleg.state.nj.us/members/memberphotos/rumpf_brian_2020.jpg,https://www.njassemblygop.com/215/Brian-Rumpf;https://www.njassemblygop.com/rumpf/;https://www.njleg.state.nj.us/legislative-roster/228/assemblyman-rumpf;https://www.njleg.state.nj.us/members/bio.asp?Leg=228,https://ballotpedia.org/Brian_Rumpf;https://en.wikipedia.org/wiki/Brian_E._Rumpf;https://justfacts.votesmart.org/candidate/biography/43228/brian-rumpf;https://www.linkedin.com/in/brian-rumpf-b3a63b350;https://www.njassemblygop.com/215/Brian-Rumpf;https://www.njassemblygop.com/rumpf;https://www.njassemblygop.com/rumpf/;https://www.njleg.state.nj.us/api/legislatorData/legislatorBio/228;https://www.njleg.state.nj.us/downloads.asp;https://www.njleg.state.nj.us/legislative-roster;https://www.njleg.state.nj.us/legislative-roster/228/assemblyman-rumpf;https://www.njleg.state.nj.us/members/abcroster.asp;https://www.njleg.state.nj.us/members/bio.asp?Leg=228;https://www.njleg.state.nj.us/members/BIO.asp?Leg=228,,,,"400 N. Main St., Building 1 Suites 1 and 2, Forked River, NJ 08050",609-693-6700,,,,,,
ocd-person/6f616307-dafe-44ca-a6b3-5f9516d21f89,Brian Stack,Democratic,33,upper,Brian,Stack,Male,senstack@njleg.org,,1966-05-16,,https://www.njleg.state.nj.us/members/memberphotos/stack_color.jpg,https://www.njleg.state.nj.us/legislative-roster/306/senator-stack;https://www.njleg.state.nj.us/members/bio.asp?Leg=306;https://www.njsendems.org/senators/brian-p-stack/,https://ballotpedia.org/Brian_Stack;https://en.wikipedia.org/wiki/Brian_P._Stack;https://justfacts.votesmart.org/candidate/biography/43373/brian-stack;https://www.njleg.state.nj.us/api/legislatorData/legislatorBio/306;https://www.njleg.state.nj.us/downloads.asp;https://www.njleg.state.nj.us/legislative-roster;https://www.njleg.state.nj.us/legislative-roster/306/senator-stack;https://www.njleg.state.nj.us/members/abcroster.asp;https://www.njleg.state.nj.us/members/bio.asp?Leg=306;https://www.njleg.state.nj.us/members/BIO.asp?Leg=306;https://www.njsendems.org/senators/brian-p-stack,,,,"323 60th St., West New York, NJ 07093",201-721-5263,201-721-5986,,,,,
ocd-person/707e3027-d06f-4346-8c11-3ff1becbe725,Britnee Timberlake,Democratic,34,upper,Britnee,Timberlake,Female,sentimberlake@njleg.org,,1986-05-14,,https://www.njleg.state.nj.us/members/memberphotos/timberlake_britnee_2018.jpg,https://www.assemblydems.com/britnee-timberlake/;https://www.njleg.state.nj.us/legislative-roster/407/assemblywoman-timberlake;https://www.njleg.state.nj.us/legislative-roster/490/senator-timberlake;https://www.njleg.state.nj.us/members/bio.asp?Leg=407;https://www.njsendems.org/senators/britnee-timberlake/,https://ballotpedia.org/Britnee_Timberlake;https://en.wikipedia.org/wiki/Britnee_Timberlake;https://www.linkedin.com/in/britnee-timberlake-655a2231;https://www.njleg.state.nj.us/api/legislatorData/legislatorBio/407;https://www.njleg.state.nj.us/downloads.asp;https://www.njleg.state.nj.us/legislative-roster;https://www.njleg.state.nj.us/legislative-roster/407/assemblywoman-timberlake;https://www.njleg.state.nj.us/legislative-roster/490/senator-timberlake;https://www.njleg.state.nj.us/members/abcroster.asp;https://www.njleg.state.nj.us/members/bio.asp?Leg=407;https://www.njleg.state.nj.us/members/BIO.asp?Leg=407;https://www.njsendems.org/senators/britnee-timberlake,,,,"520 Main St. Suite 1, East Orange, NJ 07018",973-395-1166,,,,,,
ocd-person/0f0e1edc-6ab5-4fca-8999-2db3229c5d19,Carmen Amato,Republican,9,upper,Carmen,Amato,Male,senamato@njleg.org,,,,,https://www.njleg.state.nj.us/legislative-roster/465/senator-amato;https://www.senatenj.com/206/Carmen-Amato---District-9,https://ballotpedia.org/Carmen_Amato_Jr.;https://justfacts.votesmart.org/candidate/biography/81264/carmen-amato-jr;https://www.linkedin.com/in/carmen-amato-b1422a177;https://www.njleg.state.nj.us/legislative-roster/465/senator-amato;https://www.senatenj.com/206/Carmen-Amato---District-9,,,,"400 N. Main St., Building 1 Suites 1 and 2, Manahawkin, NJ 08050",609-693-6700,,,,,,
ocd-person/38f2061a-a83f-45bc-92a2-817f44d6b377,Carmen Morales,Democratic,34,lower,Carmen,Morales,Female,aswmorales@njleg.org,,1977-10-13,,,https://www.assemblydems.com/237/Carmen-Morales---District-34;https://www.assemblydems.com/carmen-morales/;https://www.njleg.state.nj.us/legislative-roster/491/assemblywoman-morales,https://ballotpedia.org/Carmen_Morales;https://en.wikipedia.org/wiki/Carmen_Morales_(New_Jersey_politician);https://justfacts.votesmart.org/candidate/biography/211688/carmen-morales;https://www.assemblydems.com/237/Carmen-Morales---District-34;https://www.assemblydems.com/carmen-morales;https://www.linkedin.com/in/carmen-t-morales-ed-d-0293939;https://www.linkedin.com/in/carmen-t-morales-ed-s-0293939;https://www.njleg.state.nj.us/legislative-roster/491/assemblywoman-morales,,,,"152 Franklin St., Belleville, NJ 07109",973-450-0484,,,,,,
ocd-person/c33b5f2b-0494-414f-aa84-d2286ae46095,Carol Murphy,Democratic,7,lower,Carol,Murphy,Female,aswmurphy@njleg.org,,,,https://www.njleg.state.nj.us/members/memberphotos/murphy_carol_2021.jpg,https://www.assemblydems.com/167/Carol-Murphy---District-7;https://www.assemblydems.com/carol-murphy/;https://www.njleg.state.nj.us/legislative-roster/397/assemblywoman-murphy;https://www.njleg.state.nj.us/members/bio.asp?Leg=397,https://ballotpedia.org/Carol_Murphy_(New_Jersey);https://en.wikipedia.org/wiki/Carol_A._Murphy;https://justfacts.votesmart.org/candidate/biography/55121/carol-murphy;https://www.assemblydems.com/167/Carol-Murphy---District-7;https://www.assemblydems.com/carol-murphy;https://www.linkedin.com/in/assemblywoman-carol-murphy-29955416;https://www.njleg.state.nj.us/api/legislatorData/legislatorBio/397;https://www.njleg.state.nj.us/downloads.asp;https://www.njleg.state.nj.us/legislative-roster;https://www.njleg.state.nj.us/legislative-roster/397/assemblywoman-murphy;https://www.njleg.state.nj.us/members/abcroster.asp;https://www.njleg.state.nj.us/members/bio.asp?Leg=397;https://www.njleg.state.nj.us/members/BIO.asp?Leg=397,,,,"750 Centerton Road, Mount Laurel, NJ 08054",856-242-2018,,,,,,
ocd-person/383fdfc0-c14a-433f-8f1d-a29e6350c5ca,Chigozie Onyema,Democratic,28,lower,Chigozie,Onyema,Male,asmonyema@njleg.org,,,,,https://njleg.state.nj.us/legislative-roster/507/assemblyman-onyema;https://www.assemblydems.com/406/Chigozie-Onyema---District-28,https://ballotpedia.org/Chigozie_Onyema;https://njleg.state.nj.us/legislative-roster/507/assemblyman-onyema;https://www.assemblydems.com/406/Chigozie-Onyema---District-28,,,,"111 Dunnel Road Suite 100, Maplewood, NJ 07040",973-762-1886,,,,,,
ocd-person/33050562-f29d-4c4f-9e21-022822792a5c,Chris DePhillips,Republican,40,lower,Chris,DePhillips,Male,asmdephillips@njleg.org,,1965-03-30,,https://www.njleg.state.nj.us/members/memberphotos/dephillips_christopher_2020.jpg,https://www.njassemblygop.com/213/Christopher-DePhillips;https://www.njassemblyrepublicans.com/dephillips/;https://www.njleg.state.nj.us/legislative-roster/404/assemblyman-dephillips;https://www.njleg.state.nj.us/members/bio.asp?Leg=404,https://ballotpedia.org/Christopher_DePhillips;https://en.wikipedia.org/wiki/Christopher_DePhillips;https://justfacts.votesmart.org/candidate/biography/176343/christopher-dephillips;https://www.linkedin.com/in/cpdephillips;https://www.njassemblygop.com/213/Christopher-DePhillips;https://www.njassemblyrepublicans.com/dephillips;https://www.njleg.state.nj.us/api/legislatorData/legislatorBio/404;https://www.njleg.state.nj.us/downloads.asp;https://www.njleg.state.nj.us/legislative-roster;https://www.njleg.state.nj.us/legislative-roster/404/assemblyman-dephillips;https://www.njleg.state.nj.us/members/abcroster.asp;https://www.njleg.state.nj.us/members/bio.asp?Leg=404;https://www.njleg.state.nj.us/members/BIO.asp?Leg=404,,,,,,,,,,,
ocd-person/c5469bd6-29bd-4054-9ac0-3577d17422d4,Cleopatra Tucker,Democratic,28,lower,Cleopatra,Tucker,Female,aswtucker@njleg.org,,1943-04-09,,https://www.njleg.state.nj.us/members/memberphotos/tucker_cleopatra_2017.jpg,https://www.assemblydems.com/199/Cleopatra-G-Tucker---District-28;https://www.assemblydems.com/cleopatra-tucker/;https://www.njleg.state.nj.us/legislative-roster/285/assemblywoman-tucker;https://www.njleg.state.nj.us/members/bio.asp?Leg=285,https://ballotpedia.org/Cleopatra_Tucker;https://en.wikipedia.org/wiki/Cleopatra_Tucker;https://justfacts.votesmart.org/candidate/biography/69745/cleopatra-tucker;https://www.assemblydems.com/199/Cleopatra-G-Tucker---District-28;https://www.assemblydems.com/cleopatra-tucker;https://www.njleg.state.nj.us/api/legislatorData/legislatorBio/285;https://www.njleg.state.nj.us/downloads.asp;https://www.njleg.state.nj.us/legislative-roster;https://www.njleg.state.nj.us/legislative-roster/285/assemblywoman-tucker;https://www.njleg.state.nj.us/members/abcroster.asp;https://www.njleg.state.nj.us/members/bio.asp?Leg=285;https://www.njleg.state.nj.us/members/BIO.asp?Leg=285,,,,"1079 Bergen St., Newark, NJ 07112",973-926-4320,,,,,,
ocd-person/5475b510-25ec-4354-abb5-f1f03c3ea2c3,Clinton Calabrese,Democratic,36,lower,Clinton,Calabrese,Male,asmcalabrese@njleg.org,,1986-03-04,,https://www.njleg.state.nj.us/members/memberphotos/calabrese_clinton_2018.jpg,https://www.assemblydems.com/226/Clinton-Calabrese---District-36;https://www.assemblydems.com/clinton-calabrese/;https://www.njleg.state.nj.us/legislative-roster/408/assemblyman-calabrese;https://www.njleg.state.nj.us/members/bio.asp?Leg=408,https://ballotpedia.org/Clinton_Calabrese;https://en.wikipedia.org/wiki/Clinton_Calabrese;https://justfacts.votesmart.org/candidate/biography/178198/clinton-calabrese;https://www.assemblydems.com/226/Clinton-Calabrese---District-36;https://www.assemblydems.com/clinton-calabrese;https://www.linkedin.com/in/clinton-calabrese-45311531;https://www.njleg.state.nj.us/api/legislatorData/legislatorBio/408;https://www.njleg.state.nj.us/downloads.asp;https://www.njleg.state.nj.us/legislative-roster;https://www.njleg.state.nj.us/legislative-roster/408/assemblyman-calabrese;https://www.njleg.state.nj.us/members/abcroster.asp;https://www.njleg.state.nj.us/members/bio.asp?Leg=408;https://www.njleg.state.nj.us/members/BIO.asp?Leg=408,,,,"613 Bergen Blvd., Ridgefield, NJ 07657",201-943-0615,,,,,,
ocd-person/fab6547d-4f37-4c02-a738-dc4fb0b707e7,Cody Miller,Democratic,4,lower,Cody,Miller,Male,asmmiller@njleg.org,,1990-12-12,,,https://www.assemblydems.com/161/Cody-Miller---District-4;https://www.assemblydems.com/cody-miller/;https://www.njleg.state.nj.us/legislative-roster/463/assemblyman-miller,https://ballotpedia.org/Cody_Miller;https://en.wikipedia.org/wiki/Cody_Miller_(New_Jersey_politician);https://justfacts.votesmart.org/candidate/biography/211624/cody-miller;https://www.assemblydems.com/161/Cody-Miller---District-4;https://www.assemblydems.com/cody-miller;https://www.linkedin.com/in/cody-d-miller-0960b936;https://www.njleg.state.nj.us/legislative-roster/463/assemblyman-miller,,,,"129 Johnson Road Suite 1, Turnersville, NJ 08012",856-232-6700,,,,,,
ocd-person/9d1ae08a-66b3-4d68-bafe-956d4eaeb57f,Craig Coughlin,Democratic,19,lower,Craig,Coughlin,Male,asmcoughlin@njleg.org,,1958-01-31,,https://www.njleg.state.nj.us/members/memberphotos/coughlin_craig_2017.jpg,https://www.assemblydems.com/185/Craig-J-Coughlin---District-19;https://www.assemblydems.com/craig-coughlin/;https://www.njleg.state.nj.us/legislative-roster/319/assemblyman-coughlin;https://www.njleg.state.nj.us/members/bio.asp?Leg=319,https://ballotpedia.org/Craig_Coughlin;https://en.wikipedia.org/wiki/Craig_Coughlin;https://justfacts.votesmart.org/candidate/biography/116275/craig-coughlin;https://www.assemblydems.com/185/Craig-J-Coughlin---District-19;https://www.assemblydems.com/craig-coughlin;https://www.linkedin.com/in/craig-coughlin-b4876619;https://www.njleg.state.nj.us/api/legislatorData/legislatorBio/319;https://www.njleg.state.nj.us/downloads.asp;https://www.njleg.state.nj.us/legislative-roster;https://www.njleg.state.nj.us/legislative-roster/319/assemblyman-coughlin;https://www.njleg.state.nj.us/members/abcroster.asp;https://www.njleg.state.nj.us/members/bio.asp?Leg=319;https://www.njleg.state.nj.us/members/BIO.asp?Leg=319,,,,"569 Rahway Ave., Woodbridge, NJ 07095",732-855-7441,,,,,,
ocd-person/fa6aa5c6-0479-4d12-88c0-75480bfbe3a5,Dan Hutchison,Democratic,4,lower,Dan,Hutchison,Male,asmhutchison@njleg.org,,,,,https://www.assemblydems.com/160/Dan-Hutchison---District-4;https://www.assemblydems.com/dan-hutchison/;https://www.njleg.state.nj.us/legislative-roster/462/assemblyman-hutchison,https://ballotpedia.org/Dan_Hutchison;https://en.wikipedia.org/wiki/Dan_Hutchinson;https://justfacts.votesmart.org/candidate/biography/43317/dan-hutchison;https://www.assemblydems.com/160/Dan-Hutchison---District-4;https://www.assemblydems.com/dan-hutchison;https://www.linkedin.com/in/dan-hutchison-b7360511;https://www.njleg.state.nj.us/legislative-roster/462/assemblyman-hutchison,,,,"1379 Chews Landing Road, Laurel Springs, NJ 08021",856-401-3073,,,,,,
ocd-person/64a8c09d-24a2-4d4c-a071-d09f0a30c79f,Dave Bailey,Democratic,3,lower,Dave,Bailey,Male,asmbailey@njleg.org,,1967-03-01,,,https://www.assemblydems.com/157/Dave-Bailey-Jr---District-3;https://www.assemblydems.com/dave-bailey/;https://www.njleg.state.nj.us/legislative-roster/459/assemblyman-bailey,https://ballotpedia.org/Dave_Bailey_Jr.;https://en.wikipedia.org/wiki/David_Bailey_(New_Jersey_politician);https://justfacts.votesmart.org/candidate/212234/dave-bailey;https://www.assemblydems.com/157/Dave-Bailey-Jr---District-3;https://www.assemblydems.com/dave-bailey;https://www.assemblydems.com/dave-bailey/;https://www.linkedin.com/in/dave-bailey-382969b;https://www.njleg.state.nj.us/legislative-roster/459/assemblyman-bailey,,,,"711 N. Main St., Glassboro, NJ 08028",856-226-3530,,,,,,
ocd-person/790ac0bd-71fa-4446-b1fa-b013e4b4f33e,Dawn Fantasia,Republican,24,lower,Dawn,Fantasia,Female,aswfantasia@njleg.org,,1974-01-02,,,https://www.njassemblygop.com/222/Dawn-Fantasia;https://www.njassemblygop.com/fantasia/;https://www.njleg.state.nj.us/legislative-roster/474/assemblywoman-fantasia,https://ballotpedia.org/Dawn_Fantasia;https://en.wikipedia.org/wiki/Dawn_Fantasia;https://justfacts.votesmart.org/candidate/biography/211661/dawn-fantasia;https://www.linkedin.com/in/dawnfantasia;https://www.njassemblygop.com/222/Dawn-Fantasia;https://www.njassemblygop.com/fantasia;https://www.njleg.state.nj.us/legislative-roster/474/assemblywoman-fantasia,,,,"191 Main St. Suite C, Chester, NJ 07930",908-955-7429,,,,,,
ocd-person/ac044b70-7745-435a-9c38-c4af013d0b0e,Declan O'Scanlon,Republican,13,upper,Declan,O'Scanlon,Male,senoscanlon@njleg.org,,1963-06-09,,https://www.njleg.state.nj.us/members/memberphotos/oscanlon_color.jpg,https://oscanlon.senatenj.com/;https://www.njleg.state.nj.us/legislative-roster/394/senator-o'scanlon;https://www.njleg.state.nj.us/members/bio.asp?Leg=394;https://www.senatenj.com/164/Declan-OScanlon---District-13,"https://ballotpedia.org/Declan_O%27Scanlon,_Jr.;https://en.wikipedia.org/wiki/Declan_O%27Scanlon;https://justfacts.votesmart.org/candidate/biography/58171/declan-oscanlon-jr;https://www.linkedin.com/in/declan-o-scanlon-a028a96;https://www.njleg.state.nj.us/api/legislatorData/legislatorBio/394;https://www.njleg.state.nj.us/downloads.asp;https://www.njleg.state.nj.us/legislative-roster;https://www.njleg.state.nj.us/legislative-roster/394/senator-o'scanlon;https://www.njleg.state.nj.us/members/abcroster.asp;https://www.njleg.state.nj.us/members/bio.asp?Leg=394;https://www.njleg.state.nj.us/members/BIO.asp?Leg=394;https://www.senatenj.com/164/Declan-OScanlon---District-13",,,,"101 Crawfords Corner Road Suite 4332, Holmdel, NJ 07733",732-444-1838,,,,,,
ocd-person/df880b40-1e96-49d0-92bc-70732a1cce32,Don Guardian,Republican,2,lower,Don,Guardian,Male,asmguardian@njleg.org,,1953-06-12,,,https://www.njassemblygop.com/224/Donald-Guardian;https://www.njassemblygop.com/guardian/;https://www.njleg.state.nj.us/legislative-roster/437/assemblyman-guardian,https://ballotpedia.org/Don_Guardian;https://en.wikipedia.org/wiki/Don_Guardian;https://justfacts.votesmart.org/candidate/161286/donald-guardian;https://www.njassemblygop.com/224/Donald-Guardian;https://www.njassemblygop.com/guardian;https://www.njleg.state.nj.us/api/legislatorData/legislatorBio/437;https://www.njleg.state.nj.us/legislative-roster;https://www.njleg.state.nj.us/legislative-roster/437/assemblyman-guardian,,,,"3123 Atlantic Ave. Suite 100, Atlantic City, NJ 08401",609-677-8266,,,,,,
ocd-person/2798197f-1516-44ef-9933-99e5b23f19c8,Doug Steinhardt,Republican,23,upper,Doug,Steinhardt,Male,sensteinhardt@njleg.org,,,,,https://steinhardt.senatenj.com/;https://www.njleg.state.nj.us/legislative-roster/456/senator-steinhardt;https://www.senatenj.com/169/Doug-Steinhardt---District-23,https://ballotpedia.org/Doug_Steinhardt;https://en.wikipedia.org/wiki/Doug_Steinhardt;https://justfacts.votesmart.org/candidate/biography/211289/douglas-steinhardt;https://www.linkedin.com/in/douglas-steinhardt-7b1532b;https://www.njleg.state.nj.us/api/legislatorData/legislatorBio/456;https://www.njleg.state.nj.us/legislative-roster;https://www.njleg.state.nj.us/legislative-roster/456/senator-steinhardt;https://www.senatenj.com/169/Doug-Steinhardt---District-23,,,,"127 Belvidere Ave. Second Floor, Washington, NJ 07882",908-835-0552,,,,,,
ocd-person/c17427d2-58a7-45f5-aa6c-a70ca914f8de,Ed Rodriguez,Democratic,20,lower,Ed,Rodriguez,Male,asmrodriguez@njleg.org,,,,,https://njleg.state.nj.us/legislative-roster/503/assemblyman-rodriguez;https://www.assemblydems.com/399/Ed-Rodriguez---District-20,https://ballotpedia.org/Ed_Rodriguez_(New_Jersey);https://njleg.state.nj.us/legislative-roster/503/assemblyman-rodriguez;https://www.assemblydems.com/399/Ed-Rodriguez---District-20;https://www.linkedin.com/in/eduardo-rodriguez-69885a3,,,,"129 E. 1st Ave., Roselle, NJ 07203",908-445-7154,908-445-7157,,,,,
ocd-person/6056438b-65d3-4db4-b0ad-c367074bd47e,Eliana Pintor Marin,Democratic,29,lower,Eliana,Pintor Marin,Female,aswpintormarin@njleg.org,,1980-10-23,,https://www.njleg.state.nj.us/members/memberphotos/pintormarin_eliana_2017.jpg,https://www.assemblydems.com/173/Eliana-Pintor-Marin---District-29;https://www.assemblydems.com/eliana-pintor-marin/;https://www.njleg.state.nj.us/legislative-roster/362/assemblywoman-pintor-marin;https://www.njleg.state.nj.us/members/bio.asp?Leg=362,https://ballotpedia.org/Eliana_Pintor_Marin;https://en.wikipedia.org/wiki/Eliana_Pintor_Marin;https://justfacts.votesmart.org/candidate/biography/145240/eliana-pintor-marin;https://www.assemblydems.com/173/Eliana-Pintor-Marin---District-29;https://www.assemblydems.com/eliana-pintor-marin;https://www.njleg.state.nj.us/api/legislatorData/legislatorBio/362;https://www.njleg.state.nj.us/downloads.asp;https://www.njleg.state.nj.us/legislative-roster;https://www.njleg.state.nj.us/legislative-roster/362/assemblywoman-pintor-marin;https://www.njleg.state.nj.us/members/abcroster.asp;https://www.njleg.state.nj.us/members/bio.asp?Leg=362;https://www.njleg.state.nj.us/members/BIO.asp?Leg=362,,,,"263 Lafayette St. First Floor, Newark, NJ 07105",973-589-0713,,,,,,
ocd-person/e5da04d8-e25f-4ab3-a453-84e692fe89c4,Ellen Park,Democratic,37,lower,Ellen,Park,Female,aswpark@njleg.org,,1972-03-06,,,https://www.assemblydems.com/206/Ellen-Park---District-37;https://www.assemblydems.com/ellen-j-park/;https://www.njleg.state.nj.us/legislative-roster/453/assemblywoman-park,https://ballotpedia.org/Ellen_Park;https://en.wikipedia.org/wiki/Ellen_Park;https://www.assemblydems.com/206/Ellen-Park---District-37;https://www.assemblydems.com/ellen-j-park;https://www.assemblydems.com/ellen-j-park/;https://www.njleg.state.nj.us/api/legislatorData/legislatorBio/453;https://www.njleg.state.nj.us/legislative-roster;https://www.njleg.state.nj.us/legislative-roster/453/assemblywoman-park,,,,"96 Engle St., Englewood, NJ 07631",201-308-7062,,,,,,
ocd-person/df6d2d1f-3fb0-4e93-93cf-26665cae9a23,Erik Peterson,Republican,23,lower,Erik,Peterson,Male,asmpeterson@njleg.org,,1966-03-08,,https://www.njleg.state.nj.us/members/memberphotos/peterson_erik_2020.jpg,https://www.njassemblygop.com/232/Erik-Peterson;https://www.njassemblygop.com/peterson/;https://www.njleg.state.nj.us/legislative-roster/320/assemblyman-peterson;https://www.njleg.state.nj.us/members/bio.asp?Leg=320,https://ballotpedia.org/Erik_Peterson_(New_Jersey);https://en.wikipedia.org/wiki/Erik_Peterson;https://en.wikipedia.org/wiki/Erik_Peterson_(politician);https://justfacts.votesmart.org/candidate/biography/90692/erik-peterson;https://www.njassemblygop.com/232/Erik-Peterson;https://www.njassemblygop.com/peterson;https://www.njassemblygop.com/peterson/;https://www.njleg.state.nj.us/api/legislatorData/legislatorBio/320;https://www.njleg.state.nj.us/downloads.asp;https://www.njleg.state.nj.us/legislative-roster;https://www.njleg.state.nj.us/legislative-roster/320/assemblyman-peterson;https://www.njleg.state.nj.us/members/abcroster.asp;https://www.njleg.state.nj.us/members/bio.asp?Leg=320;https://www.njleg.state.nj.us/members/BIO.asp?Leg=320,,,,"28 Center St., Clinton, NJ 08809",908-238-0251,,,,,,
ocd-person/7f9ebe1c-d4fa-4dd0-8948-7cf6248ffb6d,Erik Simonsen,Republican,1,lower,Erik,Simonsen,Male,asmsimonsen@njleg.org,,,,http://www.njleg.state.nj.us/members/memberphotos/simonsen_erik_2020.jpg,https://www.njassemblygop.com/235/Erik-Simonsen;https://www.njassemblygop.com/simonsen/;https://www.njleg.state.nj.us/legislative-roster/426/assemblyman-simonsen,https://ballotpedia.org/Erik_Simonsen;https://en.wikipedia.org/wiki/Erik_K._Simonsen;https://en.wikipedia.org/wiki/Erik_Simonsen_(politician);https://justfacts.votesmart.org/candidate/186291/erik-simonsen;https://www.linkedin.com/in/asm-erik-simonsen-m-ed-59267929;https://www.njassemblygop.com/235/Erik-Simonsen;https://www.njassemblygop.com/simonsen;https://www.njleg.state.nj.us/api/legislatorData/legislatorBio/426;https://www.njleg.state.nj.us/legislative-roster;https://www.njleg.state.nj.us/legislative-roster/426/assemblyman-simonsen,,,,"610 E. Landis Ave., Vineland, NJ 08360",609-778-2012,,,,,,
ocd-person/2078f4b2-3e69-4e01-aada-3ccf21ba6173,Gabe Rodriguez,Democratic,33,lower,Gabe,Rodriguez,Male,asmrodriguez@njleg.org,,1978-12-06,,,https://www.assemblydems.com/223/Gabriel-Rodriguez---District-33;https://www.assemblydems.com/gabriel-rodriguez/;https://www.njleg.state.nj.us/legislative-roster/489/assemblyman-rodriguez,https://ballotpedia.org/Gabriel_Rodriguez;https://en.wikipedia.org/wiki/Gabe_Rodriguez;https://justfacts.votesmart.org/candidate/biography/161653/gabriel-rodriguez;https://www.assemblydems.com/223/Gabriel-Rodriguez---District-33;https://www.assemblydems.com/gabriel-rodriguez;https://www.linkedin.com/in/gabriel-rodriguez-47b2438;https://www.linkedin.com/in/gabriel-rodriguez-emba-47b2438;https://www.njleg.state.nj.us/legislative-roster/489/assemblyman-rodriguez,,,,"5600 Kennedy Blvd. Suite 103, West New York, NJ 07093",201-223-4247,,,,,,
ocd-person/93a1a3ce-eb52-4e71-b01c-346f41b6bde4,Gary Schaer,Democratic,36,lower,Gary,Schaer,Male,asmschaer@njleg.org,,1951-09-11,,https://www.njleg.state.nj.us/members/memberphotos/schaer_color.jpg,https://www.assemblydems.com/179/Gary-S-Schaer---District-36;https://www.assemblydems.com/gary-schaer/;https://www.njleg.state.nj.us/legislative-roster/258/assemblyman-schaer;https://www.njleg.state.nj.us/members/bio.asp?Leg=258,https://ballotpedia.org/Gary_Schaer;https://en.wikipedia.org/wiki/Gary_Schaer;https://justfacts.votesmart.org/candidate/biography/58622/gary-schaer;https://www.assemblydems.com/179/Gary-S-Schaer---District-36;https://www.assemblydems.com/gary-schaer;https://www.njleg.state.nj.us/api/legislatorData/legislatorBio/258;https://www.njleg.state.nj.us/downloads.asp;https://www.njleg.state.nj.us/legislative-roster;https://www.njleg.state.nj.us/legislative-roster/258/assemblyman-schaer;https://www.njleg.state.nj.us/members/abcroster.asp;https://www.njleg.state.nj.us/members/bio.asp?Leg=258;https://www.njleg.state.nj.us/members/BIO.asp?Leg=258,,,,"1 Howe Ave. Suite 401, Passaic, NJ 07055",973-249-3665,,,,,,
ocd-person/4323bf03-63e6-4f8b-9b2e-3554df7723bf,Gerry Scharfenberger,Republican,13,lower,Gerry,Scharfenberger,Male,asmscharfenberger@njleg.org,,1958-11-29,,http://www.njleg.state.nj.us/members/memberphotos/scharfenberger_gerard_2020a.jpg,https://www.njassemblygop.com/234/Gerry-Scharfenberger;https://www.njassemblygop.com/scharfenberger/;https://www.njleg.state.nj.us/legislative-roster/422/assemblyman-scharfenberger;https://www.njleg.state.nj.us/members/bio.asp?Leg=422,https://ballotpedia.org/Gerard_Scharfenberger;https://en.wikipedia.org/wiki/Gerard_Scharfenberger;https://justfacts.votesmart.org/candidate/biography/75413/gerard-scharfenberger;https://www.linkedin.com/in/gerry-scharfenberger-7a1a1228;https://www.njassemblygop.com/234/Gerry-Scharfenberger;https://www.njassemblygop.com/scharfenberger;https://www.njleg.state.nj.us/api/legislatorData/legislatorBio/422;https://www.njleg.state.nj.us/downloads.asp;https://www.njleg.state.nj.us/legislative-roster;https://www.njleg.state.nj.us/legislative-roster/422/assemblyman-scharfenberger;https://www.njleg.state.nj.us/members/bio.asp?Leg=422,,,,"1715 Highway 35 North Suite 306, Middletown, NJ 07748",732-856-9294,,,,,,
ocd-person/53fe6716-2bdb-4926-993f-4a2cf002ad51,Gordon Johnson,Democratic,37,upper,Gordon,Johnson,Male,senjohnson@njleg.org,,1949-12-16,,https://www.njleg.state.nj.us/members/memberphotos/johnson_color.jpg,https://www.njleg.state.nj.us/legislative-roster/434/senator-johnson;https://www.njsendems.org/senators/gordon-johnson/,https://ballotpedia.org/Gordon_Johnson;https://en.wikipedia.org/wiki/Gordon_M._Johnson;https://justfacts.votesmart.org/candidate/55119/gordon-johnson;https://www.linkedin.com/in/gordon-johnson-10274012;https://www.linkedin.com/in/gordonmjohnson;https://www.njleg.state.nj.us/api/legislatorData/legislatorBio/434;https://www.njleg.state.nj.us/legislative-roster;https://www.njleg.state.nj.us/legislative-roster/434/senator-johnson;https://www.njleg.state.nj.us/members/bio.asp?Leg=214;https://www.njsendems.org/senators/gordon-johnson,,,,"96 Engle St., Englewood, NJ 07631",201-308-7060,,,,,,
ocd-person/85863833-b5e6-40f2-aafc-5a0fc5f790d0,Greg Myhre,Republican,9,lower,Greg,Myhre,Male,asmmyhre@njleg.org,,,,,https://www.njassemblygop.com/231/Gregory-Myhre;https://www.njassemblygop.com/asm-myhre/;https://www.njleg.state.nj.us/legislative-roster/466/assemblyman-myhre,https://ballotpedia.org/Gregory_Myhre;https://en.wikipedia.org/wiki/Greg_Myhre;https://justfacts.votesmart.org/candidate/biography/211633/gregory-myhre;https://www.njassemblygop.com/231/Gregory-Myhre;https://www.njassemblygop.com/asm-myhre;https://www.njleg.state.nj.us/legislative-roster/466/assemblyman-myhre,,,,"800 Atlantic City Blvd. Suites 2 and 3, Bayville, NJ 08721",732-678-1355,732-228-7624,,,,,
ocd-person/2ac520a3-ae36-4936-a9c3-6842401b6c83,Greg McGuckin,Republican,10,lower,Greg,McGuckin,Male,asmmcguckin@njleg.org,,1961-07-02,,https://www.njleg.state.nj.us/members/memberphotos/mcguckin_gregory_2020.jpg,https://www.njassemblygop.com/229/Gregory-McGuckin;https://www.njassemblygop.com/McGuckin/;https://www.njleg.state.nj.us/legislative-roster/341/assemblyman-mcguckin;https://www.njleg.state.nj.us/members/bio.asp?Leg=341,https://ballotpedia.org/Gregory_McGuckin;https://en.wikipedia.org/wiki/Gregory_P._McGuckin;https://justfacts.votesmart.org/candidate/biography/76688/gregory-mcguckin;https://www.njassemblygop.com/229/Gregory-McGuckin;https://www.njassemblygop.com/McGuckin;https://www.njassemblygop.com/McGuckin/;https://www.njleg.state.nj.us/api/legislatorData/legislatorBio/341;https://www.njleg.state.nj.us/downloads.asp;https://www.njleg.state.nj.us/legislative-roster;https://www.njleg.state.nj.us/legislative-roster/341/assemblyman-mcguckin;https://www.njleg.state.nj.us/members/abcroster.asp;https://www.njleg.state.nj.us/members/bio.asp?Leg=341;https://www.njleg.state.nj.us/members/BIO.asp?Leg=341,,,,"852 Highway 70, Brick, NJ 08724",732-840-9028,,,,,,
ocd-person/5d619c98-5127-433c-99c6-adb888ab407b,Heather Simmons,Democratic,3,lower,Heather,Simmons,Female,aswsimmons@njleg.org,,,,,https://www.assemblydems.com/159/Heather-Simmons---District-3;https://www.assemblydems.com/heather-simmons/;https://www.njleg.state.nj.us/legislative-roster/460/assemblywoman-simmons,https://ballotpedia.org/Heather_Simmons;https://en.wikipedia.org/wiki/Heather_Simmons_(New_Jersey_politician);https://justfacts.votesmart.org/candidate/133202/heather-simmons;https://www.assemblydems.com/159/Heather-Simmons---District-3;https://www.assemblydems.com/heather-simmons;https://www.linkedin.com/in/heather-simmons-b3288910;https://www.njleg.state.nj.us/legislative-roster/460/assemblywoman-simmons,,,,"711 N. Main St., Glassboro, NJ 08028",856-226-3530,,,,,,
ocd-person/57fe7d05-af12-4f44-b143-e19814f2cfa2,Holly Schepisi,Republican,39,upper,Holly,Schepisi,Female,senschepisi@njleg.org,,1971-12-20,,https://www.njleg.state.nj.us/members/memberphotos/schepisi_holly_2021.jpg,https://schepisi.senatenj.com/;https://www.njleg.state.nj.us/legislative-roster/430/senator-schepisi;https://www.njleg.state.nj.us/members/bio.asp?Leg=350;https://www.senatenj.com/167/Holly-Schepisi---District-39,https://ballotpedia.org/Holly_Schepisi;https://en.wikipedia.org/wiki/Holly_Schepisi;https://justfacts.votesmart.org/candidate/biography/134860/holly-schepisi;https://www.linkedin.com/in/holly-schepisi-78bb81;https://www.njleg.state.nj.us/api/legislatorData/legislatorBio/430;https://www.njleg.state.nj.us/downloads.asp;https://www.njleg.state.nj.us/legislative-roster;https://www.njleg.state.nj.us/legislative-roster/430/senator-schepisi;https://www.njleg.state.nj.us/members/abcroster.asp;https://www.njleg.state.nj.us/members/bio.asp?Leg=350;https://www.njleg.state.nj.us/members/BIO.asp?Leg=430;https://www.senatenj.com/167/Holly-Schepisi---District-39,,,,"28 West Grand Ave. Suite 15, Montvale, NJ 07645",201-666-0881,,,,,,
ocd-person/87714b2b-1868-4d3f-aa3f-a3d25db0fbc6,Jim Beach,Democratic,6,upper,Jim,Beach,Male,senbeach@njleg.org,,1946-10-28,,https://www.njleg.state.nj.us/members/memberphotos/beach_color.jpg,https://www.njleg.state.nj.us/legislative-roster/310/senator-beach;https://www.njleg.state.nj.us/members/bio.asp?Leg=310;https://www.njsendems.org/senators/james-beach/,https://ballotpedia.org/James_Beach;https://en.wikipedia.org/wiki/James_Beach;https://justfacts.votesmart.org/candidate/biography/110944/james-beach;https://www.linkedin.com/in/james-beach-7010b58;https://www.njleg.state.nj.us/api/legislatorData/legislatorBio/310;https://www.njleg.state.nj.us/downloads.asp;https://www.njleg.state.nj.us/legislative-roster;https://www.njleg.state.nj.us/legislative-roster/310/senator-beach;https://www.njleg.state.nj.us/members/abcroster.asp;https://www.njleg.state.nj.us/members/bio.asp?Leg=310;https://www.njleg.state.nj.us/members/BIO.asp?Leg=310;https://www.njsendems.org/senators/james-beach,,,,"221 Laurel Road Suite 105, Voorhees, NJ 08043",856-429-1572,,,,,,
ocd-person/d80f0df2-57cd-436b-a250-7413ec11fe27,Jim Kennedy,Democratic,22,lower,Jim,Kennedy,Male,asmkennedy@njleg.org,,1953-02-09,,https://www.njleg.state.nj.us/members/memberphotos/kennedy_color.jpg,https://www.assemblydems.com/195/James-J-Kennedy---District-22;https://www.assemblydems.com/james-kennedy/;https://www.njleg.state.nj.us/legislative-roster/381/assemblyman-kennedy;https://www.njleg.state.nj.us/members/bio.asp?Leg=381,https://ballotpedia.org/James_J._Kennedy;https://en.wikipedia.org/wiki/James_J._Kennedy;https://justfacts.votesmart.org/candidate/biography/156538/james-kennedy;https://www.assemblydems.com/195/James-J-Kennedy---District-22;https://www.assemblydems.com/james-kennedy;https://www.linkedin.com/in/james-kennedy-4704b73a;https://www.njleg.state.nj.us/api/legislatorData/legislatorBio/381;https://www.njleg.state.nj.us/downloads.asp;https://www.njleg.state.nj.us/legislative-roster;https://www.njleg.state.nj.us/legislative-roster/381/assemblyman-kennedy;https://www.njleg.state.nj.us/members/abcroster.asp;https://www.njleg.state.nj.us/members/bio.asp?Leg=381;https://www.njleg.state.nj.us/members/BIO.asp?Leg=381,,,,"1445 Main St., Rahway, NJ 07065",732-943-2660,,,,,,
ocd-person/32e625c0-5e22-40b4-a6a3-4040d10e6ff0,Jim Holzapfel,Republican,10,upper,Jim,Holzapfel,Male,senholzapfel@njleg.org,,1944-10-09,,https://www.njleg.state.nj.us/members/memberphotos/holzapfel_james_2020.jpg,https://holzapfel.senatenj.com/;https://www.njleg.state.nj.us/legislative-roster/334/senator-holzapfel;https://www.njleg.state.nj.us/members/bio.asp?Leg=334;https://www.senatenj.com/163/Jim-Holzapfel---District-10,https://ballotpedia.org/James_Holzapfel;https://en.wikipedia.org/wiki/James_W._Holzapfel;https://justfacts.votesmart.org/candidate/biography/4437/jim-holzapfel;https://www.njleg.state.nj.us/api/legislatorData/legislatorBio/334;https://www.njleg.state.nj.us/downloads.asp;https://www.njleg.state.nj.us/legislative-roster;https://www.njleg.state.nj.us/legislative-roster/334/senator-holzapfel;https://www.njleg.state.nj.us/members/abcroster.asp;https://www.njleg.state.nj.us/members/bio.asp?Leg=334;https://www.njleg.state.nj.us/members/BIO.asp?Leg=334;https://www.senatenj.com/163/Jim-Holzapfel---District-10,,,,"852 Highway 70, Brick, NJ 08724",732-840-9028,,,,,,
ocd-person/dbe67894-e4cd-46ea-bb59-877a8b4f26d0,Jay Webber,Republican,26,lower,Jay,Webber,Male,asmwebber@njleg.org,,1972-02-29,,https://www.njleg.state.nj.us/members/memberphotos/webber_jay_2019.jpg,https://www.njassemblygop.com/238/Jay-Webber;https://www.njassemblygop.com/webber/;https://www.njleg.state.nj.us/legislative-roster/283/assemblyman-webber;https://www.njleg.state.nj.us/members/bio.asp?Leg=283,https://ballotpedia.org/Jay_Webber;https://en.wikipedia.org/wiki/Jay_Webber;https://justfacts.votesmart.org/candidate/biography/43279/jay-webber;https://www.linkedin.com/in/jay-webber-614b3989;https://www.njassemblygop.com/238/Jay-Webber;https://www.njassemblygop.com/webber;https://www.njleg.state.nj.us/api/legislatorData/legislatorBio/283;https://www.njleg.state.nj.us/downloads.asp;https://www.njleg.state.nj.us/legislative-roster;https://www.njleg.state.nj.us/legislative-roster/283/assemblyman-webber;https://www.njleg.state.nj.us/members/abcroster.asp;https://www.njleg.state.nj.us/members/bio.asp?Leg=283;https://www.njleg.state.nj.us/members/BIO.asp?Leg=283,,,,"160 Littleton Road Suite 204, Parsippany, NJ 07054",973-917-3420,,,,,,
ocd-person/cbdafb85-539d-4ef4-a3ee-30f4985969fa,Jerry Walker,Democratic,31,lower,Jerry,Walker,Male,asmwalker@njleg.org,,,,,https://njleg.state.nj.us/legislative-roster/508/assemblyman-walker;https://www.assemblydems.com/405/Jerry-Walker---District-31,https://ballotpedia.org/Jerry_Walker_(New_Jersey);https://justfacts.votesmart.org/candidate/biography/186428/jerry-walker;https://njleg.state.nj.us/legislative-roster/508/assemblyman-walker;https://www.assemblydems.com/405/Jerry-Walker---District-31;https://www.hcnj.us/countycommissioners/bio-jerry-walker,,,,"39 Kearney Ave. Annex 4, Jersey City, NJ 07305",201-451-5100,201-451-0867,,,,,
ocd-person/03acbfd3-a81b-4461-aff4-db7ecf5e8e48,Joe Danielsen,Democratic,17,lower,Joe,Danielsen,Male,asmdanielsen@njleg.org,,,,https://www.njleg.state.nj.us/members/memberphotos/danielsen_joe_2021.jpg,https://www.assemblydems.com/181/Joseph-Danielsen---District-17;https://www.assemblydems.com/joseph-danielsen/;https://www.njleg.state.nj.us/legislative-roster/370/assemblyman-danielsen;https://www.njleg.state.nj.us/members/bio.asp?Leg=370,https://ballotpedia.org/Joseph_Danielsen;https://en.wikipedia.org/wiki/Joseph_Danielsen;https://justfacts.votesmart.org/candidate/biography/155852/joseph-danielsen;https://www.assemblydems.com/181/Joseph-Danielsen---District-17;https://www.assemblydems.com/joseph-danielsen;https://www.linkedin.com/in/joseph-danielsen-2a36569;https://www.njleg.state.nj.us/api/legislatorData/legislatorBio/370;https://www.njleg.state.nj.us/downloads.asp;https://www.njleg.state.nj.us/legislative-roster;https://www.njleg.state.nj.us/legislative-roster/370/assemblyman-danielsen;https://www.njleg.state.nj.us/members/abcroster.asp;https://www.njleg.state.nj.us/members/bio.asp?Leg=370;https://www.njleg.state.nj.us/members/BIO.asp?Leg=370,,,,"334 Elizabeth Ave., Somerset, NJ 08873",732-247-3999,,,,,,
ocd-person/86641d6d-4538-453d-974f-aec40c42a33d,John Azzariti,Republican,39,lower,John,Azzariti,Male,asmazzariti@njleg.org,,1966-02-01,,,https://www.njassemblygop.com/217/John-Azzariti;https://www.njassemblygop.com/asm-azzariti/;https://www.njleg.state.nj.us/legislative-roster/493/assemblyman-azzariti,https://ballotpedia.org/John_Azzariti;https://en.wikipedia.org/wiki/John_V._Azzariti;https://johnazzariti.com/meetjohn;https://justfacts.votesmart.org/candidate/biography/196168/john-azzariti-jr;https://www.njassemblygop.com/217/John-Azzariti;https://www.njassemblygop.com/asm-azzariti;https://www.njleg.state.nj.us/legislative-roster/493/assemblyman-azzariti,,,,"28 W. Grand Ave. Suite 15, Montvale, NJ 07645",201-666-0881,,,,,,
ocd-person/dce6ec3a-7d62-4b33-8693-259364c85285,John DiMaio,Republican,23,lower,John,DiMaio,Male,asmdimaio@njleg.org,,1955-11-27,,https://www.njleg.state.nj.us/members/memberphotos/dimaio_john_2020.jpg,https://www.njassemblygop.com/211/John-DiMaio;https://www.njassemblygop.com/dimaio/;https://www.njleg.state.nj.us/legislative-roster/313/assemblyman-dimaio;https://www.njleg.state.nj.us/members/bio.asp?Leg=313,https://ballotpedia.org/John_DiMaio;https://en.wikipedia.org/wiki/John_DiMaio;https://justfacts.votesmart.org/candidate/biography/58033/john-dimaio;https://www.linkedin.com/in/john-dimaio-46491048;https://www.njassemblygop.com/211/John-DiMaio;https://www.njassemblygop.com/dimaio;https://www.njleg.state.nj.us/api/legislatorData/legislatorBio/313;https://www.njleg.state.nj.us/downloads.asp;https://www.njleg.state.nj.us/legislative-roster;https://www.njleg.state.nj.us/legislative-roster/313/assemblyman-dimaio;https://www.njleg.state.nj.us/members/abcroster.asp;https://www.njleg.state.nj.us/members/bio.asp?Leg=313;https://www.njleg.state.nj.us/members/BIO.asp?Leg=313,,,,"208 Mountain Ave. Suite 3, Hackettstown, NJ 07840",908-684-9550,,,,,,
ocd-person/1fec06e0-00df-4d84-8c9a-18e80a6f29e2,John McKeon,Democratic,27,upper,John,McKeon,Male,senmckeon@njleg.org,,1958-06-03,,https://www.njleg.state.nj.us/members/memberphotos/mckeon_color.jpg,https://www.assemblydems.com/john-mckeon/;https://www.njleg.state.nj.us/legislative-roster/207/assemblyman-mckeon;https://www.njleg.state.nj.us/legislative-roster/478/senator-mckeon;https://www.njleg.state.nj.us/members/bio.asp?Leg=207;https://www.njsendems.org/203/John-F-McKeon,https://ballotpedia.org/John_McKeon;https://ballotpedia.org/John_McKeon_(New_Jersey);https://en.wikipedia.org/wiki/John_F._McKeon;https://justfacts.votesmart.org/candidate/biography/55071/john-mckeon;https://www.linkedin.com/in/john-mckeon-7bb671168;https://www.njleg.state.nj.us/api/legislatorData/legislatorBio/207;https://www.njleg.state.nj.us/downloads.asp;https://www.njleg.state.nj.us/legislative-roster;https://www.njleg.state.nj.us/legislative-roster/207/assemblyman-mckeon;https://www.njleg.state.nj.us/legislative-roster/478/senator-mckeon;https://www.njleg.state.nj.us/members/abcroster.asp;https://www.njleg.state.nj.us/members/bio.asp?Leg=207;https://www.njleg.state.nj.us/members/BIO.asp?Leg=207;https://www.njsendems.org/203/John-F-McKeon,,,,"555 Northfield Ave. Suite C, West Orange, NJ 07052",862-930-7071,,,,,,
ocd-person/1b726d76-851a-487b-a6e6-42ee4fa5c050,John Burzichelli,Democratic,3,upper,John,Burzichelli,Male,senburzichelli@njleg.org,,1954-11-14,,https://www.njleg.state.nj.us/members/memberphotos/burzichelli_color.jpg,https://www.njleg.state.nj.us/legislative-roster/458/senator-burzichelli;https://www.njleg.state.nj.us/members/bio.asp?Leg=200;https://www.njsendems.org/179/John-J-Burzichelli,https://ballotpedia.org/John_Burzichelli;https://en.wikipedia.org/wiki/John_J._Burzichelli;https://justfacts.votesmart.org/candidate/biography/22547/john-burzichelli;https://www.njleg.state.nj.us/downloads.asp;https://www.njleg.state.nj.us/legislative-roster/458/senator-burzichelli;https://www.njleg.state.nj.us/members/abcroster.asp;https://www.njleg.state.nj.us/members/bio.asp?Leg=200;https://www.njleg.state.nj.us/members/BIO.asp?Leg=200;https://www.njsendems.org/179/John-J-Burzichelli,,,,"711 N. Main St., Glassboro, NJ 08028",856-226-3530,856-243-2830,,,,,
ocd-person/08a758f9-92fb-4e59-ac8f-edc75aaf3390,Jon Bramnick,Republican,21,upper,Jon,Bramnick,Male,senbramnick@njleg.org,,1953-02-24,,,https://bramnick.senatenj.com/;https://www.njleg.state.nj.us/legislative-roster/433/senator-bramnick;https://www.senatenj.com/160/Jon-Bramnick--District-21,https://ballotpedia.org/Jon_Bramnick;https://en.wikipedia.org/wiki/Jon_Bramnick;https://justfacts.votesmart.org/candidate/biography/43406/jon-bramnick;https://www.jonbramnick.com/attorney-profiles/jon-m-bramnick;https://www.linkedin.com/in/jon-bramnick-6a78a053;https://www.njleg.state.nj.us/api/legislatorData/legislatorBio/433;https://www.njleg.state.nj.us/legislative-roster;https://www.njleg.state.nj.us/legislative-roster/433/senator-bramnick;https://www.senatenj.com/160/Jon-Bramnick--District-21,,,,"251 North Ave. West Second Floor, Westfield, NJ 07090",908-232-2073,,,,,,
ocd-person/90a0a109-2ce3-4a55-8761-1e07ff875703,Joe Lagana,Democratic,38,upper,Joe,Lagana,Male,senlagana@njleg.org,,1978-12-15,,https://www.njleg.state.nj.us/members/memberphotos/lagana_joseph_2020.jpg,https://www.njleg.state.nj.us/legislative-roster/411/senator-lagana;https://www.njleg.state.nj.us/members/bio.asp?Leg=411;https://www.njsendems.org/senators/joseph-lagana/,https://ballotpedia.org/Joseph_Lagana;https://en.wikipedia.org/wiki/Joseph_Lagana;https://justfacts.votesmart.org/candidate/biography/145269/joseph-lagana;https://www.linkedin.com/in/joe-lagana-77b9552b;https://www.njleg.state.nj.us/api/legislatorData/legislatorBio/411;https://www.njleg.state.nj.us/downloads.asp;https://www.njleg.state.nj.us/legislative-roster;https://www.njleg.state.nj.us/legislative-roster/411/senator-lagana;https://www.njleg.state.nj.us/members/abcroster.asp;https://www.njleg.state.nj.us/members/bio.asp?Leg=411;https://www.njleg.state.nj.us/members/BIO.asp?Leg=411;https://www.njsendems.org/senators/joseph-lagana,,,,"205 Robin Road Suite 122, Paramus, NJ 07652",201-576-9199,,,,,,
ocd-person/97fba3ff-adc8-4323-bf77-37acfe18b735,Joe Vitale,Democratic,19,upper,Joe,Vitale,Male,senvitale@njleg.org,,1954-11-10,,https://www.njleg.state.nj.us/members/memberphotos/vitale_color.jpg,https://www.njleg.state.nj.us/legislative-roster/175/senator-vitale;https://www.njleg.state.nj.us/members/bio.asp?Leg=175;https://www.njsendems.org/163/Joseph-F-Vitale;https://www.njsendems.org/category/senator/joseph-vitale/,https://ballotpedia.org/Joseph_Vitale;https://en.wikipedia.org/wiki/Joe_F._Vitale;https://justfacts.votesmart.org/candidate/biography/24731/joseph-vitale;https://www.linkedin.com/in/joe-vitale-209b074;https://www.njleg.state.nj.us/api/legislatorData/legislatorBio/175;https://www.njleg.state.nj.us/downloads.asp;https://www.njleg.state.nj.us/legislative-roster;https://www.njleg.state.nj.us/legislative-roster/175/senator-vitale;https://www.njleg.state.nj.us/members/abcroster.asp;https://www.njleg.state.nj.us/members/bio.asp?Leg=175;https://www.njleg.state.nj.us/members/BIO.asp?Leg=175;https://www.njsendems.org/163/Joseph-F-Vitale;https://www.njsendems.org/category/senator/joseph-vitale,,,,"569 Rahway Ave., Woodbridge, NJ 07095",732-855-7441,,,,,,
ocd-person/5dcef6ac-7dbe-4c65-a53b-670c89a615e7,Joe Cryan,Democratic,20,upper,Joe,Cryan,Male,sencryan@njleg.org,,1961-09-01,,https://www.njleg.state.nj.us/members/memberphotos/cryan_joseph_2017.jpg,https://www.njleg.state.nj.us/legislative-roster/406/senator-cryan;https://www.njleg.state.nj.us/members/bio.asp?Leg=406;https://www.njsendems.org/senators/joseph-cryan/,https://ballotpedia.org/Joseph_Cryan;https://en.wikipedia.org/wiki/Joseph_Cryan;https://justfacts.votesmart.org/candidate/biography/55122/joe-cryan;https://www.linkedin.com/in/joecryan;https://www.njleg.state.nj.us/api/legislatorData/legislatorBio/406;https://www.njleg.state.nj.us/downloads.asp;https://www.njleg.state.nj.us/legislative-roster;https://www.njleg.state.nj.us/legislative-roster/406/senator-cryan;https://www.njleg.state.nj.us/members/abcroster.asp;https://www.njleg.state.nj.us/members/bio.asp?Leg=406;https://www.njleg.state.nj.us/members/BIO.asp?Leg=406;https://www.njsendems.org/senators/joseph-cryan,,,,"1585 Morris Ave., 1st Floor, Union, NJ 07083",908-624-0880,908-624-0587,,,,,
ocd-person/4bf4c8e4-5a97-4100-b34d-cb01da6ab266,Joe Pennacchio,Republican,26,upper,Joe,Pennacchio,Male,senpennacchio@njleg.org,,1955-05-27,,https://www.njleg.state.nj.us/members/memberphotos/pennacchio_color.jpg,https://pennacchio.senatenj.com/;https://www.njleg.state.nj.us/legislative-roster/305/senator-pennacchio;https://www.njleg.state.nj.us/members/bio.asp?Leg=305;https://www.senatenj.com/165/Joe-Pennacchio---District-26,https://ballotpedia.org/Joseph_Pennacchio;https://en.wikipedia.org/wiki/Joseph_Pennacchio;https://justfacts.votesmart.org/candidate/biography/55025/joseph-pennacchio;https://www.njleg.state.nj.us/api/legislatorData/legislatorBio/305;https://www.njleg.state.nj.us/downloads.asp;https://www.njleg.state.nj.us/legislative-roster;https://www.njleg.state.nj.us/legislative-roster/305/senator-pennacchio;https://www.njleg.state.nj.us/members/abcroster.asp;https://www.njleg.state.nj.us/members/bio.asp?Leg=305;https://www.njleg.state.nj.us/members/BIO.asp?Leg=305;https://www.senatenj.com/165/Joe-Pennacchio---District-26,,,,"170 Changebridge Road Unit A1, Montville, NJ 07045",973-227-4012,,,,,,
ocd-person/a04dc132-6a91-4e1b-a336-ede062d06884,Katie Brennan,Democratic,32,lower,Katie,Brennan,Female,aswbrennan@njleg.org,,1987-06-24,,,https://njleg.state.nj.us/legislative-roster/510/assemblywoman-brennan;https://www.assemblydems.com/403/Katie-Brennan---District-32,https://ballotpedia.org/Katie_Brennan;https://en.wikipedia.org/wiki/Katie_Brennan_(politician);https://njleg.state.nj.us/legislative-roster/510/assemblywoman-brennan;https://www.assemblydems.com/403/Katie-Brennan---District-32;https://www.linkedin.com/in/brennankatherine,,,,"35 Journal Square Suite 528, Jersey City, NJ 07306",551-256-7022,,,,,,
ocd-person/0bf3c2a3-9004-40cb-8d3a-eeeca4b0b967,Kenyatta Stewart,Democratic,35,lower,Kenyatta,Stewart,Male,asmstewart@njleg.org,,1980-11-02,,,https://njleg.state.nj.us/legislative-roster/512/assemblyman-stewart;https://www.assemblydems.com/408/Kenyatta-Stewart---District-35,https://ballotpedia.org/Kenyatta_Stewart;https://en.wikipedia.org/wiki/Kenyatta_Stewart;https://njleg.state.nj.us/legislative-roster/512/assemblyman-stewart;https://www.assemblydems.com/408/Kenyatta-Stewart---District-35;https://www.linkedin.com/in/kenyatta-stewart-432ba2354,,,,"21 Mill St. Suite 5, Paterson, NJ 07501",973-925-7063,973-925-7068,,,,,
ocd-person/59c25089-5752-4eb9-a96b-a005c1c46743,Kevin Egan,Democratic,17,lower,Kevin,Egan,Male,asmegan@njleg.org,,1964-06-02,,,https://www.assemblydems.com/182/Kevin-P-Egan---District-17;https://www.assemblydems.com/kevin-egan/;https://www.njleg.state.nj.us/legislative-roster/495/assemblyman-egan,https://ballotpedia.org/Kevin_Egan;https://en.wikipedia.org/wiki/Kevin_Egan_(New_Jersey_politician);https://justfacts.votesmart.org/candidate/biography/133034/kevin-egan;https://www.assemblydems.com/182/Kevin-P-Egan---District-17;https://www.assemblydems.com/kevin-egan;https://www.njleg.state.nj.us/legislative-roster/495/assemblyman-egan,,,,"144 Livingston Ave. Second Floor, New Brunswick, NJ 08901",732-249-4550,,,,,,
ocd-person/0880a4b0-8e91-484b-aa12-6e0444838c44,Kristin Corrado,Republican,40,upper,Kristin,Corrado,Female,sencorrado@njleg.org,,1965-06-24,,https://www.njleg.state.nj.us/members/memberphotos/corrado_kristin_2017.jpg,https://corrado.senatenj.com/;https://www.njleg.state.nj.us/legislative-roster/392/senator-corrado;https://www.njleg.state.nj.us/members/bio.asp?Leg=392;https://www.senatenj.com/161/Kristin-Corrado---District-40,https://ballotpedia.org/Kristin_Corrado;https://en.wikipedia.org/wiki/Kristin_Corrado;https://justfacts.votesmart.org/candidate/biography/176310/kristin-corrado;https://www.njleg.state.nj.us/api/legislatorData/legislatorBio/392;https://www.njleg.state.nj.us/downloads.asp;https://www.njleg.state.nj.us/legislative-roster;https://www.njleg.state.nj.us/legislative-roster/392/senator-corrado;https://www.njleg.state.nj.us/members/abcroster.asp;https://www.njleg.state.nj.us/members/bio.asp?Leg=392;https://www.njleg.state.nj.us/members/BIO.asp?Leg=392;https://www.senatenj.com/161/Kristin-Corrado---District-40,,,,"999 Riverview Drive Suite 350, Totowa, NJ 07512",973-237-1360,,,,,,
ocd-person/036d00b8-5e0b-4bc0-ae46-f0bf5e1b9a73,Larry Wainstein,Democratic,33,lower,Larry,Wainstein,Male,asmwainstein@njleg.org,,,,,https://njleg.state.nj.us/legislative-roster/511/assemblyman-wainstein;https://www.assemblydems.com/407/Larry-Wainstein---District-33,https://ballotpedia.org/Larry_Wainstein;https://en.wikipedia.org/wiki/Larry_Wainstein;https://njleg.state.nj.us/legislative-roster/511/assemblyman-wainstein;https://www.assemblydems.com/407/Larry-Wainstein---District-33;https://www.linkedin.com/in/larry-wainstein-674a482b,,,,"7225 Bergenline Ave. Suite 3A, North Bergen, NJ 07047",201-305-5139,201-293-2379,,,,,
ocd-person/0e989cd5-91f8-4595-8346-bbac4f3d2c9e,Latham Tiver,Republican,8,upper,Latham,Tiver,Male,sentiver@njleg.org,,1973-07-05,,,https://www.njleg.state.nj.us/legislative-roster/464/senator-tiver;https://www.senatenj.com/201/Latham-Tiver---District-8,https://ballotpedia.org/Latham_Tiver;https://en.wikipedia.org/wiki/Latham_Tiver;https://justfacts.votesmart.org/candidate/175222/latham-tiver;https://www.njleg.state.nj.us/legislative-roster/464/senator-tiver;https://www.senatenj.com/201/Latham-Tiver---District-8,,,,"Elmwood Business Park Suite B-101, Evesham, NJ 08053",856-817-2143,,,,,,
ocd-person/27646653-40e2-4c79-b608-0f2edcaa0322,Linda Greenstein,Democratic,14,upper,Linda,Greenstein,Female,sengreenstein@njleg.org,,1950-06-07,,https://www.njleg.state.nj.us/members/memberphotos/greenstein_color.jpg,https://www.njleg.state.nj.us/legislative-roster/329/senator-greenstein;https://www.njleg.state.nj.us/members/bio.asp?Leg=329;https://www.njsendems.org/senators/linda-greenstein/,https://ballotpedia.org/Linda_Greenstein;https://en.wikipedia.org/wiki/Linda_R._Greenstein;https://justfacts.votesmart.org/candidate/biography/22544/linda-greenstein;https://www.linkedin.com/in/linda-greenstein-15749330;https://www.njleg.state.nj.us/api/legislatorData/legislatorBio/329;https://www.njleg.state.nj.us/downloads.asp;https://www.njleg.state.nj.us/legislative-roster;https://www.njleg.state.nj.us/legislative-roster/329/senator-greenstein;https://www.njleg.state.nj.us/members/abcroster.asp;https://www.njleg.state.nj.us/members/bio.asp?Leg=329;https://www.njleg.state.nj.us/members/BIO.asp?Leg=329;https://www.njsendems.org/senators/linda-greenstein,,,,"1249 S. River Road Suite 105, Cranbury, NJ 08512",609-395-9911,,,,,,
ocd-person/199dd5c8-3ef1-4a2c-9585-9de5def27e98,Linda Carter,Democratic,22,lower,Linda,Carter,Female,aswcarter@njleg.org,,,,https://www.njleg.state.nj.us/members/memberphotos/carter_linda_2018a.jpg,https://www.assemblydems.com/194/Linda-S-Carter---District-22;https://www.assemblydems.com/linda-carter/;https://www.njleg.state.nj.us/legislative-roster/414/assemblywoman-carter;https://www.njleg.state.nj.us/members/bio.asp?Leg=414,https://ballotpedia.org/Linda_Carter_(New_Jersey);https://en.wikipedia.org/wiki/Linda_Carter_(politician);https://justfacts.votesmart.org/candidate/biography/76507/linda-carter;https://www.assemblydems.com/194/Linda-S-Carter---District-22;https://www.assemblydems.com/linda-carter;https://www.njleg.state.nj.us/api/legislatorData/legislatorBio/414;https://www.njleg.state.nj.us/downloads.asp;https://www.njleg.state.nj.us/legislative-roster;https://www.njleg.state.nj.us/legislative-roster/414/assemblywoman-carter;https://www.njleg.state.nj.us/members/abcroster.asp;https://www.njleg.state.nj.us/members/bio.asp?Leg=414;https://www.njleg.state.nj.us/members/BIO.asp?Leg=414,,,,"200 W. 2nd St. Suite 102, Plainfield, NJ 07060",908-561-5757,,,,,,
ocd-person/28b4c7d2-d1c3-4735-b321-0f348ec27299,Lisa Swain,Democratic,38,lower,Lisa,Swain,Female,aswswain@njleg.org,,,,https://www.njleg.state.nj.us/members/memberphotos/swain_lisa_2018a.jpg,https://www.assemblydems.com/193/Lisa-Swain---District-38;https://www.assemblydems.com/lisa-swain/;https://www.njleg.state.nj.us/legislative-roster/413/assemblywoman-swain;https://www.njleg.state.nj.us/members/bio.asp?Leg=413,https://ballotpedia.org/Lisa_Swain;https://en.wikipedia.org/wiki/Lisa_Swain;https://justfacts.votesmart.org/candidate/biography/75977/lisa-swain;https://www.assemblydems.com/193/Lisa-Swain---District-38;https://www.assemblydems.com/lisa-swain;https://www.linkedin.com/in/lisa-swain-155433a;https://www.njleg.state.nj.us/api/legislatorData/legislatorBio/413;https://www.njleg.state.nj.us/downloads.asp;https://www.njleg.state.nj.us/legislative-roster;https://www.njleg.state.nj.us/legislative-roster/413/assemblywoman-swain;https://www.njleg.state.nj.us/members/abcroster.asp;https://www.njleg.state.nj.us/members/bio.asp?Leg=413;https://www.njleg.state.nj.us/members/BIO.asp?Leg=413,,,,"205 Robin Road Suite 122, Paramus, NJ 07652",201-576-9199,,,,,,
ocd-person/a27823aa-f5a9-4d6c-8089-1d8ceee6f8e0,Lou Greenwald,Democratic,6,lower,Lou,Greenwald,Male,asmgreenwald@njleg.org,,1967-03-11,,https://www.njleg.state.nj.us/members/memberphotos/greenwald_color.jpg,https://nj-newjerseylegislativead.civicplus.com/165/Louis-D-Greenwald---District-6;https://www.assemblydems.com/louis-greenwald/;https://www.njleg.state.nj.us/legislative-roster/155/assemblyman-greenwald;https://www.njleg.state.nj.us/members/bio.asp?Leg=155,https://ballotpedia.org/Louis_Greenwald;https://en.wikipedia.org/wiki/Louis_Greenwald;https://justfacts.votesmart.org/candidate/biography/8136/lou-greenwald;https://nj-newjerseylegislativead.civicplus.com/165/Louis-D-Greenwald---District-6;https://www.assemblydems.com/louis-greenwald;https://www.assemblydems.com/louis-greenwald/;https://www.linkedin.com/in/louis-d-greenwald-1a5a2039;https://www.njleg.state.nj.us/api/legislatorData/legislatorBio/155;https://www.njleg.state.nj.us/downloads.asp;https://www.njleg.state.nj.us/legislative-roster;https://www.njleg.state.nj.us/legislative-roster/155/assemblyman-greenwald;https://www.njleg.state.nj.us/members/abcroster.asp;https://www.njleg.state.nj.us/members/bio.asp?Leg=155;https://www.njleg.state.nj.us/members/BIO.asp?Leg=155,,,,"1101 Laurel Oak Road Suite 150, Voorhees, NJ 08043",856-435-1247,,,,,,
ocd-person/589a73bd-a164-472a-8b50-4b4d0846cd24,Luanne Peterpaul,Democratic,11,lower,Luanne,Peterpaul,Female,aswpeterpaul@njleg.org,,,,,https://www.assemblydems.com/172/Luanne-M-Peterpaul---District-11;https://www.assemblydems.com/luanne-peterpaul/;https://www.njleg.state.nj.us/legislative-roster/469/assemblywoman-peterpaul,https://ballotpedia.org/Luanne_Peterpaul;https://en.wikipedia.org/wiki/Luanne_Peterpaul;https://justfacts.votesmart.org/candidate/211636/luanne-peterpaul;https://peterpaullaw.com/meet-the-team;https://www.assemblydems.com/172/Luanne-M-Peterpaul---District-11;https://www.assemblydems.com/luanne-peterpaul;https://www.linkedin.com/in/luanne-peterpaul-267049a;https://www.njleg.state.nj.us/legislative-roster/469/assemblywoman-peterpaul,,,,"766 Shrewsbury Ave. Suite 100, Tinton Falls, NJ 07724",732-704-3808,732-383-5116,,,,,
ocd-person/907aae0b-1026-405a-9429-cadd01efd79d,Teresa Ruiz,Democratic,29,upper,Teresa,Ruiz,Female,senruiz@njleg.org,,1974-06-28,,https://www.njleg.state.nj.us/members/memberphotos/ruiz_teresa_2021.jpg,https://www.njleg.state.nj.us/legislative-roster/287/senator-ruiz;https://www.njleg.state.nj.us/members/bio.asp?Leg=287;https://www.njsendems.org/senators/m-teresa-ruiz/,https://ballotpedia.org/Teresa_Ruiz;https://ballotpedia.org/Teresa_Ruiz_(New_Jersey);https://en.wikipedia.org/wiki/Teresa_Ruiz_(politician);https://justfacts.votesmart.org/candidate/biography/69688/teresa-ruiz;https://www.njleg.state.nj.us/api/legislatorData/legislatorBio/287;https://www.njleg.state.nj.us/downloads.asp;https://www.njleg.state.nj.us/legislative-roster;https://www.njleg.state.nj.us/legislative-roster/287/senator-ruiz;https://www.njleg.state.nj.us/members/abcroster.asp;https://www.njleg.state.nj.us/members/bio.asp?Leg=287;https://www.njleg.state.nj.us/members/BIO.asp?Leg=287;https://www.njsendems.org/senators/m-teresa-ruiz,,,,"475 Bloomfield Ave., Newark, NJ 07107",973-484-1000,,,,,,
ocd-person/78ee83b9-ead4-4a03-89e7-f976d0454408,Margie Donlon,Democratic,11,lower,Margie,Donlon,Female,aswdonlon@njleg.org,,,,,https://www.assemblydems.com/171/Margie-M-Donlon---District-11;https://www.assemblydems.com/margie-donlon/;https://www.njleg.state.nj.us/legislative-roster/468/assemblywoman-donlon,https://ballotpedia.org/Margie_Donlon;https://en.wikipedia.org/wiki/Margie_Donlon;https://justfacts.votesmart.org/candidate/211635/margie-donlon;https://www.assemblydems.com/171/Margie-M-Donlon---District-11;https://www.assemblydems.com/margie-donlon;https://www.linkedin.com/in/margie-donlon-2612782b;https://www.njleg.state.nj.us/legislative-roster/468/assemblywoman-donlon,,,,"766 Shrewsbury Ave. Suite 100, Tinton Falls, NJ 07724",732-704-3808,732-383-5116,,,,,
ocd-person/028a440f-10cb-49cc-9417-1dfd0cff83e2,Marisa Sweeney,Democratic,25,lower,Marisa,Sweeney,Female,aswsweeney@njleg.org,,,,,https://njleg.state.nj.us/legislative-roster/506/assemblywoman-sweeney;https://www.assemblydems.com/402/Marisa-Sweeney---District-25,https://ballotpedia.org/Marisa_Sweeney;https://en.wikipedia.org/wiki/Marisa_Sweeney;https://njleg.state.nj.us/legislative-roster/506/assemblywoman-sweeney;https://www.assemblydems.com/402/Marisa-Sweeney---District-25;https://www.linkedin.com/in/marisasweeney,,,,"1250 Sussex Turnpike Suite D, Randolph, NJ 07869",973-933-2124,973-933-2024,,,,,
ocd-person/af1dfa82-2c03-4b0c-bf63-1eef9e8b6616,Maureen Rowan,Democratic,2,lower,Maureen,Rowan,Female,aswrowan@njleg.org,,,,,https://njleg.state.nj.us/legislative-roster/501/assemblywoman-rowan;https://www.assemblydems.com/397/Maureen-Rowan---District-2,https://ballotpedia.org/Maureen_Rowan;https://en.wikipedia.org/wiki/Maureen_Rowan;https://njleg.state.nj.us/legislative-roster/501/assemblywoman-rowan;https://www.assemblydems.com/397/Maureen-Rowan---District-2,,,,"8025 Black Horse Pike Suite 490, Egg Harbor Township, NJ 08232",609-241-1905,609-867-9668,,,,,
ocd-person/a33ec105-c8ff-446b-ae8b-1a79f402f983,Melinda Kane,Democratic,6,lower,Melinda,Kane,Female,aswkane@njleg.org,,,,https://storage.googleapis.com/enview-dev-public-general/legislative-people-photos/168239.jpg,https://www.assemblydems.com/387/Melinda-Kane---District-6;https://www.njleg.state.nj.us/legislative-roster/497/assemblywoman-kane,https://ballotpedia.org/Melinda_Kane;https://en.wikipedia.org/wiki/Melinda_Kane;https://justfacts.votesmart.org/candidate/biography/161726/melinda-kane;https://www.assemblydems.com/387/Melinda-Kane---District-6;https://www.njleg.state.nj.us/legislative-roster/497/assemblywoman-kane,,,,"1101 Laurel Oak Road Suite 150, Voorhees, NJ 08043",856-435-1247,,,,,,
ocd-person/4cb8db73-8982-4b4f-9c90-f86b20b217bc,Mike Testa,Republican,1,upper,Mike,Testa,Male,sentesta@njleg.org,,1976-05-01,,https://www.njleg.state.nj.us/members/memberphotos/testa_michael_2019.jpg,https://testa.senatenj.com/testa.php;https://www.njleg.state.nj.us/legislative-roster/424/senator-testa;https://www.njleg.state.nj.us/members/bio.asp?Leg=424;https://www.senatenj.com/170/Michael-Testa---District-1,https://ballotpedia.org/Mike_Testa_Jr.;https://en.wikipedia.org/wiki/Mike_Testa;https://justfacts.votesmart.org/candidate/186423/mike-testa-jr;https://testa.senatenj.com/testa.php;https://www.linkedin.com/in/michael-testa-jr-b2266aa3;https://www.njleg.state.nj.us/api/legislatorData/legislatorBio/424;https://www.njleg.state.nj.us/downloads.asp;https://www.njleg.state.nj.us/legislative-roster;https://www.njleg.state.nj.us/legislative-roster/424/senator-testa;https://www.njleg.state.nj.us/members/abcroster.asp;https://www.njleg.state.nj.us/members/bio.asp?Leg=424;https://www.njleg.state.nj.us/members/BIO.asp?Leg=424;https://www.senatenj.com/170/Michael-Testa---District-1,,,,"610 E. Landis Ave., Vineland, NJ 08360",609-778-2012,,,,,,
ocd-person/9228b053-be5e-4490-aadc-ece59b7421fd,Mike Inganamort,Republican,24,lower,Mike,Inganamort,Male,asminganamort@njleg.org,,1984-02-14,,,https://www.njassemblygop.com/225/Michael-Inganamort;https://www.njassemblygop.com/asm-inganamort/;https://www.njleg.state.nj.us/legislative-roster/475/assemblyman-inganamort,https://ballotpedia.org/Michael_Inganamort;https://en.wikipedia.org/wiki/Mike_Inganamort;https://justfacts.votesmart.org/candidate/biography/211662/michael-inganamort;https://www.linkedin.com/in/mikeinganamort;https://www.njassemblygop.com/225/Michael-Inganamort;https://www.njassemblygop.com/asm-inganamort;https://www.njleg.state.nj.us/legislative-roster/475/assemblyman-inganamort,,,,"191 Main St. Suite C, Chester, NJ 07930",908-955-7429,,,,,,
ocd-person/96eb992c-0f0c-4db5-b146-76349604f4d3,Mike Venezia,Democratic,34,lower,Mike,Venezia,Male,asmvenezia@njleg.org,,,,,https://www.assemblydems.com/238/Michael-Venezia---District-34;https://www.njleg.state.nj.us/legislative-roster/492/assemblyman-venezia,https://ballotpedia.org/Michael_Venezia;https://bloomfieldtownnj.iqm2.com/Citizens/Detail_BoardMember.aspx?ID=1024;https://en.wikipedia.org/wiki/Michael_Venezia_(New_Jersey_politician);https://justfacts.votesmart.org/candidate/biography/133320/michael-venezia;https://www.assemblydems.com/238/Michael-Venezia---District-34;https://www.linkedin.com/in/michael-venezia-26766b58;https://www.njleg.state.nj.us/legislative-roster/492/assemblyman-venezia,,,,"299 Glenwood Ave., Bloomfield, NJ 07003",973-893-5869,,,,,,
ocd-person/97251dd4-e275-4347-a757-a05366fa5013,Mitchelle Drulis,Democratic,16,lower,Mitchelle,Drulis,Female,aswdrulis@njleg.org,,1973-02-14,,,https://www.assemblydems.com/178/Mitchelle-Drulis---District-16;https://www.assemblydems.com/mitchelle-drulis/;https://www.njleg.state.nj.us/legislative-roster/472/assemblywoman-drulis,https://ballotpedia.org/Mitchelle_Drulis;https://en.wikipedia.org/wiki/Mitchelle_Drulis;https://justfacts.votesmart.org/candidate/biography/211642/mitchelle-drulis;https://www.assemblydems.com/178/Mitchelle-Drulis---District-16;https://www.assemblydems.com/mitchelle-drulis;https://www.linkedin.com/in/mitchelle-drulis-9bbb516;https://www.njleg.state.nj.us/legislative-roster/472/assemblywoman-drulis,,,,"50 Main St. Second Floor, Flemington, NJ 08822",908-968-4329,,,,,,
ocd-person/4d47b297-b5f4-4d83-94e6-bb95eb91ecd7,Nick Scutari,Democratic,22,upper,Nick,Scutari,Male,senscutari@njleg.org,,1968-11-18,,https://www.njleg.state.nj.us/members/memberphotos/scutari_nicholas_2020.jpg,https://www.njleg.state.nj.us/legislative-roster/237/senator-scutari;https://www.njleg.state.nj.us/members/bio.asp?Leg=237;https://www.njsendems.org/senators/nicholas-p-scutari/,https://ballotpedia.org/Nicholas_Scutari;https://en.wikipedia.org/wiki/Nicholas_Scutari;https://justfacts.votesmart.org/candidate/biography/43083/nicholas-scutari;https://www.linkedin.com/in/nicholas-scutari-1244269b;https://www.njleg.state.nj.us/api/legislatorData/legislatorBio/237;https://www.njleg.state.nj.us/downloads.asp;https://www.njleg.state.nj.us/legislative-roster;https://www.njleg.state.nj.us/legislative-roster/237/senator-scutari;https://www.njleg.state.nj.us/members/abcroster.asp;https://www.njleg.state.nj.us/members/bio.asp?Leg=237;https://www.njleg.state.nj.us/members/BIO.asp?Leg=237;https://www.njsendems.org/senators/nicholas-p-scutari,,,,"67 Walnut Ave. Suite 406, Clark, NJ 07066",732-827-7480,,,,,,
ocd-person/b656905a-de58-4d36-b433-276788233b1f,Nilsa Cruz-Perez,Democratic,5,upper,Nilsa,Cruz-Perez,Female,sencruzperez@njleg.org,,1961-01-21,,https://www.njleg.state.nj.us/members/memberphotos/cruzperez_color.jpg,https://www.njleg.state.nj.us/legislative-roster/371/senator-cruz-perez;https://www.njleg.state.nj.us/members/bio.asp?Leg=371;https://www.njsendems.org/senators/nilsa-cruz-perez/,https://ballotpedia.org/Nilsa_Cruz-Perez;https://en.wikipedia.org/wiki/Nilsa_Cruz-Perez;https://www.linkedin.com/in/nilsa-cruz-perez-2660274b;https://www.njleg.state.nj.us/api/legislatorData/legislatorBio/371;https://www.njleg.state.nj.us/downloads.asp;https://www.njleg.state.nj.us/legislative-roster;https://www.njleg.state.nj.us/legislative-roster/371/senator-cruz-perez;https://www.njleg.state.nj.us/members/abcroster.asp;https://www.njleg.state.nj.us/members/bio.asp?Leg=371;https://www.njleg.state.nj.us/members/BIO.asp?Leg=371;https://www.njsendems.org/senators/nilsa-cruz-perez,,,,"608 N. Broad St. Suite 200, Woodbury, NJ 08096",856-853-2960,,,,,,
ocd-person/fee23b32-9f92-4951-889e-6d09749a78b9,Owen Henry,Republican,12,upper,Owen,Henry,Male,senhenry@njleg.org,,1959-05-30,,,https://www.njleg.state.nj.us/legislative-roster/470/senator-henry;https://www.senatenj.com/177/Owen-Henry---District-12,https://ballotpedia.org/Owen_Henry;https://en.wikipedia.org/wiki/Owen_Henry;https://justfacts.votesmart.org/candidate/162039/owen-henry;https://www.linkedin.com/in/owen-henry-11826269;https://www.njleg.state.nj.us/legislative-roster/470/senator-henry;https://www.senatenj.com/177/Owen-Henry---District-12,,,,"2501 Highway 516, Old Bridge, NJ 08857",732-607-7580,,,,,,
ocd-person/934c3022-709b-4768-b2df-635d25579128,Chris Tully,Democratic,38,lower,Chris,Tully,Male,asmtully@njleg.org,,1982-03-31,,https://www.njleg.state.nj.us/members/memberphotos/tully_christopher_2018b.jpg,https://www.assemblydems.com/211/Christopher-Tully---District-38;https://www.assemblydems.com/p-christopher-tully/;https://www.njleg.state.nj.us/legislative-roster/412/assemblyman-tully;https://www.njleg.state.nj.us/members/bio.asp?Leg=412,https://ballotpedia.org/Chris_Tully;https://en.wikipedia.org/wiki/Chris_Tully;https://justfacts.votesmart.org/candidate/biography/181776/chris-tully;https://www.assemblydems.com/211/Christopher-Tully---District-38;https://www.assemblydems.com/p-christopher-tully;https://www.njleg.state.nj.us/api/legislatorData/legislatorBio/412;https://www.njleg.state.nj.us/downloads.asp;https://www.njleg.state.nj.us/legislative-roster;https://www.njleg.state.nj.us/legislative-roster/412/assemblyman-tully;https://www.njleg.state.nj.us/members/abcroster.asp;https://www.njleg.state.nj.us/members/bio.asp?Leg=412;https://www.njleg.state.nj.us/members/BIO.asp?Leg=412,,,,"205 Robin Road Suite 122, Paramus, NJ 07652",201-576-9199,,,,,,
ocd-person/1dde507a-70ed-4f89-95f8-cd11748a753c,Parker Space,Republican,24,upper,Parker,Space,Male,senspace@njleg.org,,1968-12-04,,https://www.njleg.state.nj.us/members/memberphotos/space_parker_2020.jpg,https://www.njassemblygop.com/space/;https://www.njleg.state.nj.us/legislative-roster/358/assemblyman-space;https://www.njleg.state.nj.us/legislative-roster/473/senator-space;https://www.njleg.state.nj.us/members/bio.asp?Leg=358;https://www.senatenj.com/158/202/Parker-Space---District-24;https://www.senatenj.com/202/Parker-Space---District-24,https://ballotpedia.org/Parker_Space;https://en.wikipedia.org/wiki/Parker_Space;https://justfacts.votesmart.org/candidate/biography/133246/parker-space;https://www.linkedin.com/in/parker-space-a8757a29;https://www.njleg.state.nj.us/api/legislatorData/legislatorBio/358;https://www.njleg.state.nj.us/downloads.asp;https://www.njleg.state.nj.us/legislative-roster;https://www.njleg.state.nj.us/legislative-roster/358/assemblyman-space;https://www.njleg.state.nj.us/legislative-roster/473/senator-space;https://www.njleg.state.nj.us/members/abcroster.asp;https://www.njleg.state.nj.us/members/bio.asp?Leg=358;https://www.njleg.state.nj.us/members/BIO.asp?Leg=358;https://www.senatenj.com/158/202/Parker-Space---District-24;https://www.senatenj.com/202/Parker-Space---District-24,,,,"One Wilson Drive Suite 2B, Sparta, NJ 07871",973-300-0200,,,,,,
ocd-person/16048732-130c-4102-b6e7-2d8faa0c3f52,Patrick Diegnan,Democratic,18,upper,Patrick,Diegnan,Male,sendiegnan@njleg.org,,1949-03-19,,https://www.njleg.state.nj.us/members/memberphotos/diegnan_2017.jpg,https://www.njleg.state.nj.us/legislative-roster/387/senator-diegnan;https://www.njleg.state.nj.us/members/bio.asp?Leg=387;https://www.njsendems.org/senators/patrick-j-diegnanjr/,"https://ballotpedia.org/Patrick_Diegnan,_Jr.;https://en.wikipedia.org/wiki/Patrick_J._Diegnan;https://justfacts.votesmart.org/candidate/biography/55104/patrick-diegnan-jr;https://www.linkedin.com/in/patrick-diegnan-46969938;https://www.njleg.state.nj.us/api/legislatorData/legislatorBio/387;https://www.njleg.state.nj.us/downloads.asp;https://www.njleg.state.nj.us/legislative-roster;https://www.njleg.state.nj.us/legislative-roster/387/senator-diegnan;https://www.njleg.state.nj.us/members/abcroster.asp;https://www.njleg.state.nj.us/members/bio.asp?Leg=387;https://www.njleg.state.nj.us/members/BIO.asp?Leg=387;https://www.njsendems.org/senators/patrick-j-diegnanjr",,,,"908 Oak Tree Ave. Unit P, South Plainfield, NJ 07080",908-757-1677,,,,,,
ocd-person/1d8eb6cf-cff2-4948-ba03-7f31fcadd4ec,Paul Sarlo,Democratic,36,upper,Paul,Sarlo,Male,sensarlo@njleg.org,,1968-08-31,,https://www.njleg.state.nj.us/members/memberphotos/sarlo_color.jpg,https://www.njleg.state.nj.us/legislative-roster/223/senator-sarlo;https://www.njleg.state.nj.us/members/bio.asp?Leg=223;https://www.njsendems.org/senators/paul-a-sarlo/,https://ballotpedia.org/Paul_Sarlo;https://en.wikipedia.org/wiki/Paul_Sarlo;https://justfacts.votesmart.org/candidate/biography/55139/paul-sarlo;https://www.njleg.state.nj.us/api/legislatorData/legislatorBio/223;https://www.njleg.state.nj.us/downloads.asp;https://www.njleg.state.nj.us/legislative-roster;https://www.njleg.state.nj.us/legislative-roster/223/senator-sarlo;https://www.njleg.state.nj.us/members/abcroster.asp;https://www.njleg.state.nj.us/members/bio.asp?Leg=223;https://www.njleg.state.nj.us/members/BIO.asp?Leg=223;https://www.njsendems.org/senators/paul-a-sarlo,,,,"496 Columbia Blvd. First Floor, Wood-Ridge, NJ 07075",201-804-8118,,,,,,
ocd-person/f15f8b7e-96ee-41e8-b59c-b277927985c0,Paul Moriarty,Democratic,4,upper,Paul,Moriarty,Male,senmoriarty@njleg.org,,1956-09-25,,https://www.njleg.state.nj.us/members/memberphotos/moriarty_color.jpg,https://www.assemblydems.com/paul-moriarty/;https://www.njleg.state.nj.us/legislative-roster/250/assemblyman-moriarty;https://www.njleg.state.nj.us/legislative-roster/461/senator-moriarty;https://www.njleg.state.nj.us/members/bio.asp?Leg=250;https://www.njsendems.org/180/Paul-D-Moriarty,https://ballotpedia.org/Paul_Moriarty_(New_Jersey);https://en.wikipedia.org/wiki/Paul_D._Moriarty;https://justfacts.votesmart.org/candidate/biography/58078/paul-moriarty;https://www.linkedin.com/in/paul-moriarty-ab244a2;https://www.njleg.state.nj.us/api/legislatorData/legislatorBio/250;https://www.njleg.state.nj.us/downloads.asp;https://www.njleg.state.nj.us/legislative-roster;https://www.njleg.state.nj.us/legislative-roster/250/assemblyman-moriarty;https://www.njleg.state.nj.us/legislative-roster/461/senator-moriarty;https://www.njleg.state.nj.us/members/abcroster.asp;https://www.njleg.state.nj.us/members/bio.asp?Leg=250;https://www.njleg.state.nj.us/members/BIO.asp?Leg=250;https://www.njsendems.org/180/Paul-D-Moriarty,,,,"1379 Chews Landing Road, Laurel Springs, NJ 08021",856-401-3073,,,,,,
ocd-person/e4c2301b-6812-423e-b27a-c40919f4bd5d,Paul Kanitra,Republican,10,lower,Paul,Kanitra,Male,asmkanitra@njleg.org,,1979-08-02,,,https://www.njassemblygop.com/226/Paul-Kanitra;https://www.njassemblygop.com/kanitra/;https://www.njleg.state.nj.us/legislative-roster/467/assemblyman-kanitra,https://ballotpedia.org/Paul_Kanitra;https://en.wikipedia.org/wiki/Paul_Kanitra;https://justfacts.votesmart.org/candidate/biography/211634/paul-kanitra;https://lobbyit.com;https://lobbyit.com/paul-kanitra;https://www.linkedin.com/in/pmkanitra;https://www.njassemblygop.com/226/Paul-Kanitra;https://www.njassemblygop.com/kanitra;https://www.njleg.state.nj.us/legislative-roster/467/assemblyman-kanitra,,,,"852 Highway 70, Brick, NJ 08724",732-840-9028,,,,,,
ocd-person/fe8bf5e4-85ed-423b-b2d8-301f29d3faea,Raj Mukherji,Democratic,32,upper,Raj,Mukherji,Male,senmukherji@njleg.org,,1984-07-15,,https://www.njleg.state.nj.us/members/memberphotos/mukherji_color.jpg,https://www.assemblydems.com/raj-mukherji/;https://www.njleg.state.nj.us/legislative-roster/364/assemblyman-mukherji;https://www.njleg.state.nj.us/legislative-roster/485/senator-mukherji;https://www.njleg.state.nj.us/members/bio.asp?Leg=364;https://www.njsendems.org/184/Raj-Mukherji,https://ballotpedia.org/Raj_Mukherji;https://en.wikipedia.org/wiki/Raj_Mukherji;https://justfacts.votesmart.org/candidate/biography/144606/raj-mukherji;https://www.linkedin.com/in/rajmukherji;https://www.njleg.state.nj.us/api/legislatorData/legislatorBio/364;https://www.njleg.state.nj.us/downloads.asp;https://www.njleg.state.nj.us/legislative-roster;https://www.njleg.state.nj.us/legislative-roster/364/assemblyman-mukherji;https://www.njleg.state.nj.us/legislative-roster/485/senator-mukherji;https://www.njleg.state.nj.us/members/abcroster.asp;https://www.njleg.state.nj.us/members/bio.asp?Leg=364;https://www.njleg.state.nj.us/members/BIO.asp?Leg=364;https://www.njsendems.org/184/Raj-Mukherji,,,,"121 Newark Ave., 1st Floor, Jersey City, NJ 07302",201-626-4000,201-626-4001,,,,,
ocd-person/27b085de-d164-466e-845b-fc1de27a2da9,Ravi Bhalla,Democratic,32,lower,Ravi,Bhalla,Male,asmbhalla@njleg.org,,1973-05-10,,,https://njleg.state.nj.us/legislative-roster/509/assemblyman-bhalla;https://www.assemblydems.com/404/Ravinder-Ravi-Bhalla---District-32,https://ballotpedia.org/Ravinder_Bhalla;https://en.wikipedia.org/wiki/Ravinder_Bhalla;https://njleg.state.nj.us/legislative-roster/509/assemblyman-bhalla;https://www.assemblydems.com/404/Ravinder-Ravi-Bhalla---District-32;https://www.linkedin.com/in/ravi-bhalla-36a1702b3,,,,"80 River St. 2nd Floor, Hoboken, NJ 07030",201-683-7917,,,,,,
ocd-person/b8495630-20f7-4f9e-bf84-2a13a6da3794,Renee Burgess,Democratic,28,upper,Renee,Burgess,Female,senburgess@njleg.org,,,,,https://www.njleg.state.nj.us/legislative-roster/455/senator-burgess;https://www.njsendems.org/senators/renee-c-burgess/,https://ballotpedia.org/Renee_Burgess;https://en.wikipedia.org/wiki/Renee_Burgess;https://justfacts.votesmart.org/candidate/biography/161903/renee-burgess;https://www.linkedin.com/in/renee-burgess-9a310540;https://www.njleg.state.nj.us/api/legislatorData/legislatorBio/455;https://www.njleg.state.nj.us/legislative-roster;https://www.njleg.state.nj.us/legislative-roster/455/senator-burgess;https://www.njsendems.org/senators/renee-c-burgess,,,,"660 Stuyvesant Ave., Irvington, NJ 07111",862-231-6577,,,,,,
ocd-person/acff039b-0a83-4184-8b6b-7b051cfcdc77,Bob Auth,Republican,39,lower,Bob,Auth,Male,asmauth@njleg.org,,1956-07-04,,https://www.njleg.state.nj.us/members/memberphotos/auth_robert_2017.jpg,https://www.njassemblygop.com/216/Robert-Auth;https://www.njassemblygop.com/auth/;https://www.njleg.state.nj.us/legislative-roster/366/assemblyman-auth;https://www.njleg.state.nj.us/members/bio.asp?Leg=366,https://ballotpedia.org/Robert_Auth;https://en.wikipedia.org/wiki/Robert_Auth;https://justfacts.votesmart.org/candidate/biography/144626/bob-auth;https://www.njassemblygop.com/216/Robert-Auth;https://www.njassemblygop.com/auth;https://www.njleg.state.nj.us/api/legislatorData/legislatorBio/366;https://www.njleg.state.nj.us/downloads.asp;https://www.njleg.state.nj.us/legislative-roster;https://www.njleg.state.nj.us/legislative-roster/366/assemblyman-auth;https://www.njleg.state.nj.us/members/abcroster.asp;https://www.njleg.state.nj.us/members/bio.asp?Leg=366;https://www.njleg.state.nj.us/members/BIO.asp?Leg=366,,,,"84 Herbert Ave. Building A, Suite 103, Closter, NJ 07624",201-564-7420,,,,,,
ocd-person/b94db48b-9083-48c9-8b27-3603db14fa3e,Rob Clifton,Republican,12,lower,Rob,Clifton,Male,asmclifton@njleg.org,,1968-12-31,,https://www.njleg.state.nj.us/members/memberphotos/clifton_robert_2020.jpg,https://www.njassemblygop.com/220/Robert-Clifton;https://www.njassemblygop.com/clifton/;https://www.njleg.state.nj.us/legislative-roster/342/assemblyman-clifton;https://www.njleg.state.nj.us/members/bio.asp?Leg=342,https://ballotpedia.org/Robert_Clifton;https://ballotpedia.org/Robert_Clifton_(New_Jersey);https://en.wikipedia.org/wiki/Robert_D._Clifton;https://justfacts.votesmart.org/candidate/biography/144570/robert-clifton;https://www.linkedin.com/in/rob-clifton-20a87a213;https://www.njassemblygop.com/220/Robert-Clifton;https://www.njassemblygop.com/clifton;https://www.njleg.state.nj.us/api/legislatorData/legislatorBio/342;https://www.njleg.state.nj.us/downloads.asp;https://www.njleg.state.nj.us/legislative-roster;https://www.njleg.state.nj.us/legislative-roster/342/assemblyman-clifton;https://www.njleg.state.nj.us/members/abcroster.asp;https://www.njleg.state.nj.us/members/bio.asp?Leg=342;https://www.njleg.state.nj.us/members/BIO.asp?Leg=342,,,,"14 Cliffwood Ave. Suite 240, Matawan, NJ 07747",732-970-6386,,,,,,
ocd-person/d6732f77-1c72-4ee6-8d52-5c9b79987976,Robert Karabinchak,Democratic,18,lower,Robert,Karabinchak,Male,asmkarabinchak@njleg.org,,1956-04-11,,https://www.njleg.state.nj.us/members/memberphotos/karabinchak_color.jpg,https://robkarabinchak.com/;https://www.assemblydems.com/189/Robert-Karabinchak---District-18;https://www.assemblydems.com/robert-karabinchak/;https://www.njleg.state.nj.us/legislative-roster/388/assemblyman-karabinchak;https://www.njleg.state.nj.us/members/bio.asp?Leg=388,https://ballotpedia.org/Robert_Karabinchak;https://en.wikipedia.org/wiki/Robert_Karabinchak;https://justfacts.votesmart.org/candidate/133356/robert-karabinchak;https://robkarabinchak.com;https://robkarabinchak.com/about;https://www.assemblydems.com/189/Robert-Karabinchak---District-18;https://www.assemblydems.com/robert-karabinchak;https://www.linkedin.com/in/robert-karabinchak-9713334;https://www.njleg.state.nj.us/api/legislatorData/legislatorBio/388;https://www.njleg.state.nj.us/downloads.asp;https://www.njleg.state.nj.us/legislative-roster;https://www.njleg.state.nj.us/legislative-roster/388/assemblyman-karabinchak;https://www.njleg.state.nj.us/members/abcroster.asp;https://www.njleg.state.nj.us/members/bio.asp?Leg=388;https://www.njleg.state.nj.us/members/BIO.asp?Leg=388,,,,"3 Stephenville Parkway Suite 2D, Edison, NJ 08820",732-548-1406,,,,,,
ocd-person/45219a29-080f-4452-9b05-92488e96f2f1,Bob Singer,Republican,30,upper,Bob,Singer,Male,sensinger@njleg.org,,1947-10-29,,https://www.njleg.state.nj.us/members/memberphotos/singer_color.jpg,https://singer.senatenj.com/;https://www.njleg.state.nj.us/legislative-roster/93/senator-singer;https://www.njleg.state.nj.us/members/bio.asp?Leg=93;https://www.senatenj.com/168/Robert-Singer---District-30,https://ballotpedia.org/Robert_Singer;https://en.wikipedia.org/wiki/Robert_W._Singer;https://justfacts.votesmart.org/candidate/biography/4471/robert-singer;https://www.njleg.state.nj.us/api/legislatorData/legislatorBio/93;https://www.njleg.state.nj.us/downloads.asp;https://www.njleg.state.nj.us/legislative-roster;https://www.njleg.state.nj.us/legislative-roster/93/senator-singer;https://www.njleg.state.nj.us/members/abcroster.asp;https://www.njleg.state.nj.us/members/bio.asp?Leg=93;https://www.njleg.state.nj.us/members/BIO.asp?Leg=93;https://www.senatenj.com/168/Robert-Singer---District-30,,,,"1771 Madison Ave. Suite 202, Lakewood, NJ 08701",732-987-5669,,,,,,
ocd-person/f152f2d6-e4ff-4958-996d-532c310ddef1,Rosy Bagolie,Democratic,27,lower,Rosy,Bagolie,Female,aswbagolie@njleg.org,,1980-06-14,,,https://www.assemblydems.com/203/Rosaura-Rosy-Bagolie---District-27;https://www.assemblydems.com/rosy-bagolie/;https://www.njleg.state.nj.us/legislative-roster/479/assemblywoman-bagolie,https://ballotpedia.org/Rosy_Bagolie;https://en.wikipedia.org/wiki/Rosy_Bagolie;https://justfacts.votesmart.org/candidate/biography/212857/rosaura-bagolie;https://www.assemblydems.com/203/Rosaura-Rosy-Bagolie---District-27;https://www.assemblydems.com/rosy-bagolie;https://www.njleg.state.nj.us/legislative-roster/479/assemblywoman-bagolie,,,,"651 Old Mount Pleasant Ave., Livingston, NJ 07039",973-535-5017,,,,,,
ocd-person/77b80e3f-bfdd-4c81-b92e-866c17abd398,Roy Freiman,Democratic,16,lower,Roy,Freiman,Male,asmfreiman@njleg.org,,1959-04-30,,https://www.njleg.state.nj.us/members/memberphotos/freiman_roy_2020.jpg,https://www.assemblydems.com/180/Roy-Freiman---District-16;https://www.assemblydems.com/roy-freiman/;https://www.njleg.state.nj.us/legislative-roster/400/assemblyman-freiman;https://www.njleg.state.nj.us/members/bio.asp?Leg=400,https://ballotpedia.org/Roy_Freiman;https://en.wikipedia.org/wiki/Roy_Freiman;https://justfacts.votesmart.org/candidate/biography/176258/roy-freiman;https://www.assemblydems.com/180/Roy-Freiman---District-16;https://www.assemblydems.com/roy-freiman;https://www.assemblydems.com/roy-freiman/;https://www.linkedin.com/in/royfreiman;https://www.njleg.state.nj.us/api/legislatorData/legislatorBio/400;https://www.njleg.state.nj.us/downloads.asp;https://www.njleg.state.nj.us/legislative-roster;https://www.njleg.state.nj.us/legislative-roster/400/assemblyman-freiman;https://www.njleg.state.nj.us/members/abcroster.asp;https://www.njleg.state.nj.us/members/bio.asp?Leg=400;https://www.njleg.state.nj.us/members/BIO.asp?Leg=400,,,,"50 Main St. Second Floor, Flemington, NJ 08822",908-968-4329,,,,,,
ocd-person/ac95c4e3-057b-43bc-8bee-752137bb2d12,Sean Kean,Republican,30,lower,Sean,Kean,Male,asmskean@njleg.org,,1963-05-21,,https://www.njleg.state.nj.us/members/memberphotos/kean_sean_2020.jpg,https://www.njassemblygop.com/227/Sean-Kean;https://www.njassemblygop.com/kean/;https://www.njleg.state.nj.us/legislative-roster/333/assemblyman-kean;https://www.njleg.state.nj.us/members/bio.asp?Leg=333,https://ballotpedia.org/Sean_Kean;https://en.wikipedia.org/wiki/Sean_T._Kean;https://justfacts.votesmart.org/candidate/biography/43112/sean-kean;https://www.linkedin.com/in/sean-kean-653b1540;https://www.njassemblygop.com/227/Sean-Kean;https://www.njassemblygop.com/kean;https://www.njleg.state.nj.us/api/legislatorData/legislatorBio/333;https://www.njleg.state.nj.us/downloads.asp;https://www.njleg.state.nj.us/legislative-roster;https://www.njleg.state.nj.us/legislative-roster/333/assemblyman-kean;https://www.njleg.state.nj.us/members/abcroster.asp;https://www.njleg.state.nj.us/members/bio.asp?Leg=333;https://www.njleg.state.nj.us/members/BIO.asp?Leg=333,,,,"1967 Highway 34, Building C Suite 202, Wall Township, NJ 07719",732-974-0400,,,,,,
ocd-person/49be7512-9343-4189-8769-4497ed129a92,Shama Haider,Democratic,37,lower,Shama,Haider,Female,aswhaider@njleg.org,,1948-12-20,,,https://www.assemblydems.com/209/Shama-Haider---District-37;https://www.assemblydems.com/shama-haider/;https://www.njleg.state.nj.us/legislative-roster/452/assemblywoman-haider,https://ballotpedia.org/Shama_Haider;https://en.wikipedia.org/wiki/Shama_Haider;https://www.assemblydems.com/209/Shama-Haider---District-37;https://www.assemblydems.com/shama-haider;https://www.assemblydems.com/shama-haider/;https://www.njleg.state.nj.us/api/legislatorData/legislatorBio/452;https://www.njleg.state.nj.us/legislative-roster;https://www.njleg.state.nj.us/legislative-roster/452/assemblywoman-haider,,,,"96 Engle St., Englewood, NJ 07631",201-308-7061,,,,,,
ocd-person/304c7552-b833-4b9c-b125-39030b8376ff,Shanique Speight,Democratic,29,lower,Shanique,Speight,Female,aswspeight@njleg.org,,1978-11-14,,https://www.njleg.state.nj.us/members/memberphotos/speight_shanique_2017.jpg,https://www.assemblydems.com/200/Shanique-Speight---District-29;https://www.assemblydems.com/shanique-speight/;https://www.njleg.state.nj.us/legislative-roster/403/assemblywoman-speight;https://www.njleg.state.nj.us/members/bio.asp?Leg=403,https://ballotpedia.org/Shanique_Speight;https://en.wikipedia.org/wiki/Shanique_Speight;https://justfacts.votesmart.org/candidate/biography/176317/shanique-speight;https://www.assemblydems.com/200/Shanique-Speight---District-29;https://www.assemblydems.com/shanique-speight;https://www.njleg.state.nj.us/api/legislatorData/legislatorBio/403;https://www.njleg.state.nj.us/downloads.asp;https://www.njleg.state.nj.us/legislative-roster;https://www.njleg.state.nj.us/legislative-roster/403/assemblywoman-speight;https://www.njleg.state.nj.us/members/abcroster.asp;https://www.njleg.state.nj.us/members/bio.asp?Leg=403;https://www.njleg.state.nj.us/members/BIO.asp?Leg=403,,,,,,,,,,,
ocd-person/26eb8b3c-59a5-49ca-841c-13a569444994,Shirley Turner,Democratic,15,upper,Shirley,Turner,Female,senturner@njleg.org,,1941-07-03,,https://www.njleg.state.nj.us/members/memberphotos/turner_color.jpg,https://www.njleg.state.nj.us/legislative-roster/47/senator-turner;https://www.njleg.state.nj.us/members/bio.asp?Leg=47;https://www.njsendems.org/senators/shirley-k-turner/,https://ballotpedia.org/Shirley_Turner;https://en.wikipedia.org/wiki/Shirley_Turner;https://justfacts.votesmart.org/candidate/biography/4452/shirley-turner;https://www.linkedin.com/in/shirley-turner-b7a55540;https://www.njleg.state.nj.us/api/legislatorData/legislatorBio/47;https://www.njleg.state.nj.us/downloads.asp;https://www.njleg.state.nj.us/legislative-roster;https://www.njleg.state.nj.us/legislative-roster/47/senator-turner;https://www.njleg.state.nj.us/members/abcroster.asp;https://www.njleg.state.nj.us/members/bio.asp?Leg=47;https://www.njleg.state.nj.us/members/BIO.asp?Leg=47;https://www.njsendems.org/senators/shirley-k-turner;https://www.senatorturner.com,,,,"850 Bear Tavern Road Suite 101, Ewing Township, NJ 08628",609-323-7239,,,,,,
ocd-person/901f85af-77c2-4cff-8626-ac510fdc425f,Sterley Stanley,Democratic,18,lower,Sterley,Stanley,Male,asmstanley@njleg.org,,1966-06-24,,https://www.njleg.state.nj.us/members/memberphotos/stanley_sterley_2021.jpg,https://www.assemblydems.com/191/Sterley-Stanley---District-18;https://www.assemblydems.com/sterleystanley/;https://www.njleg.state.nj.us/legislative-roster/429/assemblyman-stanley,https://ballotpedia.org/Sterley_Stanley;https://en.wikipedia.org/wiki/Sterley_Stanley;https://justfacts.votesmart.org/candidate/195785/sterley-stanley;https://www.assemblydems.com/191/Sterley-Stanley---District-18;https://www.assemblydems.com/sterleystanley;https://www.assemblydems.com/sterleystanley/;https://www.linkedin.com/in/sterley-stanley-3b5b6bb;https://www.njleg.state.nj.us/api/legislatorData/legislatorBio/429;https://www.njleg.state.nj.us/legislative-roster;https://www.njleg.state.nj.us/legislative-roster/429/assemblyman-stanley,,,,"197 State Highway 18 Suite 102 North, East Brunswick, NJ 08816",732-875-3833,,,,,,
ocd-person/c05a0080-95df-4576-a81c-d509fb4a5063,Tennille McCoy,Democratic,14,lower,Tennille,McCoy,Female,aswmccoy@njleg.org,,,,,https://tennillermccoy.com/;https://www.assemblydems.com/175/Tennille-R-McCoy---District-14;https://www.assemblydems.com/tennille-mccoy/;https://www.njleg.state.nj.us/legislative-roster/471/assemblywoman-mccoy,https://ballotpedia.org/Tennille_McCoy;https://en.wikipedia.org/wiki/Tennille_McCoy;https://justfacts.votesmart.org/candidate/211640/tennille-mccoy;https://tennillermccoy.com;https://www.assemblydems.com/175/Tennille-R-McCoy---District-14;https://www.assemblydems.com/tennille-mccoy;https://www.linkedin.com/in/tennillermccoy;https://www.njleg.state.nj.us/legislative-roster/471/assemblywoman-mccoy,,,,"3691A Nottingham Way, Hamilton Square, NJ 08690",609-631-0198,,,,,,
ocd-person/a1c9ec59-4127-4973-b100-f35c30bb817c,Troy Singleton,Democratic,7,upper,Troy,Singleton,Male,sensingleton@njleg.org,,,,https://www.njleg.state.nj.us/members/memberphotos/singleton_troy_2019.jpg,https://www.njleg.state.nj.us/legislative-roster/395/senator-singleton;https://www.njleg.state.nj.us/members/bio.asp?Leg=395;https://www.njsendems.org/176/Troy-Singleton,https://ballotpedia.org/Troy_Singleton;https://en.wikipedia.org/wiki/Troy_Singleton;https://justfacts.votesmart.org/candidate/129802/troy-singleton;https://www.linkedin.com/in/troy-singleton-a686976;https://www.njleg.state.nj.us/api/legislatorData/legislatorBio/395;https://www.njleg.state.nj.us/downloads.asp;https://www.njleg.state.nj.us/legislative-roster;https://www.njleg.state.nj.us/legislative-roster/395/senator-singleton;https://www.njleg.state.nj.us/members/abcroster.asp;https://www.njleg.state.nj.us/members/bio.asp?Leg=395;https://www.njleg.state.nj.us/members/BIO.asp?Leg=395;https://www.njsendems.org/176/Troy-Singleton,,,,"400 N. Church St. Suite 260, Moorestown, NJ 08057",856-234-2790,,,,,,
ocd-person/b432ec8c-f914-47dc-addd-740dfc95daaf,Verlina Reynolds-Jackson,Democratic,15,lower,Verlina,Reynolds-Jackson,Female,aswreynoldsjackson@njleg.org,,1971-07-26,,https://www.njleg.state.nj.us/members/memberphotos/reynolds-jackson_verlina_2018.jpg,https://www.assemblydems.com/169/Verlina-Reynolds-Jackson---District-15;https://www.assemblydems.com/verlina-reynolds-jackson/;https://www.njleg.state.nj.us/legislative-roster/409/assemblywoman-reynolds-jackson;https://www.njleg.state.nj.us/members/bio.asp?Leg=409,https://ballotpedia.org/Verlina_Reynolds-Jackson;https://en.wikipedia.org/wiki/Verlina_Reynolds-Jackson;https://justfacts.votesmart.org/candidate/biography/133096/verlina-reynolds-jackson;https://www.assemblydems.com/169/Verlina-Reynolds-Jackson---District-15;https://www.assemblydems.com/verlina-reynolds-jackson;https://www.linkedin.com/in/verlina-reynolds-jackson-9863a234;https://www.njleg.state.nj.us/api/legislatorData/legislatorBio/409;https://www.njleg.state.nj.us/downloads.asp;https://www.njleg.state.nj.us/legislative-roster;https://www.njleg.state.nj.us/legislative-roster/409/assemblywoman-reynolds-jackson;https://www.njleg.state.nj.us/members/abcroster.asp;https://www.njleg.state.nj.us/members/bio.asp?Leg=409;https://www.njleg.state.nj.us/members/BIO.asp?Leg=409,,,,"144 W. State St., Trenton, NJ 08608",609-571-9638,,,,,,
ocd-person/379945ef-55af-4b76-96ce-fcddbcb0c1c6,Vicky Flynn,Republican,13,lower,Vicky,Flynn,Female,aswflynn@njleg.org,,1972-07-14,,,https://www.njassemblygop.com/223/Victoria-Flynn;https://www.njassemblygop.com/flynn/;https://www.njleg.state.nj.us/legislative-roster/446/assemblywoman-flynn,https://ballotpedia.org/Victoria_Flynn;https://en.wikipedia.org/wiki/Vicky_Flynn;https://justfacts.votesmart.org/candidate/biography/196090/vicky-flynn;https://www.linkedin.com/in/victoria-flynn-56043910;https://www.njassemblygop.com/223/Victoria-Flynn;https://www.njassemblygop.com/flynn;https://www.njleg.state.nj.us/api/legislatorData/legislatorBio/446;https://www.njleg.state.nj.us/legislative-roster;https://www.njleg.state.nj.us/legislative-roster/446/assemblywoman-flynn,,,,"1715 Highway 35 North Suite 307, Middletown, NJ 07748",732-856-9833,,,,,,
ocd-person/76afbcca-bed8-4e2e-bc3a-0fd6d53158a5,Vin Gopal,Democratic,11,upper,Vin,Gopal,Male,sengopal@njleg.org,,1985-05-18,,https://www.njleg.state.nj.us/members/memberphotos/gopal_vin_2021.jpg,https://www.njleg.state.nj.us/legislative-roster/405/senator-gopal;https://www.njleg.state.nj.us/members/bio.asp?Leg=405;https://www.njsendems.org/senators/vin-gopal/;https://www.senatorgopal.com/,https://ballotpedia.org/Vin_Gopal;https://en.wikipedia.org/wiki/Vin_Gopal;https://justfacts.votesmart.org/candidate/biography/129810/vin-gopal;https://www.linkedin.com/in/vingopal;https://www.njld11.com;https://www.njleg.state.nj.us/api/legislatorData/legislatorBio/405;https://www.njleg.state.nj.us/downloads.asp;https://www.njleg.state.nj.us/legislative-roster;https://www.njleg.state.nj.us/legislative-roster/405/senator-gopal;https://www.njleg.state.nj.us/members/abcroster.asp;https://www.njleg.state.nj.us/members/bio.asp?Leg=405;https://www.njleg.state.nj.us/members/BIO.asp?Leg=405;https://www.njsendems.org/senators/vin-gopal;https://www.senatorgopal.com,,,,"766 Shrewsbury Ave. Suite 100, Tinton Falls, NJ 07724",732-704-3808,732-383-5116,,,,,
ocd-person/5a6bf64a-7731-4e80-8208-e1a18f09762b,Vince Polistina,Republican,2,upper,Vince,Polistina,Male,senpolistina@njleg.org,,1971-06-10,,https://www.njleg.state.nj.us/members/memberphotos/polistina_vincent_2021.jpg,https://polistina.senatenj.com/;https://www.njleg.state.nj.us/legislative-roster/432/senator-polistina;https://www.senatenj.com/166/Vince-Polistina---District-2,https://ballotpedia.org/Vincent_Polistina;https://en.wikipedia.org/wiki/Vincent_J._Polistina;https://justfacts.votesmart.org/candidate/69652/vince-polistina;https://www.njleg.state.nj.us/api/legislatorData/legislatorBio/432;https://www.njleg.state.nj.us/legislative-roster;https://www.njleg.state.nj.us/legislative-roster/432/senator-polistina;https://www.njleg.state.nj.us/members/abcroster.asp;https://www.njleg.state.nj.us/members/BIO.asp?Leg=432;https://www.senatenj.com/166/Vince-Polistina---District-2,,,,"3123 Atlantic Ave. Suite 100, Atlantic City, NJ 08401",609-677-8266,,,,,,
ocd-person/3d57728e-0da2-4df4-891e-9cc8e0e9b219,Vinnie Kearney,Democratic,21,lower,Vinnie,Kearney,Male,asmkearney@njleg.org,,1976-10-12,,,https://njleg.state.nj.us/legislative-roster/504/assemblyman-kearney;https://www.assemblydems.com/401/Vincent-Kearney---District-21,https://ballotpedia.org/Vincent_Kearney;https://en.wikipedia.org/wiki/Vincent_Kearney_(politician);https://njleg.state.nj.us/legislative-roster/504/assemblyman-kearney;https://www.assemblydems.com/401/Vincent-Kearney---District-21;https://www.linkedin.com/in/vmkearney,,,,"241 North Ave. West Suites 203 and 303, Westfield, NJ 07090",908-516-2880,908-228-2717,,,,,
ocd-person/08016f74-f5d6-4554-91b4-385fdbd558a7,Wayne DeAngelo,Democratic,14,lower,Wayne,DeAngelo,Male,asmdeangelo@njleg.org,,1965-11-05,,https://www.njleg.state.nj.us/members/memberphotos/deangelo_color.jpg,https://www.assemblydems.com/174/Wayne-P-DeAngelo---District-14;https://www.assemblydems.com/wayne-deangelo/;https://www.njleg.state.nj.us/legislative-roster/279/assemblyman-deangelo;https://www.njleg.state.nj.us/members/bio.asp?Leg=279,https://ballotpedia.org/Wayne_DeAngelo;https://en.wikipedia.org/wiki/Wayne_DeAngelo;https://justfacts.votesmart.org/candidate/69724/wayne-deangelo;https://www.assemblydems.com/174/Wayne-P-DeAngelo---District-14;https://www.assemblydems.com/wayne-deangelo;https://www.linkedin.com/in/wayne-deangelo-01915519;https://www.njleg.state.nj.us/api/legislatorData/legislatorBio/279;https://www.njleg.state.nj.us/downloads.asp;https://www.njleg.state.nj.us/legislative-roster;https://www.njleg.state.nj.us/legislative-roster/279/assemblyman-deangelo;https://www.njleg.state.nj.us/members/abcroster.asp;https://www.njleg.state.nj.us/members/bio.asp?Leg=279;https://www.njleg.state.nj.us/members/BIO.asp?Leg=279,,,,"The Shoppes at Nottingham Pointe 4621A Nottingham Way, Hamilton, NJ 08690",609-631-7501,,,,,,
ocd-person/d624fdfb-366e-41f1-83a7-2a8421350d3c,Will Sampson,Democratic,31,lower,Will,Sampson,Male,asmsampson@njleg.org,,1989-01-13,,,https://www.assemblydems.com/201/William-Sampson---District-31;https://www.assemblydems.com/william-sampson/;https://www.njleg.state.nj.us/legislative-roster/451/assemblyman-sampson,https://ballotpedia.org/William_Sampson;https://en.wikipedia.org/wiki/William_Sampson_(politician);https://justfacts.votesmart.org/candidate/biography/196147/william-sampson;https://www.assemblydems.com/201/William-Sampson---District-31;https://www.assemblydems.com/william-sampson;https://www.assemblydems.com/william-sampson/;https://www.njleg.state.nj.us/api/legislatorData/legislatorBio/451;https://www.njleg.state.nj.us/legislative-roster;https://www.njleg.state.nj.us/legislative-roster/451/assemblyman-sampson,,,,"25 W. 8th St., Bayonne, NJ 07002",201-455-2966,,,,,,
ocd-person/1e9cd368-349e-4ddc-a34d-8301d0ac4841,Bill Moen,Democratic,5,lower,Bill,Moen,Male,asmmoen@njleg.org,,1986-11-14,,,https://www.assemblydems.com/163/William-F-Moen-Jr---District-5;https://www.assemblydems.com/William-F-Moen-Jr/;https://www.njleg.state.nj.us/legislative-roster/420/assemblyman-moen,https://ballotpedia.org/William_Moen_Jr.;https://en.wikipedia.org/wiki/William_Moen;https://justfacts.votesmart.org/candidate/biography/186296/bill-moen-jr;https://www.assemblydems.com/163/William-F-Moen-Jr---District-5;https://www.assemblydems.com/William-F-Moen-Jr;https://www.linkedin.com/in/billmoen;https://www.njleg.state.nj.us/api/legislatorData/legislatorBio/420;https://www.njleg.state.nj.us/legislative-roster;https://www.njleg.state.nj.us/legislative-roster/420/assemblyman-moen,,,,"608 N. Broad St. Suite 200, Woodbury, NJ 08096",856-853-2960,,,,,,
ocd-person/3d5d3c07-70ed-481a-91ba-a19fce581561,Bill Spearman,Democratic,5,lower,Bill,Spearman,Male,asmspearman@njleg.org,,1958-02-27,,https://www.njleg.state.nj.us/members/memberphotos/spearman_william_2018a.jpg,https://www.assemblydems.com/162/William-W-Spearman---District-5;https://www.assemblydems.com/william-spearman/;https://www.njleg.state.nj.us/legislative-roster/415/assemblyman-spearman;https://www.njleg.state.nj.us/members/bio.asp?Leg=415,https://ballotpedia.org/William_Spearman;https://en.wikipedia.org/wiki/William_Spearman;https://justfacts.votesmart.org/candidate/biography/75377/william-spearman;https://www.assemblydems.com/162/William-W-Spearman---District-5;https://www.assemblydems.com/william-spearman;https://www.linkedin.com/in/william-spearman-33280838;https://www.njleg.state.nj.us/api/legislatorData/legislatorBio/415;https://www.njleg.state.nj.us/downloads.asp;https://www.njleg.state.nj.us/legislative-roster;https://www.njleg.state.nj.us/legislative-roster/415/assemblyman-spearman;https://www.njleg.state.nj.us/members/abcroster.asp;https://www.njleg.state.nj.us/members/bio.asp?Leg=415;https://www.njleg.state.nj.us/members/BIO.asp?Leg=415,,,,"608 N. Broad St. Suite 200, Woodbury, NJ 08096",856-853-2960,,,,,,
ocd-person/a0d9e9ac-6ede-4e36-8c9e-f7bd83cc704a,Yvonne Lopez,Democratic,19,lower,Yvonne,Lopez,Female,aswlopez@njleg.org,,1957-07-28,,https://www.njleg.state.nj.us/members/memberphotos/lopez_yvonne_2017.jpg,https://www.assemblydems.com/188/Yvonne-Lopez---District-19;https://www.assemblydems.com/yvonne-lopez/;https://www.njleg.state.nj.us/legislative-roster/401/assemblywoman-lopez;https://www.njleg.state.nj.us/members/bio.asp?Leg=401,https://ballotpedia.org/Yvonne_Lopez;https://en.wikipedia.org/wiki/Yvonne_Lopez;https://justfacts.votesmart.org/candidate/biography/176265/yvonne-lopez;https://www.assemblydems.com/188/Yvonne-Lopez---District-19;https://www.assemblydems.com/yvonne-lopez;https://www.linkedin.com/in/yvonne-lopez-37b9a723;https://www.njleg.state.nj.us/api/legislatorData/legislatorBio/401;https://www.njleg.state.nj.us/downloads.asp;https://www.njleg.state.nj.us/legislative-roster;https://www.njleg.state.nj.us/legislative-roster/401/assemblywoman-lopez;https://www.njleg.state.nj.us/members/abcroster.asp;https://www.njleg.state.nj.us/members/bio.asp?Leg=401;https://www.njleg.state.nj.us/members/BIO.asp?Leg=401,,,,"211 Front St., Perth Amboy, NJ 08861",732-638-5057,,,,,,
