id,name,current_party,current_district,current_chamber,given_name,family_name,gender,email,biography,birth_date,death_date,image,links,sources,capitol_address,capitol_voice,capitol_fax,district_address,district_voice,district_fax,twitter,youtube,instagram,facebook,wikidata
ocd-person/844f3ed7-03df-420f-81bd-3f547c12e61e,Aaron Bernstine,Republican,8,lower,Aaron,Bernstine,Male,abernstine@pahousegop.com,,1984-07-02,,https://www.palegis.us/resources/images/members/300/1742.jpg,https://www.legis.state.pa.us/cfdocs/legis/home/member_information/House_bio.cfm?id=1742;https://www.legis.state.pa.us/cfdocs/legis/home/member_information/representatives_alpha.cfm;https://www.palegis.us/house/members/bio/1742/rep-bernstine;https://www.repbernstine.com/,https://ballotpedia.org/Aaron_Bernstine;https://en.wikipedia.org/wiki/Aaron_Bernstine;https://justfacts.votesmart.org/candidate/biography/167743/aaron-bernstine;https://www.legis.state.pa.us/cfdocs/legis/home/member_information/House_bio.cfm?id=1742;https://www.legis.state.pa.us/cfdocs/legis/home/member_information/mbrList.cfm?body=H&sort=alpha;https://www.legis.state.pa.us/cfdocs/legis/home/member_information/representatives_alpha.cfm;https://www.linkedin.com/in/aaronbernstine;https://www.palegis.us/house/members/bio/1742/rep-bernstine;https://www.repbernstine.com,,,,"790 Pittsburgh Road Suite 3, Butler, PA 16002",724-847-5291,,,,,repbernstine,
ocd-person/db196239-5fca-4218-82ee-ce1f6cf03ec4,Abby Major,Republican,60,lower,Abby,Major,Female,amajor@pahousegop.com,,,,https://www.palegis.us/resources/images/members/300/1926.jpg,https://www.legis.state.pa.us/cfdocs/legis/home/member_information/House_bio.cfm?id=1926;https://www.palegis.us/house/members/bio/1926/rep-major;https://www.repabbymajor.com/,https://ballotpedia.org/Abby_Major;https://en.wikipedia.org/wiki/Abby_Major;https://www.legis.state.pa.us/cfdocs/legis/home/member_information/House_bio.cfm?id=1926;https://www.legis.state.pa.us/cfdocs/legis/home/member_information/mbrList.cfm?body=H&sort=alpha;https://www.palegis.us/house/members/bio/1926/rep-major;https://www.repabbymajor.com,,,,"312 Ford St., Ford City, PA 16226",724-763-3222,,,,,,
ocd-person/4bc74848-3896-4a0a-9310-970458f48d1a,Abigail Salisbury,Democratic,34,lower,Abigail,Salisbury,Female,repsalisbury@pahouse.net,,1982-04-07,,https://www.palegis.us/resources/images/members/300/2012.jpg,https://www.legis.state.pa.us/cfdocs/legis/home/member_information/House_bio.cfm?id=2012;https://www.pahouse.com/salisbury;https://www.palegis.us/house/members/bio/2012/rep-salisbury,https://asalisbury.org;https://ballotpedia.org/Abigail_Salisbury;https://en.wikipedia.org/wiki/Abigail_Salisbury;https://justfacts.votesmart.org/candidate/biography/204680/abigail-salisbury;https://www.legis.state.pa.us/cfdocs/legis/home/member_information/House_bio.cfm?id=2012;https://www.legis.state.pa.us/cfdocs/legis/home/member_information/mbrList.cfm?body=H&sort=alpha;https://www.linkedin.com/in/abigailsalisbury;https://www.pahouse.com/salisbury;https://www.pahouse.com/salisbury/About/Biography;https://www.palegis.us/house/members/bio/2012/rep-salisbury,,,,"501 Braddock Ave., Braddock, PA 15104",412-273-3400,,,,,,
ocd-person/1b5abb1e-0028-49a3-ae86-cfb90296c796,Aerion Abney,Democratic,19,lower,Aerion,Abney,Male,aabney@pahouse.net,,1988-05-23,,https://www.palegis.us/resources/images/members/300/1933.jpg,https://www.legis.state.pa.us/cfdocs/legis/home/member_information/House_bio.cfm?id=1933;https://www.pahouse.com/abney/;https://www.palegis.us/house/members/bio/1933/rep-abney,https://ballotpedia.org/Aerion_Abney;https://en.wikipedia.org/wiki/Aerion_Abney;https://www.legis.state.pa.us/cfdocs/legis/home/member_information/House_bio.cfm?id=1933;https://www.legis.state.pa.us/cfdocs/legis/home/member_information/mbrList.cfm?body=H&sort=alpha;https://www.pahouse.com/abney;https://www.palegis.us/house/members/bio/1933/rep-abney,,,,"730 James St., Pittsburgh, PA 15212",412-471-7760,,,,,,
ocd-person/be809fa5-6ef4-4071-bb94-ed10fb051f69,Alec Ryncavage,Republican,119,lower,Alec,Ryncavage,Male,aryncavage@pahousegop.com,,2001-03-27,,https://www.palegis.us/resources/images/members/300/1967.jpg,https://www.legis.state.pa.us/cfdocs/legis/home/member_information/House_bio.cfm?id=1967;https://www.palegis.us/house/members/bio/1967/rep-ryncavage;https://www.repryncavage.com/,https://alecryncavage.com/home.html;https://ballotpedia.org/Alec_Ryncavage;https://en.wikipedia.org/wiki/Alec_Ryncavage;https://www.legis.state.pa.us/cfdocs/legis/home/member_information/House_bio.cfm?id=1967;https://www.legis.state.pa.us/cfdocs/legis/home/member_information/mbrList.cfm?body=H&sort=alpha;https://www.linkedin.com/in/alecryncavage;https://www.palegis.us/house/members/bio/1967/rep-ryncavage;https://www.repryncavage.com,,,,"Fairview Township 65 Shady Tree Drive, Mountain Top, PA 18707",570-403-2371,,,,,,
ocd-person/77755456-0f2a-4bbd-ac96-03d83398d6fc,Amanda Cappelletti,Democratic,17,upper,Amanda,Cappelletti,Female,cappelletti@pasenate.com,,1986-12-09,,https://www.palegis.us/resources/images/members/300/1923.jpg,https://pasenatorcappelletti.com/;https://www.legis.state.pa.us/cfdocs/legis/home/member_information/Senate_bio.cfm?id=1923;https://www.legis.state.pa.us/cfdocs/legis/home/member_information/senators_alpha.cfm;https://www.palegis.us/senate/members/bio/1923/sen-cappelletti,https://ballotpedia.org/Amanda_Cappelletti;https://en.wikipedia.org/wiki/Amanda_Cappelletti;https://justfacts.votesmart.org/candidate/biography/189838/amanda-cappelletti;https://pasenatorcappelletti.com;https://pasenatorcappelletti.com/about;https://www.legis.state.pa.us/cfdocs/legis/home/member_information/mbrList.cfm?body=S&sort=alpha;https://www.legis.state.pa.us/cfdocs/legis/home/member_information/Senate_bio.cfm?id=1923;https://www.legis.state.pa.us/cfdocs/legis/home/member_information/senators_alpha.cfm;https://www.linkedin.com/in/amandacappelletti;https://www.palegis.us/senate/members/bio/1923/sen-cappelletti,,,,"50 E. Wynnewood Road Suite 210, Wynnewood, PA 19096",610-896-2832,,,,,,
ocd-person/a41016aa-660f-4af7-afcd-ef182e544533,Amen Brown,Democratic,10,lower,Amen,Brown,Male,repbrown@pahouse.net,,,,https://www.palegis.us/resources/images/members/300/1919.jpg,https://www.legis.state.pa.us/cfdocs/legis/home/member_information/House_bio.cfm?id=1919;https://www.legis.state.pa.us/cfdocs/legis/home/member_information/representatives_alpha.cfm;https://www.pahouse.com/Brown/;https://www.palegis.us/house/members/bio/1919/rep-a-brown,https://ballotpedia.org/Amen_Brown;https://en.wikipedia.org/wiki/Amen_Brown;https://justfacts.votesmart.org/candidate/biography/186067/amen-brown;https://www.legis.state.pa.us/cfdocs/legis/home/member_information/House_bio.cfm?id=1919;https://www.legis.state.pa.us/cfdocs/legis/home/member_information/mbrList.cfm?body=H&sort=alpha;https://www.legis.state.pa.us/cfdocs/legis/home/member_information/representatives_alpha.cfm;https://www.linkedin.com/in/amen-brown-03b77615;https://www.pahouse.com/Brown;https://www.pahouse.com/RepAmen/About/Bio;https://www.palegis.us/house/members/bio/1919/rep-a-brown;https://www.palegis.us/house/members/bio/1919/representative-amen-brown,,,,"4027 Market St., Philadelphia, PA 19104",215-879-6615,,RepAmenBrown,,,RepAmenBrown,
ocd-person/19dca465-48d8-4b4a-84e2-79ef9797c986,Ana Tiburcio,Democratic,22,lower,Ana,Tiburcio,Female,reptiburcio@pahouse.net,,,,,https://www.pahouse.com/Tiburcio/;https://www.palegis.us/house/members/bio/2062/rep-tiburcio,https://ballotpedia.org/Ana_Tiburcio;https://en.wikipedia.org/wiki/Ana_Tiburcio;https://www.linkedin.com/in/ana-tiburcio-8bba6571;https://www.pahouse.com/Tiburcio;https://www.palegis.us/house/members/bio/2062/rep-tiburcio,,,,"1801 Union Blvd. Suite H, 2nd Floor, Allentown, PA 18109",484-656-7744,,,,,,
ocd-person/628312bf-7920-44b7-b226-90c92f92a123,Andre Carroll,Democratic,201,lower,Andre,Carroll,Male,repcarroll@pahouse.net,,,,https://storage.googleapis.com/enview-public-general/legislative-people-photos/150754.jpg,https://www.pahouse.com/Carroll/;https://www.palegis.us/house/members/bio/2019/rep-carroll,https://ballotpedia.org/Andre_Carroll;https://www.linkedin.com/in/andre-d-carroll-317518b9;https://www.pahouse.com/Carroll;https://www.palegis.us/house/members/bio/2019/rep-carroll,,,,"5845 Germantown Ave., Philadelphia, PA 19144",215-849-6592,,,,,,
ocd-person/23f12d9a-928a-445e-abbe-4976cb082809,Andrea Verobish,Republican,79,lower,Andrea,Verobish,Female,,,,,,https://www.palegis.us/house/members/bio/2065/rep-verobish;https://www.repverobish.com/,https://ballotpedia.org/Andrea_Verobish;https://en.wikipedia.org/wiki/Andrea_Verobish;https://justfacts.votesmart.org/candidate/biography/236456/andrea-verobish;https://www.linkedin.com/in/andrea-verobish-42441a19;https://www.palegis.us/house/members/bio/2065/rep-andrea-verobish;https://www.palegis.us/house/members/bio/2065/rep-verobish;https://www.repverobish.com,,,,"2301 Beale Ave. Suite A, Altoona, PA 16601",814-946-7218,,,,,,
ocd-person/0d86d77b-ff68-4182-be53-09ff196b8174,Andrew Kuzma,Republican,39,lower,Andrew,Kuzma,Male,akuzma@pahousegop.com,,,,https://www.palegis.us/resources/images/members/300/1946.jpg,https://www.legis.state.pa.us/cfdocs/legis/home/member_information/House_bio.cfm?id=1946;https://www.palegis.us/house/members/bio/1946/rep-kuzma;https://www.repkuzma.com/,https://ballotpedia.org/Andrew_Kuzma;https://en.wikipedia.org/wiki/Andrew_Kuzma;https://www.legis.state.pa.us/cfdocs/legis/home/member_information/House_bio.cfm?id=1946;https://www.legis.state.pa.us/cfdocs/legis/home/member_information/mbrList.cfm?body=H&sort=alpha;https://www.palegis.us/house/members/bio/1946/rep-kuzma;https://www.repkuzma.com,,,,"491 E. Bruceton Road Suite 102, Pleasant Hills, PA 15236",412-382-2009,,,,,RepKuzma,
ocd-person/999d1ffd-b893-4aac-9fbb-ae43b3039038,Anita Kulik,Democratic,45,lower,Anita,Kulik,Female,akulik@pahouse.net,,1964-05-05,,https://www.palegis.us/resources/images/members/300/1744.jpg,https://www.legis.state.pa.us/cfdocs/legis/home/member_information/House_bio.cfm?id=1744;https://www.legis.state.pa.us/cfdocs/legis/home/member_information/representatives_alpha.cfm;https://www.pahouse.com/kotik;https://www.palegis.us/house/members/bio/1744/rep-kulik,https://ballotpedia.org/Anita_Astorino_Kulik;https://en.wikipedia.org/wiki/Anita_Astorino_Kulik;https://en.wikipedia.org/wiki/Anita_Kulik;https://justfacts.votesmart.org/candidate/biography/167765/anita-kulik;https://www.legis.state.pa.us/cfdocs/legis/home/member_information/House_bio.cfm?id=1744;https://www.legis.state.pa.us/cfdocs/legis/home/member_information/mbrList.cfm?body=H&sort=alpha;https://www.legis.state.pa.us/cfdocs/legis/home/member_information/representatives_alpha.cfm;https://www.pahouse.com/kotik;https://www.palegis.us/house/members/bio/1744/rep-kulik,,,,"1350 5th Ave., Coraopolis, PA 15108",412-264-4260,,,,,,
ocd-person/e00e0f63-7058-46a4-8b63-f31dc804c614,Ann Flood,Republican,138,lower,Ann,Flood,Female,aflood@pahousegop.com,,,,https://www.palegis.us/resources/images/members/300/1910.jpg,https://www.legis.state.pa.us/cfdocs/legis/home/member_information/House_bio.cfm?id=1910;https://www.legis.state.pa.us/cfdocs/legis/home/member_information/representatives_alpha.cfm;https://www.palegis.us/house/members/bio/1910/rep-flood;https://www.repannflood.com/,https://ballotpedia.org/Ann_Flood_(Pennsylvania);https://en.wikipedia.org/wiki/Ann_Flood_(politician);https://justfacts.votesmart.org/candidate/190103/ann-flood;https://www.legis.state.pa.us/cfdocs/legis/home/member_information/House_bio.cfm?id=1910;https://www.legis.state.pa.us/cfdocs/legis/home/member_information/mbrList.cfm?body=H&sort=alpha;https://www.legis.state.pa.us/cfdocs/legis/home/member_information/representatives_alpha.cfm;https://www.linkedin.com/in/annrissmillerflood;https://www.palegis.us/house/members/bio/1910/rep-flood;https://www.repannflood.com;https://www.repannflood.com/;https://www.repannflood.com/about,,,,"962 Pennsylvania Ave., Pen Argyl, PA 18072",610-746-2100,,,,,PA-State-Rep-Ann-Flood-102454235027275,
ocd-person/57be936d-802b-4d09-b95e-2a5354cb9984,Anthony Bellmon,Democratic,203,lower,Anthony,Bellmon,Male,repbellmon@pahouse.net,,1990-04-12,,https://www.palegis.us/resources/images/members/300/1984.jpg,https://www.legis.state.pa.us/cfdocs/legis/home/member_information/House_bio.cfm?id=1984;https://www.pahouse.com/Bellmon/;https://www.palegis.us/house/members/bio/1984/rep-bellmon,https://ballotpedia.org/Anthony_Bellmon;https://en.wikipedia.org/wiki/Anthony_A._Bellmon;https://justfacts.votesmart.org/candidate/biography/204856/anthony-bellmon;https://www.legis.state.pa.us/cfdocs/legis/home/member_information/House_bio.cfm?id=1984;https://www.legis.state.pa.us/cfdocs/legis/home/member_information/mbrList.cfm?body=H&sort=alpha;https://www.linkedin.com/in/anthony-bellmon-b432ba33;https://www.pahouse.com/Bellmon;https://www.palegis.us/house/members/bio/1984/rep-anthony-bellmon;https://www.palegis.us/house/members/bio/1984/rep-bellmon,,,,"7215-B Rising Sun Ave., Philadelphia, PA 19111",215-560-1315,,RepBellmon,,,RepBellmon,
ocd-person/fe79a0f0-7dfd-442a-8b79-f8792613a4de,Tony Williams,Democratic,8,upper,Tony,Williams,Male,williams@pasenate.com,,1957-02-28,,https://www.palegis.us/resources/images/members/300/153.jpg,https://www.legis.state.pa.us/cfdocs/legis/home/member_information/Senate_bio.cfm?id=153;https://www.legis.state.pa.us/cfdocs/legis/home/member_information/senators_alpha.cfm;https://www.palegis.us/senate/members/bio/153/sen-a-williams;https://www.senatoranthonyhwilliams.com/,https://ballotpedia.org/Anthony_Williams_(Pennsylvania);https://en.wikipedia.org/wiki/Anthony_H._Williams;https://justfacts.votesmart.org/candidate/biography/9269/anthony-williams;https://www.legis.state.pa.us/cfdocs/legis/home/member_information/mbrList.cfm?body=S&sort=alpha;https://www.legis.state.pa.us/cfdocs/legis/home/member_information/Senate_bio.cfm?id=153;https://www.legis.state.pa.us/cfdocs/legis/home/member_information/senators_alpha.cfm;https://www.linkedin.com/in/anthony-h-williams-57022226;https://www.palegis.us/senate/members/bio/153/sen-a-williams;https://www.senatoranthonyhwilliams.com;https://www.senatoranthonyhwilliams.com/about,,,,"2901 Island Ave., Suite 100, Philadelphia, PA 19153",215-492-2980,,SenTonyWilliams,,senator_anthonyhwilliams,anthony.h.williams,
ocd-person/ea712eba-1da5-45e2-8d9f-022e8307a614,Art Haywood,Democratic,4,upper,Art,Haywood,Male,senatorhaywood@pasenate.com,,1957-01-28,,https://www.palegis.us/resources/images/members/300/1689.jpg,https://www.legis.state.pa.us/cfdocs/legis/home/member_information/Senate_bio.cfm?id=1689;https://www.legis.state.pa.us/cfdocs/legis/home/member_information/senators_alpha.cfm;https://www.palegis.us/senate/members/bio/1689/sen-haywood;https://www.senatorhaywood.com/,https://ballotpedia.org/Art_Haywood;https://en.wikipedia.org/wiki/Art_Haywood;https://en.wikipedia.org/wiki/Arthur_L._Haywood_III;https://justfacts.votesmart.org/candidate/biography/133622/art-haywood-iii;https://senatorhaywood.com/about;https://www.legis.state.pa.us/cfdocs/legis/home/member_information/mbrList.cfm?body=S&sort=alpha;https://www.legis.state.pa.us/cfdocs/legis/home/member_information/Senate_bio.cfm?id=1689;https://www.legis.state.pa.us/cfdocs/legis/home/member_information/senators_alpha.cfm;https://www.legislawyers.com/about-us/arthur-l-haywood;https://www.linkedin.com/in/art-haywood-b458b9a;https://www.palegis.us/senate/members/bio/1689/sen-haywood;https://www.senatorhaywood.com,,,,"7106 Germantown Ave., Philadelphia, PA 19119",215-242-8171,,SenatorHaywood,,,SenatorArtHaywood,
ocd-person/f4e98ad8-2ee6-45e4-8594-0deaaa51190e,Arvind Venkat,Democratic,30,lower,Arvind,Venkat,Male,repvenkat@pahouse.net,,1974-06-06,,https://www.palegis.us/resources/images/members/300/1944.jpg,https://www.legis.state.pa.us/cfdocs/legis/home/member_information/House_bio.cfm?id=1944;https://www.pahouse.com/venkat/;https://www.palegis.us/house/members/bio/1944/rep-venkat,https://ballotpedia.org/Arvind_Venkat;https://en.wikipedia.org/wiki/Arvind_Venkat;https://www.legis.state.pa.us/cfdocs/legis/home/member_information/House_bio.cfm?id=1944;https://www.legis.state.pa.us/cfdocs/legis/home/member_information/mbrList.cfm?body=H&sort=alpha;https://www.linkedin.com/in/arvind-venkat-51947b42;https://www.pahouse.com/venkat;https://www.palegis.us/house/members/bio/1944/rep-venkat,,,,"9800B McKnight Road Suite 130, Pittsburgh, PA 15237",412-348-8028,,RepVenkat,,,RepVenkat,
ocd-person/48c5b966-eef2-456a-8ca0-f47d584e7883,Barb Gleim,Republican,199,lower,Barb,Gleim,Female,bgleim@pahousegop.com,,1964-05-20,,https://www.palegis.us/resources/images/members/300/1864.jpg,https://www.legis.state.pa.us/cfdocs/legis/home/member_information/House_bio.cfm?id=1864;https://www.legis.state.pa.us/cfdocs/legis/home/member_information/representatives_alpha.cfm;https://www.palegis.us/house/members/bio/1864/rep-gleim;https://www.repgleim.com/,https://ballotpedia.org/Barbara_Gleim;https://en.wikipedia.org/wiki/Barbara_Gleim;https://justfacts.votesmart.org/candidate/biography/179593/barbara-gleim;https://www.legis.state.pa.us/cfdocs/legis/home/member_information/House_bio.cfm?id=1864;https://www.legis.state.pa.us/cfdocs/legis/home/member_information/mbrList.cfm?body=H&sort=alpha;https://www.legis.state.pa.us/cfdocs/legis/home/member_information/representatives_alpha.cfm;https://www.linkedin.com/in/barbara-gleim-30437760;https://www.palegis.us/house/members/bio/1864/rep-gleim;https://www.repgleim.com,,,,"437 E. North St., Carlisle, PA 17013",717-249-1990,,repgleim,UChtuvXCwuGvDP_EJAf8ZU5w,,RepGleim,
ocd-person/1f2c3093-8ce7-41f7-8df0-6cd14ddd354b,Ben Waxman,Democratic,182,lower,Ben,Waxman,Male,repwaxman@pahouse.net,,1985-02-09,,https://www.palegis.us/resources/images/members/300/1981.jpg,https://www.legis.state.pa.us/cfdocs/legis/home/member_information/House_bio.cfm?id=1981;https://www.pahouse.com/Waxman/;https://www.palegis.us/house/members/bio/1981/rep-waxman,https://ballotpedia.org/Benjamin_Waxman;https://en.wikipedia.org/wiki/Ben_Waxman;https://justfacts.votesmart.org/candidate/biography/167850/benjamin-waxman;https://www.legis.state.pa.us/cfdocs/legis/home/member_information/House_bio.cfm?id=1981;https://www.legis.state.pa.us/cfdocs/legis/home/member_information/mbrList.cfm?body=H&sort=alpha;https://www.linkedin.com/in/ben-waxman-73253a6;https://www.pahouse.com/Waxman;https://www.pahouse.com/Waxman/About/Biography;https://www.palegis.us/house/members/bio/1981/rep-waxman,,,,"1500 Walnut St. 10th Floor, Philadelphia, PA 19102",215-246-1501,,RepBenWaxman,,,RepBenWaxman,
ocd-person/b64463e2-41f6-4d58-a725-03db71798c1c,Ben Sanchez,Democratic,153,lower,Ben,Sanchez,Male,repsanchez@pahouse.net,,1975-03-11,,https://www.palegis.us/resources/images/members/300/1849.jpg,https://www.legis.state.pa.us/cfdocs/legis/home/member_information/House_bio.cfm?id=1849;https://www.legis.state.pa.us/cfdocs/legis/home/member_information/representatives_alpha.cfm;https://www.pahouse.com/sanchez;https://www.palegis.us/house/members/bio/1849/rep-sanchez,https://ballotpedia.org/Ben_Sanchez;https://en.wikipedia.org/wiki/Ben_Sanchez_(politician);https://justfacts.votesmart.org/candidate/161504/ben-sanchez;https://www.legis.state.pa.us/cfdocs/legis/home/member_information/House_bio.cfm?id=1849;https://www.legis.state.pa.us/cfdocs/legis/home/member_information/mbrList.cfm?body=H&sort=alpha;https://www.legis.state.pa.us/cfdocs/legis/home/member_information/representatives_alpha.cfm;https://www.linkedin.com/in/ben-sanchez-34aa7368;https://www.pahouse.com/sanchez;https://www.pahouse.com/Sanchez/About/Biography;https://www.palegis.us/house/members/bio/1849/rep-sanchez,,,,"1175 Old York Road, Abington, PA 19001",215-517-6800,,RepBenSanchez,playlist?list=PLjtqNtfs0bgUooLKfgdclJXjFq2HnB_CL,,RepBenSanchez,
ocd-person/979ea568-4c43-41bd-ba1e-4c2da172bb82,Brad Roae,Republican,6,lower,Brad,Roae,Male,broae@pahousegop.com,,1967-04-06,,https://www.palegis.us/resources/images/members/300/1083.jpg,https://www.legis.state.pa.us/cfdocs/legis/home/member_information/House_bio.cfm?id=1083;https://www.legis.state.pa.us/cfdocs/legis/home/member_information/representatives_alpha.cfm;https://www.palegis.us/house/members/bio/1083/rep-roae;https://www.reproae.com/,https://ballotpedia.org/Bradley_Roae;https://en.wikipedia.org/wiki/Brad_Roae;https://www.legis.state.pa.us/cfdocs/legis/home/member_information/House_bio.cfm?id=1083;https://www.legis.state.pa.us/cfdocs/legis/home/member_information/mbrList.cfm?body=H&sort=alpha;https://www.legis.state.pa.us/cfdocs/legis/home/member_information/representatives_alpha.cfm;https://www.linkedin.com/in/brad-roae-8b786aa;https://www.palegis.us/house/members/bio/1083/rep-roae;https://www.reproae.com,,,,"18937 Park Avenue Plaza, Meadville, PA 16335",814-336-1136,,RepRoae,RepRoae,,,
ocd-person/9aea39f8-1503-4fea-9440-1e0e9c2f8fa3,Brandon Markosek,Democratic,25,lower,Brandon,Markosek,Male,repmarkosek@pahouse.net,,,,https://www.palegis.us/resources/images/members/300/1825.jpg,https://www.legis.state.pa.us/cfdocs/legis/home/member_information/House_bio.cfm?id=1825;https://www.legis.state.pa.us/cfdocs/legis/home/member_information/house_bio.cfm?id=1825;https://www.legis.state.pa.us/cfdocs/legis/home/member_information/representatives_alpha.cfm;https://www.pahouse.com/BMarkosek/;https://www.palegis.us/house/members/bio/1825/rep-markosek,https://ballotpedia.org/Brandon_Markosek;https://en.wikipedia.org/wiki/Brandon_Markosek;https://justfacts.votesmart.org/candidate/biography/179215/brandon-markosek;https://www.legis.state.pa.us/cfdocs/legis/home/member_information/house_bio.cfm?id=1825;https://www.legis.state.pa.us/cfdocs/legis/home/member_information/House_bio.cfm?id=1825;https://www.legis.state.pa.us/cfdocs/legis/home/member_information/mbrList.cfm?body=H&sort=alpha;https://www.legis.state.pa.us/cfdocs/legis/home/member_information/representatives_alpha.cfm;https://www.pahouse.com/BMarkosek;https://www.palegis.us/house/members/bio/1825/rep-markosek,,,,"Commerce Building 4232 Northern Pike, Monroeville, PA 15146",412-856-8284,,RepMarkosek,playlist?list=PLjtqNtfs0bgVCacDsFFGDNYpb65Amu0Xk,,RepMarkosek,
ocd-person/e12dc574-f19b-4c9c-9a30-42b68371ea4a,Brenda Pugh,Republican,120,lower,Brenda,Pugh,Female,bpugh@pahousegop.com,,,,https://encrypted-tbn0.gstatic.com/images?q=tbn:ANd9GcSqVdrj2w84kNrKi7RN0poR6kywKVZcSV7m-g&s,https://www.palegis.us/house/members/bio/2033/rep-pugh,https://ballotpedia.org/Brenda_Pugh;https://justfacts.votesmart.org/candidate/214909/brenda-pugh;https://www.linkedin.com/in/brenda-pugh-b9856230;https://www.palegis.us/house/members/bio/2033/rep-pugh,,,,"161 Main St. Suite 201, Luzerne, PA 18709",570-283-1001,,,,,,
ocd-person/1a6e36d3-ff44-4e21-bb9d-397a56482b34,Brett Miller,Republican,41,lower,Brett,Miller,Male,bmiller@pahousegop.com,,1961-07-22,,https://www.palegis.us/resources/images/members/300/1699.jpg,https://www.legis.state.pa.us/cfdocs/legis/home/member_information/House_bio.cfm?id=1699;https://www.legis.state.pa.us/cfdocs/legis/home/member_information/representatives_alpha.cfm;https://www.palegis.us/house/members/bio/1699/rep-b-miller;https://www.repmiller.com/,https://ballotpedia.org/Brett_Miller;https://en.wikipedia.org/wiki/Brett_Miller_(politician);https://www.legis.state.pa.us/cfdocs/legis/home/member_information/House_bio.cfm?id=1699;https://www.legis.state.pa.us/cfdocs/legis/home/member_information/mbrList.cfm?body=H&sort=alpha;https://www.legis.state.pa.us/cfdocs/legis/home/member_information/representatives_alpha.cfm;https://www.palegis.us/house/members/bio/1699/rep-b-miller;https://www.repmiller.com,,,,"132 Locust St. Suite 102, Columbia, PA 17512",717-295-5050,,,RepBrettMiller,,RepMiller,
ocd-person/0f035e7e-d035-4d8c-bc5b-876ba70452cc,Brian Munroe,Democratic,144,lower,Brian,Munroe,Male,repmunroe@pahouse.net,,1974-01-25,,https://www.palegis.us/resources/images/members/300/1972.jpg,https://www.legis.state.pa.us/cfdocs/legis/home/member_information/House_bio.cfm?id=1972;https://www.pahouse.com/munroe/;https://www.palegis.us/house/members/bio/1972/rep-munroe,https://ballotpedia.org/Brian_Munroe;https://en.wikipedia.org/wiki/Brian_Munroe;https://justfacts.votesmart.org/candidate/biography/136284/brian-munroe;https://munroeforpa.com/meet-brian;https://www.legis.state.pa.us/cfdocs/legis/home/member_information/House_bio.cfm?id=1972;https://www.legis.state.pa.us/cfdocs/legis/home/member_information/mbrList.cfm?body=H&sort=alpha;https://www.linkedin.com/in/brian-munroe-33510036;https://www.pahouse.com/munroe;https://www.palegis.us/house/members/bio/1972/rep-munroe,,,,"1410 W. Street Road Suite A, Warminster, PA 18974",215-323-6997,,RepMunroe,,,RepMunroe,
ocd-person/7ec5f0f0-0899-4f54-b284-c4c5931c25bc,Brian Rasel,Republican,56,lower,Brian,Rasel,Male,brasel@pahousegop.com,,,,https://www.palegis.us/resources/images/members/200/2025.jpg?20241220,https://reprasel.com/;https://www.palegis.us/house/members/bio/2025/rep-rasel,https://ballotpedia.org/Brian_Rasel;https://en.wikipedia.org/wiki/Brian_Rasel;https://justfacts.votesmart.org/candidate/biography/214859/brian-rasel;https://reprasel.com;https://www.linkedin.com/in/brian-rasel-25b30497;https://www.palegis.us/house/members/bio/2025/rep-rasel,,,,"2090 Harrison Ave. Suite 4, Jeannette, PA 15644",724-744-0305,,,,,,
ocd-person/ac7d02d3-9bb7-4cc1-8cee-4283094fe604,Brian Smith,Republican,66,lower,Brian,Smith,Male,bsmith@pahousegop.com,,,,https://www.palegis.us/resources/images/members/300/1902.jpg,https://www.legis.state.pa.us/cfdocs/legis/home/member_information/House_bio.cfm?id=1902;https://www.legis.state.pa.us/cfdocs/legis/home/member_information/representatives_alpha.cfm;https://www.palegis.us/house/members/bio/1902/rep-smith;https://www.repsmith.com/,https://ballotpedia.org/Brian_Smith_(Pennsylvania);https://en.wikipedia.org/wiki/Brian_Smith_(Pennsylvania_politician);https://www.legis.state.pa.us/cfdocs/legis/home/member_information/House_bio.cfm?id=1902;https://www.legis.state.pa.us/cfdocs/legis/home/member_information/mbrList.cfm?body=H&sort=alpha;https://www.legis.state.pa.us/cfdocs/legis/home/member_information/representatives_alpha.cfm;https://www.palegis.us/house/members/bio/1902/rep-smith;https://www.repsmith.com,,,,"82 Barnett St., Brookville, PA 15825",814-849-8008,,,,,PA-State-Rep-Brian-Smith-104029998216098,
ocd-person/e5149ed2-f2bb-4054-8064-e2331ffaf1c0,Bridget Malloy Kosierowski,Democratic,114,lower,Bridget,Kosierowski,Female,repkosierowski@pahouse.net,,,,https://www.palegis.us/resources/images/members/300/1866.jpg,https://www.legis.state.pa.us/cfdocs/legis/home/member_information/House_bio.cfm?id=1866;https://www.legis.state.pa.us/cfdocs/legis/home/member_information/representatives_alpha.cfm;https://www.pahouse.com/Kosierowski/;https://www.palegis.us/house/members/bio/1866/rep-kosierowski,https://ballotpedia.org/Bridget_Malloy_Kosierowski;https://en.wikipedia.org/wiki/Bridget_Malloy_Kosierowski;https://justfacts.votesmart.org/candidate/biography/186065/bridget-kosierowski;https://www.legis.state.pa.us/cfdocs/legis/home/member_information/House_bio.cfm?id=1866;https://www.legis.state.pa.us/cfdocs/legis/home/member_information/mbrList.cfm?body=H&sort=alpha;https://www.legis.state.pa.us/cfdocs/legis/home/member_information/representatives_alpha.cfm;https://www.pahouse.com/Kosierowski;https://www.pahouse.com/Kosierowski/About/Biography;https://www.palegis.us/house/members/bio/1866/rep-kosierowski,,,,"277 Scranton Carbondale Highway Unit 19, Scranton, PA 18508",570-562-2350,,RepBridget,,,RepBridget,
ocd-person/fd5d0580-766c-482c-a12f-e4689e0bcf30,Bryan Cutler,Republican,100,lower,Bryan,Cutler,Male,bcutler@pahousegop.com,,1975-04-02,,https://www.palegis.us/resources/images/members/300/1105.jpg,https://www.legis.state.pa.us/cfdocs/legis/home/member_information/House_bio.cfm?id=1105;https://www.legis.state.pa.us/cfdocs/legis/home/member_information/representatives_alpha.cfm;https://www.palegis.us/house/members/bio/1105/rep-cutler;https://www.repcutler.com/,https://ballotpedia.org/Bryan_Cutler;https://en.wikipedia.org/wiki/Bryan_Cutler;https://justfacts.votesmart.org/candidate/biography/59785/bryan-cutler;https://www.legis.state.pa.us/cfdocs/legis/home/member_information/House_bio.cfm?id=1105;https://www.legis.state.pa.us/cfdocs/legis/home/member_information/mbrList.cfm?body=H&sort=alpha;https://www.legis.state.pa.us/cfdocs/legis/home/member_information/representatives_alpha.cfm;https://www.linkedin.com/in/bryan-cutler-0a59723;https://www.palegis.us/house/members/bio/1105/rep-cutler;https://www.repcutler.com;https://www.repcutler.com/about,,,,"33E Friendly Drive, Quarryville, PA 17566",717-284-1965,,repbryancutler,RepCutler,,RepBryanCutler,
ocd-person/9b9857aa-5fad-4678-a4f9-7e40bc642f64,Bud Cook,Republican,50,lower,Bud,Cook,Male,bcook@pahousegop.com,,1956-06-29,,https://www.palegis.us/resources/images/members/300/1745.jpg,https://www.legis.state.pa.us/cfdocs/legis/home/member_information/House_bio.cfm?id=1745;https://www.legis.state.pa.us/cfdocs/legis/home/member_information/representatives_alpha.cfm;https://www.palegis.us/house/members/bio/1745/rep-cook;https://www.repbudcook.com/,https://ballotpedia.org/Bud_Cook;https://en.wikipedia.org/wiki/Bud_Cook_(politician);https://justfacts.votesmart.org/candidate/biography/150729/bud-cook;https://www.legis.state.pa.us/cfdocs/legis/home/member_information/House_bio.cfm?id=1745;https://www.legis.state.pa.us/cfdocs/legis/home/member_information/mbrList.cfm?body=H&sort=alpha;https://www.legis.state.pa.us/cfdocs/legis/home/member_information/representatives_alpha.cfm;https://www.linkedin.com/in/budcookep;https://www.palegis.us/house/members/bio/1745/rep-cook;https://www.repbudcook.com,,,,"Center in the Woods 130 Woodland Court, Brownsville, PA 15417",724-929-2660,,,,,repbudcook,
ocd-person/66b8c0a7-f8be-4acd-aafb-29ca02fcde65,Camera Bartolotta,Republican,46,upper,Camera,Bartolotta,Female,cbartolotta@pasen.gov,,1963-12-04,,https://www.palegis.us/resources/images/members/300/1698.jpg,https://www.legis.state.pa.us/cfdocs/legis/home/member_information/Senate_bio.cfm?id=1698;https://www.legis.state.pa.us/cfdocs/legis/home/member_information/senators_alpha.cfm;https://www.palegis.us/senate/members/bio/1698/sen-bartolotta;https://www.senatorbartolotta.com/,https://ballotpedia.org/Camera_Bartolotta;https://en.wikipedia.org/wiki/Camera_Bartolotta;https://www.legis.state.pa.us/cfdocs/legis/home/member_information/mbrList.cfm?body=S&sort=alpha;https://www.legis.state.pa.us/cfdocs/legis/home/member_information/Senate_bio.cfm?id=1698;https://www.legis.state.pa.us/cfdocs/legis/home/member_information/senators_alpha.cfm;https://www.linkedin.com/in/cameracbartolotta;https://www.palegis.us/senate/members/bio/1698/sen-bartolotta;https://www.senatorbartolotta.com,,,,"95 W. Beau St. Suite 107, Washington, PA 15301",724-225-4380,,senbartolotta,,,senatorbartolotta,
ocd-person/462fc474-e481-436e-b47a-7bbde2de3e3a,Carl Metzgar,Republican,69,lower,Carl,Metzgar,Male,cmetzgar@pahousegop.com,,1981-10-01,,https://www.palegis.us/resources/images/members/300/1174.jpg,https://www.legis.state.pa.us/cfdocs/legis/home/member_information/House_bio.cfm?id=1174;https://www.legis.state.pa.us/cfdocs/legis/home/member_information/representatives_alpha.cfm;https://www.palegis.us/house/members/bio/1174/rep-metzgar;https://www.repmetzgar.com/,https://ballotpedia.org/Carl_Metzgar;https://en.wikipedia.org/wiki/Carl_Walker_Metzgar;https://justfacts.votesmart.org/candidate/biography/102537/carl-metzgar;https://www.legis.state.pa.us/cfdocs/legis/home/member_information/House_bio.cfm?id=1174;https://www.legis.state.pa.us/cfdocs/legis/home/member_information/mbrList.cfm?body=H&sort=alpha;https://www.legis.state.pa.us/cfdocs/legis/home/member_information/representatives_alpha.cfm;https://www.palegis.us/house/members/bio/1174/rep-metzgar;https://www.repmetzgar.com,,,,"1808 N. Center Ave. Suite 200, Somerset, PA 15501",814-443-4230,,,RepMetzgar,,,
ocd-person/cafbffed-be4d-4e5b-9d99-9aec024675e2,Carol Hill-Evans,Democratic,95,lower,Carol,Hill-Evans,Female,rephill-evans@pahouse.net,,1949-11-21,,https://www.palegis.us/resources/images/members/300/1749.jpg,https://www.legis.state.pa.us/cfdocs/legis/home/member_information/House_bio.cfm?id=1749;https://www.legis.state.pa.us/cfdocs/legis/home/member_information/representatives_alpha.cfm;https://www.pahouse.com/Hill-Evans/;https://www.palegis.us/house/members/bio/1749/rep-hill-evans,https://ballotpedia.org/Carol_Hill-Evans;https://en.wikipedia.org/wiki/Carol_Hill-Evans;https://justfacts.votesmart.org/candidate/biography/78394/carol-hill-evans;https://www.legis.state.pa.us/cfdocs/legis/home/member_information/House_bio.cfm?id=1749;https://www.legis.state.pa.us/cfdocs/legis/home/member_information/mbrList.cfm?body=H&sort=alpha;https://www.legis.state.pa.us/cfdocs/legis/home/member_information/representatives_alpha.cfm;https://www.pahouse.com/Hill-Evans;https://www.palegis.us/house/members/bio/1749/rep-carol-hill-evans;https://www.palegis.us/house/members/bio/1749/rep-hill-evans,,,,"53 E. North St. Suite 3, York, PA 17401",717-848-9595,,RepHillEvans,,,RepHillEvans,
ocd-person/05f5a4fa-4a1e-4242-8664-eca508f36a3c,Carol Kazeem,Democratic,159,lower,Carol,Kazeem,Female,repkazeem@pahouse.net,,,,https://www.palegis.us/resources/images/members/300/1976.jpg,https://www.legis.state.pa.us/cfdocs/legis/home/member_information/House_bio.cfm?id=1976;https://www.pahouse.com/Kazeem/;https://www.palegis.us/house/members/bio/1976/rep-kazeem,https://ballotpedia.org/Carol_Kazeem;https://en.wikipedia.org/wiki/Carol_Kazeem;https://justfacts.votesmart.org/candidate/biography/204809/carol-kazeem;https://www.legis.state.pa.us/cfdocs/legis/home/member_information/House_bio.cfm?id=1976;https://www.legis.state.pa.us/cfdocs/legis/home/member_information/mbrList.cfm?body=H&sort=alpha;https://www.linkedin.com/in/carol-kazeem-a5965b92;https://www.pahouse.com/Kazeem;https://www.pahouse.com/Kazeem/About/Biography;https://www.palegis.us/house/members/bio/1976/rep-kazeem,,,,"624 Avenue of the States, Chester, PA 19013",610-876-6420,,RepKazeem,,,RepKazeem,
ocd-person/91c58c1d-de9d-471b-8178-f6ef89c1286b,Carolyn Comitta,Democratic,19,upper,Carolyn,Comitta,Female,senatorcomitta@pasenate.com,,1952-04-27,,https://www.palegis.us/resources/images/members/300/1790.jpg,https://www.legis.state.pa.us/cfdocs/legis/home/member_information/House_bio.cfm?id=1790;https://www.legis.state.pa.us/cfdocs/legis/home/member_information/Senate_bio.cfm?id=1790;https://www.legis.state.pa.us/cfdocs/legis/home/member_information/senate_bio.cfm?id=1790;https://www.legis.state.pa.us/cfdocs/legis/home/member_information/senators_alpha.cfm;https://www.palegis.us/senate/members/bio/1790/sen-comitta;https://www.pasenatorcomitta.com/,https://ballotpedia.org/Carolyn_Comitta;https://en.wikipedia.org/wiki/Carolyn_Comitta;https://justfacts.votesmart.org/candidate/biography/167836/carolyn-comitta;https://www.legis.state.pa.us/cfdocs/legis/home/member_information/House_bio.cfm?id=1790;https://www.legis.state.pa.us/cfdocs/legis/home/member_information/mbrList.cfm?body=S&sort=alpha;https://www.legis.state.pa.us/cfdocs/legis/home/member_information/representatives_alpha.cfm;https://www.legis.state.pa.us/cfdocs/legis/home/member_information/senate_bio.cfm?id=1790;https://www.legis.state.pa.us/cfdocs/legis/home/member_information/Senate_bio.cfm?id=1790;https://www.legis.state.pa.us/cfdocs/legis/home/member_information/senators_alpha.cfm;https://www.linkedin.com/in/carolyn-comitta-a551ba1a;https://www.linkedin.com/in/carolyncomitta;https://www.palegis.us/senate/members/bio/1790/sen-comitta;https://www.pasenatorcomitta.com;https://www.pasenatorcomitta.com/biography,,,,"17 E. Gay St. Suite 301, West Chester, PA 19380",610-692-2112,,senatorcomitta,,senatorcomitta,SenatorComitta,
ocd-person/d881386d-8aad-45c7-8705-27f3288f20ea,Catherine Wallen,Republican,193,lower,Catherine,Wallen,Female,,,,,,https://repwallen.com/;https://www.palegis.us/house/members/bio/2064/rep-wallen,https://ballotpedia.org/Catherine_Wallen;https://en.wikipedia.org/wiki/Catherine_Wallen;https://repwallen.com;https://www.linkedin.com/in/wallen-catherine-ab61a733;https://www.palegis.us/house/members/bio/2064/rep-wallen,,,,"68 W. King St., Shippensburg, PA 17257",717-477-0905,,,,,,
ocd-person/851902e6-5649-4c0c-948a-57fb9c1dd40d,Chad Reichard,Republican,90,lower,Chad,Reichard,Male,creichard@pahousegop.com,,,,https://seventy.org/uploads/attachments/cly5z27ztjodi7xnpsnqhzmfb-screenshot-2024-07-03-at-11-07-37-am.0.29.1038.1099.max.png,https://repreichard.com/;https://www.palegis.us/house/members/bio/2028/rep-reichard,https://ballotpedia.org/Chad_Reichard;https://repreichard.com;https://www.palegis.us/house/members/bio/2028/rep-reichard,,,,"MMP&W Volunteer Fire Co. Activity Center 20 Veterans Way, Mercersburg, PA 17236",,,,,,,
ocd-person/d5bd036c-03f5-4111-b770-15cb2dbe3278,Charity Krupa,Republican,51,lower,Charity,Krupa,Female,ckrupa@pahousegop.com,,,,https://www.palegis.us/resources/images/members/300/1949.jpg,https://www.legis.state.pa.us/cfdocs/legis/home/member_information/House_bio.cfm?id=1949;https://www.palegis.us/house/members/bio/1949/rep-krupa;https://www.repgrimmkrupa.com/,https://ballotpedia.org/Charity_Grimm_Krupa;https://en.wikipedia.org/wiki/Charity_Grimm_Krupa;https://www.legis.state.pa.us/cfdocs/legis/home/member_information/House_bio.cfm?id=1949;https://www.legis.state.pa.us/cfdocs/legis/home/member_information/mbrList.cfm?body=H&sort=alpha;https://www.palegis.us/house/members/bio/1949/rep-krupa;https://www.repgrimmkrupa.com,,,,"3089 Morgantown Road, Smithfield, PA 15458",724-438-6100,,,,,RepGrimmKrupa,
ocd-person/d83a0679-02c9-469b-89ed-11f9b46166c5,Chris Pielli,Democratic,156,lower,Chris,Pielli,Male,reppielli@pahouse.net,,1966-01-20,,https://www.palegis.us/resources/images/members/300/1975.jpg,https://www.legis.state.pa.us/cfdocs/legis/home/member_information/House_bio.cfm?id=1975;https://www.pahouse.com/Pielli/;https://www.palegis.us/house/members/bio/1975/rep-pielli,https://ballotpedia.org/Christopher_Pielli;https://en.wikipedia.org/wiki/Chris_Pielli;https://www.legis.state.pa.us/cfdocs/legis/home/member_information/House_bio.cfm?id=1975;https://www.legis.state.pa.us/cfdocs/legis/home/member_information/mbrList.cfm?body=H&sort=alpha;https://www.linkedin.com/in/christopher-pielli-52170683;https://www.pahouse.com/Pielli;https://www.palegis.us/house/members/bio/1975/rep-pielli,,,,"121 W. Miner St. Suite 1E, West Chester, PA 19382",610-696-4990,,RepPielli,,,RepPielli,
ocd-person/43d9c3c2-aeec-416c-859d-ad90600bbe0e,Christina Sappey,Democratic,158,lower,Christina,Sappey,Female,repsappey@pahouse.com,,1962-08-31,,https://www.palegis.us/resources/images/members/300/1852.jpg,https://www.legis.state.pa.us/cfdocs/legis/home/member_information/House_bio.cfm?id=1852;https://www.legis.state.pa.us/cfdocs/legis/home/member_information/representatives_alpha.cfm;https://www.pahouse.com/sappey;https://www.palegis.us/house/members/bio/1852/rep-sappey,https://ballotpedia.org/Christina_Sappey;https://en.wikipedia.org/wiki/Christina_Sappey;https://justfacts.votesmart.org/candidate/biography/179547/christina-sappey;https://www.legis.state.pa.us/cfdocs/legis/home/member_information/House_bio.cfm?id=1852;https://www.legis.state.pa.us/cfdocs/legis/home/member_information/mbrList.cfm?body=H&sort=alpha;https://www.legis.state.pa.us/cfdocs/legis/home/member_information/representatives_alpha.cfm;https://www.linkedin.com/in/christina-sappey-96a875a;https://www.pahouse.com/sappey;https://www.palegis.us/house/members/bio/1852/rep-sappey,,,,"Willowdale Town Center 698 Unionville Road, Kennett Square, PA 19348",484-200-8264,,RepSappey,playlist?list=PLjtqNtfs0bgV3NyvY5Qd4uDKRvBW5uSLl,,RepSappey,
ocd-person/f3b4fe8c-05f9-4610-81ef-354c0fcb0cdd,Tina Tartaglione,Democratic,2,upper,Tina,Tartaglione,Female,tartaglione@pasenate.com,,1960-09-21,,https://www.palegis.us/resources/images/members/300/277.jpg,https://www.legis.state.pa.us/cfdocs/legis/home/member_information/Senate_bio.cfm?id=277;https://www.legis.state.pa.us/cfdocs/legis/home/member_information/senators_alpha.cfm;https://www.palegis.us/senate/members/bio/277/sen-tartaglione;https://www.senatortartaglione.com/,https://ballotpedia.org/Christine_Tartaglione;https://en.wikipedia.org/wiki/Christine_Tartaglione;https://justfacts.votesmart.org/candidate/biography/5244/tina-tartaglione;https://senatortartaglione.com/about;https://www.legis.state.pa.us/cfdocs/legis/home/member_information/mbrList.cfm?body=S&sort=alpha;https://www.legis.state.pa.us/cfdocs/legis/home/member_information/Senate_bio.cfm?id=277;https://www.legis.state.pa.us/cfdocs/legis/home/member_information/senators_alpha.cfm;https://www.palegis.us/senate/members/bio/277/sen-tartaglione;https://www.senatortartaglione.com,,,,"5321 Oxford Ave., Philadelphia, PA 19124",215-533-0440,,sentartaglione,,,SenatorTinaTartaglione,
ocd-person/965b26f8-5a4a-4458-a327-a25d89605e65,Chris Gebhard,Republican,48,upper,Chris,Gebhard,Male,cgebhard@pasen.gov,,,,https://www.palegis.us/resources/images/members/300/1928.jpg,https://senatorgebhard.com/;https://www.legis.state.pa.us/cfdocs/legis/home/member_information/Senate_bio.cfm?id=1928;https://www.palegis.us/senate/members/bio/1928/sen-gebhard,https://ballotpedia.org/Chris_Gebhard;https://en.wikipedia.org/wiki/Chris_Gebhard;https://senatorgebhard.com;https://www.legis.state.pa.us/cfdocs/legis/home/member_information/mbrList.cfm?body=S&sort=alpha;https://www.legis.state.pa.us/cfdocs/legis/home/member_information/Senate_bio.cfm?id=1928;https://www.linkedin.com/in/christopher-gebhard-11397817;https://www.palegis.us/senate/members/bio/1928/sen-gebhard,,,,"61 N. 3rd St., Hamburg, PA 19526",717-274-6735,,SenatorGebhard,,,SenatorGebhard48,
ocd-person/e6a8e555-0d65-4a1f-9673-56ad1e3c7855,Chris Rabb,Democratic,200,lower,Chris,Rabb,Male,reprabb@pahouse.net,,1970-02-21,,https://www.palegis.us/resources/images/members/300/1760.jpg,https://www.legis.state.pa.us/cfdocs/legis/home/member_information/House_bio.cfm?id=1760;https://www.legis.state.pa.us/cfdocs/legis/home/member_information/representatives_alpha.cfm;https://www.pahouse.com/Rabb/;https://www.palegis.us/house/members/bio/1760/rep-rabb,https://ballotpedia.org/Christopher_Rabb;https://en.wikipedia.org/wiki/Chris_Rabb;https://justfacts.votesmart.org/candidate/biography/167968/christopher-rabb;https://www.legis.state.pa.us/cfdocs/legis/home/member_information/House_bio.cfm?id=1760;https://www.legis.state.pa.us/cfdocs/legis/home/member_information/mbrList.cfm?body=H&sort=alpha;https://www.legis.state.pa.us/cfdocs/legis/home/member_information/representatives_alpha.cfm;https://www.linkedin.com/in/chrisrabb;https://www.pahouse.com/Rabb;https://www.palegis.us/house/members/bio/1760/rep-rabb,,,,"7216 Germantown Ave., Philadelphia, PA 19119",215-242-7300,,,,,,
ocd-person/626de4be-b2f3-4a37-bbbc-ede598381d6b,Clint Owlett,Republican,68,lower,Clint,Owlett,Male,cowlett@pahousegop.com,,,,https://www.palegis.us/resources/images/members/300/1796.jpg,https://www.legis.state.pa.us/cfdocs/legis/home/member_information/House_bio.cfm?id=1796;https://www.legis.state.pa.us/cfdocs/legis/home/member_information/representatives_alpha.cfm;https://www.palegis.us/house/members/bio/1796/rep-owlett;https://www.repowlett.com/,https://ballotpedia.org/Clint_Owlett;https://en.wikipedia.org/wiki/Clint_Owlett;https://www.legis.state.pa.us/cfdocs/legis/home/member_information/House_bio.cfm?id=1796;https://www.legis.state.pa.us/cfdocs/legis/home/member_information/mbrList.cfm?body=H&sort=alpha;https://www.legis.state.pa.us/cfdocs/legis/home/member_information/representatives_alpha.cfm;https://www.palegis.us/house/members/bio/1796/rep-owlett;https://www.repowlett.com,,,,"74 Main St., Wellsboro, PA 16901",570-724-1390,,,,,,
ocd-person/bb324f66-3a5c-4e90-9c75-d142cce81c92,Craig Staats,Republican,145,lower,Craig,Staats,Male,cstaats@pahousegop.com,,1961-02-04,,https://www.palegis.us/resources/images/members/300/1707.jpg,https://www.legis.state.pa.us/cfdocs/legis/home/member_information/House_bio.cfm?id=1707;https://www.legis.state.pa.us/cfdocs/legis/home/member_information/representatives_alpha.cfm;https://www.palegis.us/house/members/bio/1707/rep-staats;https://www.repstaats.com/,https://ballotpedia.org/Craig_Staats;https://en.wikipedia.org/wiki/Craig_Staats;https://justfacts.votesmart.org/candidate/biography/150872/craig-staats;https://www.legis.state.pa.us/cfdocs/legis/home/member_information/House_bio.cfm?id=1707;https://www.legis.state.pa.us/cfdocs/legis/home/member_information/mbrList.cfm?body=H&sort=alpha;https://www.legis.state.pa.us/cfdocs/legis/home/member_information/representatives_alpha.cfm;https://www.linkedin.com/in/craig-staats-b9102147;https://www.palegis.us/house/members/bio/1707/rep-staats;https://www.repstaats.com,,,,"10 S. 3rd St., Quakertown, PA 18951",215-536-1434,,,RepStaats,,PA-State-Rep-Craig-Staats,
ocd-person/e17c51da-556e-4afe-aad4-137ee3a0881e,Craig Williams,Republican,160,lower,Craig,Williams,Male,craig.williams@pahousegop.com,,1965-11-07,,https://www.palegis.us/resources/images/members/300/1916.jpg,https://www.legis.state.pa.us/cfdocs/legis/home/member_information/House_bio.cfm?id=1916;https://www.legis.state.pa.us/cfdocs/legis/home/member_information/representatives_alpha.cfm;https://www.palegis.us/house/members/bio/1916/rep-c-williams;https://www.repcraigwilliams.com/,https://ballotpedia.org/Craig_Williams_(Pennsylvania);https://en.wikipedia.org/wiki/Wendell_Craig_Williams;https://www.legis.state.pa.us/cfdocs/legis/home/member_information/House_bio.cfm?id=1916;https://www.legis.state.pa.us/cfdocs/legis/home/member_information/mbrList.cfm?body=H&sort=alpha;https://www.legis.state.pa.us/cfdocs/legis/home/member_information/representatives_alpha.cfm;https://www.linkedin.com/in/craig-williams-86001138;https://www.palegis.us/house/members/bio/1916/rep-c-williams;https://www.repcraigwilliams.com,,,,"1 Beaver Valley Road Suite 100, Chadds Ford, PA 19317",610-358-5925,,,,,PA-State-Rep-Craig-Williams-100998925196205,
ocd-person/402d7e3b-1935-47fa-8124-61490037d016,Cris Dush,Republican,25,upper,Cris,Dush,Male,cdush@pasen.gov,,1961-03-01,,https://www.palegis.us/resources/images/members/300/1687.jpg,https://senatordush.com/;https://www.legis.state.pa.us/cfdocs/legis/home/member_information/House_bio.cfm?id=1687;https://www.legis.state.pa.us/cfdocs/legis/home/member_information/Senate_bio.cfm?id=1687;https://www.legis.state.pa.us/cfdocs/legis/home/member_information/senators_alpha.cfm;https://www.palegis.us/senate/members/bio/1687/sen-dush,https://ballotpedia.org/Cris_Dush;https://en.wikipedia.org/wiki/Cris_Dush;https://justfacts.votesmart.org/candidate/biography/136329/cris-dush;https://senatordush.com;https://senatordush.com/about;https://www.legis.state.pa.us/cfdocs/legis/home/member_information/House_bio.cfm?id=1687;https://www.legis.state.pa.us/cfdocs/legis/home/member_information/mbrList.cfm?body=S&sort=alpha;https://www.legis.state.pa.us/cfdocs/legis/home/member_information/representatives_alpha.cfm;https://www.legis.state.pa.us/cfdocs/legis/home/member_information/Senate_bio.cfm?id=1687;https://www.legis.state.pa.us/cfdocs/legis/home/member_information/senators_alpha.cfm;https://www.palegis.us/senate/members/bio/1687/sen-dush,,,,"73 S. White St. Suite 5, Brookville, PA 15825",814-646-7272,,,RepDush,,,
ocd-person/70d0ff46-746e-47a0-8c5f-cbe73dbf72ce,Dallas Kephart,Republican,73,lower,Dallas,Kephart,Male,dkephart@pahousegop.com,,,,https://www.palegis.us/resources/images/members/300/1952.jpg,https://www.legis.state.pa.us/cfdocs/legis/home/member_information/House_bio.cfm?id=1952;https://www.palegis.us/house/members/bio/1952/rep-kephart;https://www.repkephart.com/,https://ballotpedia.org/Dallas_Kephart;https://en.wikipedia.org/wiki/Dallas_Kephart;https://justfacts.votesmart.org/candidate/204708/dallas-kephart;https://www.legis.state.pa.us/cfdocs/legis/home/member_information/House_bio.cfm?id=1952;https://www.legis.state.pa.us/cfdocs/legis/home/member_information/mbrList.cfm?body=H&sort=alpha;https://www.linkedin.com/in/dallas-kephart-870983168;https://www.palegis.us/house/members/bio/1952/rep-kephart;https://www.repkephart.com;https://www.repkephart.com/about,,,,"600 Lingle St., Osceola Mills, PA 16666",814-339-6544,,,,,RepKephart,
ocd-person/96667f6d-d967-4f6a-9cd9-23bf480a98c1,Dan Frankel,Democratic,23,lower,Dan,Frankel,Male,repfrankel@pahouse.net,,1956-04-11,,https://www.palegis.us/resources/images/members/300/84.jpg,https://www.legis.state.pa.us/cfdocs/legis/home/member_information/House_bio.cfm?id=84;https://www.legis.state.pa.us/cfdocs/legis/home/member_information/representatives_alpha.cfm;https://www.pahouse.com/frankel;https://www.palegis.us/house/members/bio/84/rep-frankel,https://ballotpedia.org/Dan_Frankel;https://en.wikipedia.org/wiki/Dan_Frankel;https://en.wikipedia.org/wiki/Dan_Frankel_(American_politician);https://justfacts.votesmart.org/candidate/biography/24008/dan-frankel;https://www.legis.state.pa.us/cfdocs/legis/home/member_information/House_bio.cfm?id=84;https://www.legis.state.pa.us/cfdocs/legis/home/member_information/mbrList.cfm?body=H&sort=alpha;https://www.legis.state.pa.us/cfdocs/legis/home/member_information/representatives_alpha.cfm;https://www.linkedin.com/in/dan-frankel-aa13824a;https://www.pahouse.com/frankel;https://www.palegis.us/house/members/bio/84/rep-dan-frankel;https://www.palegis.us/house/members/bio/84/rep-frankel,,,,"2345 Murray Ave. Suite 205, Pittsburgh, PA 15217",412-422-1774,,RepDanFrankel,playlist?list=PL73E178C33BCAABA5,,RepDanFrankel,
ocd-person/b42a625f-25e4-4f25-b942-928c8a3e0bb2,Dan Goughnour,Democratic,35,lower,Dan,Goughnour,Male,repgergely@pahouse.net,,,,,https://www.pahouse.com/gergely;https://www.palegis.us/house/members/bio/2060/rep-goughnour,https://ballotpedia.org/Dan_Goughnour;https://en.wikipedia.org/wiki/Dan_Goughnour;https://en.wikipedia.org/wiki/Daniel_Goughnour;https://justfacts.votesmart.org/candidate/biography/220803/dan-goughnour;https://www.pahouse.com/gergely;https://www.palegis.us/house/members/bio/2060/rep-goughnour;https://www.palegis.us/house/members/bio/2060/representative-dan-goughnour,,,,"409 Walnut St. First Floor, McKeesport, PA 15132",412-664-0035,,,,,,
ocd-person/8cb5e285-fdd9-4c63-b7c7-480bf9e477e1,Dan Williams,Democratic,74,lower,Dan,Williams,Male,dwilliams@pahouse.net,,1956-09-23,,https://www.palegis.us/resources/images/members/300/1837.jpg,https://www.legis.state.pa.us/cfdocs/legis/home/member_information/House_bio.cfm?id=1837;https://www.legis.state.pa.us/cfdocs/legis/home/member_information/representatives_alpha.cfm;https://www.pahouse.com/williams;https://www.palegis.us/house/members/bio/1837/rep-d-williams,https://ballotpedia.org/Dan_Williams_(Pennsylvania);https://en.wikipedia.org/wiki/Dan_K._Williams;https://justfacts.votesmart.org/candidate/biography/179287/dan-williams;https://www.legis.state.pa.us/cfdocs/legis/home/member_information/House_bio.cfm?id=1837;https://www.legis.state.pa.us/cfdocs/legis/home/member_information/mbrList.cfm?body=H&sort=alpha;https://www.legis.state.pa.us/cfdocs/legis/home/member_information/representatives_alpha.cfm;https://www.linkedin.com/in/dan-williams-2666b328;https://www.pahouse.com/williams;https://www.palegis.us/house/members/bio/1837/rep-d-williams;https://www.palegis.us/house/members/bio/1837/rep-dan-williams,,,,"3496 E. Lincoln Highway, Thorndale, PA 19372",484-200-8256,,RepDanWilliams,playlist?list=PLjtqNtfs0bgV65YUs6rjR2agLV_mJvFbI,,RepDanWilliams,
ocd-person/f4071288-fa18-48bb-99f1-41abd60d215e,Dan Moul,Republican,91,lower,Dan,Moul,Male,dmoul@pahousegop.com,,1950-10-10,,https://www.palegis.us/resources/images/members/300/1101.jpg,https://www.legis.state.pa.us/cfdocs/legis/home/member_information/House_bio.cfm?id=1101;https://www.legis.state.pa.us/cfdocs/legis/home/member_information/representatives_alpha.cfm;https://www.palegis.us/house/members/bio/1101/rep-moul;https://www.repmoul.com/,https://ballotpedia.org/Dan_Moul;https://en.wikipedia.org/wiki/Dan_Moul;https://justfacts.votesmart.org/candidate/biography/58370/dan-moul;https://www.legis.state.pa.us/cfdocs/legis/home/member_information/House_bio.cfm?id=1101;https://www.legis.state.pa.us/cfdocs/legis/home/member_information/mbrList.cfm?body=H&sort=alpha;https://www.legis.state.pa.us/cfdocs/legis/home/member_information/representatives_alpha.cfm;https://www.palegis.us/house/members/bio/1101/rep-moul;https://www.repmoul.com,,,,"30 W. Middle St., Gettysburg, PA 17325",717-334-3010,,,RepMoul,,,
ocd-person/d4de5cc2-b3b9-49a0-9f20-62c6f4f6a052,Dane Watro,Republican,116,lower,Dane,Watro,Male,dwatro@pahousegop.com,,,,https://www.palegis.us/resources/images/members/300/1964.jpg,https://www.legis.state.pa.us/cfdocs/legis/home/member_information/House_bio.cfm?id=1964;https://www.palegis.us/house/members/bio/1964/rep-watro;https://www.repwatro.com,https://ballotpedia.org/Dane_Watro_Jr.;https://en.wikipedia.org/wiki/Dane_Watro;https://imforwatro.com/meet;https://justfacts.votesmart.org/candidate/biography/204765/dane-watro;https://www.legis.state.pa.us/cfdocs/legis/home/member_information/House_bio.cfm?id=1964;https://www.legis.state.pa.us/cfdocs/legis/home/member_information/mbrList.cfm?body=H&sort=alpha;https://www.palegis.us/house/members/bio/1964/rep-watro;https://www.repwatro.com,,,,"145 E. Broad St. Suite 1, Hazleton, PA 18201",570-453-1344,,,,,RepWatro,
ocd-person/2608882d-9ae2-4522-b8b2-83d905913d3f,Dan Deasy,Democratic,27,lower,Dan,Deasy,Male,ddeasy@pahouse.net,,1966-08-01,,https://www.palegis.us/resources/images/members/300/1166.jpg,https://www.legis.state.pa.us/cfdocs/legis/home/member_information/House_bio.cfm?id=1166;https://www.legis.state.pa.us/cfdocs/legis/home/member_information/representatives_alpha.cfm;https://www.pahouse.com/Deasy/;https://www.palegis.us/house/members/bio/1166/rep-deasy,"https://ballotpedia.org/Daniel_Deasy,_Jr.;https://en.wikipedia.org/wiki/Dan_Deasy;https://justfacts.votesmart.org/candidate/biography/77880/dan-deasy-jr;https://pahouse.com/Deasy/About/Biography;https://www.legis.state.pa.us/cfdocs/legis/home/member_information/House_bio.cfm?id=1166;https://www.legis.state.pa.us/cfdocs/legis/home/member_information/mbrList.cfm?body=H&sort=alpha;https://www.legis.state.pa.us/cfdocs/legis/home/member_information/representatives_alpha.cfm;https://www.pahouse.com/Deasy;https://www.palegis.us/house/members/bio/1166/rep-deasy",,,,"1074 Greentree Road, Pittsburgh, PA 15220",412-928-9514,,,,,,
ocd-person/431a823e-0268-4921-a62d-5f698211e706,Dan Laughlin,Republican,49,upper,Dan,Laughlin,Male,dlaughlin@pasen.gov,,,,https://www.palegis.us/resources/images/members/300/1766.jpg,https://www.legis.state.pa.us/cfdocs/legis/home/member_information/Senate_bio.cfm?id=1766;https://www.legis.state.pa.us/cfdocs/legis/home/member_information/senators_alpha.cfm;https://www.palegis.us/senate/members/bio/1766/sen-laughlin;https://www.senatorlaughlin.com/,https://ballotpedia.org/Daniel_Laughlin;https://en.wikipedia.org/wiki/Dan_Laughlin;https://justfacts.votesmart.org/candidate/biography/167728/dan-laughlin;https://www.legis.state.pa.us/cfdocs/legis/home/member_information/mbrList.cfm?body=S&sort=alpha;https://www.legis.state.pa.us/cfdocs/legis/home/member_information/Senate_bio.cfm?id=1766;https://www.legis.state.pa.us/cfdocs/legis/home/member_information/senators_alpha.cfm;https://www.linkedin.com/in/dan-laughlin-293b88148;https://www.palegis.us/senate/members/bio/1766/sen-laughlin;https://www.senatorlaughlin.com,,,,"1314 Griswold Plaza Suite 101, Erie, PA 16501",814-453-2515,,senatorlaughlin,,,senatorlaughlin,
ocd-person/6678bcaf-292f-408a-aa36-90ed8bc8fd08,Danielle Otten,Democratic,155,lower,Danielle,Otten,Female,repotten@pahouse.net,,1977-07-25,,https://www.palegis.us/resources/images/members/300/1850.jpg,https://www.legis.state.pa.us/cfdocs/legis/home/member_information/House_bio.cfm?id=1850;https://www.legis.state.pa.us/cfdocs/legis/home/member_information/representatives_alpha.cfm;https://www.pahouse.com/frielotten;https://www.palegis.us/house/members/bio/1850/rep-otten,https://ballotpedia.org/Danielle_Otten;https://en.wikipedia.org/wiki/Danielle_Friel_Otten;https://justfacts.votesmart.org/candidate/179544/danielle-otten;https://www.legis.state.pa.us/cfdocs/legis/home/member_information/House_bio.cfm?id=1850;https://www.legis.state.pa.us/cfdocs/legis/home/member_information/mbrList.cfm?body=H&sort=alpha;https://www.legis.state.pa.us/cfdocs/legis/home/member_information/representatives_alpha.cfm;https://www.linkedin.com/in/danielle-friel-otten;https://www.pahouse.com/frielotten;https://www.palegis.us/house/members/bio/1850/rep-otten,,,,"631 Pottstown Pike, Exton, PA 19341",484-200-8259,,RepDanielle,playlist?list=PLjtqNtfs0bgVr-fZ-diFi9mzN-IRKsx2e,,RepDanielle,
ocd-person/a2579707-5a31-4f4b-a9ed-49847d35eae6,Danilo Burgos,Democratic,197,lower,Danilo,Burgos,Male,dburgos@pahouse.net,,1978-01-19,,https://www.palegis.us/resources/images/members/300/1863.jpg,https://www.legis.state.pa.us/cfdocs/legis/home/member_information/House_bio.cfm?id=1863;https://www.legis.state.pa.us/cfdocs/legis/home/member_information/representatives_alpha.cfm;https://www.pahouse.com/burgos;https://www.palegis.us/house/members/bio/1863/rep-burgos,https://ballotpedia.org/Danilo_Burgos;https://en.wikipedia.org/wiki/Danilo_Burgos;https://justfacts.votesmart.org/candidate/biography/150719/danilo-burgos;https://www.legis.state.pa.us/cfdocs/legis/home/member_information/House_bio.cfm?id=1863;https://www.legis.state.pa.us/cfdocs/legis/home/member_information/mbrList.cfm?body=H&sort=alpha;https://www.legis.state.pa.us/cfdocs/legis/home/member_information/representatives_alpha.cfm;https://www.linkedin.com/in/danilo-burgos-25863470;https://www.pahouse.com/burgos;https://www.palegis.us/house/members/bio/1863/rep-burgos,,,,"635 W. Erie Ave., Philadelphia, PA 19140",215-223-1890,,RepBurgos,playlist?list=PLjtqNtfs0bgXt_x4JyRcCrfs9KrY14amC,,RepBurgos,
ocd-person/943fdd89-fe0a-43f6-8077-82cd252bdeb2,Darisha Parker,Democratic,198,lower,Darisha,Parker,Female,repparker@pahouse.net,,,,https://www.palegis.us/resources/images/members/300/1920.jpg,https://www.legis.state.pa.us/cfdocs/legis/home/member_information/House_bio.cfm?id=1920;https://www.legis.state.pa.us/cfdocs/legis/home/member_information/representatives_alpha.cfm;https://www.pahouse.com/dparker/;https://www.palegis.us/house/members/bio/1920/rep-parker,https://ballotpedia.org/Darisha_Parker;https://en.wikipedia.org/wiki/Darisha_Parker;https://www.legis.state.pa.us/cfdocs/legis/home/member_information/House_bio.cfm?id=1920;https://www.legis.state.pa.us/cfdocs/legis/home/member_information/mbrList.cfm?body=H&sort=alpha;https://www.legis.state.pa.us/cfdocs/legis/home/member_information/representatives_alpha.cfm;https://www.linkedin.com/in/darishamiller;https://www.pahouse.com/dparker;https://www.palegis.us/house/members/bio/1920/rep-parker,,,,"1335 W. Tabor Road Suite 109, Philadelphia, PA 19141",215-849-6426,,RepDarisha,,,RepDarishaParker,
ocd-person/c05046a6-87dd-4956-a172-cad035960391,Dave Delloso,Democratic,162,lower,Dave,Delloso,Male,repdelloso@pahouse.net,,1965-06-18,,https://www.palegis.us/resources/images/members/300/1853.jpg,https://www.legis.state.pa.us/cfdocs/legis/home/member_information/House_bio.cfm?id=1853;https://www.legis.state.pa.us/cfdocs/legis/home/member_information/representatives_alpha.cfm;https://www.pahouse.com/delloso;https://www.palegis.us/house/members/bio/1853/rep-delloso,https://ballotpedia.org/David_Delloso;https://en.wikipedia.org/wiki/David_Delloso;https://justfacts.votesmart.org/candidate/biography/179552/david-delloso;https://www.legis.state.pa.us/cfdocs/legis/home/member_information/House_bio.cfm?id=1853;https://www.legis.state.pa.us/cfdocs/legis/home/member_information/mbrList.cfm?body=H&sort=alpha;https://www.legis.state.pa.us/cfdocs/legis/home/member_information/representatives_alpha.cfm;https://www.linkedin.com/in/dave-delloso-20579311;https://www.pahouse.com/delloso;https://www.palegis.us/house/members/bio/1853/rep-delloso,,,,"605 E. Chester Pike, Ridley Park, PA 19078",610-534-1002,,RepDelloso,playlist?list=PLjtqNtfs0bgVG_fUOnUUk1MHAO05yPmoU,,RepDelloso,
ocd-person/4a0c9e5e-07cc-4b4b-a47a-22be60d1623e,Dave Madsen,Democratic,104,lower,Dave,Madsen,Male,repmadsen@pahouse.net,,,,https://www.palegis.us/resources/images/members/300/1959.jpg,https://www.legis.state.pa.us/cfdocs/legis/home/member_information/House_bio.cfm?id=1959;https://www.pahouse.com/madsen/;https://www.palegis.us/house/members/bio/1959/rep-madsen,https://ballotpedia.org/Dave_Madsen;https://en.wikipedia.org/wiki/Dave_Madsen;https://justfacts.votesmart.org/candidate/204738/david-madsen;https://www.legis.state.pa.us/cfdocs/legis/home/member_information/House_bio.cfm?id=1959;https://www.legis.state.pa.us/cfdocs/legis/home/member_information/mbrList.cfm?body=H&sort=alpha;https://www.pahouse.com/madsen;https://www.palegis.us/house/members/bio/1959/rep-madsen,,,,"383 S. Front St., Steelton, PA 17113",717-986-1673,,RepMadsen,,,RepMadsen,
ocd-person/2a2df3c1-9ede-46b7-8d73-896b1e317aff,Dave Argall,Republican,29,upper,Dave,Argall,Male,dargall@pasen.gov,,1958-11-21,,https://www.palegis.us/resources/images/members/300/69.jpg,https://www.legis.state.pa.us/cfdocs/legis/home/member_information/Senate_bio.cfm?id=69;https://www.legis.state.pa.us/cfdocs/legis/home/member_information/senators_alpha.cfm;https://www.palegis.us/senate/members/bio/69/sen-argall;https://www.senatorargall.com/,https://ballotpedia.org/David_Argall;https://en.wikipedia.org/wiki/Dave_Argall;https://justfacts.votesmart.org/candidate/biography/9078/dave-argall;https://www.legis.state.pa.us/cfdocs/legis/home/member_information/mbrList.cfm?body=S&sort=alpha;https://www.legis.state.pa.us/cfdocs/legis/home/member_information/Senate_bio.cfm?id=69;https://www.legis.state.pa.us/cfdocs/legis/home/member_information/senators_alpha.cfm;https://www.palegis.us/senate/members/bio/69/sen-argall;https://www.palegis.us/senate/members/bio/69/sen-david-argall;https://www.senatorargall.com,,,,"204B Bridge St., Weissport, PA 18235",877-327-4255,,SenatorArgall,,,SenatorArgall,
ocd-person/2fbada46-9c48-4be5-a49f-e1ca0af132ed,Dave Zimmerman,Republican,99,lower,Dave,Zimmerman,Male,dzimmerman@pahousegop.com,,1956-04-13,,https://www.palegis.us/resources/images/members/300/1711.jpg,https://www.legis.state.pa.us/cfdocs/legis/home/member_information/House_bio.cfm?id=1711;https://www.legis.state.pa.us/cfdocs/legis/home/member_information/representatives_alpha.cfm;https://www.palegis.us/house/members/bio/1711/rep-zimmerman;https://www.repzimmerman.com/,https://ballotpedia.org/David_H._Zimmerman;https://en.wikipedia.org/wiki/David_H._Zimmerman;https://justfacts.votesmart.org/candidate/biography/150903/david-zimmerman;https://www.legis.state.pa.us/cfdocs/legis/home/member_information/House_bio.cfm?id=1711;https://www.legis.state.pa.us/cfdocs/legis/home/member_information/mbrList.cfm?body=H&sort=alpha;https://www.legis.state.pa.us/cfdocs/legis/home/member_information/representatives_alpha.cfm;https://www.linkedin.com/in/davezimmerman1;https://www.palegis.us/house/members/bio/1711/rep-david-zimmerman;https://www.palegis.us/house/members/bio/1711/rep-zimmerman;https://www.repzimmerman.com;https://www.repzimmerman.com/contact,,,,"2800 N. Reading Road Suite 245, Reinholds, PA 17569",717-556-0031,717-556-0032,,RepZimmerman,,PA-State-Rep-Dave-Zimmerman,
ocd-person/fb4a0115-dd63-4e25-8d36-0ea6afc55faf,David Maloney,Republican,130,lower,David,Maloney,Male,dmaloney@pahousegop.com,,1960-08-25,,https://www.palegis.us/resources/images/members/300/1226.jpg,https://www.legis.state.pa.us/cfdocs/legis/home/member_information/House_bio.cfm?id=1226;https://www.legis.state.pa.us/cfdocs/legis/home/member_information/representatives_alpha.cfm;https://www.palegis.us/house/members/bio/1226/rep-maloney;https://www.repmaloney.com/,https://ballotpedia.org/David_Maloney;https://en.wikipedia.org/wiki/David_Maloney_(politician);https://justfacts.votesmart.org/candidate/biography/119606/david-maloney-sr;https://www.legis.state.pa.us/cfdocs/legis/home/member_information/House_bio.cfm?id=1226;https://www.legis.state.pa.us/cfdocs/legis/home/member_information/mbrList.cfm?body=H&sort=alpha;https://www.legis.state.pa.us/cfdocs/legis/home/member_information/representatives_alpha.cfm;https://www.linkedin.com/in/david-maloney-1b450836;https://www.palegis.us/house/members/bio/1226/rep-maloney;https://www.repmaloney.com,,,,"46 E. Philadelphia Ave., Boyertown, PA 19512",610-369-3010,,,RepMaloney,,RepMaloney,
ocd-person/c88ccd9a-3378-4284-9dc6-767a4826526e,David Rowe,Republican,85,lower,David,Rowe,Male,drowe@pahousegop.com,,1991-02-10,,https://www.palegis.us/resources/images/members/300/1871.jpg,https://www.legis.state.pa.us/cfdocs/legis/home/member_information/House_bio.cfm?id=1871;https://www.legis.state.pa.us/cfdocs/legis/home/member_information/representatives_alpha.cfm;https://www.palegis.us/house/members/bio/1871/rep-rowe;https://www.repdavidrowe.com/,https://ballotpedia.org/David_Rowe;https://ballotpedia.org/David_Rowe_(Pennsylvania);https://en.wikipedia.org/wiki/David_H._Rowe;https://justfacts.votesmart.org/candidate/biography/186714/david-rowe;https://www.legis.state.pa.us/cfdocs/legis/home/member_information/House_bio.cfm?id=1871;https://www.legis.state.pa.us/cfdocs/legis/home/member_information/mbrList.cfm?body=H&sort=alpha;https://www.legis.state.pa.us/cfdocs/legis/home/member_information/representatives_alpha.cfm;https://www.palegis.us/house/members/bio/1871/rep-rowe;https://www.repdavidrowe.com;https://www.repdavidrowe.com/about,,,,"74 Paxtonville Road, Middleburg, PA 17842",570-966-0052,,,,,,
ocd-person/2a13f9df-b7e6-4281-82e4-f7263b6fa12e,Dawn Keefer,Republican,31,upper,Dawn,Keefer,Female,dkeefer@pasen.gov,,1972-10-06,,https://www.palegis.us/resources/images/members/300/1748.jpg,https://senatorkeefer.com/;https://www.legis.state.pa.us/cfdocs/legis/home/member_information/House_bio.cfm?id=1748;https://www.legis.state.pa.us/cfdocs/legis/home/member_information/representatives_alpha.cfm;https://www.palegis.us/house/members/bio/1748/rep-keefer;https://www.palegis.us/senate/members/bio/1748/sen-keefer;https://www.repkeefer.com/,https://ballotpedia.org/Dawn_Keefer;https://en.wikipedia.org/wiki/Dawn_Keefer;https://justfacts.votesmart.org/candidate/biography/167794/dawn-keefer;https://senatorkeefer.com;https://www.legis.state.pa.us/cfdocs/legis/home/member_information/House_bio.cfm?id=1748;https://www.legis.state.pa.us/cfdocs/legis/home/member_information/mbrList.cfm?body=H&sort=alpha;https://www.legis.state.pa.us/cfdocs/legis/home/member_information/representatives_alpha.cfm;https://www.linkedin.com/in/dawn-keefer-4a739aa;https://www.linkedin.com/in/senatorkeefer;https://www.palegis.us/house/members/bio/1748/rep-keefer;https://www.palegis.us/senate/members/bio/1748/sen-keefer;https://www.palegis.us/senate/members/bio/1748/senator-dawn-keefer;https://www.repkeefer.com,,,,"12 N. Baltimore St., Dillsburg, PA 17019",717-432-1730,,,,,repkeefer,
ocd-person/5271803b-8b46-449c-bf89-44f7d09c6cd2,Devlin Robinson,Republican,37,upper,Devlin,Robinson,Male,drobinson@pasen.gov,,,,https://www.palegis.us/resources/images/members/300/1924.jpg,https://senatorrobinson.com/;https://www.legis.state.pa.us/cfdocs/legis/home/member_information/Senate_bio.cfm?id=1924;https://www.legis.state.pa.us/cfdocs/legis/home/member_information/senators_alpha.cfm;https://www.palegis.us/senate/members/bio/1924/sen-robinson,https://ballotpedia.org/Devlin_Robinson;https://en.wikipedia.org/wiki/Devlin_Robinson;https://justfacts.votesmart.org/candidate/biography/189924/devlin-robinson;https://senatorrobinson.com;https://www.legis.state.pa.us/cfdocs/legis/home/member_information/mbrList.cfm?body=S&sort=alpha;https://www.legis.state.pa.us/cfdocs/legis/home/member_information/Senate_bio.cfm?id=1924;https://www.legis.state.pa.us/cfdocs/legis/home/member_information/senators_alpha.cfm;https://www.linkedin.com/in/devlin-robinson-49bba431;https://www.palegis.us/senate/members/bio/1924/sen-robinson,,,,"Heritage Center 2559 Brandt School Road, Suite 101, Wexford, PA 15090",412-643-3020,,SenRobinsonPA,,,SenRobinsonPA,
ocd-person/5913495d-53f8-4c39-8507-650cfe51c08b,Donna Scheuren,Republican,147,lower,Donna,Scheuren,Female,dscheuren@pahousegop.gov,,,,https://www.palegis.us/resources/images/members/300/1973.jpg,https://www.legis.state.pa.us/cfdocs/legis/home/member_information/House_bio.cfm?id=1973;https://www.palegis.us/house/members/bio/1973/rep-scheuren;https://www.repscheuren.com,https://ballotpedia.org/Donna_Scheuren;https://en.wikipedia.org/wiki/Donna_Scheuren;https://www.legis.state.pa.us/cfdocs/legis/home/member_information/House_bio.cfm?id=1973;https://www.legis.state.pa.us/cfdocs/legis/home/member_information/mbrList.cfm?body=H&sort=alpha;https://www.linkedin.com/in/donna-m-scheuren-a87a0913;https://www.palegis.us/house/members/bio/1973/rep-scheuren;https://www.repscheuren.com,,,,"418 Main St. Suite 101, Harleysville, PA 19438",215-256-6030,,,,,RepScheuren,
ocd-person/cda65f80-13e8-463c-88fa-6f5569a599bf,Doug Mastriano,Republican,33,upper,Doug,Mastriano,Male,dmastriano@pasen.gov,,1964-01-02,,https://www.palegis.us/resources/images/members/300/1869.jpg,https://senatormastriano.com/;https://www.legis.state.pa.us/cfdocs/legis/home/member_information/Senate_bio.cfm?id=1869;https://www.legis.state.pa.us/cfdocs/legis/home/member_information/senators_alpha.cfm;https://www.palegis.us/senate/members/bio/1869/sen-mastriano,https://ballotpedia.org/Doug_Mastriano;https://en.wikipedia.org/wiki/Douglas_V._Mastriano;https://justfacts.votesmart.org/candidate/biography/178912/douglas-mastriano;https://senatormastriano.com;https://www.legis.state.pa.us/cfdocs/legis/home/member_information/mbrList.cfm?body=S&sort=alpha;https://www.legis.state.pa.us/cfdocs/legis/home/member_information/Senate_bio.cfm?id=1869;https://www.legis.state.pa.us/cfdocs/legis/home/member_information/senators_alpha.cfm;https://www.linkedin.com/in/douglas-rebbie-mastriano-50aa89b1;https://www.palegis.us/senate/members/bio/1869/sen-doug-mastriano;https://www.palegis.us/senate/members/bio/1869/sen-mastriano,,,,"37 S. Main St. Suite 200, Chambersburg, PA 17201",717-264-6100,,senmastriano,,senatormastriano,SenatorDougMastriano,
ocd-person/885e9a2a-c18b-4f68-b5d0-0b867ec3268d,Doyle Heffley,Republican,122,lower,Doyle,Heffley,Male,dheffley@pahousegop.com,,1970-02-24,,https://www.palegis.us/resources/images/members/300/1211.jpg,https://www.legis.state.pa.us/cfdocs/legis/home/member_information/House_bio.cfm?id=1211;https://www.legis.state.pa.us/cfdocs/legis/home/member_information/representatives_alpha.cfm;https://www.palegis.us/house/members/bio/1211/rep-heffley;https://www.repheffley.com/,https://ballotpedia.org/Doyle_Heffley;https://en.wikipedia.org/wiki/Doyle_Heffley;https://justfacts.votesmart.org/candidate/biography/102580/doyle-heffley;https://www.legis.state.pa.us/cfdocs/legis/home/member_information/House_bio.cfm?id=1211;https://www.legis.state.pa.us/cfdocs/legis/home/member_information/mbrList.cfm?body=H&sort=alpha;https://www.legis.state.pa.us/cfdocs/legis/home/member_information/representatives_alpha.cfm;https://www.linkedin.com/in/doyle-heffley-03489a32;https://www.palegis.us/house/members/bio/1211/rep-heffley;https://www.repheffley.com,,,,"American Legion Building 3 W. Ridge St., Lansford, PA 18232",,,,RepHeffley,,RepHeffley,
ocd-person/3d3d4070-dadd-4382-9d40-be2892745773,Ed Neilson,Democratic,174,lower,Ed,Neilson,Male,repneilson@pahouse.net,,1963-08-23,,https://www.palegis.us/resources/images/members/300/1615.jpg,https://www.legis.state.pa.us/cfdocs/legis/home/member_information/House_bio.cfm?id=1615;https://www.legis.state.pa.us/cfdocs/legis/home/member_information/representatives_alpha.cfm;https://www.pahouse.com/Neilson/;https://www.palegis.us/house/members/bio/1615/rep-neilson,https://ballotpedia.org/Edward_Neilson;https://en.wikipedia.org/wiki/Ed_Neilson;https://www.legis.state.pa.us/cfdocs/legis/home/member_information/House_bio.cfm?id=1615;https://www.legis.state.pa.us/cfdocs/legis/home/member_information/mbrList.cfm?body=H&sort=alpha;https://www.legis.state.pa.us/cfdocs/legis/home/member_information/representatives_alpha.cfm;https://www.linkedin.com/in/edward-neilson-26a6842;https://www.pahouse.com/Neilson;https://www.palegis.us/house/members/bio/1615/rep-neilson,,,,"16 Old Ashton Road, Philadelphia, PA 19152",215-330-3714,,RepNeilson,playlist?list=PLjtqNtfs0bgVZ7r6AcAd8hdSCnGWOcJHA,,RepNeilson,
ocd-person/c1cb6f95-37c8-4e25-802e-80387e70ad74,Eddie Pashinski,Democratic,121,lower,Eddie,Pashinski,Male,reppashinski@pahouse.net,,1945-07-02,,https://www.palegis.us/resources/images/members/300/1112.jpg,https://pahouse.com/Pashinski;https://www.legis.state.pa.us/cfdocs/legis/home/member_information/House_bio.cfm?id=1112;https://www.legis.state.pa.us/cfdocs/legis/home/member_information/representatives_alpha.cfm;https://www.palegis.us/house/members/bio/1112/rep-pashinski,https://ballotpedia.org/Eddie_Day_Pashinski;https://en.wikipedia.org/wiki/Eddie_Day_Pashinski;https://pahouse.com/Pashinski;https://www.legis.state.pa.us/cfdocs/legis/home/member_information/House_bio.cfm?id=1112;https://www.legis.state.pa.us/cfdocs/legis/home/member_information/mbrList.cfm?body=H&sort=alpha;https://www.legis.state.pa.us/cfdocs/legis/home/member_information/representatives_alpha.cfm;https://www.linkedin.com/in/rep-eddie-pashinski-3ba9bb12;https://www.palegis.us/house/members/bio/1112/rep-pashinski,,,,"152 S. Pennsylvania Ave., Wilkes Barre, PA 18701",570-825-5934,,RepPashinski,playlist?list=PL39897094CCADCE42,,Rep-Eddie-Day-Pashinski,
ocd-person/8a2a9b56-cdfa-45e0-a26e-b45b547a2eae,Elder Vogel,Republican,47,upper,Elder,Vogel,Male,evogel@pasen.gov,,1956-07-09,,https://www.palegis.us/resources/images/members/300/1189.jpg,https://www.legis.state.pa.us/cfdocs/legis/home/member_information/Senate_bio.cfm?id=1189;https://www.legis.state.pa.us/cfdocs/legis/home/member_information/senators_alpha.cfm;https://www.palegis.us/senate/members/bio/1189/sen-vogel;https://www.senatoreldervogel.com/,https://ballotpedia.org/Elder_Vogel;https://en.wikipedia.org/wiki/Elder_Vogel;https://justfacts.votesmart.org/candidate/biography/102474/elder-vogel-jr;https://www.legis.state.pa.us/cfdocs/legis/home/member_information/mbrList.cfm?body=S&sort=alpha;https://www.legis.state.pa.us/cfdocs/legis/home/member_information/Senate_bio.cfm?id=1189;https://www.legis.state.pa.us/cfdocs/legis/home/member_information/senators_alpha.cfm;https://www.palegis.us/senate/members/bio/1189/sen-vogel;https://www.senatoreldervogel.com,,,,"8001 Rowan Road Suite 205, Cranberry Township, PA 16066",878-978-2575,,SenElderVogelJr,,seneldervogel,senator.elder.vogel,
ocd-person/90d95881-f6ae-4b29-af31-31a8821b8a7c,Elizabeth Fiedler,Democratic,184,lower,Elizabeth,Fiedler,Female,repfiedler@pahouse.net,,1980-07-18,,https://www.palegis.us/resources/images/members/300/1861.jpg,https://www.legis.state.pa.us/cfdocs/legis/home/member_information/House_bio.cfm?id=1861;https://www.legis.state.pa.us/cfdocs/legis/home/member_information/representatives_alpha.cfm;https://www.pahouse.com/fiedler;https://www.palegis.us/house/members/bio/1861/rep-fiedler,https://ballotpedia.org/Elizabeth_Fiedler;https://en.wikipedia.org/wiki/Elizabeth_Fiedler;https://justfacts.votesmart.org/candidate/179580/elizabeth-fiedler;https://www.legis.state.pa.us/cfdocs/legis/home/member_information/House_bio.cfm?id=1861;https://www.legis.state.pa.us/cfdocs/legis/home/member_information/mbrList.cfm?body=H&sort=alpha;https://www.legis.state.pa.us/cfdocs/legis/home/member_information/representatives_alpha.cfm;https://www.pahouse.com/fiedler;https://www.pahouse.com/Fiedler/About/Biography;https://www.palegis.us/house/members/bio/1861/rep-fiedler,,,,"2400 S. 9th St., Philadelphia, PA 19148",215-271-9190,,RepFiedler,playlist?list=PLjtqNtfs0bgW1m-Wwj6HuiHHhXuQgyDVx,,RepFiedler,
ocd-person/875b1add-2803-4cc3-964b-0e351ed6ca1c,Emily Kinkead,Democratic,20,lower,Emily,Kinkead,Female,repkinkead@pahouse.net,,1987-06-04,,https://www.palegis.us/resources/images/members/300/1896.jpg,https://www.legis.state.pa.us/cfdocs/legis/home/member_information/House_bio.cfm?id=1896;https://www.legis.state.pa.us/cfdocs/legis/home/member_information/representatives_alpha.cfm;https://www.palegis.us/house/members/bio/1896/rep-kinkead,https://ballotpedia.org/Emily_Kinkead;https://en.wikipedia.org/wiki/Emily_Kinkead;https://www.legis.state.pa.us/cfdocs/legis/home/member_information/House_bio.cfm?id=1896;https://www.legis.state.pa.us/cfdocs/legis/home/member_information/mbrList.cfm?body=H&sort=alpha;https://www.legis.state.pa.us/cfdocs/legis/home/member_information/representatives_alpha.cfm;https://www.linkedin.com/in/emilykinkead;https://www.palegis.us/house/members/bio/1896/rep-kinkead,,,,"658 Lincoln Ave., Bellevue, PA 15202",412-321-5523,,RepKinkead,,,RepKinkead,
ocd-person/80abce94-a517-4357-a70d-cbc791aa34a1,Eric Davanzo,Republican,58,lower,Eric,Davanzo,Male,edavanzo@pahousegop.com,,,,https://www.palegis.us/resources/images/members/300/1875.jpg,https://www.legis.state.pa.us/cfdocs/legis/home/member_information/House_bio.cfm?id=1875;https://www.legis.state.pa.us/cfdocs/legis/home/member_information/representatives_alpha.cfm;https://www.palegis.us/house/members/bio/1875/rep-davanzo;https://www.repdavanzo.com/,https://ballotpedia.org/Eric_Davanzo;https://en.wikipedia.org/wiki/Eric_Davanzo;https://www.legis.state.pa.us/cfdocs/legis/home/member_information/House_bio.cfm?id=1875;https://www.legis.state.pa.us/cfdocs/legis/home/member_information/mbrList.cfm?body=H&sort=alpha;https://www.legis.state.pa.us/cfdocs/legis/home/member_information/representatives_alpha.cfm;https://www.linkedin.com/in/eric-davanzo-davanzo-a1463a164;https://www.palegis.us/house/members/bio/1875/rep-davanzo;https://www.repdavanzo.com,,,,"Scottdale Borough Building 10 Mount Pleasant Road, Suite 1, Scottdale, PA 15683",724-542-0349,724-542-0341,,,,RepDavanzo,
ocd-person/0910d394-3c42-48ee-aea7-6d4c0c144130,Eric Nelson,Republican,57,lower,Eric,Nelson,Male,enelson@pahousegop.com,,1968-12-19,,https://www.palegis.us/resources/images/members/300/1738.jpg,https://www.legis.state.pa.us/cfdocs/legis/home/member_information/House_bio.cfm?id=1738;https://www.legis.state.pa.us/cfdocs/legis/home/member_information/representatives_alpha.cfm;https://www.palegis.us/house/members/bio/1738/rep-e-nelson;https://www.repnelson.com/,https://ballotpedia.org/Eric_Nelson_(Pennsylvania);https://en.wikipedia.org/wiki/Eric_Nelson_(Pennsylvania_politician);https://justfacts.votesmart.org/candidate/biography/169714/eric-nelson;https://www.legis.state.pa.us/cfdocs/legis/home/member_information/House_bio.cfm?id=1738;https://www.legis.state.pa.us/cfdocs/legis/home/member_information/mbrList.cfm?body=H&sort=alpha;https://www.legis.state.pa.us/cfdocs/legis/home/member_information/representatives_alpha.cfm;https://www.palegis.us/house/members/bio/1738/rep-e-nelson;https://www.repnelson.com,,,,"17 S. 6th St., Youngwood, PA 15697",724-925-5490,,,,,,
ocd-person/b7373c43-580b-4044-a405-054073ac687b,Eric Weaknecht,Republican,5,lower,Eric,Weaknecht,Male,eweaknecht@pahousegop.com,,,,https://encrypted-tbn0.gstatic.com/images?q=tbn:ANd9GcQNTmXpiok-J6R_vUlOit1nC52uvUkP1E-Wag&s,https://repweaknecht.com/;https://www.palegis.us/house/members/bio/2021/rep-weaknecht,https://ballotpedia.org/Eric_Weaknecht;https://en.wikipedia.org/wiki/Eric_Weaknecht;https://justfacts.votesmart.org/candidate/biography/214786/eric-weaknecht;https://repweaknecht.com;https://www.linkedin.com/in/eric-weaknecht-10385647;https://www.palegis.us/house/members/bio/2021/rep-eric-weaknecht;https://www.palegis.us/house/members/bio/2021/rep-weaknecht,,,,"Reading Regional Airport - Main Terminal 24 Liberator Way, Suite F, Reading, PA 19605",610-378-4407,,,,,,
ocd-person/611d3c65-f30f-4dde-8f80-7db4ec405a36,Frank Farry,Republican,6,upper,Frank,Farry,Male,ffarry@pasen.gov,,1972-12-31,,https://www.palegis.us/resources/images/members/300/1169.jpg,https://senatorfarry.com/;https://www.legis.state.pa.us/cfdocs/legis/home/member_information/House_bio.cfm?id=1169;https://www.legis.state.pa.us/cfdocs/legis/home/member_information/representatives_alpha.cfm;https://www.legis.state.pa.us/cfdocs/legis/home/member_information/Senate_bio.cfm?id=1169;https://www.legis.state.pa.us/cfdocs/legis/home/member_information/senate_bio.cfm?id=1169;https://www.palegis.us/senate/members/bio/1169/sen-farry,https://ballotpedia.org/Frank_Farry;https://en.wikipedia.org/wiki/Frank_Farry;https://justfacts.votesmart.org/candidate/biography/102588/frank-farry-iii;https://senatorfarry.com;https://senatorfarry.com/about;https://www.legis.state.pa.us/cfdocs/legis/home/member_information/House_bio.cfm?id=1169;https://www.legis.state.pa.us/cfdocs/legis/home/member_information/mbrList.cfm?body=H&sort=alpha;https://www.legis.state.pa.us/cfdocs/legis/home/member_information/mbrList.cfm?body=S&sort=alpha;https://www.legis.state.pa.us/cfdocs/legis/home/member_information/representatives_alpha.cfm;https://www.legis.state.pa.us/cfdocs/legis/home/member_information/senate_bio.cfm?id=1169;https://www.legis.state.pa.us/cfdocs/legis/home/member_information/Senate_bio.cfm?id=1169;https://www.palegis.us/senate/members/bio/1169/sen-farry,,,,"370 E. Maple Ave. Suite 203, Langhorne, PA 19047",215-638-1784,,SenFrankFarry,RepFarry,,SenatorFarry,
ocd-person/a60da669-bae3-4e1d-a241-370a7ad2c769,Frank Burns,Democratic,72,lower,Frank,Burns,Male,repburns@pahouse.net,,1975-10-21,,https://www.palegis.us/resources/images/members/300/1163.jpg,https://www.legis.state.pa.us/cfdocs/legis/home/member_information/House_bio.cfm?id=1163;https://www.legis.state.pa.us/cfdocs/legis/home/member_information/representatives_alpha.cfm;https://www.pahouse.com/Burns;https://www.palegis.us/house/members/bio/1163/rep-burns,https://ballotpedia.org/Frank_Burns_(Pennsylvania);https://en.wikipedia.org/wiki/Frank_Burns_(politician);https://www.legis.state.pa.us/cfdocs/legis/home/member_information/House_bio.cfm?id=1163;https://www.legis.state.pa.us/cfdocs/legis/home/member_information/mbrList.cfm?body=H&sort=alpha;https://www.legis.state.pa.us/cfdocs/legis/home/member_information/representatives_alpha.cfm;https://www.pahouse.com/Burns;https://www.palegis.us/house/members/bio/1163/rep-burns,,,,"535 Fairfield Ave., Johnstown, PA 15906",814-536-8400,,RepFrankBurns,playlist?list=PL0B6700769D99F473,,RepFrankBurns,
ocd-person/c3ad9b17-c8f5-450e-9aaa-f002e1414bd5,Roni Green,Democratic,190,lower,Roni,Green,Female,repgreen@pahouse.net,,1959-06-09,,https://www.palegis.us/resources/images/members/300/1874.jpg,https://www.legis.state.pa.us/cfdocs/legis/home/member_information/House_bio.cfm?id=1874;https://www.pahouse.com/Green;https://www.palegis.us/house/members/bio/1874/rep-green,https://ballotpedia.org/Roni_Green;https://en.wikipedia.org/wiki/G._Roni_Green;https://www.legis.state.pa.us/cfdocs/legis/home/member_information/House_bio.cfm?id=1874;https://www.legis.state.pa.us/cfdocs/legis/home/member_information/mbrList.cfm?body=H&sort=alpha;https://www.linkedin.com/in/ronigreenbuildingpower;https://www.pahouse.com/Green;https://www.palegis.us/house/members/bio/1874/rep-green,,,,"3333 W. Hunting Park Ave., Philadelphia, PA 19132",,,RepRoniGreen,,,RepRoniGreen,
ocd-person/3088ff8e-d2d9-46b9-8ea3-bd35af9438c2,Gary Day,Republican,187,lower,Gary,Day,Male,gday@pahousegop.com,,1967-01-18,,https://www.palegis.us/resources/images/members/300/1190.jpg,https://www.legis.state.pa.us/cfdocs/legis/home/member_information/House_bio.cfm?id=1190;https://www.legis.state.pa.us/cfdocs/legis/home/member_information/representatives_alpha.cfm;https://www.palegis.us/house/members/bio/1190/rep-day;https://www.staterepgaryday.com/,https://ballotpedia.org/Gary_Day;https://ballotpedia.org/Gary_Day_(Pennsylvania);https://en.wikipedia.org/wiki/Gary_Day_(politician);https://justfacts.votesmart.org/candidate/biography/102632/gary-day;https://www.legis.state.pa.us/cfdocs/legis/home/member_information/House_bio.cfm?id=1190;https://www.legis.state.pa.us/cfdocs/legis/home/member_information/mbrList.cfm?body=H&sort=alpha;https://www.legis.state.pa.us/cfdocs/legis/home/member_information/representatives_alpha.cfm;https://www.linkedin.com/in/gary-day-9926a686;https://www.palegis.us/house/members/bio/1190/rep-day;https://www.staterepgaryday.com;https://www.staterepgaryday.com/about,,,,"3402 Brookside Road, Macungie, PA 18062",610-965-9933,,,RepGaryDay,,RepGaryDay,
ocd-person/18127660-d04e-43c2-b931-084f0c87142c,Gene Yaw,Republican,23,upper,Gene,Yaw,Male,gyaw@pasen.gov,,1943-02-26,,https://www.palegis.us/resources/images/members/300/1186.jpg,https://www.legis.state.pa.us/cfdocs/legis/home/member_information/Senate_bio.cfm?id=1186;https://www.legis.state.pa.us/cfdocs/legis/home/member_information/senators_alpha.cfm;https://www.palegis.us/senate/members/bio/1186/sen-yaw;https://www.senatorgeneyaw.com/,https://ballotpedia.org/Gene_Yaw;https://en.wikipedia.org/wiki/Eugene_Yaw;https://justfacts.votesmart.org/candidate/biography/102463/gene-yaw;https://mcclaw.com/attorneys/e-eugene-yaw;https://www.legis.state.pa.us/cfdocs/legis/home/member_information/mbrList.cfm?body=S&sort=alpha;https://www.legis.state.pa.us/cfdocs/legis/home/member_information/Senate_bio.cfm?id=1186;https://www.legis.state.pa.us/cfdocs/legis/home/member_information/senators_alpha.cfm;https://www.linkedin.com/in/gene-yaw-73785318;https://www.palegis.us/senate/members/bio/1186/sen-yaw;https://www.senatorgeneyaw.com;https://www.senatorgeneyaw.com/about/biography,,,,"5 Main St., Wellsboro, PA 16901",570-724-5231,,SenatorGeneYaw,UCfLs1ZD65qG1wGNc7xB9PBg,senatoryaw,SenatorGeneYaw,
ocd-person/3beadda2-daa5-4006-a2eb-32f9d9abdc71,George Margetas,Republican,196,lower,George,Margetas,Male,,,,,https://votemargetas.com/wp-content/uploads/2025/09/George-Margetas-Portrait-Bio-5.jpg,https://repmargetas.com/;https://www.palegis.us/house/members/bio/2066/rep-margetas,https://ballotpedia.org/George_Margetas;https://en.wikipedia.org/wiki/George_Margetas;https://repmargetas.com;https://www.linkedin.com/in/ghmargetas;https://www.palegis.us/house/members/bio/2066/rep-margetas,,,,"2501 Catherine St. Suite 10, York, PA 17408",717-767-3947,,,,,,
ocd-person/4c88ce64-4ba6-4f5e-a22f-86bf6a0d5b7f,Gina Curry,Democratic,164,lower,Gina,Curry,Female,repcurry@pahouse.net,,1972-10-23,,https://www.palegis.us/resources/images/members/300/1932.jpg,https://www.legis.state.pa.us/cfdocs/legis/home/member_information/House_bio.cfm?id=1932;https://www.pahouse.com/Curry/;https://www.palegis.us/house/members/bio/1932/rep-curry,https://ballotpedia.org/Gina_Curry;https://en.wikipedia.org/wiki/Gina_Curry;https://www.legis.state.pa.us/cfdocs/legis/home/member_information/House_bio.cfm?id=1932;https://www.legis.state.pa.us/cfdocs/legis/home/member_information/mbrList.cfm?body=H&sort=alpha;https://www.linkedin.com/in/gina-hackett-curry-09603411;https://www.linkedin.com/in/ginahackettcurryms;https://www.pahouse.com/Curry;https://www.pahouse.com/Curry/About/Biography;https://www.palegis.us/house/members/bio/1932/rep-curry,,,,"Barclay Square Shopping Center 1500 Garrett Road, Upper Darby, PA 19082",610-259-7016,,,,,,
ocd-person/3e99b4f3-2efa-4330-b0b9-fb273b1322ea,Greg Rothman,Republican,34,upper,Greg,Rothman,Male,grothman@pasen.gov,,1966-12-10,,https://www.palegis.us/resources/images/members/300/1733.jpg,https://senatorrothman.com/;https://www.legis.state.pa.us/cfdocs/legis/home/member_information/House_bio.cfm?id=1733;https://www.legis.state.pa.us/cfdocs/legis/home/member_information/representatives_alpha.cfm;https://www.legis.state.pa.us/cfdocs/legis/home/member_information/Senate_bio.cfm?id=1733;https://www.palegis.us/senate/members/bio/1733/sen-rothman,https://ballotpedia.org/Greg_Rothman;https://en.wikipedia.org/wiki/Greg_Rothman;https://justfacts.votesmart.org/candidate/biography/162013/greg-rothman;https://senatorrothman.com;https://www.legis.state.pa.us/cfdocs/legis/home/member_information/House_bio.cfm?id=1733;https://www.legis.state.pa.us/cfdocs/legis/home/member_information/mbrList.cfm?body=H&sort=alpha;https://www.legis.state.pa.us/cfdocs/legis/home/member_information/mbrList.cfm?body=S&sort=alpha;https://www.legis.state.pa.us/cfdocs/legis/home/member_information/representatives_alpha.cfm;https://www.legis.state.pa.us/cfdocs/legis/home/member_information/Senate_bio.cfm?id=1733;https://www.linkedin.com/in/greg-rothman-ba70449;https://www.palegis.us/senate/members/bio/1733/sen-greg-rothman;https://www.palegis.us/senate/members/bio/1733/sen-rothman,,,,"4 Flowers Drive Suite 3, Mechanicsburg, PA 17050",717-283-4200,,rothman_greg,UCz6KZftvAbpwiPwOtYc1tDQ,senatorrothman,SenatorRothman,
ocd-person/969ce6cb-ddcb-4347-b69d-2019cfbd6e18,Greg Scott,Democratic,54,lower,Greg,Scott,Male,repscott@pahouse.net,,,,https://www.palegis.us/resources/images/members/300/1950.jpg,https://www.legis.state.pa.us/cfdocs/legis/home/member_information/House_bio.cfm?id=1950;https://www.pahouse.com/scott/;https://www.palegis.us/house/members/bio/1950/rep-scott,https://ballotpedia.org/Greg_Scott;https://ballotpedia.org/Greg_Scott_(Pennsylvania);https://en.wikipedia.org/wiki/Greg_Scott_(politician);https://justfacts.votesmart.org/candidate/biography/204695/gregory-scott;https://www.legis.state.pa.us/cfdocs/legis/home/member_information/House_bio.cfm?id=1950;https://www.legis.state.pa.us/cfdocs/legis/home/member_information/mbrList.cfm?body=H&sort=alpha;https://www.linkedin.com/in/gregory-scott-2b669a11a;https://www.pahouse.com/scott;https://www.palegis.us/house/members/bio/1950/rep-greg-scott;https://www.palegis.us/house/members/bio/1950/rep-scott,,,,"1019 W. Main St., Norristown, PA 19401",484-685-3494,,RepGregScott,,,RepGregScott,
ocd-person/7a1f510f-12e0-4018-b6da-556b404399be,Greg Vitali,Democratic,166,lower,Greg,Vitali,Male,repvitali@pahouse.net,,1956-06-04,,https://www.palegis.us/resources/images/members/300/210.jpg,https://www.legis.state.pa.us/cfdocs/legis/home/member_information/House_bio.cfm?id=210;https://www.legis.state.pa.us/cfdocs/legis/home/member_information/representatives_alpha.cfm;https://www.pahouse.com/vitali;https://www.palegis.us/house/members/bio/210/rep-vitali,https://ballotpedia.org/Gregory_Vitali;https://en.wikipedia.org/wiki/Greg_Vitali;https://www.legis.state.pa.us/cfdocs/legis/home/member_information/House_bio.cfm?id=210;https://www.legis.state.pa.us/cfdocs/legis/home/member_information/mbrList.cfm?body=H&sort=alpha;https://www.legis.state.pa.us/cfdocs/legis/home/member_information/representatives_alpha.cfm;https://www.linkedin.com/in/greg-vitali-6ba94a20;https://www.pahouse.com/vitali;https://www.palegis.us/house/members/bio/210/rep-vitali,,,,"1001 E. Darby Road, Havertown, PA 19083",610-789-3900,,GregVitali,playlist?list=PL77EFAB7F8763B560,,RepVitali,
ocd-person/d5f1bbaf-5daf-4266-9b18-16042f49db1b,Heather Boyd,Democratic,163,lower,Heather,Boyd,Female,hboyd@pahouse.net,,,,https://www.palegis.us/resources/images/members/300/2015.jpg,https://www.legis.state.pa.us/cfdocs/legis/home/member_information/House_bio.cfm?id=2015;https://www.pahouse.com/boyd/;https://www.palegis.us/house/members/bio/2015/rep-boyd,https://ballotpedia.org/Heather_Boyd;https://en.wikipedia.org/wiki/Heather_Boyd;https://heatherboydforpa.com/about;https://www.legis.state.pa.us/cfdocs/legis/home/member_information/House_bio.cfm?id=2015;https://www.legis.state.pa.us/cfdocs/legis/home/member_information/mbrList.cfm?body=H&sort=alpha;https://www.linkedin.com/in/heboyd;https://www.pahouse.com/boyd;https://www.palegis.us/house/members/bio/2015/rep-boyd,,,,"6 S. Springfield Road Unit 1, Clifton Heights, PA 19018",484-200-1563,,,,,,
ocd-person/fefff26b-b89a-4400-b633-99e5aa09523b,Izzy Smith-Wade-El,Democratic,49,lower,Izzy,Smith-Wade-El,Male,repsmithwadeel@pahouse.net,,,,https://www.palegis.us/resources/images/members/300/1948.jpg,https://www.legis.state.pa.us/cfdocs/legis/home/member_information/House_bio.cfm?id=1948;https://www.pahouse.com/Smith-Wade-El/;https://www.palegis.us/house/members/bio/1948/rep-smith-wade-el,https://ballotpedia.org/Ismail_Smith-Wade-El;https://en.wikipedia.org/wiki/Ismail_Smith-Wade-El;https://justfacts.votesmart.org/candidate/biography/204687/izzy-smith-wade-el;https://www.legis.state.pa.us/cfdocs/legis/home/member_information/House_bio.cfm?id=1948;https://www.legis.state.pa.us/cfdocs/legis/home/member_information/mbrList.cfm?body=H&sort=alpha;https://www.linkedin.com/in/ismail-smith-wade-el-5388ba6a;https://www.pahouse.com/Smith-Wade-El;https://www.pahouse.com/Smith-Wade-El/About/Biography;https://www.palegis.us/house/members/bio/1948/rep-smith-wade-el,,,,"150 E. King St. Suite B, Lancaster, PA 17602",717-283-4218,,RepIzzy,,,RepIzzy,
ocd-person/abca93cc-5058-473c-93bc-c8e099c7fa20,Jack Rader,Republican,176,lower,Jack,Rader,Male,jrader@pahousegop.com,,1954-02-10,,https://www.palegis.us/resources/images/members/300/1703.jpg,https://www.legis.state.pa.us/cfdocs/legis/home/member_information/House_bio.cfm?id=1703;https://www.legis.state.pa.us/cfdocs/legis/home/member_information/representatives_alpha.cfm;https://www.palegis.us/house/members/bio/1703/rep-rader;https://www.reprader.com/,"https://ballotpedia.org/Jack_Rader,_Jr.;https://en.wikipedia.org/wiki/Jack_Rader;https://justfacts.votesmart.org/candidate/biography/150837/jack-rader-jr;https://www.legis.state.pa.us/cfdocs/legis/home/member_information/House_bio.cfm?id=1703;https://www.legis.state.pa.us/cfdocs/legis/home/member_information/mbrList.cfm?body=H&sort=alpha;https://www.legis.state.pa.us/cfdocs/legis/home/member_information/representatives_alpha.cfm;https://www.palegis.us/house/members/bio/1703/rep-rader;https://www.reprader.com",,,,"Carriage House Square 2785 Route 115, Suite 103, Effort, PA 18330",570-620-4341,,,,,PA-State-Rep-Jack-Rader,
ocd-person/fe624f82-e44d-4071-a49f-3a0d4965b7b9,Jacklyn Rusnock,Democratic,126,lower,Jacklyn,Rusnock,Female,jrusnock@pahouse.net,,,,https://encrypted-tbn0.gstatic.com/images?q=tbn:ANd9GcQQN8TGsUPRmCdJJis2P-yzcJsfaJRABStMDA&s,https://www.pahouse.com/Rusnock/;https://www.palegis.us/house/members/bio/2034/rep-rusnock,https://ballotpedia.org/Jacklyn_Rusnock;https://www.linkedin.com/in/jacklyn-rusnock-10aaa974;https://www.pahouse.com/Rusnock;https://www.palegis.us/house/members/bio/2034/rep-rusnock,,,,"4933 Kutztown Road, Temple, PA 19560",610-921-8921,,,,,,
ocd-person/4657c161-af68-44a8-bd60-8b8e88e702d1,Jake Banta,Republican,4,lower,Jake,Banta,Male,jbanta@pahousegop.com,,,,https://www.palegis.us/resources/images/members/300/1937.jpg,https://www.legis.state.pa.us/cfdocs/legis/home/member_information/House_bio.cfm?id=1937;https://www.palegis.us/house/members/bio/1937/rep-banta;https://www.repbanta.com/,https://ballotpedia.org/Jake_Banta;https://en.wikipedia.org/wiki/Jake_Banta;https://justfacts.votesmart.org/candidate/biography/204643/jacob-banta;https://www.legis.state.pa.us/cfdocs/legis/home/member_information/House_bio.cfm?id=1937;https://www.legis.state.pa.us/cfdocs/legis/home/member_information/mbrList.cfm?body=H&sort=alpha;https://www.palegis.us/house/members/bio/1937/rep-banta;https://www.repbanta.com,,,,"Edinboro Borough Hall 124 Meadville St., Edinboro, PA 16412",,,,,,RepBanta,
ocd-person/4a24dcc2-5619-4bb1-acb3-bf7a7d08e6b1,Jim Struzzi,Republican,62,lower,Jim,Struzzi,Male,jstruzzi@pahousegop.com,,1967-09-23,,https://www.palegis.us/resources/images/members/300/1835.jpg,https://www.legis.state.pa.us/cfdocs/legis/home/member_information/House_bio.cfm?id=1835;https://www.legis.state.pa.us/cfdocs/legis/home/member_information/representatives_alpha.cfm;https://www.palegis.us/house/members/bio/1835/rep-struzzi;https://www.repstruzzi.com/,https://ballotpedia.org/James_Struzzi_II;https://en.wikipedia.org/wiki/James_Struzzi;https://justfacts.votesmart.org/candidate/biography/179277/james-struzzi-ii;https://www.legis.state.pa.us/cfdocs/legis/home/member_information/House_bio.cfm?id=1835;https://www.legis.state.pa.us/cfdocs/legis/home/member_information/mbrList.cfm?body=H&sort=alpha;https://www.legis.state.pa.us/cfdocs/legis/home/member_information/representatives_alpha.cfm;https://www.linkedin.com/in/jbstruzzi;https://www.palegis.us/house/members/bio/1835/rep-struzzi;https://www.repstruzzi.com,,,,"550 Philadelphia St., Indiana, PA 15701",724-465-0220,,,UCakfxrI6Njw5DpCRHqxuXXQ,,RepStruzzi,
ocd-person/fea0b7c4-d51a-463f-964a-75722678083b,James Malone,Democratic,36,upper,James,Malone,Male,malone@pasenate.com,,,,,https://www.palegis.us/senate/members/bio/2061/sen-malone,https://ballotpedia.org/James_Malone_(Pennsylvania);https://en.wikipedia.org/wiki/James_Malone_(American_politician);https://justfacts.votesmart.org/candidate/biography/220801/james-malone;https://www.dlcc.org/candidates/james-malone;https://www.linkedin.com/in/jamesandrewmalone;https://www.palegis.us/senate/members/bio/2061/sen-james-malone;https://www.palegis.us/senate/members/bio/2061/sen-malone,,,,"301 E. Main St., Lititz, PA 17543",717-627-0036,,,,,,
ocd-person/82938e14-97ce-44f0-942f-5bd2d7c532ba,Jamie Barton,Republican,124,lower,Jamie,Barton,Male,jbarton@pahousegop.com,,,,https://www.palegis.us/resources/images/members/300/1968.jpg,https://www.legis.state.pa.us/cfdocs/legis/home/member_information/House_bio.cfm?id=1968;https://www.palegis.us/house/members/bio/1968/rep-barton;https://www.repbarton.com/,https://ballotpedia.org/James_Barton;https://en.wikipedia.org/wiki/Jamie_Barton_(politician);https://www.legis.state.pa.us/cfdocs/legis/home/member_information/House_bio.cfm?id=1968;https://www.legis.state.pa.us/cfdocs/legis/home/member_information/mbrList.cfm?body=H&sort=alpha;https://www.linkedin.com/in/jamesbartonseniorexecutive;https://www.palegis.us/house/members/bio/1968/rep-barton;https://www.repbarton.com,,,,"61 N. 3rd St., Hamburg, PA 19526",484-660-3721,,,,,RepBarton,
ocd-person/e396f514-a357-404f-bdb9-1ba33d97d0a7,Jamie Flick,Republican,83,lower,Jamie,Flick,Male,jflick@pahousegop.com,,,,https://www.palegis.us/resources/images/members/300/1954.jpg,https://www.legis.state.pa.us/cfdocs/legis/home/member_information/House_bio.cfm?id=1954;https://www.palegis.us/house/members/bio/1954/rep-flick;https://www.repflick.com/,https://ballotpedia.org/Jamie_Flick;https://en.wikipedia.org/wiki/Jamie_Flick;https://www.legis.state.pa.us/cfdocs/legis/home/member_information/House_bio.cfm?id=1954;https://www.legis.state.pa.us/cfdocs/legis/home/member_information/mbrList.cfm?body=H&sort=alpha;https://www.linkedin.com/in/jamie-flick-697ba514;https://www.palegis.us/house/members/bio/1954/rep-flick;https://www.repflick.com,,,,"1000 Commerce Park Drive Suite 103, Williamsport, PA 17701",570-321-1270,,,,,RepFlick,
ocd-person/96cbec5b-b9a4-4325-8346-bd4d08d87237,Jamie Walsh,Republican,117,lower,Jamie,Walsh,Male,jwalsh@pahousegop.com,,,,https://npr.brightspotcdn.com/dims4/default/eb103d1/2147483647/strip/true/crop/326x342+0+0/resize/880x923!/quality/90/?url=http%3A%2F%2Fnpr-brightspot.s3.amazonaws.com%2Fed%2F90%2F0e6c8c9a46d28228ce6f3586809d%2Fwalsh.jpg,https://repwalsh.com/;https://www.palegis.us/house/members/bio/2032/rep-walsh,https://ballotpedia.org/Jamie_Walsh;https://en.wikipedia.org/wiki/Jamie_Walsh_(politician);https://justfacts.votesmart.org/candidate/214905/jamie-walsh;https://repwalsh.com;https://www.palegis.us/house/members/bio/2032/rep-walsh;https://www.walshforpa.com/about-jamie,,,,"Scottdale Borough Building 669 State Route 93, Suite 1, Sugarloaf, PA 18249",570-359-2138,570-359-2139,,,,,
ocd-person/6b6602c0-8b45-4e1e-89ba-1782da5d67c6,Jared Solomon,Democratic,202,lower,Jared,Solomon,Male,jsolomon@pahouse.net,,1978-11-18,,https://www.palegis.us/resources/images/members/300/1761.jpg,https://www.legis.state.pa.us/cfdocs/legis/home/member_information/House_bio.cfm?id=1761;https://www.legis.state.pa.us/cfdocs/legis/home/member_information/representatives_alpha.cfm;https://www.pahouse.com/Solomon/;https://www.palegis.us/house/members/bio/1761/rep-solomon,https://ballotpedia.org/Jared_Solomon_(Pennsylvania);https://en.wikipedia.org/wiki/Jared_Solomon;https://en.wikipedia.org/wiki/Jared_Solomon_(Pennsylvania_politician);https://www.legis.state.pa.us/cfdocs/legis/home/member_information/House_bio.cfm?id=1761;https://www.legis.state.pa.us/cfdocs/legis/home/member_information/mbrList.cfm?body=H&sort=alpha;https://www.legis.state.pa.us/cfdocs/legis/home/member_information/representatives_alpha.cfm;https://www.linkedin.com/in/jared-solomon-8298825;https://www.pahouse.com/Solomon;https://www.palegis.us/house/members/bio/1761/rep-solomon,,,,"7104 Frankford Ave., Philadelphia, PA 19135",215-543-6755,,,,,,
ocd-person/ecd51b53-a59b-4b92-b203-c1d24f748cb1,Jarrett Coleman,Republican,16,upper,Jarrett,Coleman,Male,jcoleman@pasen.gov,,,,https://www.palegis.us/resources/images/members/300/2008.jpg,https://senatorcoleman.com/;https://www.legis.state.pa.us/cfdocs/legis/home/member_information/Senate_bio.cfm?id=2008;https://www.palegis.us/senate/members/bio/2008/sen-coleman,https://ballotpedia.org/Jarrett_Coleman;https://en.wikipedia.org/wiki/Jarrett_Coleman;https://justfacts.votesmart.org/candidate/biography/204866/jarrett-coleman;https://mrcolemangoestoharrisburg.com/about;https://senatorcoleman.com;https://senatorcoleman.com/about;https://www.legis.state.pa.us/cfdocs/legis/home/member_information/mbrList.cfm?body=S&sort=alpha;https://www.legis.state.pa.us/cfdocs/legis/home/member_information/Senate_bio.cfm?id=2008;https://www.linkedin.com/in/jarrett-coleman-718b7813b;https://www.palegis.us/senate/members/bio/2008/sen-coleman,,,,"Room 102, 314 Broad St., Quakertown, PA 18951",267-551-3744,,SenatorJColeman,,,SenatorJarrettColeman,
ocd-person/4a2176cc-292b-4d19-aff6-8b4c4b460ba0,Jason Dawkins,Democratic,179,lower,Jason,Dawkins,Male,jdawkins@pahouse.net,,1984-03-25,,https://www.palegis.us/resources/images/members/300/1685.jpg,https://www.legis.state.pa.us/cfdocs/legis/home/member_information/House_bio.cfm?id=1685;https://www.legis.state.pa.us/cfdocs/legis/home/member_information/representatives_alpha.cfm;https://www.pahouse.com/Dawkins/;https://www.palegis.us/house/members/bio/1685/rep-dawkins,https://ballotpedia.org/Jason_Dawkins;https://en.wikipedia.org/wiki/Jason_Dawkins;https://justfacts.votesmart.org/candidate/biography/150735/jason-dawkins;https://www.legis.state.pa.us/cfdocs/legis/home/member_information/House_bio.cfm?id=1685;https://www.legis.state.pa.us/cfdocs/legis/home/member_information/mbrList.cfm?body=H&sort=alpha;https://www.legis.state.pa.us/cfdocs/legis/home/member_information/representatives_alpha.cfm;https://www.pahouse.com/Dawkins;https://www.palegis.us/house/members/bio/1685/rep-dawkins,,,,"4667 Paul St., Philadelphia, PA 19124",215-744-7901,,,,,,
ocd-person/1871b5c7-35c4-4d32-9e09-9febf8ba3f66,Jason Ortitay,Republican,46,lower,Jason,Ortitay,Male,jortitay@pahousegop.com,,1983-03-14,,https://www.palegis.us/resources/images/members/300/1701.jpg,https://www.legis.state.pa.us/cfdocs/legis/home/member_information/House_bio.cfm?id=1701;https://www.legis.state.pa.us/cfdocs/legis/home/member_information/representatives_alpha.cfm;https://www.palegis.us/house/members/bio/1701/rep-ortitay;https://www.reportitay.com/,https://ballotpedia.org/Jason_Ortitay;https://en.wikipedia.org/wiki/Jason_Ortitay;https://justfacts.votesmart.org/candidate/biography/150821/jason-ortitay;https://www.legis.state.pa.us/cfdocs/legis/home/member_information/House_bio.cfm?id=1701;https://www.legis.state.pa.us/cfdocs/legis/home/member_information/mbrList.cfm?body=H&sort=alpha;https://www.legis.state.pa.us/cfdocs/legis/home/member_information/representatives_alpha.cfm;https://www.linkedin.com/in/jason-ortitay-2673387;https://www.palegis.us/house/members/bio/1701/rep-ortitay;https://www.reportitay.com,,,,"135 Technology Drive Suite 315 Bailey Center II, Canonsburg, PA 15317",412-221-5110,,,RepOrtitay,,PA-State-Rep-Jason-Ortitay,
ocd-person/ee6b52c3-d92c-4cd6-a6ea-6869a8c93df0,Jay Costa,Democratic,43,upper,Jay,Costa,Male,costa@pasenate.com,,1957-11-17,,https://www.palegis.us/resources/images/members/300/254.jpg,https://senatorcosta.com/;https://www.legis.state.pa.us/cfdocs/legis/home/member_information/Senate_bio.cfm?id=254;https://www.legis.state.pa.us/cfdocs/legis/home/member_information/senators_alpha.cfm;https://www.palegis.us/senate/members/bio/254/sen-costa,https://ballotpedia.org/Jay_Costa;https://en.wikipedia.org/wiki/Jay_Costa;https://justfacts.votesmart.org/candidate/9798/jay-costa-jr;https://senatorcosta.com;https://www.legis.state.pa.us/cfdocs/legis/home/member_information/mbrList.cfm?body=S&sort=alpha;https://www.legis.state.pa.us/cfdocs/legis/home/member_information/Senate_bio.cfm?id=254;https://www.legis.state.pa.us/cfdocs/legis/home/member_information/senators_alpha.cfm;https://www.linkedin.com/in/jay-costa-6ba37519;https://www.palegis.us/senate/members/bio/254/sen-costa,,,,"4736 Liberty Ave. Suite 1, Pittsburgh, PA 15224",412-578-8457,,senatorcosta,,senatorcosta,senatorjaycosta,
ocd-person/ddd14a2f-ebef-4918-bf91-578b71c085e4,Jeanne McNeill,Democratic,133,lower,Jeanne,McNeill,Female,jmcneill@pahousegop.com,,1960-08-09,,https://www.palegis.us/resources/images/members/300/1793.jpg,https://www.legis.state.pa.us/cfdocs/legis/home/member_information/House_bio.cfm?id=1793;https://www.legis.state.pa.us/cfdocs/legis/home/member_information/representatives_alpha.cfm;https://www.pahouse.com/McNeill/;https://www.palegis.us/house/members/bio/1793/rep-mcneill,https://ballotpedia.org/Jeanne_McNeill;https://en.wikipedia.org/wiki/Jeanne_McNeill;https://www.legis.state.pa.us/cfdocs/legis/home/member_information/House_bio.cfm?id=1793;https://www.legis.state.pa.us/cfdocs/legis/home/member_information/mbrList.cfm?body=H&sort=alpha;https://www.legis.state.pa.us/cfdocs/legis/home/member_information/representatives_alpha.cfm;https://www.linkedin.com/in/jeanne-mcneill-95809817;https://www.pahouse.com/McNeill;https://www.palegis.us/house/members/bio/1793/rep-mcneill,,,,"1080 Schadt Ave., Whitehall, PA 18052",610-266-1273,,RepMcNeill,,,RepMcNeill,
ocd-person/08211014-af0e-4d71-92a7-e0045ba8062a,Jeff Olsommer,Republican,139,lower,Jeff,Olsommer,Male,jolsommer@pahousegop.com,,,,https://s3.amazonaws.com/ballotpedia-api4/files/thumbs/200/300/Jeff_Olsommer.jpeg,https://www.legis.state.pa.us/cfdocs/legis/home/member_information/House_bio.cfm?id=2018;https://www.palegis.us/house/members/bio/2018/rep-olsommer;https://www.repolsommer.com/,https://ballotpedia.org/Jeff_Olsommer;https://en.wikipedia.org/wiki/Jeff_Olsommer;https://www.legis.state.pa.us/cfdocs/legis/home/member_information/House_bio.cfm?id=2018;https://www.linkedin.com/in/jeff-olsommer-cic-ab8b7a2;https://www.palegis.us/house/members/bio/2018/rep-olsommer;https://www.repolsommer.com;https://www.repolsommer.com/about,,,,"2523 Route 6 Suite 2, Hawley, PA 18428",570-226-5959,,,,,,
ocd-person/65b852b7-0c73-487d-aaf4-2b6648fa6383,Jen Mazzocco,Democratic,42,lower,Jen,Mazzocco,Female,repmazzocco@pahouse.net,,,,,https://www.pahouse.com/Mazzocco/;https://www.palegis.us/house/members/bio/2063/rep-mazzocco,https://ballotpedia.org/Jennifer_Mazzocco;https://en.wikipedia.org/wiki/Jen_Mazzocco;https://www.pahouse.com/Mazzocco;https://www.palegis.us/house/members/bio/2063/rep-mazzocco,,,,"650 Washington Road Suite 102, Mt. Lebanon, PA 15228",412-343-3870,412-343-2050,,,,,
ocd-person/7c8e87fe-1c8e-4736-a03c-35cf729b80e9,Jenn O'Mara,Democratic,165,lower,Jenn,O'Mara,Female,repomara@pahouse.net,,1989-11-12,,https://www.palegis.us/resources/images/members/300/1855.jpg,https://www.legis.state.pa.us/cfdocs/legis/home/member_information/House_bio.cfm?id=1855;https://www.legis.state.pa.us/cfdocs/legis/home/member_information/representatives_alpha.cfm;https://www.pahouse.com/omara;https://www.palegis.us/house/members/bio/1855/rep-o'mara,https://ballotpedia.org/Jennifer_O%27Mara;https://en.wikipedia.org/wiki/Jennifer_O%27Mara;https://www.legis.state.pa.us/cfdocs/legis/home/member_information/House_bio.cfm?id=1855;https://www.legis.state.pa.us/cfdocs/legis/home/member_information/mbrList.cfm?body=H&sort=alpha;https://www.legis.state.pa.us/cfdocs/legis/home/member_information/representatives_alpha.cfm;https://www.linkedin.com/in/jennifer-o-mara-738a62106;https://www.pahouse.com/omara;https://www.palegis.us/house/members/bio/1855/rep-o'mara,,,,"26 E. 4th St., Media, PA 19063",610-544-9878,,RepOMara,playlist?list=PLjtqNtfs0bgXg2DAZxC52J8-enyFJd-5I,,RepOMara,
ocd-person/0df3f8d5-b6df-4cd8-a2c7-1dee651e60a8,Jeremy Shaffer,Republican,28,lower,Jeremy,Shaffer,Male,jshaffer@pahousegop.com,,,,https://encrypted-tbn0.gstatic.com/images?q=tbn:ANd9GcQSorGMaPu0r-cmKNo0wUJlamXWmBuybfdPUA&s,https://www.palegis.us/house/members/bio/2023/rep-shaffer,https://ballotpedia.org/Jeremy_Shaffer;https://www.linkedin.com/in/jeremy-shaffer-0115397;https://www.palegis.us/house/members/bio/2023/rep-shaffer,,,,"5500 Brooktree Road Suite 100, Wexford, PA 15090",412-369-2230,,,,,,
ocd-person/865dbfc4-e6ec-400e-bd5c-257f9a947519,Jesse Topper,Republican,78,lower,Jesse,Topper,Male,jtopper@pahousegop.com,,1981-09-19,,https://www.palegis.us/resources/images/members/300/1681.jpg,https://www.legis.state.pa.us/cfdocs/legis/home/member_information/House_bio.cfm?id=1681;https://www.legis.state.pa.us/cfdocs/legis/home/member_information/representatives_alpha.cfm;https://www.palegis.us/house/members/bio/1681/rep-topper;https://www.reptopper.com/,https://ballotpedia.org/Jesse_Topper;https://en.wikipedia.org/wiki/Jesse_Topper;https://justfacts.votesmart.org/candidate/biography/146934/jesse-topper;https://www.legis.state.pa.us/cfdocs/legis/home/member_information/House_bio.cfm?id=1681;https://www.legis.state.pa.us/cfdocs/legis/home/member_information/mbrList.cfm?body=H&sort=alpha;https://www.legis.state.pa.us/cfdocs/legis/home/member_information/representatives_alpha.cfm;https://www.palegis.us/house/members/bio/1681/rep-topper;https://www.reptopper.com,,,,"421 Lincoln Way East Suite A, McConnellsburg, PA 17233",,,,,,,
ocd-person/8b6409e9-8ab6-4222-b6f3-fb8f33800c95,Jessica Benham,Democratic,36,lower,Jessica,Benham,Female,repbenham@pahouse.net,,1990-12-13,,https://www.palegis.us/resources/images/members/300/1899.jpg,https://www.legis.state.pa.us/cfdocs/legis/home/member_information/House_bio.cfm?id=1899;https://www.legis.state.pa.us/cfdocs/legis/home/member_information/representatives_alpha.cfm;https://www.pahouse.com/benham/;https://www.palegis.us/house/members/bio/1899/rep-benham,https://ballotpedia.org/Jessica_Benham;https://en.wikipedia.org/wiki/Jessica_Benham;https://www.legis.state.pa.us/cfdocs/legis/home/member_information/House_bio.cfm?id=1899;https://www.legis.state.pa.us/cfdocs/legis/home/member_information/mbrList.cfm?body=H&sort=alpha;https://www.legis.state.pa.us/cfdocs/legis/home/member_information/representatives_alpha.cfm;https://www.pahouse.com/benham;https://www.palegis.us/house/members/bio/1899/rep-benham,,,,"2600 Brownsville Road, Carrick, PA 15227",412-881-4208,,RepBenham,,,RepBenham,
ocd-person/6ae972c8-aff3-4886-a7d7-bd2cc5e40a38,Jill Cooper,Republican,55,lower,Jill,Cooper,Female,jcooper@pahousegop.com,,,,https://www.palegis.us/resources/images/members/300/1951.jpg,https://www.legis.state.pa.us/cfdocs/legis/home/member_information/House_bio.cfm?id=1951;https://www.palegis.us/house/members/bio/1951/rep-cooper;https://www.repjillcooper.com/,https://ballotpedia.org/Jill_Cooper;https://en.wikipedia.org/wiki/Jill_Cooper_(politician);https://www.legis.state.pa.us/cfdocs/legis/home/member_information/House_bio.cfm?id=1951;https://www.legis.state.pa.us/cfdocs/legis/home/member_information/mbrList.cfm?body=H&sort=alpha;https://www.linkedin.com/in/jill-cooper-8195b829;https://www.palegis.us/house/members/bio/1951/rep-cooper;https://www.repjillcooper.com,,,,"Murrysville Community Center 3091 Carson Ave., Murrysville, PA 15668",724-387-1281,,,,,RepJillCooper,
ocd-person/3b91abb8-4b49-4fa2-85ed-beea4919bccc,Jim Haddock,Democratic,118,lower,Jim,Haddock,Male,rephaddock@pahouse.net,,,,https://www.palegis.us/resources/images/members/300/1966.jpg,https://www.legis.state.pa.us/cfdocs/legis/home/member_information/House_bio.cfm?id=1966;https://www.pahouse.com/Haddock/;https://www.palegis.us/house/members/bio/1966/rep-haddock,https://ballotpedia.org/James_Haddock;https://en.wikipedia.org/wiki/Jim_Haddock;https://www.legis.state.pa.us/cfdocs/legis/home/member_information/House_bio.cfm?id=1966;https://www.legis.state.pa.us/cfdocs/legis/home/member_information/mbrList.cfm?body=H&sort=alpha;https://www.pahouse.com/Haddock;https://www.palegis.us/house/members/bio/1966/rep-haddock,,,,"802 S. Main St., Taylor, PA 18517",570-565-2014,,RepHaddock,,,RepHaddock,
ocd-person/3c3cd25a-658f-4aab-a648-ef2509469c34,Jim Prokopiak,Democratic,140,lower,Jim,Prokopiak,Male,repprokopiak@pahouse.net,,,,https://storage.googleapis.com/enview-dev-public-general/legislative-people-photos/139571.jpg,https://www.legis.state.pa.us/cfdocs/legis/home/member_information/House_bio.cfm?id=2017;https://www.pahouse.com/Prokopiak/;https://www.palegis.us/house/members/bio/2017/rep-prokopiak,https://ballotpedia.org/Jim_Prokopiak;https://en.wikipedia.org/wiki/Jim_Prokopiak;https://jimfor140.com/meet-jim-prokopiak;https://justfacts.votesmart.org/candidate/biography/78553/james-prokopiak;https://www.legis.state.pa.us/cfdocs/legis/home/member_information/House_bio.cfm?id=2017;https://www.pahouse.com/Prokopiak;https://www.pahouse.com/Prokopiak/About/Biography;https://www.palegis.us/house/members/bio/2017/rep-jim-prokopiak;https://www.palegis.us/house/members/bio/2017/rep-prokopiak,,,,"8610 New Falls Road, Levittown, PA 19054",215-943-7206,,,,,,
ocd-person/343e541b-fbd3-4622-bf42-7843494b1714,Jim Rigby,Republican,71,lower,Jim,Rigby,Male,jrigby@pahousegop.com,,,,https://www.palegis.us/resources/images/members/300/1836.jpg,https://www.legis.state.pa.us/cfdocs/legis/home/member_information/House_bio.cfm?id=1836;https://www.legis.state.pa.us/cfdocs/legis/home/member_information/representatives_alpha.cfm;https://www.palegis.us/house/members/bio/1836/rep-rigby;https://www.repjimrigby.com/,https://ballotpedia.org/Jim_Rigby;https://en.wikipedia.org/wiki/Jim_Rigby;https://www.legis.state.pa.us/cfdocs/legis/home/member_information/House_bio.cfm?id=1836;https://www.legis.state.pa.us/cfdocs/legis/home/member_information/mbrList.cfm?body=H&sort=alpha;https://www.legis.state.pa.us/cfdocs/legis/home/member_information/representatives_alpha.cfm;https://www.palegis.us/house/members/bio/1836/rep-rigby;https://www.repjimrigby.com,,,,"7447 Admiral Peary Highway Suite 4, Cresson, PA 16630",814-886-1055,,,UCrrnV9bz8JpObHlPccnjmMQ,,RepJimRigby,
ocd-person/1951ae06-881a-4c43-9635-224878c3ecb5,Joanna McClinton,Democratic,191,lower,Joanna,McClinton,Female,repmcclinton@pahouse.net,,1982-08-19,,https://www.palegis.us/resources/images/members/300/1734.jpg,https://www.legis.state.pa.us/cfdocs/legis/home/member_information/House_bio.cfm?id=1734;https://www.legis.state.pa.us/cfdocs/legis/home/member_information/representatives_alpha.cfm;https://www.pahouse.com/McClinton/;https://www.palegis.us/house/members/bio/1734/rep-mcclinton,https://ballotpedia.org/Joanna_McClinton;https://en.wikipedia.org/wiki/Joanna_E._McClinton;https://en.wikipedia.org/wiki/Joanna_McClinton;https://www.legis.state.pa.us/cfdocs/legis/home/member_information/House_bio.cfm?id=1734;https://www.legis.state.pa.us/cfdocs/legis/home/member_information/mbrList.cfm?body=H&sort=alpha;https://www.legis.state.pa.us/cfdocs/legis/home/member_information/representatives_alpha.cfm;https://www.linkedin.com/in/jmcclintonesq;https://www.pahouse.com/McClinton;https://www.palegis.us/house/members/bio/1734/rep-mcclinton,,,,"149 S. 60th St., Philadelphia, PA 19139",215-748-6712,,,,,,
ocd-person/6e7b8baa-4fa3-404e-b8f8-bab3077221b7,Joanne Stehr,Republican,107,lower,Joanne,Stehr,Female,jstehr@pahousegop.com,,,,https://www.palegis.us/resources/images/members/300/1961.jpg,https://www.legis.state.pa.us/cfdocs/legis/home/member_information/House_bio.cfm?id=1961;https://www.palegis.us/house/members/bio/1961/rep-stehr;https://www.repstehr.com,https://ballotpedia.org/Joanne_Stehr;https://en.wikipedia.org/wiki/Joanne_Stehr;https://www.legis.state.pa.us/cfdocs/legis/home/member_information/House_bio.cfm?id=1961;https://www.legis.state.pa.us/cfdocs/legis/home/member_information/mbrList.cfm?body=H&sort=alpha;https://www.linkedin.com/in/joanne-stehr-75390577;https://www.palegis.us/house/members/bio/1961/rep-stehr;https://www.repstehr.com,,,,"57 Park Lane, Hegins, PA 17938",570-653-2018,,,,,RepStehr,
ocd-person/c9521d0e-56ca-40d2-b9bc-7a1f1be639bc,Joe Ciresi,Democratic,146,lower,Joe,Ciresi,Male,jciresi@pahouse.net,,1970-09-15,,https://www.palegis.us/resources/images/members/300/1847.jpg,https://www.legis.state.pa.us/cfdocs/legis/home/member_information/House_bio.cfm?id=1847;https://www.legis.state.pa.us/cfdocs/legis/home/member_information/representatives_alpha.cfm;https://www.pahouse.com/ciresi;https://www.palegis.us/house/members/bio/1847/rep-ciresi,https://ballotpedia.org/Joseph_Ciresi;https://en.wikipedia.org/wiki/Joe_Ciresi;https://www.legis.state.pa.us/cfdocs/legis/home/member_information/House_bio.cfm?id=1847;https://www.legis.state.pa.us/cfdocs/legis/home/member_information/mbrList.cfm?body=H&sort=alpha;https://www.legis.state.pa.us/cfdocs/legis/home/member_information/representatives_alpha.cfm;https://www.linkedin.com/in/joe-ciresi-0513296;https://www.linkedin.com/in/joeciresi;https://www.pahouse.com/ciresi;https://www.palegis.us/house/members/bio/1847/rep-ciresi,,,,"Park Towne Plaza 301 N. Lewis Road, Royersford, PA 19468",484-200-8265,,RepCiresi,playlist?list=PLjtqNtfs0bgVIhyB4HWbJiOz-5wKB7QG-,repciresi,RepCiresi,
ocd-person/0e873ea0-c8a2-4fbb-a408-de0c5bd36de9,Joe Emrick,Republican,137,lower,Joe,Emrick,Male,jemrick@pahousegop.com,,,,https://www.palegis.us/resources/images/members/300/1207.jpg,https://www.legis.state.pa.us/cfdocs/legis/home/member_information/House_bio.cfm?id=1207;https://www.legis.state.pa.us/cfdocs/legis/home/member_information/representatives_alpha.cfm;https://www.palegis.us/house/members/bio/1207/rep-emrick;https://www.repemrick.com/,https://ballotpedia.org/Joe_Emrick;https://en.wikipedia.org/wiki/Joe_Emrick;https://justfacts.votesmart.org/candidate/biography/47029/joe-emrick;https://www.legis.state.pa.us/cfdocs/legis/home/member_information/House_bio.cfm?id=1207;https://www.legis.state.pa.us/cfdocs/legis/home/member_information/mbrList.cfm?body=H&sort=alpha;https://www.legis.state.pa.us/cfdocs/legis/home/member_information/representatives_alpha.cfm;https://www.palegis.us/house/members/bio/1207/rep-emrick;https://www.palegis.us/house/members/bio/1207/representative-joe-emrick;https://www.repemrick.com,,,,"301 Village at Stones Crossing Road, Easton, PA 18045",484-544-0146,,,RepEmrick,,RepEmrick,
ocd-person/acc00fca-50e5-46f7-8676-d502ecfc94ac,Joe Hamm,Republican,84,lower,Joe,Hamm,Male,jhamm@pahousegop.com,,,,https://www.palegis.us/resources/images/members/300/1904.jpg,https://www.legis.state.pa.us/cfdocs/legis/home/member_information/House_bio.cfm?id=1904;https://www.legis.state.pa.us/cfdocs/legis/home/member_information/representatives_alpha.cfm;https://www.palegis.us/house/members/bio/1904/rep-hamm;https://www.repjoehamm.com/,https://ballotpedia.org/Joe_Hamm;https://en.wikipedia.org/wiki/Joseph_D._Hamm;https://justfacts.votesmart.org/candidate/biography/190039/joe-hamm;https://www.legis.state.pa.us/cfdocs/legis/home/member_information/House_bio.cfm?id=1904;https://www.legis.state.pa.us/cfdocs/legis/home/member_information/mbrList.cfm?body=H&sort=alpha;https://www.legis.state.pa.us/cfdocs/legis/home/member_information/representatives_alpha.cfm;https://www.linkedin.com/in/joe-hamm-a27680119;https://www.palegis.us/house/members/bio/1904/rep-hamm;https://www.palegis.us/house/members/bio/1904/representative-joe-hamm;https://www.repjoehamm.com;https://www.repjoehamm.com/,,,,"7406 State Route 487 Suite 7, Mildred, PA 18632",570-314-2036,,,,,PA-State-Rep-Joe-Hamm-106088111338800,
ocd-person/b1beaa5c-93d2-479e-9408-47c7687cd212,Joe Hogan,Republican,142,lower,Joe,Hogan,Male,jhogan@pahousegop.com,,,,https://www.palegis.us/resources/images/members/300/1971.jpg,https://www.legis.state.pa.us/cfdocs/legis/home/member_information/House_bio.cfm?id=1971;https://www.palegis.us/house/members/bio/1971/rep-hogan;https://www.rephogan.com/,https://ballotpedia.org/Joseph_Hogan_(Pennsylvania);https://en.wikipedia.org/wiki/Joe_Hogan_(Pennsylvania_politician);https://justfacts.votesmart.org/candidate/biography/119701/joseph-hogan;https://www.legis.state.pa.us/cfdocs/legis/home/member_information/House_bio.cfm?id=1971;https://www.legis.state.pa.us/cfdocs/legis/home/member_information/mbrList.cfm?body=H&sort=alpha;https://www.palegis.us/house/members/bio/1971/rep-hogan;https://www.rephogan.com,,,,"51 School Lane, Feasterville, PA 19053",215-942-4067,,,,,RepHogan,
ocd-person/8a7494a6-3d82-432b-a5c2-6dc46d192611,Joe Kerwin,Republican,125,lower,Joe,Kerwin,Male,jkerwin@pahousegop.com,,1993-01-20,,https://www.palegis.us/resources/images/members/300/1907.jpg,https://www.legis.state.pa.us/cfdocs/legis/home/member_information/House_bio.cfm?id=1907;https://www.legis.state.pa.us/cfdocs/legis/home/member_information/representatives_alpha.cfm;https://www.palegis.us/house/members/bio/1907/rep-kerwin;https://www.repjoekerwin.com/,https://ballotpedia.org/Joe_Kerwin;https://en.wikipedia.org/wiki/Joseph_Kerwin_(politician);https://www.legis.state.pa.us/cfdocs/legis/home/member_information/House_bio.cfm?id=1907;https://www.legis.state.pa.us/cfdocs/legis/home/member_information/mbrList.cfm?body=H&sort=alpha;https://www.legis.state.pa.us/cfdocs/legis/home/member_information/representatives_alpha.cfm;https://www.linkedin.com/in/joseph-kerwin-6219a6113;https://www.palegis.us/house/members/bio/1907/rep-kerwin;https://www.repjoekerwin.com;https://www.repjoekerwin.com/,,,,"5821 Linglestown Road Suite 204, Harrisburg, PA 17112",717-652-6820,,,,,PA-State-Rep-Joe-Kerwin-100763238533524,
ocd-person/d31e549e-2c3d-4ea3-850b-5285955c3c2f,Joe McAndrew,Democratic,32,lower,Joe,McAndrew,Male,repmcandrew@pahouse.net,,1990-08-01,,https://www.palegis.us/resources/images/members/300/2011.jpg,https://www.legis.state.pa.us/cfdocs/legis/home/member_information/House_bio.cfm?id=2011;https://www.pahouse.com/mcandrew;https://www.palegis.us/house/members/bio/2011/rep-mcandrew,https://ballotpedia.org/Joe_McAndrew;https://en.wikipedia.org/wiki/Joe_McAndrew_(politician);https://justfacts.votesmart.org/candidate/biography/211330/joe-mcandrew;https://www.legis.state.pa.us/cfdocs/legis/home/member_information/House_bio.cfm?id=2011;https://www.legis.state.pa.us/cfdocs/legis/home/member_information/mbrList.cfm?body=H&sort=alpha;https://www.linkedin.com/in/joemcandrew1;https://www.pahouse.com/mcandrew;https://www.palegis.us/house/members/bio/2011/rep-mcandrew;https://www.palegis.us/house/members/bio/2011/representative-joe-mcandrew,,,,"77 Universal Road Suite 1, Penn Hills, PA 15235",412-793-2448,,,,,,
ocd-person/00e98952-3983-44cd-aeca-09fb6cd84f3d,Joe Picozzi,Republican,5,upper,Joe,Picozzi,Male,jpicozzi@pasen.gov,,1995-04-22,,https://s3.amazonaws.com/ballotpedia-api4/files/thumbs/200/300/Abdullah_Muzammil_20240808_100242.png,https://5thdistrict.pasenategop.com/;https://senatorpicozzi.com/;https://www.palegis.us/senate/members/bio/2036/sen-picozzi,https://5thdistrict.pasenategop.com;https://ballotpedia.org/Joe_Picozzi;https://senatorpicozzi.com;https://senatorpicozzi.com/biography;https://www.linkedin.com/in/joseph-picozzi-650a5567;https://www.linkedin.com/in/josephspicozzi;https://www.linkedin.com/in/senatorpicozzi;https://www.palegis.us/senate/members/bio/2036/sen-picozzi,,,,"12361 Academy Road, Philadelphia, PA 19154",215-281-2539,,,,,,
ocd-person/722f324f-db47-4ce2-9cbc-93f29ae38158,Joe Pittman,Republican,41,upper,Joe,Pittman,Male,,,1977-03-31,,https://www.palegis.us/resources/images/members/300/1870.jpg,https://senatorpittman.com/;https://www.legis.state.pa.us/cfdocs/legis/home/member_information/Senate_bio.cfm?id=1870;https://www.legis.state.pa.us/cfdocs/legis/home/member_information/senators_alpha.cfm;https://www.palegis.us/senate/members/bio/1870/sen-pittman,https://ballotpedia.org/Joe_Pittman;https://en.wikipedia.org/wiki/Joe_Pittman_(politician);https://justfacts.votesmart.org/candidate/biography/186375/joe-pittman;https://senatorpittman.com;https://www.legis.state.pa.us/cfdocs/legis/home/member_information/mbrList.cfm?body=S&sort=alpha;https://www.legis.state.pa.us/cfdocs/legis/home/member_information/Senate_bio.cfm?id=1870;https://www.legis.state.pa.us/cfdocs/legis/home/member_information/senators_alpha.cfm;https://www.palegis.us/senate/members/bio/1870/sen-pittman;https://www.palegis.us/senate/members/bio/1870/senator-joe-pittman,,,,"618 Philadelphia St., Indiana, PA 15701",724-357-0151,,,,,SenatorPittman,
ocd-person/676410b6-c3aa-4c17-856f-7d896e6fbc83,Joe Webster,Democratic,150,lower,Joe,Webster,Male,repwebster@pahouse.net,,1958-03-23,,https://www.palegis.us/resources/images/members/300/1848.jpg,https://www.legis.state.pa.us/cfdocs/legis/home/member_information/House_bio.cfm?id=1848;https://www.legis.state.pa.us/cfdocs/legis/home/member_information/representatives_alpha.cfm;https://www.pahouse.com/webster;https://www.palegis.us/house/members/bio/1848/rep-webster,https://ballotpedia.org/Joseph_Webster_(Pennsylvania);https://en.wikipedia.org/wiki/Joe_Webster_(politician);https://justfacts.votesmart.org/candidate/biography/179538/joseph-webster;https://www.legis.state.pa.us/cfdocs/legis/home/member_information/House_bio.cfm?id=1848;https://www.legis.state.pa.us/cfdocs/legis/home/member_information/mbrList.cfm?body=H&sort=alpha;https://www.legis.state.pa.us/cfdocs/legis/home/member_information/representatives_alpha.cfm;https://www.linkedin.com/in/joseph-g-webster;https://www.pahouse.com/webster;https://www.palegis.us/house/members/bio/1848/rep-webster,,,,"35 Evansburg Road, Collegeville, PA 19426",484-200-8263,,RepJoeWebster,playlist?list=PLjtqNtfs0bgVqc-0u5IRw2yt5F84yWNoy,,RepJoeWebster,
ocd-person/8d5ab463-45d5-4cf0-9c65-85820c08e506,Johanny Cepeda-Freytiz,Democratic,129,lower,Johanny,Cepeda-Freytiz,Female,repcepedafreytiz@pahouse.net,,1973-08-31,,https://www.palegis.us/resources/images/members/300/1969.jpg,https://www.legis.state.pa.us/cfdocs/legis/home/member_information/House_bio.cfm?id=1969;https://www.pahouse.com/Cepeda-Freytiz/;https://www.palegis.us/house/members/bio/1969/rep-cepeda-freytiz,https://ballotpedia.org/Johanny_Cepeda-Freytiz;https://en.wikipedia.org/wiki/Johanny_Cepeda-Freytiz;https://justfacts.votesmart.org/candidate/biography/197054/johanny-cepeda-freytiz;https://www.legis.state.pa.us/cfdocs/legis/home/member_information/House_bio.cfm?id=1969;https://www.legis.state.pa.us/cfdocs/legis/home/member_information/mbrList.cfm?body=H&sort=alpha;https://www.linkedin.com/in/johannycepedafreytiz;https://www.pahouse.com/Cepeda-Freytiz;https://www.pahouse.com/Cepeda-Freytiz/About/Biography;https://www.palegis.us/house/members/bio/1969/rep-cepeda-freytiz,,,,"1111 Penn Ave., Wyomissing, PA 19610",484-577-2756,,RepJohanny,,,RepJohanny,
ocd-person/8c1966e4-80f4-4a98-bf55-b1de0b9705b3,John Lawrence,Republican,13,lower,John,Lawrence,Male,jlawrenc@pahousegop.com,,1978-06-15,,https://www.palegis.us/resources/images/members/300/1215.jpg,https://www.legis.state.pa.us/cfdocs/legis/home/member_information/House_bio.cfm?id=1215;https://www.legis.state.pa.us/cfdocs/legis/home/member_information/representatives_alpha.cfm;https://www.palegis.us/house/members/bio/1215/rep-lawrence;https://www.replawrence.com/,https://ballotpedia.org/John_Lawrence_(Pennsylvania);https://en.wikipedia.org/wiki/John_Lawrence_(Pennsylvania_politician);https://justfacts.votesmart.org/candidate/biography/60111/john-lawrence;https://www.legis.state.pa.us/cfdocs/legis/home/member_information/House_bio.cfm?id=1215;https://www.legis.state.pa.us/cfdocs/legis/home/member_information/mbrList.cfm?body=H&sort=alpha;https://www.legis.state.pa.us/cfdocs/legis/home/member_information/representatives_alpha.cfm;https://www.linkedin.com/in/john-lawrence-0710327;https://www.palegis.us/house/members/bio/1215/rep-lawrence;https://www.replawrence.com,,,,"1 Commerce Blvd. Suite 200, West Grove, PA 19390",610-869-1602,,,RepLawrence,,RepLawrence,
ocd-person/b6a10f6b-3f2e-42df-adf9-7184222af2c2,John Schlegel,Republican,101,lower,John,Schlegel,Male,jschlegel@pahousegop.com,,,,https://www.palegis.us/resources/images/members/300/1958.jpg,https://www.legis.state.pa.us/cfdocs/legis/home/member_information/House_bio.cfm?id=1958;https://www.palegis.us/house/members/bio/1958/rep-schlegel;https://www.RepSchlegel.com/,https://ballotpedia.org/John_Schlegel;https://en.wikipedia.org/wiki/John_A._Schlegel;https://justfacts.votesmart.org/candidate/biography/204733/john-schlegel;https://www.legis.state.pa.us/cfdocs/legis/home/member_information/House_bio.cfm?id=1958;https://www.legis.state.pa.us/cfdocs/legis/home/member_information/mbrList.cfm?body=H&sort=alpha;https://www.linkedin.com/in/john-schlegel-b5866948;https://www.palegis.us/house/members/bio/1958/rep-schlegel;https://www.RepSchlegel.com;https://www.repschlegel.com/about,,,,"2272 Lebanon Valley Mall Unit E2, Lebanon, PA 17042",717-838-3823,,,,,RepSchlegel,
ocd-person/c45052c1-f3e4-485e-a3d2-f346fa51839b,John Kane,Democratic,9,upper,John,Kane,Male,kane@pasenate.com,,1960-11-12,,https://www.palegis.us/resources/images/members/300/1925.jpg,https://pasenatorkane.com/;https://www.legis.state.pa.us/cfdocs/legis/home/member_information/Senate_bio.cfm?id=1925;https://www.legis.state.pa.us/cfdocs/legis/home/member_information/senators_alpha.cfm;https://www.palegis.us/senate/members/bio/1925/sen-kane,https://ballotpedia.org/John_Kane_(Pennsylvania);https://en.wikipedia.org/wiki/John_I._Kane;https://justfacts.votesmart.org/candidate/biography/150771/john-kane;https://pasenatorkane.com;https://pasenatorkane.com/about;https://www.legis.state.pa.us/cfdocs/legis/home/member_information/mbrList.cfm?body=S&sort=alpha;https://www.legis.state.pa.us/cfdocs/legis/home/member_information/Senate_bio.cfm?id=1925;https://www.legis.state.pa.us/cfdocs/legis/home/member_information/senators_alpha.cfm;https://www.palegis.us/senate/members/bio/1925/sen-kane,,,,"504 Avenue of the States 1st Floor, Chester, PA 19013",610-447-5845,,senatorjohnkane,,senatorjohnkane,SenatorJohnKane,
ocd-person/0b0beeaf-a1b0-4049-95cb-4ad5a3952336,John Inglis,Democratic,38,lower,John,Inglis,Male,repinglis@pahouse.net,,,,https://s3.amazonaws.com/ballotpedia-api4/files/thumbs/200/300/JohnInglis2024.jpg,https://www.pahouse.com/inglis/;https://www.palegis.us/house/members/bio/2024/rep-inglis,https://ballotpedia.org/John_Inglis;https://www.linkedin.com/in/john-inglis-b47b829b;https://www.pahouse.com/inglis;https://www.palegis.us/house/members/bio/2024/rep-inglis,,,,"3563 Mountain View Drive, West Mifflin, PA 15122",412-466-1940,,,,,,
ocd-person/23a2b079-dc91-49b0-b08e-f3ae80fba11f,Jonathan Fritz,Republican,111,lower,Jonathan,Fritz,Male,jfritz@pahousegop.com,,1976-11-30,,https://www.palegis.us/resources/images/members/300/1752.jpg,https://www.legis.state.pa.us/cfdocs/legis/home/member_information/House_bio.cfm?id=1752;https://www.legis.state.pa.us/cfdocs/legis/home/member_information/representatives_alpha.cfm;https://www.palegis.us/house/members/bio/1752/rep-fritz;https://www.repfritz.com/,https://ballotpedia.org/Jonathan_Fritz;https://en.wikipedia.org/wiki/Jonathan_Fritz;https://justfacts.votesmart.org/candidate/biography/163100/jonathan-fritz;https://www.legis.state.pa.us/cfdocs/legis/home/member_information/House_bio.cfm?id=1752;https://www.legis.state.pa.us/cfdocs/legis/home/member_information/mbrList.cfm?body=H&sort=alpha;https://www.legis.state.pa.us/cfdocs/legis/home/member_information/representatives_alpha.cfm;https://www.palegis.us/house/members/bio/1752/rep-fritz;https://www.repfritz.com,,,,"Preston Township Building 1515 Crosstown Highway, Lakewood, PA 18439",,,,,,repfritz,
ocd-person/2313ce98-7ac4-44b9-a61d-5b128338a405,Jordan Harris,Democratic,186,lower,Jordan,Harris,Male,repharris@pahouse.net,,1984-05-12,,https://www.palegis.us/resources/images/members/300/1633.jpg,https://www.legis.state.pa.us/cfdocs/legis/home/member_information/House_bio.cfm?id=1633;https://www.legis.state.pa.us/cfdocs/legis/home/member_information/representatives_alpha.cfm;https://www.pahouse.com/Harris/;https://www.palegis.us/house/members/bio/1633/rep-harris,https://ballotpedia.org/Jordan_Harris;https://en.wikipedia.org/wiki/Jordan_A._Harris;https://justfacts.votesmart.org/candidate/biography/136512/jordan-harris;https://www.legis.state.pa.us/cfdocs/legis/home/member_information/House_bio.cfm?id=1633;https://www.legis.state.pa.us/cfdocs/legis/home/member_information/mbrList.cfm?body=H&sort=alpha;https://www.legis.state.pa.us/cfdocs/legis/home/member_information/representatives_alpha.cfm;https://www.linkedin.com/in/jordan-harris-7130a81b3;https://www.pahouse.com/Harris;https://www.pahouse.com/Harris/About/Biography;https://www.palegis.us/house/members/bio/1633/rep-harris,,,,"5515 Chester Ave., Philadelphia, PA 19143",215-755-9185,,RepHarris,playlist?list=PLjtqNtfs0bgXlZde0v6mYg9x10OHBiZmp,,RepJordanHarris,
ocd-person/d390f1ac-1f16-478a-9e0d-462c9ed79818,José Giral,Democratic,180,lower,José,Giral,Male,repgiral@pahouse.net,,,,https://www.palegis.us/resources/images/members/300/1980.jpg,https://www.legis.state.pa.us/cfdocs/legis/home/member_information/House_bio.cfm?id=1980;https://www.pahouse.com/Giral/;https://www.palegis.us/house/members/bio/1980/rep-giral,https://ballotpedia.org/Jose_Giral;https://en.wikipedia.org/wiki/Jose_Giral_(Pennsylvania_politician);https://justfacts.votesmart.org/candidate/biography/204836/jose-giral;https://www.legis.state.pa.us/cfdocs/legis/home/member_information/House_bio.cfm?id=1980;https://www.legis.state.pa.us/cfdocs/legis/home/member_information/mbrList.cfm?body=H&sort=alpha;https://www.pahouse.com/Giral;https://www.pahouse.com/Giral/About/Biography;https://www.palegis.us/house/members/bio/1980/rep-giral,,,,"3503 B St. Unit 7, Philadelphia, PA 19134",215-291-5643,,repgiral,,,RepGiral,
ocd-person/99728978-f905-406c-8b52-f2912f374602,Joe Hohenstein,Democratic,177,lower,Joe,Hohenstein,Male,jhohenstein@pahouse.net,,1967-06-24,,https://www.palegis.us/resources/images/members/300/1858.jpg,https://www.legis.state.pa.us/cfdocs/legis/home/member_information/House_bio.cfm?id=1858;https://www.legis.state.pa.us/cfdocs/legis/home/member_information/representatives_alpha.cfm;https://www.pahouse.com/hohenstein;https://www.palegis.us/house/members/bio/1858/rep-hohenstein,https://ballotpedia.org/Joseph_Hohenstein;https://en.wikipedia.org/wiki/Joe_Hohenstein;https://www.legis.state.pa.us/cfdocs/legis/home/member_information/House_bio.cfm?id=1858;https://www.legis.state.pa.us/cfdocs/legis/home/member_information/mbrList.cfm?body=H&sort=alpha;https://www.legis.state.pa.us/cfdocs/legis/home/member_information/representatives_alpha.cfm;https://www.linkedin.com/in/joseph-hohenstein-871925a5;https://www.pahouse.com/hohenstein;https://www.palegis.us/house/members/bio/1858/rep-hohenstein,,,,"7104 Torresdale Ave., Philadelphia, PA 19135",,,RepHohenstein,playlist?list=PLjtqNtfs0bgWV5fUZWfhnX6qiEWplNToK,,RepHohenstein,
ocd-person/b698d343-137d-423b-a102-c471f1fd1768,Joe D'Orsie,Republican,47,lower,Joe,D'Orsie,Male,jdorsie@pahousegop.com,,,,https://www.palegis.us/resources/images/members/300/1947.jpg,https://www.legis.state.pa.us/cfdocs/legis/home/member_information/House_bio.cfm?id=1947;https://www.palegis.us/house/members/bio/1947/rep-d'orsie;https://www.repjoed.com/,https://ballotpedia.org/Joe_D'Orsie;https://en.wikipedia.org/wiki/Joe_D%27Orsie;https://justfacts.votesmart.org/candidate/biography/204686/joseph-dorsie;https://repjoed.com/about;https://www.legis.state.pa.us/cfdocs/legis/home/member_information/House_bio.cfm?id=1947;https://www.legis.state.pa.us/cfdocs/legis/home/member_information/mbrList.cfm?body=H&sort=alpha;https://www.linkedin.com/in/joe-d-orsie-7a257b64;https://www.palegis.us/house/members/bio/1947/rep-d'orsie;https://www.repjoed.com,,,,"4186 Lincoln Highway Suite B, York, PA 17406",717-840-4711,,,,,RepJoeD,
ocd-person/2062ecc5-049f-44c4-83bf-850a34b75531,Josh Bashline,Republican,63,lower,Josh,Bashline,Male,jbashline@pahousegop.com,,,,https://www.exploreclarion.com/wp-content/uploads/sites/2/2024/02/Josh-Bashline-Enters-Race-for-63rd-State-House-District.jpg,https://repbashline.com/;https://www.palegis.us/house/members/bio/2026/rep-bashline,https://ballotpedia.org/Josh_Bashline;https://repbashline.com;https://www.palegis.us/house/members/bio/2026/rep-bashline,,,,"200 N. Jefferson St., Kittanning, PA 16201",724-954-3613,,,,,,
ocd-person/fbb14b8a-8940-4679-9ed8-3ec48096a3a2,Josh Kail,Republican,15,lower,Josh,Kail,Male,jkail@pahousegop.com,,1986-03-29,,https://www.palegis.us/resources/images/members/300/1823.jpg,https://www.legis.state.pa.us/cfdocs/legis/home/member_information/House_bio.cfm?id=1823;https://www.legis.state.pa.us/cfdocs/legis/home/member_information/representatives_alpha.cfm;https://www.palegis.us/house/members/bio/1823/rep-kail;https://www.repkail.com/,https://ballotpedia.org/Joshua_Kail;https://en.wikipedia.org/wiki/Josh_Kail;https://justfacts.votesmart.org/candidate/biography/179211/joshua-kail;https://www.legis.state.pa.us/cfdocs/legis/home/member_information/House_bio.cfm?id=1823;https://www.legis.state.pa.us/cfdocs/legis/home/member_information/mbrList.cfm?body=H&sort=alpha;https://www.legis.state.pa.us/cfdocs/legis/home/member_information/representatives_alpha.cfm;https://www.linkedin.com/in/joshua-d-kail-55271724;https://www.palegis.us/house/members/bio/1823/rep-kail;https://www.repkail.com,,,,"690 State Ave., Beaver, PA 15009",724-728-7655,,,UCpzQL17DfPDyIgOebGq3Zjg,,RepKail,
ocd-person/35362d6e-d00a-4cf1-806d-b4f2f2a55f72,Judy Schwank,Democratic,11,upper,Judy,Schwank,Female,senatorschwank@pasenate.com,,,,https://www.palegis.us/resources/images/members/300/1234.jpg,https://www.legis.state.pa.us/cfdocs/legis/home/member_information/Senate_bio.cfm?id=1234;https://www.legis.state.pa.us/cfdocs/legis/home/member_information/senators_alpha.cfm;https://www.palegis.us/senate/members/bio/1234/sen-schwank;https://www.senatorschwank.com/,https://ballotpedia.org/Judy_Schwank;https://en.wikipedia.org/wiki/Judy_Schwank;https://justfacts.votesmart.org/candidate/biography/97262/judy-schwank;https://senatorschwank.com/about;https://www.legis.state.pa.us/cfdocs/legis/home/member_information/mbrList.cfm?body=S&sort=alpha;https://www.legis.state.pa.us/cfdocs/legis/home/member_information/Senate_bio.cfm?id=1234;https://www.legis.state.pa.us/cfdocs/legis/home/member_information/senators_alpha.cfm;https://www.linkedin.com/in/judy-schwank-76485123;https://www.palegis.us/senate/members/bio/1234/sen-schwank;https://www.senatorschwank.com,,,,"210 George St. Suite 201, Reading, PA 19605",610-929-2151,,senjudyschwank,,,senatorjudyschwank,
ocd-person/b6ed7151-9ea4-4828-b639-785f9e358eb1,Judy Ward,Republican,30,upper,Judy,Ward,Female,jward@pasen.gov,,,,https://www.palegis.us/resources/images/members/300/1683.jpg,https://senatorjudyward.com/;https://www.legis.state.pa.us/cfdocs/legis/home/member_information/Senate_bio.cfm?id=1683;https://www.legis.state.pa.us/cfdocs/legis/home/member_information/senators_alpha.cfm;https://www.palegis.us/senate/members/bio/1683/sen-j-ward,https://ballotpedia.org/Judith_Ward;https://en.wikipedia.org/wiki/Judy_Ward;https://justfacts.votesmart.org/candidate/biography/150888/judy-ward;https://senatorjudyward.com;https://www.legis.state.pa.us/cfdocs/legis/home/member_information/mbrList.cfm?body=S&sort=alpha;https://www.legis.state.pa.us/cfdocs/legis/home/member_information/Senate_bio.cfm?id=1683;https://www.legis.state.pa.us/cfdocs/legis/home/member_information/senators_alpha.cfm;https://www.linkedin.com/in/judy-ward-a8615626;https://www.palegis.us/senate/members/bio/1683/sen-j-ward;https://www.palegis.us/senate/members/bio/1683/sen-judy-ward,,,,"3 W. Market St. Suite 201, Lewistown, PA 17044",717-210-5700,,,RepJudyWard,,SenJudyWard,
ocd-person/98b96b05-81eb-4871-a81b-2e03c0b92267,Justin Fleming,Democratic,105,lower,Justin,Fleming,Male,repfleming@pahouse.net,,1980-07-05,,https://www.palegis.us/resources/images/members/300/1960.jpg,https://www.legis.state.pa.us/cfdocs/legis/home/member_information/House_bio.cfm?id=1960;https://www.pahouse.com/fleming/;https://www.palegis.us/house/members/bio/1960/rep-fleming,https://ballotpedia.org/Justin_Fleming;https://en.wikipedia.org/wiki/Justin_C._Fleming;https://www.legis.state.pa.us/cfdocs/legis/home/member_information/House_bio.cfm?id=1960;https://www.legis.state.pa.us/cfdocs/legis/home/member_information/mbrList.cfm?body=H&sort=alpha;https://www.linkedin.com/in/justin-fleming-a4750a6;https://www.pahouse.com/fleming;https://www.palegis.us/house/members/bio/1960/rep-fleming,,,,"4807 Jonestown Road Suite 149, First Floor, Harrisburg, PA 17109",717-230-1172,,RepJFleming,,,RepFleming,
ocd-person/08283fbe-18bc-4daf-972c-617d1e35d746,Kate Klunk,Republican,169,lower,Kate,Klunk,Female,kklunk@pahousegop.com,,1982-06-04,,https://www.palegis.us/resources/images/members/300/1694.jpg,https://www.legis.state.pa.us/cfdocs/legis/home/member_information/House_bio.cfm?id=1694;https://www.legis.state.pa.us/cfdocs/legis/home/member_information/representatives_alpha.cfm;https://www.palegis.us/house/members/bio/1694/rep-klunk;https://www.repklunk.com/,https://ballotpedia.org/Kate_Anne_Klunk;https://en.wikipedia.org/wiki/Kate_Klunk;https://justfacts.votesmart.org/candidate/biography/150777/kate-klunk;https://www.legis.state.pa.us/cfdocs/legis/home/member_information/House_bio.cfm?id=1694;https://www.legis.state.pa.us/cfdocs/legis/home/member_information/mbrList.cfm?body=H&sort=alpha;https://www.legis.state.pa.us/cfdocs/legis/home/member_information/representatives_alpha.cfm;https://www.linkedin.com/in/kate-klunk-25737bb;https://www.palegis.us/house/members/bio/1694/rep-klunk;https://www.repklunk.com,,,,"118 Carlisle St. Suite 300, Hanover, PA 17331",717-630-8942,,,RepKlunk,,repklunk,
ocd-person/26925ace-f614-409d-80a2-9b6a42e7ddb5,K.C. Tomlinson,Republican,18,lower,K.C.,Tomlinson,Female,ktomlinson@pahousegop.com,,1988-09-29,,https://www.palegis.us/resources/images/members/300/1876.jpg,https://www.legis.state.pa.us/cfdocs/legis/home/member_information/House_bio.cfm?id=1876;https://www.legis.state.pa.us/cfdocs/legis/home/member_information/representatives_alpha.cfm;https://www.palegis.us/house/members/bio/1876/rep-tomlinson;https://www.reptomlinson.com/,https://ballotpedia.org/K.C._Tomlinson;https://en.wikipedia.org/wiki/K.C._Tomlinson;https://justfacts.votesmart.org/candidate/biography/189908/kathleen-tomlinson;https://www.legis.state.pa.us/cfdocs/legis/home/member_information/House_bio.cfm?id=1876;https://www.legis.state.pa.us/cfdocs/legis/home/member_information/mbrList.cfm?body=H&sort=alpha;https://www.legis.state.pa.us/cfdocs/legis/home/member_information/representatives_alpha.cfm;https://www.palegis.us/house/members/bio/1876/rep-tomlinson;https://www.palegis.us/house/members/bio/1876/representative-kathleen-tomlinson;https://www.reptomlinson.com,,,,"Neshaminy Valley Commons 2424 Bristol Road, Bensalem, PA 19020",215-750-1017,,,,,RepTomlinson,
ocd-person/36348b5e-47fe-404a-b6c3-99359115846c,Kathy Rapp,Republican,65,lower,Kathy,Rapp,Female,klrapp@pahousegop.com,,1951-02-23,,https://www.palegis.us/resources/images/members/300/1028.jpg,https://www.legis.state.pa.us/cfdocs/legis/home/member_information/House_bio.cfm?id=1028;https://www.legis.state.pa.us/cfdocs/legis/home/member_information/representatives_alpha.cfm;https://www.palegis.us/house/members/bio/1028/rep-rapp;https://www.reprapp.com/,https://ballotpedia.org/Kathy_Rapp;https://en.wikipedia.org/wiki/Kathy_Rapp;https://justfacts.votesmart.org/candidate/biography/47122/kathy-rapp;https://www.legis.state.pa.us/cfdocs/legis/home/member_information/House_bio.cfm?id=1028;https://www.legis.state.pa.us/cfdocs/legis/home/member_information/mbrList.cfm?body=H&sort=alpha;https://www.legis.state.pa.us/cfdocs/legis/home/member_information/representatives_alpha.cfm;https://www.palegis.us/house/members/bio/1028/rep-rapp;https://www.reprapp.com,,,,"404 Market St., Warren, PA 16365",814-723-5203,,,RepKathyRapp,,,
ocd-person/ade3ef98-a98c-4448-a974-ec4e0eede98f,Katie Muth,Democratic,44,upper,Katie,Muth,Female,senatormuth@pasenate.com,,1983-09-20,,https://www.palegis.us/resources/images/members/300/1802.jpg,https://www.legis.state.pa.us/cfdocs/legis/home/member_information/Senate_bio.cfm?id=1802;https://www.legis.state.pa.us/cfdocs/legis/home/member_information/senators_alpha.cfm;https://www.palegis.us/senate/members/bio/1802/sen-muth;https://www.senatormuth.com/,https://ballotpedia.org/Katie_Muth;https://en.wikipedia.org/wiki/Katie_Muth;https://justfacts.votesmart.org/candidate/179200/katie-muth;https://www.legis.state.pa.us/cfdocs/legis/home/member_information/mbrList.cfm?body=S&sort=alpha;https://www.legis.state.pa.us/cfdocs/legis/home/member_information/Senate_bio.cfm?id=1802;https://www.legis.state.pa.us/cfdocs/legis/home/member_information/senators_alpha.cfm;https://www.palegis.us/senate/members/bio/1802/sen-muth;https://www.senatormuth.com,,,,"338 Main St., Royersford, PA 19468",610-792-2137,,senatormuth,,,senatormuth,
ocd-person/99c32bc9-33c2-4394-94e6-2f9d0ff43133,Keith Harris,Democratic,195,lower,Keith,Harris,Male,kharris@pahouse.net,,,,https://storage.googleapis.com/enview-public-general/legislative-people-photos/150757.jpg,https://www.pahouse.com/KHarris/;https://www.palegis.us/house/members/bio/2020/rep-kharris,https://ballotpedia.org/Keith_S._Harris_(Pennsylvania);https://en.wikipedia.org/wiki/Keith_Harris_(politician);https://www.pahouse.com/KHarris;https://www.palegis.us/house/members/bio/2020/rep-kharris,,,,"2835 Girard Ave., Philadelphia, PA 19130",215-684-3738,,,,,,
ocd-person/dcd0037e-7833-416d-9523-5f25802bd43a,Keith Greiner,Republican,43,lower,Keith,Greiner,Male,kgreiner@pahousegop.com,,1965-05-02,,https://www.palegis.us/resources/images/members/300/1632.jpg,https://www.legis.state.pa.us/cfdocs/legis/home/member_information/House_bio.cfm?id=1632;https://www.legis.state.pa.us/cfdocs/legis/home/member_information/representatives_alpha.cfm;https://www.palegis.us/house/members/bio/1632/rep-greiner;https://www.repgreiner.com/,https://ballotpedia.org/Keith_Greiner;https://en.wikipedia.org/wiki/Keith_Greiner;https://justfacts.votesmart.org/candidate/biography/136299/keith-greiner;https://www.legis.state.pa.us/cfdocs/legis/home/member_information/House_bio.cfm?id=1632;https://www.legis.state.pa.us/cfdocs/legis/home/member_information/mbrList.cfm?body=H&sort=alpha;https://www.legis.state.pa.us/cfdocs/legis/home/member_information/representatives_alpha.cfm;https://www.palegis.us/house/members/bio/1632/rep-greiner;https://www.repgreiner.com,,,,"West Earl Township Building 157 W. Metzler Road, Suite 103, Ephrata, PA 17522",717-588-2044,,,RepGreiner,,RepGreiner,
ocd-person/5a5a7a42-bc5e-4a07-aee1-d1a01e810385,Kerry Benninghoff,Republican,171,lower,Kerry,Benninghoff,Male,kbenning@pahousegop.com,,1962-01-14,,https://www.palegis.us/resources/images/members/300/215.jpg,https://www.kerrybenninghoff.com/;https://www.legis.state.pa.us/cfdocs/legis/home/member_information/House_bio.cfm?id=215;https://www.legis.state.pa.us/cfdocs/legis/home/member_information/representatives_alpha.cfm;https://www.palegis.us/house/members/bio/215/rep-benninghoff,https://ballotpedia.org/Kerry_Benninghoff;https://en.wikipedia.org/wiki/Kerry_Benninghoff;https://justfacts.votesmart.org/candidate/biography/10176/kerry-benninghoff;https://www.kerrybenninghoff.com;https://www.kerrybenninghoff.com/about;https://www.legis.state.pa.us/cfdocs/legis/home/member_information/House_bio.cfm?id=215;https://www.legis.state.pa.us/cfdocs/legis/home/member_information/mbrList.cfm?body=H&sort=alpha;https://www.legis.state.pa.us/cfdocs/legis/home/member_information/representatives_alpha.cfm;https://www.linkedin.com/in/kerry-benninghoff-22a85316a;https://www.palegis.us/house/members/bio/215/rep-benninghoff,,,,"140 W. High St., Bellefonte, PA 16823",814-355-1300,,,RepBenninghoff,,RepBenninghoff,
ocd-person/c48a0179-5770-410d-ba97-bdbc05d20786,Kim Ward,Republican,39,upper,Kim,Ward,Female,kward@pasen.gov,,,,https://www.palegis.us/resources/images/members/300/1188.jpg,https://senatorward.com/;https://www.legis.state.pa.us/cfdocs/legis/home/member_information/Senate_bio.cfm?id=1188;https://www.legis.state.pa.us/cfdocs/legis/home/member_information/senators_alpha.cfm;https://www.palegis.us/senate/members/bio/1188/sen-k-ward,https://ballotpedia.org/Kim_Ward;https://en.wikipedia.org/wiki/Kim_Ward;https://justfacts.votesmart.org/candidate/biography/108241/kim-ward;https://senatorward.com;https://www.legis.state.pa.us/cfdocs/legis/home/member_information/mbrList.cfm?body=S&sort=alpha;https://www.legis.state.pa.us/cfdocs/legis/home/member_information/Senate_bio.cfm?id=1188;https://www.legis.state.pa.us/cfdocs/legis/home/member_information/senators_alpha.cfm;https://www.linkedin.com/in/kim-ward-1a348618;https://www.palegis.us/senate/members/bio/1188/sen-k-ward,,,,"Westmoreland Crossroads Plaza 1075 S. Main St., Suite 116, Greensburg, PA 15601",724-600-7002,,SenatorKimWard,,,,
ocd-person/cb724e4a-0e5e-4ebd-ac0c-f3dfda73aef6,Kristin Phillips-Hill,Republican,28,upper,Kristin,Phillips-Hill,Female,senatorkristin@pasen.gov,,1965-12-02,,https://www.palegis.us/resources/images/members/300/1801.jpg,https://senatorkristin.com/;https://www.legis.state.pa.us/cfdocs/legis/home/member_information/Senate_bio.cfm?id=1801;https://www.legis.state.pa.us/cfdocs/legis/home/member_information/senators_alpha.cfm;https://www.palegis.us/senate/members/bio/1801/sen-phillips-hill,https://ballotpedia.org/Kristin_Hill;https://en.wikipedia.org/wiki/Kristin_Phillips-Hill;https://justfacts.votesmart.org/candidate/biography/167797/kristin-phillips-hill;https://kristinforsenate.com/meet-kristin;https://senatorkristin.com;https://www.legis.state.pa.us/cfdocs/legis/home/member_information/mbrList.cfm?body=S&sort=alpha;https://www.legis.state.pa.us/cfdocs/legis/home/member_information/Senate_bio.cfm?id=1801;https://www.legis.state.pa.us/cfdocs/legis/home/member_information/senators_alpha.cfm;https://www.linkedin.com/in/kristin-phillips-hill-2452b410a;https://www.linkedin.com/in/senatorkristin;https://www.palegis.us/senate/members/bio/1801/sen-phillips-hill,,,,,,,SenatorKristin,UCCVUqHEfIFP1Ex1x0t9mELg,SenatorKristin,SenatorKristin,
ocd-person/f1c8d8ab-0220-4b1e-96d0-6e0ae0b6df87,Kristin Marcell,Republican,178,lower,Kristin,Marcell,Female,kmarcell@pahousegop.com,,1977-12-14,,https://www.palegis.us/resources/images/members/300/1979.jpg,https://www.legis.state.pa.us/cfdocs/legis/home/member_information/House_bio.cfm?id=1979;https://www.palegis.us/house/members/bio/1979/rep-marcell;https://www.repmarcell.com/,https://ballotpedia.org/Kristin_Marcell;https://en.wikipedia.org/wiki/Kristin_Marcell;https://votekristinpa.com/about;https://www.legis.state.pa.us/cfdocs/legis/home/member_information/House_bio.cfm?id=1979;https://www.legis.state.pa.us/cfdocs/legis/home/member_information/mbrList.cfm?body=H&sort=alpha;https://www.linkedin.com/in/kristinsmarcell;https://www.palegis.us/house/members/bio/1979/rep-marcell;https://www.repmarcell.com,,,,"1038 2nd Street Pike Suite 101, Richboro, PA 18954",215-364-3414,,,,,RepMarcell,
ocd-person/f451e90b-e93a-4768-a294-67d1ff000396,Kristine Howard,Democratic,167,lower,Kristine,Howard,Female,khoward@pahouse.net,,1961-06-07,,https://www.palegis.us/resources/images/members/300/1856.jpg,https://www.legis.state.pa.us/cfdocs/legis/home/member_information/House_bio.cfm?id=1856;https://www.legis.state.pa.us/cfdocs/legis/home/member_information/representatives_alpha.cfm;https://www.pahouse.com/howard;https://www.palegis.us/house/members/bio/1856/rep-howard,https://ballotpedia.org/Kristine_Howard;https://en.wikipedia.org/wiki/Kristine_Howard;https://justfacts.votesmart.org/candidate/biography/179557/kristine-howard;https://www.legis.state.pa.us/cfdocs/legis/home/member_information/House_bio.cfm?id=1856;https://www.legis.state.pa.us/cfdocs/legis/home/member_information/mbrList.cfm?body=H&sort=alpha;https://www.legis.state.pa.us/cfdocs/legis/home/member_information/representatives_alpha.cfm;https://www.linkedin.com/in/kristine-howard-67413a33;https://www.pahouse.com/howard;https://www.palegis.us/house/members/bio/1856/rep-howard,,,,"Greentree Office Building 40 Lloyd Ave., Suite 309, Malvern, PA 19355",610-251-1070,,RepKHoward,playlist?list=PLjtqNtfs0bgXdN3e9Z20k1NPzYCHqrUhX,,RepKHoward,
ocd-person/009be4f2-d613-4353-8126-6b5642d868bc,Kyle Donahue,Democratic,113,lower,Kyle,Donahue,Male,repdonahue@pahouse.net,,1986-02-23,,https://www.palegis.us/resources/images/members/300/1963.jpg,https://www.legis.state.pa.us/cfdocs/legis/home/member_information/House_bio.cfm?id=1963;https://www.pahouse.com/Donahue/;https://www.palegis.us/house/members/bio/1963/rep-donahue,https://ballotpedia.org/Kyle_Donahue;https://en.wikipedia.org/wiki/Kyle_Donahue_(politician);https://www.legis.state.pa.us/cfdocs/legis/home/member_information/House_bio.cfm?id=1963;https://www.legis.state.pa.us/cfdocs/legis/home/member_information/mbrList.cfm?body=H&sort=alpha;https://www.pahouse.com/Donahue;https://www.palegis.us/house/members/bio/1963/rep-donahue,,,,"123 Van Brunt St., Moscow, PA 18444",570-842-8116,,RepDonahue,,,RepDonahue,
ocd-person/625784c9-4cd0-417c-9c44-1acd53b34307,Kyle Mullins,Democratic,112,lower,Kyle,Mullins,Male,repmullins@pahouse.net,,,,https://www.palegis.us/resources/images/members/300/1844.jpg,https://www.legis.state.pa.us/cfdocs/legis/home/member_information/House_bio.cfm?id=1844;https://www.legis.state.pa.us/cfdocs/legis/home/member_information/representatives_alpha.cfm;https://www.pahouse.com/mullins;https://www.palegis.us/house/members/bio/1844/rep-mullins,https://ballotpedia.org/Kyle_Mullins;https://en.wikipedia.org/wiki/Kyle_Mullins;https://justfacts.votesmart.org/candidate/biography/179516/kyle-mullins;https://www.legis.state.pa.us/cfdocs/legis/home/member_information/House_bio.cfm?id=1844;https://www.legis.state.pa.us/cfdocs/legis/home/member_information/mbrList.cfm?body=H&sort=alpha;https://www.legis.state.pa.us/cfdocs/legis/home/member_information/representatives_alpha.cfm;https://www.linkedin.com/in/kyle-mullins-26146a5;https://www.pahouse.com/mullins;https://www.palegis.us/house/members/bio/1844/rep-mullins,,,,"1400 Main St. Suite 101, Peckville, PA 18452",570-383-9795,570-383-9785,RepKyleMullins,playlist?list=PLjtqNtfs0bgVkHvgNtVPLCpQ6a-Sqde6E,,RepKyleMullins,
ocd-person/526967db-cef3-4f64-a380-1377f5c6f1fe,La'Tasha Mayes,Democratic,24,lower,La'Tasha,Mayes,Female,repmayes@pahouse.net,,,,https://www.palegis.us/resources/images/members/300/1941.jpg,https://www.legis.state.pa.us/cfdocs/legis/home/member_information/House_bio.cfm?id=1941;https://www.pahouse.com/Mayes/;https://www.palegis.us/house/members/bio/1941/rep-mayes,https://ballotpedia.org/Latasha_D._Mayes;https://en.wikipedia.org/wiki/La%27Tasha_Mayes;https://www.legis.state.pa.us/cfdocs/legis/home/member_information/House_bio.cfm?id=1941;https://www.legis.state.pa.us/cfdocs/legis/home/member_information/mbrList.cfm?body=H&sort=alpha;https://www.linkedin.com/in/latashadmayes;https://www.pahouse.com/Mayes;https://www.palegis.us/house/members/bio/1941/rep-mayes,,,,"2015-2017 Centre Ave. Floor 1, Pittsburgh, PA 15219",412-665-5502,,RepMayes,,,RepMayes,
ocd-person/8187ecb2-3e4b-4ba0-819e-a7cfb4b9ac93,Leanne Krueger,Democratic,161,lower,Leanne,Krueger,Female,repkrueger@pahouse.net,,1977-02-14,,https://www.palegis.us/resources/images/members/300/1735.jpg,https://www.legis.state.pa.us/cfdocs/legis/home/member_information/House_bio.cfm?id=1735;https://www.pahouse.com/Krueger/;https://www.palegis.us/house/members/bio/1735/rep-krueger,https://ballotpedia.org/Leanne_Krueger-Braneky;https://en.wikipedia.org/wiki/Leanne_Krueger-Braneky;https://justfacts.votesmart.org/candidate/biography/150779/leanne-krueger;https://www.legis.state.pa.us/cfdocs/legis/home/member_information/House_bio.cfm?id=1735;https://www.legis.state.pa.us/cfdocs/legis/home/member_information/mbrList.cfm?body=H&sort=alpha;https://www.legis.state.pa.us/cfdocs/legis/home/member_information/representatives_alpha.cfm;https://www.linkedin.com/in/leanne-krueger-braneky-5726563;https://www.pahouse.com/Krueger;https://www.pahouse.com/Krueger/About/Biography;https://www.palegis.us/house/members/bio/1735/rep-krueger,,,,"115 E. Brookhaven Road, Brookhaven, PA 19015",610-534-6880,,RepLeanne,watch?v=7sQ9tqMo_3I&list=PLjtqNtfs0bgXePTgy_OAmbAVHgnIR5qWd,,RepLeanne,
ocd-person/71bb086e-11d9-496d-b274-91d7a8b85eaf,Leslie Rossi,Republican,59,lower,Leslie,Rossi,Female,lrossi@pahousegop.com,,,,https://www.palegis.us/resources/images/members/300/1927.jpg,https://www.legis.state.pa.us/cfdocs/legis/home/member_information/House_bio.cfm?id=1927;https://www.palegis.us/house/members/bio/1927/rep-rossi;https://www.reprossi.com/,https://ballotpedia.org/Leslie_Baum_Rossi;https://en.wikipedia.org/wiki/Leslie_Rossi;https://www.legis.state.pa.us/cfdocs/legis/home/member_information/House_bio.cfm?id=1927;https://www.legis.state.pa.us/cfdocs/legis/home/member_information/mbrList.cfm?body=H&sort=alpha;https://www.palegis.us/house/members/bio/1927/rep-rossi;https://www.reprossi.com,,,,"Ligonier Township Building 1 Municipal Park Drive, Ligonier, PA 15658",724-238-2155,,,,,,
ocd-person/b7c8d063-8db4-4cdf-a159-a0b064b7cae5,Lindsay Powell,Democratic,21,lower,Lindsay,Powell,Female,reppowell@pahouse.net,,,,https://www.palegis.us/resources/images/members/300/2016.jpg,https://www.legis.state.pa.us/cfdocs/legis/home/member_information/House_bio.cfm?id=2016;https://www.pahouse.com/Powell/;https://www.palegis.us/house/members/bio/2016/rep-powell,https://ballotpedia.org/Lindsay_Powell;https://en.wikipedia.org/wiki/Lindsay_Powell;https://justfacts.votesmart.org/candidate/biography/212635/lindsay-powell;https://www.legis.state.pa.us/cfdocs/legis/home/member_information/House_bio.cfm?id=2016;https://www.legis.state.pa.us/cfdocs/legis/home/member_information/mbrList.cfm?body=H&sort=alpha;https://www.linkedin.com/in/lindsayapowell;https://www.pahouse.com/Powell;https://www.pahouse.com/Powell/About/Biography;https://www.palegis.us/house/members/bio/2016/rep-powell,,,,"5154 Butler St., Pittsburgh, PA 15201",412-781-2750,,,,,,
ocd-person/bc64322a-faaf-4b33-b6c2-cf5059f4121c,Lindsey Williams,Democratic,38,upper,Lindsey,Williams,Female,senatorlindseywilliams@pasenate.com,,1983-08-27,,https://www.palegis.us/resources/images/members/300/1803.jpg,https://senatorlindseywilliams.com/;https://www.legis.state.pa.us/cfdocs/legis/home/member_information/Senate_bio.cfm?id=1803;https://www.legis.state.pa.us/cfdocs/legis/home/member_information/senators_alpha.cfm;https://www.palegis.us/senate/members/bio/1803/sen-l-williams,https://ballotpedia.org/Lindsey_Williams_(Pennsylvania);https://en.wikipedia.org/wiki/Lindsey_Williams;https://justfacts.votesmart.org/candidate/179198/lindsey-williams;https://senatorlindseywilliams.com;https://www.legis.state.pa.us/cfdocs/legis/home/member_information/mbrList.cfm?body=S&sort=alpha;https://www.legis.state.pa.us/cfdocs/legis/home/member_information/Senate_bio.cfm?id=1803;https://www.legis.state.pa.us/cfdocs/legis/home/member_information/senators_alpha.cfm;https://www.linkedin.com/in/lindsey-williams-9a0b3422;https://www.palegis.us/senate/members/bio/1803/sen-l-williams,,,,"5000 McKnight Road Suite 405, Pittsburgh, PA 15237",412-364-0469,,SenWilliamsPA,,SenWilliamsPA,SenWilliamsPA,
ocd-person/d927a6f9-9878-4375-ac7d-9996e8968c9d,Lisa Borowski,Democratic,168,lower,Lisa,Borowski,Female,repborowski@pahouse.net,,,,https://www.palegis.us/resources/images/members/300/1977.jpg,https://www.legis.state.pa.us/cfdocs/legis/home/member_information/House_bio.cfm?id=1977;https://www.pahouse.com/borowski/;https://www.palegis.us/house/members/bio/1977/rep-borowski,https://ballotpedia.org/Lisa_Borowski;https://en.wikipedia.org/wiki/Lisa_Borowski;https://justfacts.votesmart.org/candidate/biography/204823/lisa-borowski;https://www.legis.state.pa.us/cfdocs/legis/home/member_information/House_bio.cfm?id=1977;https://www.legis.state.pa.us/cfdocs/legis/home/member_information/mbrList.cfm?body=H&sort=alpha;https://www.linkedin.com/in/lisaaborowski;https://www.pahouse.com/borowski;https://www.pahouse.com/borowski/About/Biography;https://www.palegis.us/house/members/bio/1977/rep-borowski,,,,"24 S. Newtown St. Road Suite 100, Newtown Square, PA 19073",484-427-2884,,RepBorowski,,,RepBorowski,
ocd-person/aa421a2c-4203-45b7-9766-8826c02a659d,Lisa Baker,Republican,20,upper,Lisa,Baker,Female,lbaker@pasen.gov,,,,https://www.palegis.us/resources/images/members/300/1077.jpg,https://www.legis.state.pa.us/cfdocs/legis/home/member_information/Senate_bio.cfm?id=1077;https://www.legis.state.pa.us/cfdocs/legis/home/member_information/senators_alpha.cfm;https://www.palegis.us/senate/members/bio/1077/sen-baker;https://www.senatorbaker.com/,https://ballotpedia.org/Lisa_Baker_(Pennsylvania);https://en.wikipedia.org/wiki/Lisa_Baker_(Pennsylvania_politician);https://justfacts.votesmart.org/candidate/biography/57107/lisa-baker;https://www.legis.state.pa.us/cfdocs/legis/home/member_information/mbrList.cfm?body=S&sort=alpha;https://www.legis.state.pa.us/cfdocs/legis/home/member_information/Senate_bio.cfm?id=1077;https://www.legis.state.pa.us/cfdocs/legis/home/member_information/senators_alpha.cfm;https://www.palegis.us/senate/members/bio/1077/sen-baker;https://www.senatorbaker.com;https://www.senatorbaker.com/profile,,,,"50 N. Walnut St. Suite 105, Nanticoke, PA 18634",570-740-2432,,SenLisaBaker,,,senatorlisabaker,
ocd-person/de81d407-bc84-48e6-9796-4a56be984cbd,Lisa Boscola,Democratic,18,upper,Lisa,Boscola,Female,boscola@pasenate.com,,1962-04-06,,https://www.palegis.us/resources/images/members/300/179.jpg,https://senatorboscola.com/;https://www.legis.state.pa.us/cfdocs/legis/home/member_information/Senate_bio.cfm?id=179;https://www.legis.state.pa.us/cfdocs/legis/home/member_information/senators_alpha.cfm;https://www.palegis.us/senate/members/bio/179/sen-boscola,https://ballotpedia.org/Lisa_Boscola;https://en.wikipedia.org/wiki/Lisa_Boscola;https://justfacts.votesmart.org/candidate/biography/9090/lisa-boscola;https://senatorboscola.com;https://senatorboscola.com/about;https://www.legis.state.pa.us/cfdocs/legis/home/member_information/mbrList.cfm?body=S&sort=alpha;https://www.legis.state.pa.us/cfdocs/legis/home/member_information/Senate_bio.cfm?id=179;https://www.legis.state.pa.us/cfdocs/legis/home/member_information/senators_alpha.cfm;https://www.linkedin.com/in/lisa-boscola-812927137;https://www.palegis.us/senate/members/bio/179/sen-boscola,,,,"1701 Washington Blvd., Easton, PA 18042",610-250-5627,,SenLisaBoscola,,,lisa.boscola,
ocd-person/0aa9e1d6-4552-4ad4-b660-e2f3cc17b7dd,Liz Hanbidge,Democratic,61,lower,Liz,Hanbidge,Female,lhanbidge@pahouse.net,,,,https://www.palegis.us/resources/images/members/300/1834.jpg,https://www.legis.state.pa.us/cfdocs/legis/home/member_information/House_bio.cfm?id=1834;https://www.legis.state.pa.us/cfdocs/legis/home/member_information/representatives_alpha.cfm;https://www.pahouse.com/hanbidge;https://www.palegis.us/house/members/bio/1834/rep-hanbidge,https://ballotpedia.org/Liz_Hanbidge;https://en.wikipedia.org/wiki/Liz_Hanbidge;https://justfacts.votesmart.org/candidate/179273/liz-hanbidge;https://www.legis.state.pa.us/cfdocs/legis/home/member_information/House_bio.cfm?id=1834;https://www.legis.state.pa.us/cfdocs/legis/home/member_information/mbrList.cfm?body=H&sort=alpha;https://www.legis.state.pa.us/cfdocs/legis/home/member_information/representatives_alpha.cfm;https://www.linkedin.com/in/l-elizabeth-f-hanbidge-92620514;https://www.pahouse.com/hanbidge;https://www.palegis.us/house/members/bio/1834/rep-hanbidge,,,,"1098 W. Skippack Pike, Blue Bell, PA 19422",610-277-3230,,RepHanbidge,playlist?list=PLjtqNtfs0bgWHK4t2_JcE0FjGCJskjkgu,,RepHanbidge,
ocd-person/02117eb4-a7b3-4095-831b-1857910660fb,Lynda Culver,Republican,27,upper,Lynda,Culver,Female,lculver@pasen.gov,,1969-05-28,,https://www.palegis.us/resources/images/members/300/1202.jpg,https://senatorculver.com/;https://www.legis.state.pa.us/cfdocs/legis/home/member_information/House_bio.cfm?id=1202;https://www.legis.state.pa.us/cfdocs/legis/home/member_information/representatives_alpha.cfm;https://www.legis.state.pa.us/cfdocs/legis/home/member_information/Senate_bio.cfm?id=1202;https://www.palegis.us/senate/members/bio/1202/sen-culver,https://ballotpedia.org/Lynda_Schlegel-Culver;https://en.wikipedia.org/wiki/Lynda_Schlegel-Culver;https://en.wikipedia.org/wiki/Lynda_Schlegel_Culver;https://justfacts.votesmart.org/candidate/biography/119572/lynda-culver;https://senatorculver.com;https://senatorculver.com/about;https://www.legis.state.pa.us/cfdocs/legis/home/member_information/House_bio.cfm?id=1202;https://www.legis.state.pa.us/cfdocs/legis/home/member_information/mbrList.cfm?body=H&sort=alpha;https://www.legis.state.pa.us/cfdocs/legis/home/member_information/mbrList.cfm?body=S&sort=alpha;https://www.legis.state.pa.us/cfdocs/legis/home/member_information/representatives_alpha.cfm;https://www.legis.state.pa.us/cfdocs/legis/home/member_information/Senate_bio.cfm?id=1202;https://www.linkedin.com/in/lynda-culver-9671552b;https://www.palegis.us/senate/members/bio/1202/sen-culver;https://www.palegis.us/senate/members/bio/1202/sen-lynda-schlegel-culver,,,,PA,570-387-4267,,,RepCulver,,SenatorCulver,
ocd-person/96711736-a47d-4bd6-bcc3-92297ec01516,Malcolm Kenyatta,Democratic,181,lower,Malcolm,Kenyatta,Male,mkenyatta@pahouse.net,,1990-07-30,,https://www.palegis.us/resources/images/members/300/1860.jpg,https://www.legis.state.pa.us/cfdocs/legis/home/member_information/House_bio.cfm?id=1860;https://www.legis.state.pa.us/cfdocs/legis/home/member_information/representatives_alpha.cfm;https://www.pahouse.com/kenyatta;https://www.palegis.us/house/members/bio/1860/rep-kenyatta,https://ballotpedia.org/Malcolm_Kenyatta;https://en.wikipedia.org/wiki/Malcolm_Kenyatta;https://justfacts.votesmart.org/candidate/biography/179573/malcolm-kenyatta;https://www.legis.state.pa.us/cfdocs/legis/home/member_information/House_bio.cfm?id=1860;https://www.legis.state.pa.us/cfdocs/legis/home/member_information/mbrList.cfm?body=H&sort=alpha;https://www.legis.state.pa.us/cfdocs/legis/home/member_information/representatives_alpha.cfm;https://www.linkedin.com/in/malcolm-kenyatta-b5384156;https://www.pahouse.com/kenyatta;https://www.palegis.us/house/members/bio/1860/rep-kenyatta,,,,"1501 N. Broad St. Suite 17, Philadelphia, PA 19122",215-978-0311,,RepKenyatta,playlist?list=PLjtqNtfs0bgWV5sfi05EqUSILVtdNkaLc,,RepKenyatta,
ocd-person/63f8d7ea-b621-48b7-a326-4e2a732a521c,Mandy Steele,Democratic,33,lower,Mandy,Steele,Female,repsteele@pahouse.net,,,,https://www.palegis.us/resources/images/members/300/1945.jpg,https://www.legis.state.pa.us/cfdocs/legis/home/member_information/House_bio.cfm?id=1945;https://www.pahouse.com/steele/;https://www.palegis.us/house/members/bio/1945/rep-steele,https://ballotpedia.org/Mandy_Steele;https://en.wikipedia.org/wiki/Mandy_Steele;https://justfacts.votesmart.org/candidate/biography/204679/mandy-steele;https://www.legis.state.pa.us/cfdocs/legis/home/member_information/House_bio.cfm?id=1945;https://www.legis.state.pa.us/cfdocs/legis/home/member_information/mbrList.cfm?body=H&sort=alpha;https://www.pahouse.com/steele;https://www.palegis.us/house/members/bio/1945/rep-mandy-steele;https://www.palegis.us/house/members/bio/1945/rep-steele;https://www.steeleforpa.com/about,,,,"1296 Pittsburgh St., Cheswick, PA 15204",724-826-5151,,RepSteele,,,RepSteele,
ocd-person/d26c016b-27e5-4171-849b-94773178023d,Manny Guzman,Democratic,127,lower,Manny,Guzman,Male,repguzman@pahouse.net,,1988-03-28,,https://www.palegis.us/resources/images/members/300/1908.jpg,https://www.legis.state.pa.us/cfdocs/legis/home/member_information/House_bio.cfm?id=1908;https://www.legis.state.pa.us/cfdocs/legis/home/member_information/representatives_alpha.cfm;https://www.pahouse.com/guzman/;https://www.palegis.us/house/members/bio/1908/rep-guzman,https://ballotpedia.org/Manuel_Guzman;https://en.wikipedia.org/wiki/Manny_Guzman_Jr.;https://www.legis.state.pa.us/cfdocs/legis/home/member_information/House_bio.cfm?id=1908;https://www.legis.state.pa.us/cfdocs/legis/home/member_information/mbrList.cfm?body=H&sort=alpha;https://www.legis.state.pa.us/cfdocs/legis/home/member_information/representatives_alpha.cfm;https://www.linkedin.com/in/manuel-guzman-b8a008164;https://www.pahouse.com/guzman;https://www.palegis.us/house/members/bio/1908/rep-guzman,,,,"645 Penn St. Fourth Floor, Reading, PA 19601",610-376-1529,,RepMannyGuzman,,,RepGuzman,
ocd-person/8d16f666-803c-4946-8adc-32f1e80d79d9,Marc Anderson,Republican,92,lower,Marc,Anderson,Male,manderson@pahousegop.com,,,,https://s3.amazonaws.com/ballotpedia-api4/files/thumbs/200/300/Marc_Anderson_20241007_034013.jpeg,https://repmarcanderson.com/;https://www.palegis.us/house/members/bio/2029/rep-anderson,https://ballotpedia.org/Marc_Anderson_(Pennsylvania);https://justfacts.votesmart.org/candidate/biography/214882/marc-anderson;https://repmarcanderson.com;https://www.palegis.us/house/members/bio/2029/rep-anderson,,,,"1 E. Harrisburg St., Dillsburg, PA 17019",717-432-0792,,,,,,
ocd-person/dc7a449c-43cf-4522-b2a3-efb4707907c4,Marci Mustello,Republican,11,lower,Marci,Mustello,Female,mmustello@pahousegop.com,,1970-07-25,,https://www.palegis.us/resources/images/members/300/1868.jpg,https://www.legis.state.pa.us/cfdocs/legis/home/member_information/House_bio.cfm?id=1868;https://www.legis.state.pa.us/cfdocs/legis/home/member_information/representatives_alpha.cfm;https://www.palegis.us/house/members/bio/1868/rep-mustello;https://www.RepMustello.com/,https://ballotpedia.org/Marci_Mustello;https://en.wikipedia.org/wiki/Marci_Mustello;https://justfacts.votesmart.org/candidate/biography/46959/marci-mustello;https://www.legis.state.pa.us/cfdocs/legis/home/member_information/House_bio.cfm?id=1868;https://www.legis.state.pa.us/cfdocs/legis/home/member_information/mbrList.cfm?body=H&sort=alpha;https://www.legis.state.pa.us/cfdocs/legis/home/member_information/representatives_alpha.cfm;https://www.linkedin.com/in/marci-mustello-1ba33952;https://www.palegis.us/house/members/bio/1868/rep-marci-mustello;https://www.palegis.us/house/members/bio/1868/rep-mustello;https://www.RepMustello.com,,,,"Kerven Building 100 Barracks Road, Butler, PA 16001",724-283-5852,,,UCZO3JGkMnm7EOTz8uZG3DGQ,,RepMustello,
ocd-person/323c52e8-f841-4a0b-a49e-91103949fbc8,Maria Collett,Democratic,12,upper,Maria,Collett,Female,senatorcollett@pasenate.com,,1974-07-21,,https://www.palegis.us/resources/images/members/300/1799.jpg,https://www.legis.state.pa.us/cfdocs/legis/home/member_information/Senate_bio.cfm?id=1799;https://www.legis.state.pa.us/cfdocs/legis/home/member_information/senators_alpha.cfm;https://www.palegis.us/senate/members/bio/1799/sen-collett;https://www.senatorcollett.com/,https://ballotpedia.org/Maria_Collett;https://en.wikipedia.org/wiki/Maria_Collett;https://justfacts.votesmart.org/candidate/biography/179183/maria-collett;https://www.cgbaglaw.com/maria-collett;https://www.legis.state.pa.us/cfdocs/legis/home/member_information/mbrList.cfm?body=S&sort=alpha;https://www.legis.state.pa.us/cfdocs/legis/home/member_information/Senate_bio.cfm?id=1799;https://www.legis.state.pa.us/cfdocs/legis/home/member_information/senators_alpha.cfm;https://www.linkedin.com/in/mcollettjdrn;https://www.palegis.us/senate/members/bio/1799/sen-collett;https://www.senatorcollett.com;https://www.senatorcollett.com/about,,,,"1035 Virginia Drive Suite 201, Fort Washington, PA 19034",215-368-1429,,SenatorCollett,,senatorcollett,senatorcollett,
ocd-person/cd92c819-d5aa-4df3-ba96-2315dbdf4555,Mark Gillen,Republican,128,lower,Mark,Gillen,Male,mgillen@pahousegop.com,,1955-11-06,,https://www.palegis.us/resources/images/members/300/1209.jpg,https://www.legis.state.pa.us/cfdocs/legis/home/member_information/House_bio.cfm?id=1209;https://www.legis.state.pa.us/cfdocs/legis/home/member_information/representatives_alpha.cfm;https://www.palegis.us/house/members/bio/1209/rep-gillen;https://www.repgillen.com/,https://ballotpedia.org/Mark_Gillen;https://en.wikipedia.org/wiki/Mark_M._Gillen;https://justfacts.votesmart.org/candidate/biography/119604/mark-gillen;https://www.legis.state.pa.us/cfdocs/legis/home/member_information/House_bio.cfm?id=1209;https://www.legis.state.pa.us/cfdocs/legis/home/member_information/mbrList.cfm?body=H&sort=alpha;https://www.legis.state.pa.us/cfdocs/legis/home/member_information/representatives_alpha.cfm;https://www.palegis.us/house/members/bio/1209/rep-gillen;https://www.palegis.us/house/members/bio/1209/representative-mark-gillen;https://www.repgillen.com,,,,"29 Village Center Drive Suite A-7, Reading, PA 19607",610-775-5130,,,RepGillen,,RepGillen,
ocd-person/68e26db9-10ba-414b-9d06-440dd1fd3f10,Marla Brown,Republican,9,lower,Marla,Brown,Female,mbrown@pahousegop.com,,,,https://www.palegis.us/resources/images/members/300/1938.jpg,https://www.legis.state.pa.us/cfdocs/legis/home/member_information/House_bio.cfm?id=1938;https://www.palegis.us/house/members/bio/1938/rep-m-brown;https://www.repmarlabrown.com/,https://ballotpedia.org/Marla_Gallo_Brown;https://en.wikipedia.org/wiki/Marla_Brown;https://www.legis.state.pa.us/cfdocs/legis/home/member_information/House_bio.cfm?id=1938;https://www.legis.state.pa.us/cfdocs/legis/home/member_information/mbrList.cfm?body=H&sort=alpha;https://www.linkedin.com/in/marlabrown88;https://www.palegis.us/house/members/bio/1938/rep-m-brown;https://www.repmarlabrown.com,,,,"Washington Centre Plaza 28 N. Mill St., New Castle, PA 16101",724-498-4397,,,,,RepMarlaBrown,
ocd-person/171af8ac-41e0-4047-be38-654cc912053b,Marty Causer,Republican,67,lower,Marty,Causer,Male,mcauser@pahousegop.com,,,,https://www.palegis.us/resources/images/members/300/982.jpg,https://www.legis.state.pa.us/cfdocs/legis/home/member_information/House_bio.cfm?id=982;https://www.legis.state.pa.us/cfdocs/legis/home/member_information/representatives_alpha.cfm;https://www.palegis.us/house/members/bio/982/rep-causer;https://www.repcauser.com/,https://ballotpedia.org/Martin_Causer;https://en.wikipedia.org/wiki/Martin_Causer;https://justfacts.votesmart.org/candidate/biography/46966/martin-causer;https://www.legis.state.pa.us/cfdocs/legis/home/member_information/House_bio.cfm?id=982;https://www.legis.state.pa.us/cfdocs/legis/home/member_information/mbrList.cfm?body=H&sort=alpha;https://www.legis.state.pa.us/cfdocs/legis/home/member_information/representatives_alpha.cfm;https://www.palegis.us/house/members/bio/982/rep-causer;https://www.repcauser.com,,,,"78 Main St. First Floor, Bradford, PA 16701",814-362-4400,,,RepCauser,,RepCauser,
ocd-person/93435394-e853-45f2-9e88-65399b3f9042,Martina White,Republican,170,lower,Martina,White,Female,mwhite@pahousegop.com,,1988-07-07,,https://www.palegis.us/resources/images/members/300/1732.jpg,https://www.legis.state.pa.us/cfdocs/legis/home/member_information/House_bio.cfm?id=1732;https://www.legis.state.pa.us/cfdocs/legis/home/member_information/representatives_alpha.cfm;https://www.palegis.us/house/members/bio/1732/rep-white;https://www.repwhite.com/,https://ballotpedia.org/Martina_White;https://en.wikipedia.org/wiki/Martina_White;https://justfacts.votesmart.org/candidate/biography/156158/martina-white;https://www.legis.state.pa.us/cfdocs/legis/home/member_information/House_bio.cfm?id=1732;https://www.legis.state.pa.us/cfdocs/legis/home/member_information/mbrList.cfm?body=H&sort=alpha;https://www.legis.state.pa.us/cfdocs/legis/home/member_information/representatives_alpha.cfm;https://www.linkedin.com/in/martina-white-708633308;https://www.linkedin.com/in/martinawhite;https://www.palegis.us/house/members/bio/1732/rep-white;https://www.repwhite.com,,,,"2901 Southampton Road, Philadelphia, PA 19154",215-330-3711,,,UCUOL82HXazpV73JY-PxuofQ,,repmartinawhite,
ocd-person/7061c75d-7eeb-40aa-841e-8121edba5d8a,Marty Flynn,Democratic,22,upper,Marty,Flynn,Male,flynn@pasenate.com,,1975-09-18,,https://www.palegis.us/resources/images/members/300/1626.jpg,https://www.legis.state.pa.us/cfdocs/legis/home/member_information/House_bio.cfm?id=1626;https://www.legis.state.pa.us/cfdocs/legis/home/member_information/representatives_alpha.cfm;https://www.legis.state.pa.us/cfdocs/legis/home/member_information/Senate_bio.cfm?id=1626;https://www.palegis.us/senate/members/bio/1626/sen-flynn;https://www.senatorflynn.com/,https://ballotpedia.org/Martin_Flynn;https://en.wikipedia.org/wiki/Marty_Flynn;https://justfacts.votesmart.org/candidate/biography/136360/marty-flynn;https://www.legis.state.pa.us/cfdocs/legis/home/member_information/House_bio.cfm?id=1626;https://www.legis.state.pa.us/cfdocs/legis/home/member_information/mbrList.cfm?body=S&sort=alpha;https://www.legis.state.pa.us/cfdocs/legis/home/member_information/representatives_alpha.cfm;https://www.legis.state.pa.us/cfdocs/legis/home/member_information/Senate_bio.cfm?id=1626;https://www.linkedin.com/in/marty-flynn-6a34575a;https://www.palegis.us/senate/members/bio/1626/sen-flynn;https://www.senatorflynn.com;https://www.senatorflynn.com/about,,,,"Jay’s Commons 409 N. Main Ave., Scranton, PA 18504",570-207-2881,,senmartyflynn,playlist?list=PLjtqNtfs0bgU0MZChdMxeZnvHw-jlVCVb,senmartyflynn,SenatorMartyFlynn,
ocd-person/2b9c199b-dd4e-477a-a5d0-849180c956a0,Mary Jo Daley,Democratic,148,lower,Mary Jo,Daley,Female,repmaryjodaley@pahouse.net,,1949-09-16,,https://www.palegis.us/resources/images/members/300/1622.jpg,https://www.legis.state.pa.us/cfdocs/legis/home/member_information/House_bio.cfm?id=1622;https://www.legis.state.pa.us/cfdocs/legis/home/member_information/representatives_alpha.cfm;https://www.pahouse.com/MDaley/;https://www.palegis.us/house/members/bio/1622/rep-daley,https://ballotpedia.org/Mary_Jo_Daley;https://en.wikipedia.org/wiki/Mary_Jo_Daley;https://justfacts.votesmart.org/candidate/biography/143452/mary-jo-daley;https://www.legis.state.pa.us/cfdocs/legis/home/member_information/House_bio.cfm?id=1622;https://www.legis.state.pa.us/cfdocs/legis/home/member_information/mbrList.cfm?body=H&sort=alpha;https://www.legis.state.pa.us/cfdocs/legis/home/member_information/representatives_alpha.cfm;https://www.linkedin.com/in/mary-jo-daley-21a87722;https://www.pahouse.com/MDaley;https://www.palegis.us/house/members/bio/1622/rep-daley;https://www.palegis.us/house/members/bio/1622/rep-mary-jo-daley,,,,"312 Old Lancaster Rd., Merion Station, PA 19066",610-832-1679,,RepMJDaley,playlist?list=PLjtqNtfs0bgVcpT_30Ku0bBEfTC5kGzUr,,RepMJDaley,
ocd-person/ac9d319c-4df3-489a-890e-f7daba8c4bda,Mary Isaacson,Democratic,175,lower,Mary,Isaacson,Female,misaacson@pahouse.net,,1970-11-15,,https://www.palegis.us/resources/images/members/300/1857.jpg,https://www.legis.state.pa.us/cfdocs/legis/home/member_information/House_bio.cfm?id=1857;https://www.legis.state.pa.us/cfdocs/legis/home/member_information/representatives_alpha.cfm;https://www.pahouse.com/isaacson;https://www.palegis.us/house/members/bio/1857/rep-isaacson,https://ballotpedia.org/MaryLouise_Isaacson;https://en.wikipedia.org/wiki/Mary_Isaacson;https://www.legis.state.pa.us/cfdocs/legis/home/member_information/House_bio.cfm?id=1857;https://www.legis.state.pa.us/cfdocs/legis/home/member_information/mbrList.cfm?body=H&sort=alpha;https://www.legis.state.pa.us/cfdocs/legis/home/member_information/representatives_alpha.cfm;https://www.linkedin.com/in/mary-isaacson-92543118;https://www.pahouse.com/isaacson;https://www.palegis.us/house/members/bio/1857/rep-isaacson,,,,"610 N. 2nd St., Philadelphia, PA 19123",215-503-3245,,RepMaryIsaacson,playlist?list=PLjtqNtfs0bgVb5i89inOtrRfz1Y1OEzcQ,,RepMaryIsaacson,
ocd-person/a15da78b-2475-4606-854f-7477dfc4233d,Matt Bradford,Democratic,70,lower,Matt,Bradford,Male,repbradford@pahouse.net,,1975-05-23,,https://www.palegis.us/resources/images/members/300/1161.jpg,https://www.legis.state.pa.us/cfdocs/legis/home/member_information/House_bio.cfm?id=1161;https://www.legis.state.pa.us/cfdocs/legis/home/member_information/representatives_alpha.cfm;https://www.pahouse.com/Bradford;https://www.palegis.us/house/members/bio/1161/rep-bradford,https://ballotpedia.org/Matthew_Bradford;https://en.wikipedia.org/wiki/Matthew_Bradford;https://justfacts.votesmart.org/candidate/biography/109564/matthew-bradford;https://www.legis.state.pa.us/cfdocs/legis/home/member_information/House_bio.cfm?id=1161;https://www.legis.state.pa.us/cfdocs/legis/home/member_information/mbrList.cfm?body=H&sort=alpha;https://www.legis.state.pa.us/cfdocs/legis/home/member_information/representatives_alpha.cfm;https://www.linkedin.com/in/matt-bradford-57277646;https://www.pahouse.com/Bradford;https://www.palegis.us/house/members/bio/1161/rep-bradford,,,,"240 W. Germantown Pike First Floor, Norristown, PA 19401",610-270-1150,,RepBradford,playlist?list=PL97682F1C72BC1829,,RepBradford,
ocd-person/8ec333cd-97c4-4f5a-92de-13bf8cbc0020,Maureen Madden,Democratic,115,lower,Maureen,Madden,Female,repmadden@pahouse.net,,1959-12-13,,https://www.palegis.us/resources/images/members/300/1753.jpg,https://www.legis.state.pa.us/cfdocs/legis/home/member_information/House_bio.cfm?id=1753;https://www.legis.state.pa.us/cfdocs/legis/home/member_information/representatives_alpha.cfm;https://www.pahouse.com/Madden/;https://www.palegis.us/house/members/bio/1753/rep-madden,https://ballotpedia.org/Maureen_Madden;https://en.wikipedia.org/wiki/Maureen_Madden;https://justfacts.votesmart.org/candidate/biography/136505/maureen-madden;https://www.legis.state.pa.us/cfdocs/legis/home/member_information/House_bio.cfm?id=1753;https://www.legis.state.pa.us/cfdocs/legis/home/member_information/mbrList.cfm?body=H&sort=alpha;https://www.legis.state.pa.us/cfdocs/legis/home/member_information/representatives_alpha.cfm;https://www.linkedin.com/in/maureen-madden-0b61986;https://www.pahouse.com/Madden;https://www.palegis.us/house/members/bio/1753/rep-madden,,,,"Room 4, The Mountain Center 354 Memorial Blvd., Tobyhanna, PA 18466",570-894-7905,,RepMadden,playlist?list=jtqNtfs0bgXkOlXTyNgvXM3Q1eW28gRD,,RepMaureenMadden,
ocd-person/610a353c-8973-48ea-a4d4-dac21efc3422,Missy Cerrato,Democratic,151,lower,Missy,Cerrato,Female,repcerrato@pahouse.net,,,,https://www.palegis.us/resources/images/members/300/1974.jpg,https://www.legis.state.pa.us/cfdocs/legis/home/member_information/House_bio.cfm?id=1974;https://www.pahouse.com/cerrato/;https://www.palegis.us/house/members/bio/1974/rep-cerrato,https://ballotpedia.org/Melissa_Cerrato;https://en.wikipedia.org/wiki/Melissa_Cerrato;https://www.legis.state.pa.us/cfdocs/legis/home/member_information/House_bio.cfm?id=1974;https://www.legis.state.pa.us/cfdocs/legis/home/member_information/mbrList.cfm?body=H&sort=alpha;https://www.pahouse.com/cerrato;https://www.palegis.us/house/members/bio/1974/rep-cerrato,,,,"605 Horsham Road, Horsham, PA 19044",267-282-6695,,RepCerrato,,,RepCerrato,
ocd-person/2cb7688e-e8ea-431e-9f56-34ee9a9a3ecc,Melissa Shusterman,Democratic,157,lower,Melissa,Shusterman,Female,repshusterman@pahouse.net,,1967-09-08,,https://www.palegis.us/resources/images/members/300/1851.jpg,https://www.legis.state.pa.us/cfdocs/legis/home/member_information/House_bio.cfm?id=1851;https://www.legis.state.pa.us/cfdocs/legis/home/member_information/representatives_alpha.cfm;https://www.pahouse.com/shusterman;https://www.palegis.us/house/members/bio/1851/rep-shusterman,https://ballotpedia.org/Melissa_Shusterman;https://en.wikipedia.org/wiki/Melissa_Shusterman;https://justfacts.votesmart.org/candidate/biography/179546/melissa-shusterman;https://www.legis.state.pa.us/cfdocs/legis/home/member_information/House_bio.cfm?id=1851;https://www.legis.state.pa.us/cfdocs/legis/home/member_information/mbrList.cfm?body=H&sort=alpha;https://www.legis.state.pa.us/cfdocs/legis/home/member_information/representatives_alpha.cfm;https://www.linkedin.com/in/melissashusterman;https://www.pahouse.com/shusterman;https://www.pahouse.com/Shusterman/About/Biography;https://www.palegis.us/house/members/bio/1851/rep-shusterman,,,,"1536 E. Lancaster Ave. Suite 200, Paoli, PA 19301",484-200-8260,,RepShusterman,playlist?list=PLjtqNtfs0bgXjeB8QUgnxtsPuHEN1Zzs1,,RepShusterman,
ocd-person/ef4ff98e-baba-4655-b24f-66ec5933fcb0,Michael Stender,Republican,108,lower,Michael,Stender,Male,mstender@pahousegop.com,,,,https://www.palegis.us/resources/images/members/300/2014.jpg,https://www.legis.state.pa.us/cfdocs/legis/home/member_information/House_bio.cfm?id=2014;https://www.palegis.us/house/members/bio/2014/rep-stender;https://www.repstender.com/,https://ballotpedia.org/Michael_Stender;https://en.wikipedia.org/wiki/Michael_Stender;https://justfacts.votesmart.org/candidate/biography/212186/michael-stender;https://www.legis.state.pa.us/cfdocs/legis/home/member_information/House_bio.cfm?id=2014;https://www.legis.state.pa.us/cfdocs/legis/home/member_information/mbrList.cfm?body=H&sort=alpha;https://www.linkedin.com/in/michael-a-stender-277a7722;https://www.palegis.us/house/members/bio/2014/rep-stender;https://www.repstender.com;https://www.repstender.com/about,,,,"Montour County Administration Building 435 E. Front St., Danville, PA 17821",570-275-3700,,,,,repstender,
ocd-person/fc1f0752-9166-4d7f-987a-ec15b8bf4048,Mike Schlossberg,Democratic,132,lower,Mike,Schlossberg,Male,repschlossberg@pahouse.net,,1983-05-15,,https://www.palegis.us/resources/images/members/300/1649.jpg,https://www.legis.state.pa.us/cfdocs/legis/home/member_information/House_bio.cfm?id=1649;https://www.legis.state.pa.us/cfdocs/legis/home/member_information/representatives_alpha.cfm;https://www.pahouse.com/Schlossberg/;https://www.palegis.us/house/members/bio/1649/rep-schlossberg,https://ballotpedia.org/Michael_Schlossberg;https://en.wikipedia.org/wiki/Michael_Schlossberg;https://www.legis.state.pa.us/cfdocs/legis/home/member_information/House_bio.cfm?id=1649;https://www.legis.state.pa.us/cfdocs/legis/home/member_information/mbrList.cfm?body=H&sort=alpha;https://www.legis.state.pa.us/cfdocs/legis/home/member_information/representatives_alpha.cfm;https://www.linkedin.com/in/mikeschlossberg;https://www.pahouse.com/Schlossberg;https://www.pahouse.com/Schlossberg/About/Biography;https://www.palegis.us/house/members/bio/1649/rep-schlossberg,,,,"5100 Tilghman St. Suite 200, Allentown, PA 18104",610-821-5577,,RepSchlossberg,playlist?list=PLjtqNtfs0bgUKhrdudwl7UauY7EO1330Z,,RepSchlossberg,
ocd-person/406baa79-8352-4fa4-a1fa-70cc55e34406,Michele Brooks,Republican,50,upper,Michele,Brooks,Female,mbrooks@pasen.gov,,1964-04-04,,https://www.palegis.us/resources/images/members/300/1087.jpg,https://www.legis.state.pa.us/cfdocs/legis/home/member_information/Senate_bio.cfm?id=1087;https://www.legis.state.pa.us/cfdocs/legis/home/member_information/senators_alpha.cfm;https://www.palegis.us/senate/members/bio/1087/sen-brooks;https://www.senatorbrooks.com/,https://ballotpedia.org/Michele_Brooks;https://en.wikipedia.org/wiki/Michele_Brooks;https://justfacts.votesmart.org/candidate/biography/68907/michele-brooks;https://www.legis.state.pa.us/cfdocs/legis/home/member_information/mbrList.cfm?body=S&sort=alpha;https://www.legis.state.pa.us/cfdocs/legis/home/member_information/Senate_bio.cfm?id=1087;https://www.legis.state.pa.us/cfdocs/legis/home/member_information/senators_alpha.cfm;https://www.palegis.us/senate/members/bio/1087/sen-brooks;https://www.senatorbrooks.com,,,,"1905 W. State St., New Castle, PA 16101",724-654-1444,,,,,senatormichelebrooks,
ocd-person/32c83f92-2bcc-4c2f-bcd0-8b367af29e28,Mike Armanini,Republican,75,lower,Mike,Armanini,Male,marmanini@pahousegop.com,,,,https://www.palegis.us/resources/images/members/300/1903.jpg,https://www.legis.state.pa.us/cfdocs/legis/home/member_information/House_bio.cfm?id=1903;https://www.legis.state.pa.us/cfdocs/legis/home/member_information/representatives_alpha.cfm;https://www.palegis.us/house/members/bio/1903/rep-armanini;https://www.repmikearmanini.com/,https://ballotpedia.org/Mike_Armanini;https://en.wikipedia.org/wiki/Michael_Armanini;https://justfacts.votesmart.org/candidate/biography/190026/michael-armanini;https://www.legis.state.pa.us/cfdocs/legis/home/member_information/House_bio.cfm?id=1903;https://www.legis.state.pa.us/cfdocs/legis/home/member_information/mbrList.cfm?body=H&sort=alpha;https://www.legis.state.pa.us/cfdocs/legis/home/member_information/representatives_alpha.cfm;https://www.linkedin.com/in/mike-armanini-6a799778;https://www.palegis.us/house/members/bio/1903/rep-armanini;https://www.palegis.us/house/members/bio/1903/representative-mike-armanini;https://www.repmikearmanini.com;https://www.repmikearmanini.com/,,,,"DuBois Area Plaza 1221 E. DuBois Ave., Suite 10, DuBois, PA 15801",814-375-4688,,,,,PA-State-Rep-Mike-Armanini-101954888430243,
ocd-person/ce5d2c01-e29c-4eac-b06b-208d8c302dff,Mike Jones,Republican,93,lower,Mike,Jones,Male,mjones@pahousegop.com,,,,https://www.palegis.us/resources/images/members/300/1842.jpg,https://www.legis.state.pa.us/cfdocs/legis/home/member_information/House_bio.cfm?id=1842;https://www.legis.state.pa.us/cfdocs/legis/home/member_information/representatives_alpha.cfm;https://www.palegis.us/house/members/bio/1842/rep-m-jones;https://www.repmikejones.com/,https://ballotpedia.org/Mike_Jones_(Pennsylvania);https://en.wikipedia.org/wiki/Mike_Jones_(Pennsylvania_politician);https://www.legis.state.pa.us/cfdocs/legis/home/member_information/House_bio.cfm?id=1842;https://www.legis.state.pa.us/cfdocs/legis/home/member_information/mbrList.cfm?body=H&sort=alpha;https://www.legis.state.pa.us/cfdocs/legis/home/member_information/representatives_alpha.cfm;https://www.linkedin.com/in/mike-jones-96221a4;https://www.palegis.us/house/members/bio/1842/rep-m-jones;https://www.repmikejones.com,,,,"1949 Security Drive, York, PA 17402",717-428-9889,,,UCaC4s-tQTnXEtyonJZ2G7Ig,,RepMikeJonesPA,
ocd-person/b4559406-2139-4c7c-9ce9-7a2a604a8a95,Milou Mackenzie,Republican,131,lower,Milou,Mackenzie,Female,mmackenzie@pahousegop.com,,,,https://www.palegis.us/resources/images/members/300/1909.jpg,https://www.legis.state.pa.us/cfdocs/legis/home/member_information/House_bio.cfm?id=1909;https://www.legis.state.pa.us/cfdocs/legis/home/member_information/representatives_alpha.cfm;https://www.palegis.us/house/members/bio/1909/rep-m-mackenzie;https://www.repmiloumackenziepa.com/,https://ballotpedia.org/Milou_Mackenzie;https://en.wikipedia.org/wiki/Milou_Mackenzie;https://www.legis.state.pa.us/cfdocs/legis/home/member_information/House_bio.cfm?id=1909;https://www.legis.state.pa.us/cfdocs/legis/home/member_information/mbrList.cfm?body=H&sort=alpha;https://www.legis.state.pa.us/cfdocs/legis/home/member_information/representatives_alpha.cfm;https://www.palegis.us/house/members/bio/1909/rep-m-mackenzie;https://www.repmiloumackenziepa.com;https://www.repmiloumackenziepa.com/,,,,"Red Hill Borough Building 56 W. 4th St., Red Hill, PA 18076",215-679-3152,,,,,PA-State-Rep-Milou-Mackenzie-100834955213333,
ocd-person/f5b2ec4d-1d69-483a-a6ec-143d50ad395b,Mindy Fee,Republican,37,lower,Mindy,Fee,Female,mfee@pahousegop.com,,1965-04-16,,https://www.palegis.us/resources/images/members/300/1625.jpg,https://www.legis.state.pa.us/cfdocs/legis/home/member_information/House_bio.cfm?id=1625;https://www.legis.state.pa.us/cfdocs/legis/home/member_information/representatives_alpha.cfm;https://www.palegis.us/house/members/bio/1625/rep-fee;https://www.repfee.com/,https://ballotpedia.org/Mindy_Fee;https://en.wikipedia.org/wiki/Mindy_Fee;https://justfacts.votesmart.org/candidate/biography/136295/mindy-fee;https://www.legis.state.pa.us/cfdocs/legis/home/member_information/House_bio.cfm?id=1625;https://www.legis.state.pa.us/cfdocs/legis/home/member_information/mbrList.cfm?body=H&sort=alpha;https://www.legis.state.pa.us/cfdocs/legis/home/member_information/representatives_alpha.cfm;https://www.palegis.us/house/members/bio/1625/rep-fee;https://www.repfee.com;https://www.repfee.com/about,,,,"47 Market Square, Manheim, PA 17545",717-664-4979,,,RepFee,,RepFee,
ocd-person/05326e52-202a-46cd-bbbe-cc8d01d9a44b,Morgan Cephas,Democratic,192,lower,Morgan,Cephas,Female,mcephas@pahouse.net,,1984-08-30,,https://www.palegis.us/resources/images/members/300/1759.jpg,https://www.legis.state.pa.us/cfdocs/legis/home/member_information/House_bio.cfm?id=1759;https://www.legis.state.pa.us/cfdocs/legis/home/member_information/representatives_alpha.cfm;https://www.pahouse.com/Cephas/;https://www.palegis.us/house/members/bio/1759/rep-cephas,https://ballotpedia.org/Morgan_Cephas;https://en.wikipedia.org/wiki/Morgan_Cephas;https://justfacts.votesmart.org/candidate/biography/167868/morgan-cephas;https://www.legis.state.pa.us/cfdocs/legis/home/member_information/House_bio.cfm?id=1759;https://www.legis.state.pa.us/cfdocs/legis/home/member_information/mbrList.cfm?body=H&sort=alpha;https://www.legis.state.pa.us/cfdocs/legis/home/member_information/representatives_alpha.cfm;https://www.linkedin.com/in/morgan-cephas-11304580;https://www.pahouse.com/Cephas;https://www.pahouse.com/Cephas/About/Biography;https://www.palegis.us/house/members/bio/1759/rep-cephas,,,,"7538 Haverford Ave., Philadelphia, PA 19151",215-879-6625,,RepCephas,,,RepCephas,
ocd-person/d18ccbd7-270a-46c2-8bbd-a19ea82d0e51,Nancy Guenst,Democratic,152,lower,Nancy,Guenst,Female,repguenst@pahouse.net,,,,https://www.palegis.us/resources/images/members/300/1913.jpg,https://www.legis.state.pa.us/cfdocs/legis/home/member_information/House_bio.cfm?id=1913;https://www.legis.state.pa.us/cfdocs/legis/home/member_information/representatives_alpha.cfm;https://www.pahouse.com/Guenst/;https://www.palegis.us/house/members/bio/1913/rep-guenst,https://ballotpedia.org/Nancy_Guenst;https://en.wikipedia.org/wiki/Nancy_Guenst;https://justfacts.votesmart.org/candidate/biography/190156/nancy-guenst;https://www.legis.state.pa.us/cfdocs/legis/home/member_information/House_bio.cfm?id=1913;https://www.legis.state.pa.us/cfdocs/legis/home/member_information/mbrList.cfm?body=H&sort=alpha;https://www.legis.state.pa.us/cfdocs/legis/home/member_information/representatives_alpha.cfm;https://www.linkedin.com/in/nancy-guenst-5ba906b8;https://www.pahouse.com/Guenst;https://www.palegis.us/house/members/bio/1913/rep-guenst,,,,"19 S. York Road, Hatboro, PA 19040",215-259-5962,,RepGuenst,,,RepGuenst,
ocd-person/94e57e39-e58d-4374-9506-ece1a01e0ebd,Napoleon Nelson,Democratic,154,lower,Napoleon,Nelson,Male,repnelson@pahouse.net,,,,https://www.palegis.us/resources/images/members/300/1914.jpg,https://www.legis.state.pa.us/cfdocs/legis/home/member_information/House_bio.cfm?id=1914;https://www.legis.state.pa.us/cfdocs/legis/home/member_information/representatives_alpha.cfm;https://www.pahouse.com/nelson/;https://www.palegis.us/house/members/bio/1914/rep-n-nelson,https://ballotpedia.org/Napoleon_Nelson;https://en.wikipedia.org/wiki/Napoleon_Nelson;https://justfacts.votesmart.org/candidate/biography/190162/napoleon-nelson-sr;https://www.legis.state.pa.us/cfdocs/legis/home/member_information/House_bio.cfm?id=1914;https://www.legis.state.pa.us/cfdocs/legis/home/member_information/mbrList.cfm?body=H&sort=alpha;https://www.legis.state.pa.us/cfdocs/legis/home/member_information/representatives_alpha.cfm;https://www.linkedin.com/in/napoleon-nelson-1787623;https://www.pahouse.com/nelson;https://www.palegis.us/house/members/bio/1914/rep-n-nelson,,,,"115 E. Glenside Ave. Suite 8, Glenside, PA 19038",215-572-5210,,RepNapoleon,,,RepNapoleon,
ocd-person/c5e053dd-a874-4a51-a071-661a20db33ab,Natalie Mihalek,Republican,40,lower,Natalie,Mihalek,Female,nmihalek@pahousegop.com,,,,https://www.palegis.us/resources/images/members/300/1830.jpg,https://www.legis.state.pa.us/cfdocs/legis/home/member_information/House_bio.cfm?id=1830;https://www.legis.state.pa.us/cfdocs/legis/home/member_information/representatives_alpha.cfm;https://www.palegis.us/house/members/bio/1830/rep-mihalek;https://www.repmihalek.com/,https://ballotpedia.org/Natalie_Mihalek_Stuck;https://en.wikipedia.org/wiki/Natalie_Mihalek;https://justfacts.votesmart.org/candidate/biography/179244/natalie-mihalek;https://www.legis.state.pa.us/cfdocs/legis/home/member_information/House_bio.cfm?id=1830;https://www.legis.state.pa.us/cfdocs/legis/home/member_information/mbrList.cfm?body=H&sort=alpha;https://www.legis.state.pa.us/cfdocs/legis/home/member_information/representatives_alpha.cfm;https://www.linkedin.com/in/natalie-mihalek-92636b21;https://www.palegis.us/house/members/bio/1830/rep-mihalek;https://www.repmihalek.com,,,,"1121 Boyce Road Suite 2200A, Pittsburgh, PA 15241",724-942-2045,,,UCBPJMqP9CJAgFlSNP3UlmxQ,,RepMihalek,
ocd-person/c7f76970-11d0-483e-81b4-b4750220932c,Nate Davidson,Democratic,103,lower,Nate,Davidson,Male,repdavidson@pahouse.net,,,,https://storage.googleapis.com/enview-dev-public-general/legislative-people-photos/133354.jpg,https://www.pahouse.com/davidson/;https://www.palegis.us/house/members/bio/2031/rep-davidson,https://ballotpedia.org/Nate_Davidson;https://justfacts.votesmart.org/candidate/214892/nate-davidson;https://www.linkedin.com/in/nathan-davidson-32b68726;https://www.pahouse.com/davidson;https://www.palegis.us/house/members/bio/2031/rep-davidson,,,,"717 Market St. Suite 110, Lemoyne, PA 17043",717-303-3715,,,,,,
ocd-person/a160699d-cc7d-4ed7-b486-57008ee0e642,Nick Miller,Democratic,14,upper,Nick,Miller,Male,miller@pasenate.com,,,,https://www.palegis.us/resources/images/members/300/2009.jpg,https://pasenatormiller.com/;https://www.legis.state.pa.us/cfdocs/legis/home/member_information/Senate_bio.cfm?id=2009;https://www.palegis.us/senate/members/bio/2009/sen-miller,https://ballotpedia.org/Nick_Miller_(Pennsylvania);https://en.wikipedia.org/wiki/Nick_Miller_(politician);https://justfacts.votesmart.org/candidate/biography/204862/nicholas-miller;https://pasenatormiller.com;https://pasenatormiller.com/about;https://www.legis.state.pa.us/cfdocs/legis/home/member_information/mbrList.cfm?body=S&sort=alpha;https://www.legis.state.pa.us/cfdocs/legis/home/member_information/Senate_bio.cfm?id=2009;https://www.linkedin.com/in/nicholas-miller23;https://www.palegis.us/senate/members/bio/2009/sen-miller,,,,"740 W. Hamilton St. Suite 200, Allentown, PA 18101",610-821-8468,,,,,,
ocd-person/c9f6833a-470e-480f-b3ad-d91c887aa4f9,Nick Pisciottano,Democratic,45,upper,Nick,Pisciottano,Male,nick.pisciottano@pasenate.com,,1990-01-12,,https://www.palegis.us/resources/images/members/300/1900.jpg,https://pasenatornick.com/;https://www.legis.state.pa.us/cfdocs/legis/home/member_information/House_bio.cfm?id=1900;https://www.legis.state.pa.us/cfdocs/legis/home/member_information/representatives_alpha.cfm;https://www.pahouse.com/pisciottano/;https://www.palegis.us/house/members/bio/1900/rep-pisciottano;https://www.palegis.us/senate/members/bio/1900/sen-pisciottano,https://ballotpedia.org/Nick_Pisciottano_Jr.;https://en.wikipedia.org/wiki/Nick_Pisciottano;https://justfacts.votesmart.org/candidate/190010/nick-pisciottano;https://pasenatornick.com;https://www.legis.state.pa.us/cfdocs/legis/home/member_information/House_bio.cfm?id=1900;https://www.legis.state.pa.us/cfdocs/legis/home/member_information/mbrList.cfm?body=H&sort=alpha;https://www.legis.state.pa.us/cfdocs/legis/home/member_information/representatives_alpha.cfm;https://www.linkedin.com/in/nick-pisciottano-cpa-38670541;https://www.pahouse.com/pisciottano;https://www.palegis.us/house/members/bio/1900/rep-pisciottano;https://www.palegis.us/senate/members/bio/1900/sen-pisciottano,,,,"Public Safety Building 201 Lysle Boulevard, Suite 100, McKeesport, PA 15132",412-664-5200,,RepPisciottano,,,RepPisciottano,
ocd-person/6f172bc8-50b0-4dd3-aed6-b5fd48b70eeb,Nikil Saval,Democratic,1,upper,Nikil,Saval,Male,saval@pasenate.com,,1982-12-27,,https://www.palegis.us/resources/images/members/300/1921.jpg,https://www.legis.state.pa.us/cfdocs/legis/home/member_information/Senate_bio.cfm?id=1921;https://www.legis.state.pa.us/cfdocs/legis/home/member_information/senators_alpha.cfm;https://www.palegis.us/senate/members/bio/1921/sen-saval;https://www.pasenatorsaval.com/,https://ballotpedia.org/Nikil_Saval;https://en.wikipedia.org/wiki/Nikil_Saval;https://www.legis.state.pa.us/cfdocs/legis/home/member_information/mbrList.cfm?body=S&sort=alpha;https://www.legis.state.pa.us/cfdocs/legis/home/member_information/Senate_bio.cfm?id=1921;https://www.legis.state.pa.us/cfdocs/legis/home/member_information/senators_alpha.cfm;https://www.palegis.us/senate/members/bio/1921/sen-saval;https://www.pasenatorsaval.com,,,,"1434 Germantown Ave., Philadelphia, PA 19122",215-952-3119,,senatorsaval,,senatorsaval,SenatorSaval,
ocd-person/5df981dc-0f0f-498e-8e0e-72cfa5410b2a,Nikki Rivera,Democratic,96,lower,Nikki,Rivera,Female,reprivera@pahouse.net,,,,"https://static.wixstatic.com/media/ac23d4_f90c7e4f91684d28939b38f61d2cd0ae~mv2.jpg/v1/fill/w_640,h_554,al_t,q_80,usm_0.66_1.00_0.01,enc_auto/ac23d4_f90c7e4f91684d28939b38f61d2cd0ae~mv2.jpg",https://www.pahouse.com/Rivera/;https://www.palegis.us/house/members/bio/2030/rep-rivera,https://ballotpedia.org/Nikki_Rivera;https://www.linkedin.com/in/nikki-rivera-211a7a70;https://www.pahouse.com/Rivera;https://www.palegis.us/house/members/bio/2030/rep-rivera,,,,"1560 Lititz Pike Suite 2, Lancaster, PA 17601",717-295-3157,,,,,,
ocd-person/8f7a2783-e165-4bf2-aead-113d98dd7dd2,Parke Wentling,Republican,7,lower,Parke,Wentling,Male,pwentling@pahousegop.com,,1972-05-14,,https://www.palegis.us/resources/images/members/300/1709.jpg,https://www.legis.state.pa.us/cfdocs/legis/home/member_information/House_bio.cfm?id=1709;https://www.legis.state.pa.us/cfdocs/legis/home/member_information/representatives_alpha.cfm;https://www.palegis.us/house/members/bio/1709/rep-wentling;https://www.repwentling.com/,https://ballotpedia.org/Parke_Wentling;https://en.wikipedia.org/wiki/Parke_Wentling;https://justfacts.votesmart.org/candidate/biography/150893/parke-wentling;https://www.legis.state.pa.us/cfdocs/legis/home/member_information/House_bio.cfm?id=1709;https://www.legis.state.pa.us/cfdocs/legis/home/member_information/mbrList.cfm?body=H&sort=alpha;https://www.legis.state.pa.us/cfdocs/legis/home/member_information/representatives_alpha.cfm;https://www.palegis.us/house/members/bio/1709/rep-wentling;https://www.repwentling.com,,,,"Greenville Area Chamber of Commerce 182 Main St., Greenville, PA 16125",724-638-4101,,,,,PA-State-Rep-Parke-Wentling,
ocd-person/36e7e815-87a3-4c58-baae-71f210e48114,Pat Gallagher,Democratic,173,lower,Pat,Gallagher,Male,repgallagher@pahouse.net,,1974-04-21,,https://www.palegis.us/resources/images/members/300/1978.jpg,https://www.legis.state.pa.us/cfdocs/legis/home/member_information/House_bio.cfm?id=1978;https://www.pahouse.com/Gallagher/;https://www.palegis.us/house/members/bio/1978/rep-gallagher,https://ballotpedia.org/Patrick_Gallagher;https://en.wikipedia.org/wiki/Pat_Gallagher_(American_politician);https://www.legis.state.pa.us/cfdocs/legis/home/member_information/House_bio.cfm?id=1978;https://www.legis.state.pa.us/cfdocs/legis/home/member_information/mbrList.cfm?body=H&sort=alpha;https://www.pahouse.com/Gallagher;https://www.palegis.us/house/members/bio/1978/rep-gallagher,,,,"8760 Frankford Ave., Philadelphia, PA 19136",215-281-3414,,ReppGallagher,,,RepGallagher,
ocd-person/c4a1a8f4-cb29-4700-8235-b103fcb40279,Pat Harkins,Democratic,1,lower,Pat,Harkins,Male,pharkins@pahouse.net,,1963-12-22,,https://www.palegis.us/resources/images/members/300/1081.jpg,https://pahouse.com/Harkins;https://www.legis.state.pa.us/cfdocs/legis/home/member_information/House_bio.cfm?id=1081;https://www.legis.state.pa.us/cfdocs/legis/home/member_information/representatives_alpha.cfm;https://www.palegis.us/house/members/bio/1081/rep-harkins,https://ballotpedia.org/Patrick_Harkins;https://en.wikipedia.org/wiki/Pat_Harkins;https://justfacts.votesmart.org/candidate/biography/60212/patrick-harkins;https://pahouse.com/Harkins;https://www.legis.state.pa.us/cfdocs/legis/home/member_information/House_bio.cfm?id=1081;https://www.legis.state.pa.us/cfdocs/legis/home/member_information/mbrList.cfm?body=H&sort=alpha;https://www.legis.state.pa.us/cfdocs/legis/home/member_information/representatives_alpha.cfm;https://www.palegis.us/house/members/bio/1081/rep-harkins,,,,"460 E. 26th St., Erie, PA 16504",814-459-1949,,,playlist?list=PLjtqNtfs0bgV_GcfsgVUt0PwAXkAWeMvn,,,
ocd-person/14106428-709f-4018-8881-5c31ee078ff8,Pat Stefano,Republican,32,upper,Pat,Stefano,Male,pstefano@pasen.gov,,,,https://www.palegis.us/resources/images/members/300/1697.jpg,https://www.legis.state.pa.us/cfdocs/legis/home/member_information/Senate_bio.cfm?id=1697;https://www.legis.state.pa.us/cfdocs/legis/home/member_information/senators_alpha.cfm;https://www.palegis.us/senate/members/bio/1697/sen-stefano;https://www.senatorstefano.com/,https://ballotpedia.org/Patrick_Stefano;https://en.wikipedia.org/wiki/Patrick_J._Stefano;https://justfacts.votesmart.org/candidate/biography/150873/pat-stefano;https://www.legis.state.pa.us/cfdocs/legis/home/member_information/mbrList.cfm?body=S&sort=alpha;https://www.legis.state.pa.us/cfdocs/legis/home/member_information/Senate_bio.cfm?id=1697;https://www.legis.state.pa.us/cfdocs/legis/home/member_information/senators_alpha.cfm;https://www.linkedin.com/in/patrick-stefano-6563817;https://www.palegis.us/senate/members/bio/1697/sen-stefano;https://www.palegis.us/senate/members/bio/1697/senator-patrick-stefano;https://www.senatorstefano.com,,,,"171 W. Crawford Ave. 2nd Floor, Connellsville, PA 15425",724-626-1611,,Senatorstefano,,Senator_Stefano,Senatorstefano,
ocd-person/b5ff17d0-36e8-4f29-8c9b-e51bb9b3ea29,Patty Kim,Democratic,15,upper,Patty,Kim,Female,patty.kim@pasenate.com,,1973-07-29,,https://www.palegis.us/resources/images/members/300/1636.jpg,https://pasenatorkim.com/;https://www.legis.state.pa.us/cfdocs/legis/home/member_information/House_bio.cfm?id=1636;https://www.legis.state.pa.us/cfdocs/legis/home/member_information/representatives_alpha.cfm;https://www.pahouse.com/Kim/;https://www.palegis.us/house/members/bio/1636/rep-kim;https://www.palegis.us/senate/members/bio/1636/sen-kim,https://ballotpedia.org/Patty_Kim;https://en.wikipedia.org/wiki/Patty_Kim_(politician);https://justfacts.votesmart.org/candidate/biography/78608/patty-kim;https://pasenatorkim.com;https://pasenatorkim.com/about;https://www.legis.state.pa.us/cfdocs/legis/home/member_information/House_bio.cfm?id=1636;https://www.legis.state.pa.us/cfdocs/legis/home/member_information/mbrList.cfm?body=H&sort=alpha;https://www.legis.state.pa.us/cfdocs/legis/home/member_information/representatives_alpha.cfm;https://www.linkedin.com/in/patty-kim-6a90b77;https://www.pahouse.com/Kim;https://www.palegis.us/house/members/bio/1636/rep-kim;https://www.palegis.us/senate/members/bio/1636/sen-kim,,,,"Colonial Crossings Plaza 716 Colonial Road, Harrisburg, PA 17112",717-346-6278,717-346-6278,RepPattyKim,playlist?list=PLjtqNtfs0bgUwNH5u2dn_SWYxVa43nxUq,,RepPattyKim,
ocd-person/494797a5-3d84-414a-9c8c-caaadd621cdd,Paul Friel,Democratic,26,lower,Paul,Friel,Male,repfriel@pahouse.net,,1969-06-28,,https://www.palegis.us/resources/images/members/300/1942.jpg,https://www.legis.state.pa.us/cfdocs/legis/home/member_information/House_bio.cfm?id=1942;https://www.pahouse.com/friel/;https://www.palegis.us/house/members/bio/1942/rep-friel,https://ballotpedia.org/Paul_Friel;https://en.wikipedia.org/wiki/Paul_Friel;https://justfacts.votesmart.org/candidate/biography/189991/paul-friel-jr;https://www.legis.state.pa.us/cfdocs/legis/home/member_information/House_bio.cfm?id=1942;https://www.legis.state.pa.us/cfdocs/legis/home/member_information/mbrList.cfm?body=H&sort=alpha;https://www.linkedin.com/in/paul-friel-1446363;https://www.pahouse.com/friel;https://www.palegis.us/house/members/bio/1942/rep-friel;https://www.palegis.us/house/members/bio/1942/representative-paul-friel,,,,"68 Glocker Way, Pottstown, PA 19465",610-427-8782,,RepFriel,,,RepFriel,
ocd-person/dd35ae63-5dee-4f87-b64e-65907b8adaba,Paul Takac,Democratic,82,lower,Paul,Takac,Male,reptakac@pahouse.net,,,,https://www.palegis.us/resources/images/members/300/1953.jpg,https://www.legis.state.pa.us/cfdocs/legis/home/member_information/House_bio.cfm?id=1953;https://www.pahouse.com/takac/;https://www.palegis.us/house/members/bio/1953/rep-takac,https://ballotpedia.org/Paul_Takac;https://en.wikipedia.org/wiki/Paul_Takac;https://justfacts.votesmart.org/candidate/204714/paul-takac;https://www.legis.state.pa.us/cfdocs/legis/home/member_information/House_bio.cfm?id=1953;https://www.legis.state.pa.us/cfdocs/legis/home/member_information/mbrList.cfm?body=H&sort=alpha;https://www.linkedin.com/in/paultakac;https://www.pahouse.com/takac;https://www.palegis.us/house/members/bio/1953/rep-takac,,,,"216 W. Hamilton Ave., State College, PA 16801",814-308-0569,,RepTakac,,,RepTakac,
ocd-person/eb33e206-fb08-40bc-8b9b-1d9a72fcb8fc,Perry Stambaugh,Republican,86,lower,Perry,Stambaugh,Male,pstambaugh@pahousegop.com,,1960-03-08,,https://www.palegis.us/resources/images/members/300/1905.jpg,https://www.legis.state.pa.us/cfdocs/legis/home/member_information/House_bio.cfm?id=1905;https://www.legis.state.pa.us/cfdocs/legis/home/member_information/representatives_alpha.cfm;https://www.palegis.us/house/members/bio/1905/rep-stambaugh;https://www.repperrystambaugh.com/,https://ballotpedia.org/Perry_Stambaugh;https://en.wikipedia.org/wiki/Perry_A._Stambaugh;https://justfacts.votesmart.org/candidate/190044/perry-stambaugh;https://www.legis.state.pa.us/cfdocs/legis/home/member_information/House_bio.cfm?id=1905;https://www.legis.state.pa.us/cfdocs/legis/home/member_information/mbrList.cfm?body=H&sort=alpha;https://www.legis.state.pa.us/cfdocs/legis/home/member_information/representatives_alpha.cfm;https://www.linkedin.com/in/perry-stambaugh-765566b;https://www.palegis.us/house/members/bio/1905/rep-stambaugh;https://www.repperrystambaugh.com;https://www.repperrystambaugh.com/about,,,,"417 W. Main St., New Bloomfield, PA 17068",717-582-8119,,,,,PA-State-Rep-Perry-Stambaugh-102591118365034,
ocd-person/e2bc8bc4-33ab-46dd-8f67-da218949efb6,Perry Warren,Democratic,31,lower,Perry,Warren,Male,repwarren@pahouse.net,,1963-07-23,,https://www.palegis.us/resources/images/members/300/1743.jpg,https://www.legis.state.pa.us/cfdocs/legis/home/member_information/House_bio.cfm?id=1743;https://www.legis.state.pa.us/cfdocs/legis/home/member_information/representatives_alpha.cfm;https://www.pahouse.com/Warren/;https://www.palegis.us/house/members/bio/1743/rep-warren,https://ballotpedia.org/Perry_Warren;https://en.wikipedia.org/wiki/Perry_Warren;https://www.legis.state.pa.us/cfdocs/legis/home/member_information/House_bio.cfm?id=1743;https://www.legis.state.pa.us/cfdocs/legis/home/member_information/mbrList.cfm?body=H&sort=alpha;https://www.legis.state.pa.us/cfdocs/legis/home/member_information/representatives_alpha.cfm;https://www.linkedin.com/in/perry-warren-8669bb5;https://www.pahouse.com/Warren;https://www.palegis.us/house/members/bio/1743/rep-warren,,,,"509 Floral Vale Blvd., Yardley, PA 19067",215-493-5420,,RepPerryWarren,,,RepPerryWarren,
ocd-person/63936c68-ec65-40a9-9a68-0d956939404a,Pete Schweyer,Democratic,134,lower,Pete,Schweyer,Male,repschweyer@pahouse.net,,1978-07-26,,https://www.palegis.us/resources/images/members/300/1706.jpg,https://www.legis.state.pa.us/cfdocs/legis/home/member_information/House_bio.cfm?id=1706;https://www.legis.state.pa.us/cfdocs/legis/home/member_information/representatives_alpha.cfm;https://www.pahouse.com/Schweyer/;https://www.palegis.us/house/members/bio/1706/rep-schweyer,https://ballotpedia.org/Peter_Schweyer;https://en.wikipedia.org/wiki/Peter_Schweyer;https://justfacts.votesmart.org/candidate/biography/46812/peter-schweyer;https://www.legis.state.pa.us/cfdocs/legis/home/member_information/House_bio.cfm?id=1706;https://www.legis.state.pa.us/cfdocs/legis/home/member_information/mbrList.cfm?body=H&sort=alpha;https://www.legis.state.pa.us/cfdocs/legis/home/member_information/representatives_alpha.cfm;https://www.pahouse.com/Schweyer;https://www.palegis.us/house/members/bio/1706/rep-schweyer,,,,"2132 S. 12th St. Suite 306, Allentown, PA 18103",610-791-6270,,RepSchweyer,,,RepSchweyer,
ocd-person/b29f8685-d054-4c6c-a8ad-d64f80bd840f,Lee James,Republican,64,lower,Lee,James,Male,rljames@pahousegop.com,,1948-11-20,,https://www.palegis.us/resources/images/members/300/1634.jpg,https://www.legis.state.pa.us/cfdocs/legis/home/member_information/House_bio.cfm?id=1634;https://www.legis.state.pa.us/cfdocs/legis/home/member_information/representatives_alpha.cfm;https://www.palegis.us/house/members/bio/1634/rep-james;https://www.repjames.com/,https://ballotpedia.org/R._Lee_James;https://en.wikipedia.org/wiki/Lee_James_(politician);https://justfacts.votesmart.org/candidate/biography/136325/lee-james;https://www.legis.state.pa.us/cfdocs/legis/home/member_information/House_bio.cfm?id=1634;https://www.legis.state.pa.us/cfdocs/legis/home/member_information/mbrList.cfm?body=H&sort=alpha;https://www.legis.state.pa.us/cfdocs/legis/home/member_information/representatives_alpha.cfm;https://www.linkedin.com/in/r-lee-james-13aba7a;https://www.palegis.us/house/members/bio/1634/rep-james;https://www.palegis.us/house/members/bio/1634/rep-r-lee-james;https://www.repjames.com,,,,"104 N. Washington Ave. Suite 2, Titusville, PA 16354",814-827-6054,,,RepLeeJames,,RepLeeJames,
ocd-person/a737f4d4-5b45-469b-8d51-98c7aa78183a,Regina Young,Democratic,185,lower,Regina,Young,Female,repyoung@pahouse.net,,1973-08-23,,https://www.palegis.us/resources/images/members/300/1917.jpg,https://www.legis.state.pa.us/cfdocs/legis/home/member_information/House_bio.cfm?id=1917;https://www.legis.state.pa.us/cfdocs/legis/home/member_information/representatives_alpha.cfm;https://www.pahouse.com/Young/;https://www.palegis.us/house/members/bio/1917/rep-young,https://ballotpedia.org/Regina_Young;https://en.wikipedia.org/wiki/Regina_Young;https://justfacts.votesmart.org/candidate/biography/190254/regina-young;https://www.legis.state.pa.us/cfdocs/legis/home/member_information/House_bio.cfm?id=1917;https://www.legis.state.pa.us/cfdocs/legis/home/member_information/mbrList.cfm?body=H&sort=alpha;https://www.legis.state.pa.us/cfdocs/legis/home/member_information/representatives_alpha.cfm;https://www.linkedin.com/in/regina-young-7b839a34;https://www.pahouse.com/Young;https://www.palegis.us/house/members/bio/1917/rep-young,,,,"6844 Elmwood Ave., Philadelphia, PA 19142",215-952-3376,,RepReginaYoung,,,RepReginaYoung,
ocd-person/ff2471f3-f3ff-4a46-8ca7-be5094f0dfdc,Rich Irvin,Republican,81,lower,Rich,Irvin,Male,rirvin@pahousegop.com,,1971-07-07,,https://www.palegis.us/resources/images/members/300/1691.jpg,https://www.legis.state.pa.us/cfdocs/legis/home/member_information/House_bio.cfm?id=1691;https://www.legis.state.pa.us/cfdocs/legis/home/member_information/representatives_alpha.cfm;https://www.palegis.us/house/members/bio/1691/rep-irvin;https://www.repirvin.com/,https://ballotpedia.org/Richard_Irvin_(Pennsylvania);https://en.wikipedia.org/wiki/Rich_Irvin_(Pennsylvania_politician);https://en.wikipedia.org/wiki/Richard_Irvin;https://justfacts.votesmart.org/candidate/biography/150768/rich-irvin;https://www.legis.state.pa.us/cfdocs/legis/home/member_information/House_bio.cfm?id=1691;https://www.legis.state.pa.us/cfdocs/legis/home/member_information/mbrList.cfm?body=H&sort=alpha;https://www.legis.state.pa.us/cfdocs/legis/home/member_information/representatives_alpha.cfm;https://www.palegis.us/house/members/bio/1691/rep-irvin;https://www.palegis.us/house/members/bio/1691/representative-rich-irvin;https://www.repirvin.com,,,,"703 Municipal Drive, Shippensburg, PA 17257",717-532-1707,,,RepIrvin,,PA-State-Rep-Rich-Irvin,
ocd-person/42ffbed1-2284-4018-a60f-b5bfa3f35833,Rick Krajewski,Democratic,188,lower,Rick,Krajewski,Male,repkrajewski@pahouse.net,,1991-06-21,,https://www.palegis.us/resources/images/members/300/1918.jpg,https://www.legis.state.pa.us/cfdocs/legis/home/member_information/House_bio.cfm?id=1918;https://www.legis.state.pa.us/cfdocs/legis/home/member_information/representatives_alpha.cfm;https://www.pahouse.com/krajewski/;https://www.palegis.us/house/members/bio/1918/rep-krajewski,https://ballotpedia.org/Rick_Krajewski;https://en.wikipedia.org/wiki/Rick_Krajewski;https://www.legis.state.pa.us/cfdocs/legis/home/member_information/House_bio.cfm?id=1918;https://www.legis.state.pa.us/cfdocs/legis/home/member_information/mbrList.cfm?body=H&sort=alpha;https://www.legis.state.pa.us/cfdocs/legis/home/member_information/representatives_alpha.cfm;https://www.linkedin.com/in/rick-krajewski-76896383;https://www.pahouse.com/krajewski;https://www.palegis.us/house/members/bio/1918/rep-krajewski,,,,"4712 Baltimore Ave., Philadelphia, PA 19143",215-724-2227,,RepKrajewski,,,RepKrajewski,
ocd-person/17e1e676-8e83-4883-8cf5-4c8ddcce076e,Rob Kauffman,Republican,89,lower,Rob,Kauffman,Male,rkauffma@pahousegop.com,,1974-08-27,,https://www.palegis.us/resources/images/members/300/1022.jpg,https://www.legis.state.pa.us/cfdocs/legis/home/member_information/House_bio.cfm?id=1022;https://www.legis.state.pa.us/cfdocs/legis/home/member_information/representatives_alpha.cfm;https://www.palegis.us/house/members/bio/1022/rep-kauffman;https://www.repkauffman.com/,https://ballotpedia.org/Rob_Kauffman;https://en.wikipedia.org/wiki/Rob_Kauffman_(politician);https://justfacts.votesmart.org/candidate/biography/46963/rob-kauffman;https://repkauffman.com/about;https://www.legis.state.pa.us/cfdocs/legis/home/member_information/House_bio.cfm?id=1022;https://www.legis.state.pa.us/cfdocs/legis/home/member_information/mbrList.cfm?body=H&sort=alpha;https://www.legis.state.pa.us/cfdocs/legis/home/member_information/representatives_alpha.cfm;https://www.linkedin.com/in/rob-kauffman-9034a789;https://www.palegis.us/house/members/bio/1022/rep-kauffman;https://www.repkauffman.com,,,,"Southampton Township Supervisor's Building 705 Municipal Drive, Shippensburg, PA 17257",717-532-1707,,,RepKauffman,,,
ocd-person/bd4c3d05-059a-4084-b8f8-e8598e4eb955,Bob Merski,Democratic,2,lower,Bob,Merski,Male,rmerski@pahouse.net,,1975-05-14,,https://www.palegis.us/resources/images/members/300/1822.jpg,https://www.legis.state.pa.us/cfdocs/legis/home/member_information/House_bio.cfm?id=1822;https://www.legis.state.pa.us/cfdocs/legis/home/member_information/representatives_alpha.cfm;https://www.pahouse.com/merski;https://www.palegis.us/house/members/bio/1822/rep-merski,https://ballotpedia.org/Robert_Merski;https://en.wikipedia.org/wiki/Robert_Merski;https://justfacts.votesmart.org/candidate/biography/161373/bob-merski;https://www.legis.state.pa.us/cfdocs/legis/home/member_information/House_bio.cfm?id=1822;https://www.legis.state.pa.us/cfdocs/legis/home/member_information/mbrList.cfm?body=H&sort=alpha;https://www.legis.state.pa.us/cfdocs/legis/home/member_information/representatives_alpha.cfm;https://www.linkedin.com/in/bobmerski;https://www.pahouse.com/merski;https://www.palegis.us/house/members/bio/1822/rep-merski;https://www.palegis.us/house/members/bio/1822/representative-robert-merski,,,,"3921 Buffalo Road, Erie, PA 16510",814-455-6319,,bobmerski,playlist?list=PLjtqNtfs0bgXx81_87Iuo4q8-yfllNpqL,,bobmerski,
ocd-person/a7b2e50f-90a6-4f35-b1fb-c33406dc4277,Rob Matzie,Democratic,16,lower,Rob,Matzie,Male,rmatzie@pahouse.net,,1968-09-22,,https://www.palegis.us/resources/images/members/300/1173.jpg,https://www.legis.state.pa.us/cfdocs/legis/home/member_information/House_bio.cfm?id=1173;https://www.legis.state.pa.us/cfdocs/legis/home/member_information/representatives_alpha.cfm;https://www.pahouse.com/Matzie;https://www.palegis.us/house/members/bio/1173/rep-matzie,https://ballotpedia.org/Robert_Matzie;https://en.wikipedia.org/wiki/Robert_Matzie;https://justfacts.votesmart.org/candidate/biography/102491/robert-matzie;https://www.legis.state.pa.us/cfdocs/legis/home/member_information/House_bio.cfm?id=1173;https://www.legis.state.pa.us/cfdocs/legis/home/member_information/mbrList.cfm?body=H&sort=alpha;https://www.legis.state.pa.us/cfdocs/legis/home/member_information/representatives_alpha.cfm;https://www.linkedin.com/in/rob-matzie-5b315aa5;https://www.pahouse.com/Matzie;https://www.palegis.us/house/members/bio/1173/rep-matzie,,,,"Center Township Office, Lucci Plaza 3589 Brodhead Road, Suite 5, Monaca, PA 15061",724-987-4341,,RobMatzie,playlist?list=PLFCB4F49FABFC43BF,,,
ocd-person/13bfe11c-06e2-4a1d-844d-d195ef18dc06,Bob Freeman,Democratic,136,lower,Bob,Freeman,Male,rfreeman@pahouse.net,,1956-03-09,,https://www.palegis.us/resources/images/members/300/136.jpg,https://www.legis.state.pa.us/cfdocs/legis/home/member_information/House_bio.cfm?id=136;https://www.legis.state.pa.us/cfdocs/legis/home/member_information/representatives_alpha.cfm;https://www.pahouse.com/freeman;https://www.palegis.us/house/members/bio/136/rep-freeman,https://ballotpedia.org/Robert_Freeman_(Pennsylvania);https://en.wikipedia.org/wiki/Robert_L._Freeman;https://justfacts.votesmart.org/candidate/biography/24002/robert-freeman;https://www.legis.state.pa.us/cfdocs/legis/home/member_information/House_bio.cfm?id=136;https://www.legis.state.pa.us/cfdocs/legis/home/member_information/mbrList.cfm?body=H&sort=alpha;https://www.legis.state.pa.us/cfdocs/legis/home/member_information/representatives_alpha.cfm;https://www.pahouse.com/freeman;https://www.palegis.us/house/members/bio/136/rep-freeman;https://www.palegis.us/house/members/bio/136/rep-robert-freeman,,,,"215 Northampton St., Easton, PA 18042",610-253-5543,,,playlist?list=PLD91FC5F7839C0E52,,,
ocd-person/1d775faf-9231-420a-b62e-979bb6a1fc78,Robert Leadbeter,Republican,109,lower,Robert,Leadbeter,Male,rleadbeter@pahousegop.com,,,,https://www.palegis.us/resources/images/members/300/1962.jpg,https://www.legis.state.pa.us/cfdocs/legis/home/member_information/House_bio.cfm?id=1962;https://www.palegis.us/house/members/bio/1962/rep-leadbeter;https://www.repleadbeter.com/,https://ballotpedia.org/Robert_Leadbeter;https://en.wikipedia.org/wiki/Robert_Leadbeter;https://www.leadbeter.com/#About;https://www.legis.state.pa.us/cfdocs/legis/home/member_information/House_bio.cfm?id=1962;https://www.legis.state.pa.us/cfdocs/legis/home/member_information/mbrList.cfm?body=H&sort=alpha;https://www.linkedin.com/in/robert-leadbeter-mba-20b220b8;https://www.palegis.us/house/members/bio/1962/rep-leadbeter;https://www.repleadbeter.com,,,,"555 River Hill Drive, Catawissa, PA 17820",570-387-0246,,,,,RepLeadbeter,
ocd-person/69faf85a-c63c-4d75-9801-047fffddf228,Roman Kozak,Republican,14,lower,Roman,Kozak,Male,rkozak@pahousegop.com,,,,https://www.beavercountygop.com/wp-content/uploads/RK.jpg,https://www.palegis.us/house/members/bio/2022/rep-kozak,https://ballotpedia.org/Roman_Kozak;https://justfacts.votesmart.org/candidate/214791/roman-kozak;https://www.linkedin.com/in/roman-kozak-jr;https://www.palegis.us/house/members/bio/2022/rep-kozak,,,,"Economy Borough Building 2856 Conway Wallrose Road, Baden, PA 15005",,,,,,,
ocd-person/3e2840e6-f904-43be-911e-235b906458a5,Rosemary Brown,Republican,40,upper,Rosemary,Brown,Female,rbrown@pasen.gov,,1970-11-20,,https://www.palegis.us/resources/images/members/300/1200.jpg,https://senatorbrown40.com/;https://www.legis.state.pa.us/cfdocs/legis/home/member_information/House_bio.cfm?id=1200;https://www.legis.state.pa.us/cfdocs/legis/home/member_information/representatives_alpha.cfm;https://www.legis.state.pa.us/cfdocs/legis/home/member_information/Senate_bio.cfm?id=1200;https://www.legis.state.pa.us/cfdocs/legis/home/member_information/senate_bio.cfm?id=1200;https://www.palegis.us/senate/members/bio/1200/sen-brown,https://ballotpedia.org/Rosemary_Brown;https://en.wikipedia.org/wiki/Rosemary_Brown_(American_politician);https://justfacts.votesmart.org/candidate/119664/rosemary-brown;https://justfacts.votesmart.org/candidate/biography/119664/rosemary-brown;https://senatorbrown40.com;https://www.legis.state.pa.us/cfdocs/legis/home/member_information/House_bio.cfm?id=1200;https://www.legis.state.pa.us/cfdocs/legis/home/member_information/mbrList.cfm?body=H&sort=alpha;https://www.legis.state.pa.us/cfdocs/legis/home/member_information/mbrList.cfm?body=S&sort=alpha;https://www.legis.state.pa.us/cfdocs/legis/home/member_information/representatives_alpha.cfm;https://www.legis.state.pa.us/cfdocs/legis/home/member_information/senate_bio.cfm?id=1200;https://www.legis.state.pa.us/cfdocs/legis/home/member_information/Senate_bio.cfm?id=1200;https://www.linkedin.com/in/rosemary-m-brown-5b142221;https://www.palegis.us/senate/members/bio/1200/sen-brown,,,,"487 Cortez Road, Jefferson Township, PA 18436",570-213-5705,,SenatorRBrown,RepBrown,,SenatorRosemaryBrown,
ocd-person/5348e28d-bbbe-493f-8f77-a509cb315abe,Russ Diamond,Republican,102,lower,Russ,Diamond,Male,rdiamond@pahousegop.com,,1963-07-26,,https://www.palegis.us/resources/images/members/300/1686.jpg,https://www.legis.state.pa.us/cfdocs/legis/home/member_information/House_bio.cfm?id=1686;https://www.legis.state.pa.us/cfdocs/legis/home/member_information/representatives_alpha.cfm;https://www.palegis.us/house/members/bio/1686/rep-diamond;https://www.repdiamond.com/,https://ballotpedia.org/Russell_Diamond;https://en.wikipedia.org/wiki/Russ_Diamond;https://justfacts.votesmart.org/candidate/biography/47021/russ-diamond;https://www.legis.state.pa.us/cfdocs/legis/home/member_information/House_bio.cfm?id=1686;https://www.legis.state.pa.us/cfdocs/legis/home/member_information/mbrList.cfm?body=H&sort=alpha;https://www.legis.state.pa.us/cfdocs/legis/home/member_information/representatives_alpha.cfm;https://www.linkedin.com/in/russ-diamond-5980754b;https://www.palegis.us/house/members/bio/1686/rep-diamond;https://www.repdiamond.com,,,,"175 S. Lancaster St., Jonestown, PA 17038",717-277-2101,,,RepRussDiamond,,repdiamond,
ocd-person/32370423-acb8-4a8e-8336-67af5ed32bb9,Ryan Bizzarro,Democratic,3,lower,Ryan,Bizzarro,Male,repbizzarro@pahouse.net,,1985-11-13,,https://www.palegis.us/resources/images/members/300/1619.jpg,https://www.legis.state.pa.us/cfdocs/legis/home/member_information/House_bio.cfm?id=1619;https://www.legis.state.pa.us/cfdocs/legis/home/member_information/representatives_alpha.cfm;https://www.pahouse.com/Bizzarro/;https://www.palegis.us/house/members/bio/1619/rep-bizzarro,https://ballotpedia.org/Ryan_Bizzarro;https://en.wikipedia.org/wiki/Ryan_Bizzarro;https://justfacts.votesmart.org/candidate/biography/136261/ryan-bizzarro;https://www.legis.state.pa.us/cfdocs/legis/home/member_information/House_bio.cfm?id=1619;https://www.legis.state.pa.us/cfdocs/legis/home/member_information/mbrList.cfm?body=H&sort=alpha;https://www.legis.state.pa.us/cfdocs/legis/home/member_information/representatives_alpha.cfm;https://www.linkedin.com/in/ryanbizzarro;https://www.pahouse.com/Bizzarro;https://www.palegis.us/house/members/bio/1619/rep-bizzarro;https://www.palegis.us/house/members/bio/1619/representative-ryan-bizzarro,,,,"Peninsula Plaza 1101 Peninsula Drive, Suite 213, Erie, PA 16505",814-835-2880,,ryanbizzarro,playlist?list=PLjtqNtfs0bgX6evDUdDxKRGj6SSt-zw4e,,RepRyanBizzarro,
ocd-person/0d747b7a-0a5a-42cf-8bb6-1eb0fa69090f,Ryan Warner,Republican,52,lower,Ryan,Warner,Male,rwarner@pahousegop.com,,,,https://www.palegis.us/resources/images/members/300/1708.jpg,https://www.legis.state.pa.us/cfdocs/legis/home/member_information/House_bio.cfm?id=1708;https://www.legis.state.pa.us/cfdocs/legis/home/member_information/representatives_alpha.cfm;https://www.palegis.us/house/members/bio/1708/rep-warner;https://www.repwarner.com/,https://ballotpedia.org/Ryan_Warner;https://en.wikipedia.org/wiki/Ryan_Warner;https://justfacts.votesmart.org/candidate/biography/150889/ryan-warner;https://www.legis.state.pa.us/cfdocs/legis/home/member_information/House_bio.cfm?id=1708;https://www.legis.state.pa.us/cfdocs/legis/home/member_information/mbrList.cfm?body=H&sort=alpha;https://www.legis.state.pa.us/cfdocs/legis/home/member_information/representatives_alpha.cfm;https://www.linkedin.com/in/ryan-warner-20519140;https://www.palegis.us/house/members/bio/1708/rep-warner;https://www.repwarner.com,,,,"Perryopolis Borough Building 312 E. Independence St., Perryopolis, PA 15473",724-736-2290,,,RepWarner,,RepWarner,
ocd-person/983dc33a-559e-4f01-9c60-08fed48a1415,Scott Barger,Republican,80,lower,Scott,Barger,Male,sbarger@pahousegop.com,,,,https://ogden_images.s3.amazonaws.com/www.altoonamirror.com/images/2023/02/06211342/Scott-barger-561x840.jpg,https://repbarger.com/;https://www.palegis.us/house/members/bio/2027/rep-barger,https://ballotpedia.org/Scott_Barger_(Pennsylvania);https://en.wikipedia.org/wiki/Scott_Barger;https://justfacts.votesmart.org/candidate/214872/scott-barger;https://repbarger.com;https://www.linkedin.com/in/scottdbarger;https://www.palegis.us/house/members/bio/2027/rep-barger,,,,"Scottdale Borough Building 135 Stadium Drive, Suite 1, Bellwood, PA 16617",814-742-7204,814-742-7207,,,,,
ocd-person/97b012cd-5cd7-4039-a9ae-fed936aabe37,Scott Conklin,Democratic,77,lower,Scott,Conklin,Male,sconklin@pahouse.net,,1958-10-07,,https://www.palegis.us/resources/images/members/300/1096.jpg,https://www.legis.state.pa.us/cfdocs/legis/home/member_information/House_bio.cfm?id=1096;https://www.legis.state.pa.us/cfdocs/legis/home/member_information/representatives_alpha.cfm;https://www.pahouse.com/Conklin;https://www.palegis.us/house/members/bio/1096/rep-conklin,https://ballotpedia.org/H._Scott_Conklin;https://en.wikipedia.org/wiki/H._Scott_Conklin;https://justfacts.votesmart.org/candidate/biography/9854/scott-conklin;https://www.legis.state.pa.us/cfdocs/legis/home/member_information/House_bio.cfm?id=1096;https://www.legis.state.pa.us/cfdocs/legis/home/member_information/mbrList.cfm?body=H&sort=alpha;https://www.legis.state.pa.us/cfdocs/legis/home/member_information/representatives_alpha.cfm;https://www.pahouse.com/Conklin;https://www.palegis.us/house/members/bio/1096/rep-conklin,,,,"301 S. Allen St., State College, PA 16801",814-238-5477,,scottconklin,playlist?list=PL1B2B3247C8F6FE1E,,,
ocd-person/5d3e2203-b11c-4471-8f35-5106c30263ec,Scott Hutchinson,Republican,21,upper,Scott,Hutchinson,Male,shutchinson@pasen.gov,,1961-08-19,,https://www.palegis.us/resources/images/members/300/1629.jpg,https://www.legis.state.pa.us/cfdocs/legis/home/member_information/Senate_bio.cfm?id=1629;https://www.legis.state.pa.us/cfdocs/legis/home/member_information/senators_alpha.cfm;https://www.palegis.us/senate/members/bio/1629/sen-hutchinson;https://www.senatorscotthutchinson.com/,https://ballotpedia.org/Scott_Hutchinson;https://en.wikipedia.org/wiki/Scott_Hutchinson;https://justfacts.votesmart.org/candidate/biography/9157/scott-hutchinson;https://www.legis.state.pa.us/cfdocs/legis/home/member_information/mbrList.cfm?body=S&sort=alpha;https://www.legis.state.pa.us/cfdocs/legis/home/member_information/Senate_bio.cfm?id=1629;https://www.legis.state.pa.us/cfdocs/legis/home/member_information/senators_alpha.cfm;https://www.palegis.us/senate/members/bio/1629/sen-hutchinson;https://www.senatorscotthutchinson.com;https://www.senatorscotthutchinson.com/biography,,,,"229 Elm St., Oil City, PA 16301",814-677-6345,,SenHutchinson,,,SenatorScottEHutchinson,
ocd-person/c2fcd2dc-22f8-4ec2-b70a-439bc6d60802,Scott Martin,Republican,13,upper,Scott,Martin,Male,smartin@pasen.gov,,,,https://www.palegis.us/resources/images/members/300/1763.jpg,https://senatorscottmartinpa.com/;https://www.legis.state.pa.us/cfdocs/legis/home/member_information/Senate_bio.cfm?id=1763;https://www.legis.state.pa.us/cfdocs/legis/home/member_information/senators_alpha.cfm;https://www.palegis.us/senate/members/bio/1763/sen-martin,https://ballotpedia.org/Scott_Martin_(Pennsylvania);https://en.wikipedia.org/wiki/Scott_Martin_(Pennsylvania_politician);https://justfacts.votesmart.org/candidate/biography/107945/scott-martin;https://senatorscottmartinpa.com;https://senatorscottmartinpa.com/biography;https://www.legis.state.pa.us/cfdocs/legis/home/member_information/mbrList.cfm?body=S&sort=alpha;https://www.legis.state.pa.us/cfdocs/legis/home/member_information/Senate_bio.cfm?id=1763;https://www.legis.state.pa.us/cfdocs/legis/home/member_information/senators_alpha.cfm;https://www.linkedin.com/in/scott-martin-a1b2755;https://www.palegis.us/senate/members/bio/1763/sen-martin,,,,"135 E. Main St. Suite 1-A, Strasburg, PA 17579",717-397-1309,,ScottFMartin,,,SenatorScottMartinPA,
ocd-person/d8624d56-a38e-4918-98ac-d7795569ad06,Sean Dougherty,Democratic,172,lower,Sean,Dougherty,Male,repdougherty@pahouse.net,,,,https://encrypted-tbn0.gstatic.com/images?q=tbn:ANd9GcRDqcsfeSV2Emc5tJreNLOLeI1PEIX1XE82Hw&s,https://www.pahouse.com/dougherty/;https://www.palegis.us/house/members/bio/2035/rep-dougherty,https://ballotpedia.org/Sean_Dougherty_(Pennsylvania);https://en.wikipedia.org/wiki/Sean_Dougherty_(politician);https://justfacts.votesmart.org/candidate/214941/sean-dougherty;https://www.linkedin.com/in/sean-dougherty-0b5875121;https://www.pahouse.com/dougherty;https://www.palegis.us/house/members/bio/2035/rep-dougherty,,,,"7801-A Hasbrook Ave., Philadelphia, PA 19111",215-331-2600,,,,,,
ocd-person/b0d20b05-428a-4e3a-bda1-bbba5c3cfd6a,Sharif Street,Democratic,3,upper,Sharif,Street,Male,street@pasenate.com,,1974-03-29,,https://www.palegis.us/resources/images/members/300/1767.jpg,https://www.legis.state.pa.us/cfdocs/legis/home/member_information/Senate_bio.cfm?id=1767;https://www.legis.state.pa.us/cfdocs/legis/home/member_information/senators_alpha.cfm;https://www.palegis.us/senate/members/bio/1767/sen-street;https://www.senatorsharifstreet.com/,https://ballotpedia.org/Sharif_Street;https://en.wikipedia.org/wiki/Sharif_Street;https://justfacts.votesmart.org/candidate/biography/46939/sharif-street;https://senatorsharifstreet.com/about;https://www.legis.state.pa.us/cfdocs/legis/home/member_information/mbrList.cfm?body=S&sort=alpha;https://www.legis.state.pa.us/cfdocs/legis/home/member_information/Senate_bio.cfm?id=1767;https://www.legis.state.pa.us/cfdocs/legis/home/member_information/senators_alpha.cfm;https://www.linkedin.com/in/sharif-street-a4016733;https://www.palegis.us/senate/members/bio/1767/sen-street;https://www.senatorsharifstreet.com,,,,"4458 A Germantown Ave., Philadelphia, PA 19140",215-457-5200,,SenSharifStreet,,SenSharifstreet,SenSharifStreet,
ocd-person/7c0b9792-8ece-4ae8-b0f3-f5d4b79ff9f1,Shelby Labs,Republican,143,lower,Shelby,Labs,Female,slabs@pahousegop.com,,,,https://www.palegis.us/resources/images/members/300/1911.jpg,https://www.legis.state.pa.us/cfdocs/legis/home/member_information/House_bio.cfm?id=1911;https://www.legis.state.pa.us/cfdocs/legis/home/member_information/representatives_alpha.cfm;https://www.palegis.us/house/members/bio/1911/rep-labs;https://www.repshelbylabs.net/,https://ballotpedia.org/Shelby_Labs;https://en.wikipedia.org/wiki/Shelby_Labs;https://www.legis.state.pa.us/cfdocs/legis/home/member_information/House_bio.cfm?id=1911;https://www.legis.state.pa.us/cfdocs/legis/home/member_information/mbrList.cfm?body=H&sort=alpha;https://www.legis.state.pa.us/cfdocs/legis/home/member_information/representatives_alpha.cfm;https://www.palegis.us/house/members/bio/1911/rep-labs;https://www.repshelbylabs.net,,,,"1032 N. Easton Road Suite C, Doylestown, PA 18902",215-489-2126,,,,,PA-State-Rep-Shelby-Labs-103315218289766,
ocd-person/9e4954ab-971c-4620-9f9d-ebb68311e3f1,Sheryl Delozier,Republican,88,lower,Sheryl,Delozier,Female,sdelozie@pahousegop.com,,,,https://www.palegis.us/resources/images/members/300/1167.jpg,https://www.legis.state.pa.us/cfdocs/legis/home/member_information/House_bio.cfm?id=1167;https://www.legis.state.pa.us/cfdocs/legis/home/member_information/representatives_alpha.cfm;https://www.palegis.us/house/members/bio/1167/rep-delozier;https://www.repdelozier.com/,https://ballotpedia.org/Sheryl_Delozier;https://en.wikipedia.org/wiki/Sheryl_M._Delozier;https://justfacts.votesmart.org/candidate/biography/102563/sheryl-delozier;https://www.legis.state.pa.us/cfdocs/legis/home/member_information/House_bio.cfm?id=1167;https://www.legis.state.pa.us/cfdocs/legis/home/member_information/mbrList.cfm?body=H&sort=alpha;https://www.legis.state.pa.us/cfdocs/legis/home/member_information/representatives_alpha.cfm;https://www.linkedin.com/in/sheryl-delozier-913534b;https://www.palegis.us/house/members/bio/1167/rep-delozier;https://www.repdelozier.com;https://www.repdelozier.com/about,,,,"2929 Gettysburg Road Suite 6, Camp Hill, PA 17011",717-761-4665,,,RepDelozier,,RepDelozier,
ocd-person/bccfe530-42ce-47b0-aadf-ae863b37cf9a,Stephanie Borowicz,Republican,76,lower,Stephanie,Borowicz,Female,sborowicz@pahousegop.com,,1977-03-23,,https://www.palegis.us/resources/images/members/300/1838.jpg,https://www.legis.state.pa.us/cfdocs/legis/home/member_information/House_bio.cfm?id=1838;https://www.legis.state.pa.us/cfdocs/legis/home/member_information/representatives_alpha.cfm;https://www.palegis.us/house/members/bio/1838/rep-borowicz;https://www.repstephanie.com/,https://ballotpedia.org/Stephanie_Borowicz;https://en.wikipedia.org/wiki/Stephanie_Borowicz;https://justfacts.votesmart.org/candidate/biography/167789/stephanie-borowicz;https://repstephanie.com/about;https://www.legis.state.pa.us/cfdocs/legis/home/member_information/House_bio.cfm?id=1838;https://www.legis.state.pa.us/cfdocs/legis/home/member_information/mbrList.cfm?body=H&sort=alpha;https://www.legis.state.pa.us/cfdocs/legis/home/member_information/representatives_alpha.cfm;https://www.linkedin.com/in/stephanie-borowicz-0b73863b;https://www.palegis.us/house/members/bio/1838/rep-borowicz;https://www.repstephanie.com,,,,"343 Chestnut St., Mifflinburg, PA 17844",570-966-0052,,,UCKuzlJcguG6meP1XsYWd8qg,,RepBorowicz,
ocd-person/34472dfb-dae9-4db4-8901-088457d74904,Steve Samuelson,Democratic,135,lower,Steve,Samuelson,Male,ssamuels@pahouse.net,,1960-09-21,,https://www.palegis.us/resources/images/members/300/80.jpg,https://www.legis.state.pa.us/cfdocs/legis/home/member_information/House_bio.cfm?id=80;https://www.legis.state.pa.us/cfdocs/legis/home/member_information/representatives_alpha.cfm;https://www.pahouse.com/samuelson;https://www.palegis.us/house/members/bio/80/rep-samuelson,https://ballotpedia.org/Steve_Samuelson_(Pennsylvania);https://en.wikipedia.org/wiki/Steve_Samuelson;https://justfacts.votesmart.org/candidate/biography/23893/steve-samuelson;https://www.legis.state.pa.us/cfdocs/legis/home/member_information/House_bio.cfm?id=80;https://www.legis.state.pa.us/cfdocs/legis/home/member_information/mbrList.cfm?body=H&sort=alpha;https://www.legis.state.pa.us/cfdocs/legis/home/member_information/representatives_alpha.cfm;https://www.pahouse.com/samuelson;https://www.palegis.us/house/members/bio/80/rep-samuelson,,,,"104 E. Broad St., Bethlehem, PA 18018",610-867-3890,,,playlist?list=PL3833B2698B7840D7,,,
ocd-person/4463dd94-6a9d-41bd-830f-0d03e192f896,Steve Mentzer,Republican,97,lower,Steve,Mentzer,Male,smentzer@pahousegop.com,,1956-10-24,,https://www.palegis.us/resources/images/members/300/1642.jpg,https://www.legis.state.pa.us/cfdocs/legis/home/member_information/House_bio.cfm?id=1642;https://www.legis.state.pa.us/cfdocs/legis/home/member_information/representatives_alpha.cfm;https://www.palegis.us/house/members/bio/1642/rep-mentzer;https://www.repmentzer.com/,https://ballotpedia.org/Steven_Mentzer;https://en.wikipedia.org/wiki/Steven_Mentzer;https://justfacts.votesmart.org/candidate/biography/143449/steve-mentzer;https://www.legis.state.pa.us/cfdocs/legis/home/member_information/House_bio.cfm?id=1642;https://www.legis.state.pa.us/cfdocs/legis/home/member_information/mbrList.cfm?body=H&sort=alpha;https://www.legis.state.pa.us/cfdocs/legis/home/member_information/representatives_alpha.cfm;https://www.linkedin.com/in/steven-mentzer-31213136;https://www.palegis.us/house/members/bio/1642/rep-mentzer;https://www.repmentzer.com,,,,"West Lampeter Township Building 852 Village Road, Lancaster, PA 17602",717-464-5285,,,RepMentzer,,RepMentzer,
ocd-person/91f290d0-3405-4091-bb16-822a97f45af5,Steve Santarsiero,Democratic,10,upper,Steve,Santarsiero,Male,senatorsantarsiero@pasenate.com,,1965-02-13,,https://www.palegis.us/resources/images/members/300/1179.jpg,https://www.legis.state.pa.us/cfdocs/legis/home/member_information/Senate_bio.cfm?id=1179;https://www.legis.state.pa.us/cfdocs/legis/home/member_information/senators_alpha.cfm;https://www.palegis.us/senate/members/bio/1179/sen-santarsiero;https://www.senatorstevesantarsiero.com/,https://ballotpedia.org/Steve_Santarsiero;https://en.wikipedia.org/wiki/Steve_Santarsiero;https://justfacts.votesmart.org/candidate/biography/77468/steve-santarsiero;https://www.legis.state.pa.us/cfdocs/legis/home/member_information/mbrList.cfm?body=S&sort=alpha;https://www.legis.state.pa.us/cfdocs/legis/home/member_information/Senate_bio.cfm?id=1179;https://www.legis.state.pa.us/cfdocs/legis/home/member_information/senators_alpha.cfm;https://www.linkedin.com/in/steve-santarsiero-5456a310;https://www.palegis.us/senate/members/bio/1179/sen-santarsiero;https://www.senatorstevesantarsiero.com;https://www.senatorstevesantarsiero.com/about,,,,"Doylestown Borough Hall 10 Doyle St., Doylestown, PA 18901",215-489-5000,,SenSantarsiero,,,SenSantarsiero,
ocd-person/fa1e1564-0a13-4b26-8416-098b39627df7,Steve Malagari,Democratic,53,lower,Steve,Malagari,Male,repmalagari@pahouse.net,,1983-10-17,,https://www.palegis.us/resources/images/members/300/1832.jpg,https://www.legis.state.pa.us/cfdocs/legis/home/member_information/House_bio.cfm?id=1832;https://www.legis.state.pa.us/cfdocs/legis/home/member_information/representatives_alpha.cfm;https://www.pahouse.com/malagari;https://www.palegis.us/house/members/bio/1832/rep-malagari,https://ballotpedia.org/Steven_Malagari;https://en.wikipedia.org/wiki/Steve_Malagari;https://justfacts.votesmart.org/candidate/179262/steven-malagari;https://www.legis.state.pa.us/cfdocs/legis/home/member_information/House_bio.cfm?id=1832;https://www.legis.state.pa.us/cfdocs/legis/home/member_information/mbrList.cfm?body=H&sort=alpha;https://www.legis.state.pa.us/cfdocs/legis/home/member_information/representatives_alpha.cfm;https://www.linkedin.com/in/stevenmalagari;https://www.pahouse.com/malagari;https://www.pahouse.com/Malagari/About/Biography;https://www.palegis.us/house/members/bio/1832/rep-malagari,,,,"100 W. Main St. Suite 110, Lansdale, PA 19446",267-768-3671,,RepMalagari,playlist?list=PLjtqNtfs0bgVFSzCIMki7jJ9BI-D9gi8Y,,RepMalagari,
ocd-person/8caab7df-f601-45f0-9be5-35d94175e766,Tarah Probst,Democratic,189,lower,Tarah,Probst,Female,repprobst@pahouse.net,,,,https://www.palegis.us/resources/images/members/300/1982.jpg,https://www.legis.state.pa.us/cfdocs/legis/home/member_information/House_bio.cfm?id=1982;https://www.pahouse.com/Probst/;https://www.palegis.us/house/members/bio/1982/rep-probst,https://ballotpedia.org/Tarah_Probst;https://en.wikipedia.org/wiki/Tarah_Probst;https://justfacts.votesmart.org/candidate/biography/179199/tarah-probst;https://www.legis.state.pa.us/cfdocs/legis/home/member_information/House_bio.cfm?id=1982;https://www.legis.state.pa.us/cfdocs/legis/home/member_information/mbrList.cfm?body=H&sort=alpha;https://www.pahouse.com/Probst;https://www.palegis.us/house/members/bio/1982/rep-probst,,,,"193 Municipal Drive, Bushkill, PA 18324",,,RepProbst,,,RepProbst,
ocd-person/6fa30029-d933-4f6d-b0fb-343a0c82772c,Tarik Khan,Democratic,194,lower,Tarik,Khan,Male,reptarik@pahouse.net,,1978-10-14,,https://www.palegis.us/resources/images/members/300/1983.jpg,https://www.legis.state.pa.us/cfdocs/legis/home/member_information/House_bio.cfm?id=1983;https://www.pahouse.com/Tarik/;https://www.palegis.us/house/members/bio/1983/rep-khan,https://ballotpedia.org/Tarik_Khan;https://en.wikipedia.org/wiki/Tarik_Khan;https://en.wikipedia.org/wiki/Tarik_Khan_(Pennsylvania_politician);https://justfacts.votesmart.org/candidate/biography/204850/tarik-khan;https://www.legis.state.pa.us/cfdocs/legis/home/member_information/House_bio.cfm?id=1983;https://www.legis.state.pa.us/cfdocs/legis/home/member_information/mbrList.cfm?body=H&sort=alpha;https://www.linkedin.com/in/tariknp;https://www.pahouse.com/Tarik;https://www.pahouse.com/Tarik/About/Biography;https://www.palegis.us/house/members/bio/1983/rep-khan,,,,"4001 Main St. Suite 101, Philadelphia, PA 19127",215-482-8726,,RepTarik,,,RepTarik,
ocd-person/932682ef-c7da-4383-8c50-58879fba0ca6,Thomas Kutz,Republican,87,lower,Thomas,Kutz,Male,tkutz@pahousegop.com,,,,https://www.palegis.us/resources/images/members/300/1955.jpg,https://www.legis.state.pa.us/cfdocs/legis/home/member_information/House_bio.cfm?id=1955;https://www.palegis.us/house/members/bio/1955/rep-kutz;https://www.repkutz.com/,https://ballotpedia.org/Thomas_Kutz;https://en.wikipedia.org/wiki/Thomas_Kutz;https://justfacts.votesmart.org/candidate/biography/204718/thomas-kutz;https://salzmannhughes.com/our-people/thomas-h-kutz;https://www.legis.state.pa.us/cfdocs/legis/home/member_information/House_bio.cfm?id=1955;https://www.legis.state.pa.us/cfdocs/legis/home/member_information/mbrList.cfm?body=H&sort=alpha;https://www.linkedin.com/in/thomas-kutz;https://www.palegis.us/house/members/bio/1955/rep-kutz;https://www.repkutz.com;https://www.repkutz.com/about,,,,"South Middleton Township Building 520 Park Drive, Boiling Springs, PA 17007",717-258-0247,,,,,RepKutz,
ocd-person/bda0ab75-036f-49bd-9dd5-cfc9c55eec02,Tom Mehaffie,Republican,106,lower,Tom,Mehaffie,Male,tmehaffie@pahousegop.com,,1971-02-22,,https://www.palegis.us/resources/images/members/300/1751.jpg,https://www.legis.state.pa.us/cfdocs/legis/home/member_information/House_bio.cfm?id=1751;https://www.legis.state.pa.us/cfdocs/legis/home/member_information/representatives_alpha.cfm;https://www.palegis.us/house/members/bio/1751/rep-mehaffie;https://www.repmehaffie.com/,https://ballotpedia.org/Thomas_Mehaffie;https://en.wikipedia.org/wiki/Tom_Mehaffie;https://justfacts.votesmart.org/candidate/biography/167811/tom-mehaffie-iii;https://www.legis.state.pa.us/cfdocs/legis/home/member_information/House_bio.cfm?id=1751;https://www.legis.state.pa.us/cfdocs/legis/home/member_information/mbrList.cfm?body=H&sort=alpha;https://www.legis.state.pa.us/cfdocs/legis/home/member_information/representatives_alpha.cfm;https://www.linkedin.com/in/thomas-mehaffie-377a9345;https://www.palegis.us/house/members/bio/1751/rep-mehaffie;https://www.repmehaffie.com,,,,"1 E. Chocolate Ave. Suite 700, Hershey, PA 17033",717-534-1323,,,,,repmehaffie,
ocd-person/de68158e-3cc9-4651-b3a1-71f5e77b7dab,Tim Brennan,Democratic,29,lower,Tim,Brennan,Male,repbrennan@pahouse.net,,,,https://www.palegis.us/resources/images/members/300/1943.jpg,https://www.legis.state.pa.us/cfdocs/legis/home/member_information/House_bio.cfm?id=1943;https://www.pahouse.com/brennan/;https://www.palegis.us/house/members/bio/1943/rep-brennan,https://ballotpedia.org/Tim_Brennan;https://en.wikipedia.org/wiki/Tim_Brennan_(politician);https://www.legis.state.pa.us/cfdocs/legis/home/member_information/House_bio.cfm?id=1943;https://www.legis.state.pa.us/cfdocs/legis/home/member_information/mbrList.cfm?body=H&sort=alpha;https://www.linkedin.com/in/timothy-brennan-8bb6026;https://www.pahouse.com/brennan;https://www.palegis.us/house/members/bio/1943/rep-brennan,,,,"80 N. Main St. Suite 1A, Doylestown, PA 18901",267-884-0395,,RepTimBrennan,,,RepTimBrennan,
ocd-person/5c752a95-ba5d-4f1f-81aa-6cb1c7875581,Tim Briggs,Democratic,149,lower,Tim,Briggs,Male,repbriggs@pahouse.net,,1970-01-03,,https://www.palegis.us/resources/images/members/300/1159.jpg,https://www.legis.state.pa.us/cfdocs/legis/home/member_information/House_bio.cfm?id=1159;https://www.legis.state.pa.us/cfdocs/legis/home/member_information/representatives_alpha.cfm;https://www.pahouse.com/Briggs;https://www.palegis.us/house/members/bio/1159/rep-briggs,https://ballotpedia.org/Tim_Briggs;https://en.wikipedia.org/wiki/Tim_Briggs;https://en.wikipedia.org/wiki/Tim_Briggs_(politician);https://www.legis.state.pa.us/cfdocs/legis/home/member_information/House_bio.cfm?id=1159;https://www.legis.state.pa.us/cfdocs/legis/home/member_information/mbrList.cfm?body=H&sort=alpha;https://www.legis.state.pa.us/cfdocs/legis/home/member_information/representatives_alpha.cfm;https://www.linkedin.com/in/tim-briggs-383a156b;https://www.pahouse.com/Briggs;https://www.palegis.us/house/members/bio/1159/rep-briggs,,,,"554 Shoemaker Road Suite 149, King of Prussia, PA 19406",610-768-3135,,RepBriggs,playlist?list=PL4F4B6A26E4DBF5A8,,Rep-Tim-Briggs,
ocd-person/686cdc9c-8133-4c1b-a7f0-34b420884559,Tim Twardzik,Republican,123,lower,Tim,Twardzik,Male,ttwardzik@pahousegop.com,,,,https://www.palegis.us/resources/images/members/300/1906.jpg,https://www.legis.state.pa.us/cfdocs/legis/home/member_information/House_bio.cfm?id=1906;https://www.legis.state.pa.us/cfdocs/legis/home/member_information/representatives_alpha.cfm;https://www.palegis.us/house/members/bio/1906/rep-twardzik;https://www.reptimtwardzik.com/,https://ballotpedia.org/Tim_Twardzik;https://en.wikipedia.org/wiki/Timothy_Twardzik;https://justfacts.votesmart.org/candidate/biography/190067/timothy-twardzik;https://www.legis.state.pa.us/cfdocs/legis/home/member_information/House_bio.cfm?id=1906;https://www.legis.state.pa.us/cfdocs/legis/home/member_information/mbrList.cfm?body=H&sort=alpha;https://www.legis.state.pa.us/cfdocs/legis/home/member_information/representatives_alpha.cfm;https://www.linkedin.com/in/timothy-twardzik-646022a3;https://www.palegis.us/house/members/bio/1906/rep-twardzik;https://www.reptimtwardzik.com;https://www.reptimtwardzik.com/about,,,,"St. Clair Borough Hall 16 S. Third St., St. Clair, PA 17970",,,,,,PA-State-Rep-Tim-Twardzik-102703721686271,
ocd-person/2c5551d6-71a8-4099-b1a4-a30721320869,Tim O'Neal,Republican,48,lower,Tim,O'Neal,Male,toneal@pahousegop.com,,1980-11-28,,https://www.palegis.us/resources/images/members/300/1797.jpg,https://www.legis.state.pa.us/cfdocs/legis/home/member_information/House_bio.cfm?id=1797;https://www.legis.state.pa.us/cfdocs/legis/home/member_information/representatives_alpha.cfm;https://www.palegis.us/house/members/bio/1797/rep-o'neal;https://www.reponeal.com/,https://ballotpedia.org/Timothy_O%27Neal;https://en.wikipedia.org/wiki/Tim_O%27Neal_(politician);https://www.legis.state.pa.us/cfdocs/legis/home/member_information/House_bio.cfm?id=1797;https://www.legis.state.pa.us/cfdocs/legis/home/member_information/mbrList.cfm?body=H&sort=alpha;https://www.legis.state.pa.us/cfdocs/legis/home/member_information/representatives_alpha.cfm;https://www.linkedin.com/in/timothy-o-neal-6960406;https://www.palegis.us/house/members/bio/1797/rep-o'neal;https://www.reponeal.com,,,,"190 N. Main St. Suite 308, Washington, PA 15301",724-223-4541,,,,,RepTimONeal,
ocd-person/f9f2479f-0c37-47d1-a4eb-666146e2856f,Tim Kearney,Democratic,26,upper,Tim,Kearney,Male,senatorkearney@pasenate.com,,1960-11-22,,https://www.palegis.us/resources/images/members/300/1800.jpg,https://www.legis.state.pa.us/cfdocs/legis/home/member_information/Senate_bio.cfm?id=1800;https://www.legis.state.pa.us/cfdocs/legis/home/member_information/senators_alpha.cfm;https://www.palegis.us/senate/members/bio/1800/sen-kearney;https://www.senatorkearney.com/,https://ballotpedia.org/Timothy_Kearney;https://en.wikipedia.org/wiki/Tim_Kearney_(politician);https://justfacts.votesmart.org/candidate/biography/179187/timothy-kearney;https://www.legis.state.pa.us/cfdocs/legis/home/member_information/mbrList.cfm?body=S&sort=alpha;https://www.legis.state.pa.us/cfdocs/legis/home/member_information/Senate_bio.cfm?id=1800;https://www.legis.state.pa.us/cfdocs/legis/home/member_information/senators_alpha.cfm;https://www.linkedin.com/in/tim-kearney-6b488b3;https://www.palegis.us/senate/members/bio/1800/sen-kearney;https://www.palegis.us/senate/members/bio/1800/sen-timothy-kearney;https://www.senatorkearney.com;https://www.senatorkearney.com/about,,,,"51 Long Lane, Upper Darby, PA 19082",610-352-3409,,SenTimKearney,,sentimkearney,SenTimKearney,
ocd-person/105c6361-0cb6-46f4-9222-ff0ffb727d29,Tim Bonner,Republican,17,lower,Tim,Bonner,Male,tbonner@pahousegop.com,,1950-06-07,,https://www.palegis.us/resources/images/members/300/1877.jpg,https://www.legis.state.pa.us/cfdocs/legis/home/member_information/House_bio.cfm?id=1877;https://www.legis.state.pa.us/cfdocs/legis/home/member_information/representatives_alpha.cfm;https://www.palegis.us/house/members/bio/1877/rep-bonner;https://www.repbonner.com/,https://ballotpedia.org/Tim_Bonner;https://en.wikipedia.org/wiki/Timothy_R._Bonner;https://www.legis.state.pa.us/cfdocs/legis/home/member_information/House_bio.cfm?id=1877;https://www.legis.state.pa.us/cfdocs/legis/home/member_information/mbrList.cfm?body=H&sort=alpha;https://www.legis.state.pa.us/cfdocs/legis/home/member_information/representatives_alpha.cfm;https://www.palegis.us/house/members/bio/1877/rep-bonner;https://www.repbonner.com,,,,"234 W. Pine St. Unit 1, Grove City, PA 16127",724-458-4911,,,,,RepBonner,
ocd-person/f9a1f1ab-9538-424c-87f1-65e2a4f4bfc7,Tina Davis,Democratic,141,lower,Tina,Davis,Female,repdavis@pahouse.net,,1960-04-21,,https://www.palegis.us/resources/images/members/300/1204.jpg,https://www.legis.state.pa.us/cfdocs/legis/home/member_information/House_bio.cfm?id=1204;https://www.legis.state.pa.us/cfdocs/legis/home/member_information/representatives_alpha.cfm;https://www.pahouse.com/davis;https://www.palegis.us/house/members/bio/1204/rep-t-davis,https://ballotpedia.org/Tina_Davis;https://ballotpedia.org/Tina_Davis_(Pennsylvania);https://en.wikipedia.org/wiki/Tina_Davis;https://justfacts.votesmart.org/candidate/biography/78414/tina-davis;https://www.legis.state.pa.us/cfdocs/legis/home/member_information/House_bio.cfm?id=1204;https://www.legis.state.pa.us/cfdocs/legis/home/member_information/mbrList.cfm?body=H&sort=alpha;https://www.legis.state.pa.us/cfdocs/legis/home/member_information/representatives_alpha.cfm;https://www.linkedin.com/in/tina-davis-46a7291b;https://www.linkedin.com/in/tina-davis-702996161;https://www.pahouse.com/davis;https://www.pahouse.com/Davis/About/Biography;https://www.palegis.us/house/members/bio/1204/rep-t-davis,,,,"3611 Green Lane, Levittown, PA 19057",267-580-2660,,RepTinaDavis,playlist?list=PL6C0B99856DF38563,,RepTinaDavis,
ocd-person/8e174923-d514-4240-b6cd-cbb7927410ba,Tina Pickett,Republican,110,lower,Tina,Pickett,Female,tpickett@pahousegop.com,,1943-05-28,,https://www.palegis.us/resources/images/members/300/97.jpg,https://www.legis.state.pa.us/cfdocs/legis/home/member_information/House_bio.cfm?id=97;https://www.legis.state.pa.us/cfdocs/legis/home/member_information/representatives_alpha.cfm;https://www.palegis.us/house/members/bio/97/rep-pickett;https://www.reppickett.com/,https://ballotpedia.org/Tina_Pickett;https://en.wikipedia.org/wiki/Tina_Pickett;https://justfacts.votesmart.org/candidate/biography/46920/tina-pickett;https://www.legis.state.pa.us/cfdocs/legis/home/member_information/House_bio.cfm?id=97;https://www.legis.state.pa.us/cfdocs/legis/home/member_information/mbrList.cfm?body=H&sort=alpha;https://www.legis.state.pa.us/cfdocs/legis/home/member_information/representatives_alpha.cfm;https://www.palegis.us/house/members/bio/97/rep-pickett;https://www.reppickett.com;https://www.reppickett.com/about,,,,"320 Main St., Towanda, PA 18848",570-265-3124,,,RepPickett,,RepPickett,
ocd-person/7f6b3c0e-4446-4243-ae49-d2d33ab30273,Tom Jones,Republican,98,lower,Tom,Jones,Male,tjones@pahousegop.com,,1974-01-01,,https://www.palegis.us/resources/images/members/300/1957.jpg,https://www.legis.state.pa.us/cfdocs/legis/home/member_information/House_bio.cfm?id=1957;https://www.palegis.us/house/members/bio/1957/rep-t-jones;https://www.reptomjones.com/,https://ballotpedia.org/Tom_Jones_(Pennsylvania);https://en.wikipedia.org/wiki/Tom_Jones_(Pennsylvania_politician);https://justfacts.votesmart.org/candidate/biography/204727/thomas-jones;https://www.legis.state.pa.us/cfdocs/legis/home/member_information/House_bio.cfm?id=1957;https://www.legis.state.pa.us/cfdocs/legis/home/member_information/mbrList.cfm?body=H&sort=alpha;https://www.palegis.us/house/members/bio/1957/rep-t-jones;https://www.reptomjones.com,,,,"222 S. Market St. Suite 103, Elizabethtown, PA 17022",717-367-5525,,,,,RepTomJones,
ocd-person/d9ad47a6-7e74-45f2-93a5-1b7e40ad36db,Tracy Pennycuick,Republican,24,upper,Tracy,Pennycuick,Female,tpennycuick@pasen.gov,,,,https://www.palegis.us/resources/images/members/300/1912.jpg,https://senatorpennycuick.com/;https://www.legis.state.pa.us/cfdocs/legis/home/member_information/House_bio.cfm?id=1912;https://www.legis.state.pa.us/cfdocs/legis/home/member_information/representatives_alpha.cfm;https://www.legis.state.pa.us/cfdocs/legis/home/member_information/Senate_bio.cfm?id=1912;https://www.legis.state.pa.us/cfdocs/legis/home/member_information/senate_bio.cfm?id=1912;https://www.palegis.us/senate/members/bio/1912/sen-pennycuick,https://ballotpedia.org/Tracy_Pennycuick;https://en.wikipedia.org/wiki/Tracy_Pennycuick;https://senatorpennycuick.com;https://senatorpennycuick.com/about;https://www.legis.state.pa.us/cfdocs/legis/home/member_information/House_bio.cfm?id=1912;https://www.legis.state.pa.us/cfdocs/legis/home/member_information/mbrList.cfm?body=H&sort=alpha;https://www.legis.state.pa.us/cfdocs/legis/home/member_information/mbrList.cfm?body=S&sort=alpha;https://www.legis.state.pa.us/cfdocs/legis/home/member_information/representatives_alpha.cfm;https://www.legis.state.pa.us/cfdocs/legis/home/member_information/senate_bio.cfm?id=1912;https://www.legis.state.pa.us/cfdocs/legis/home/member_information/Senate_bio.cfm?id=1912;https://www.linkedin.com/in/tracy-pennycuick-1219371b;https://www.linkedin.com/in/tracy-pennycuick-627ab8260;https://www.palegis.us/senate/members/bio/1912/sen-pennycuick,,,,"56 W. 4th St. Floor 2, Red Hill, PA 18076",215-541-2388,,,,,PA-State-Rep-Tracy-Pennycuick-106417357971506,
ocd-person/590df273-5587-46bd-98dc-f3943cd1ddd8,Valerie Gaydos,Republican,44,lower,Valerie,Gaydos,Female,vgaydos@pahousegop.com,,1967-07-03,,https://www.palegis.us/resources/images/members/300/1831.jpg,https://www.legis.state.pa.us/cfdocs/legis/home/member_information/House_bio.cfm?id=1831;https://www.legis.state.pa.us/cfdocs/legis/home/member_information/representatives_alpha.cfm;https://www.palegis.us/house/members/bio/1831/rep-gaydos,https://ballotpedia.org/Valerie_Gaydos;https://en.wikipedia.org/wiki/Valerie_Gaydos;https://www.legis.state.pa.us/cfdocs/legis/home/member_information/House_bio.cfm?id=1831;https://www.legis.state.pa.us/cfdocs/legis/home/member_information/mbrList.cfm?body=H&sort=alpha;https://www.legis.state.pa.us/cfdocs/legis/home/member_information/representatives_alpha.cfm;https://www.linkedin.com/in/valeriegaydos;https://www.palegis.us/house/members/bio/1831/rep-gaydos,,,,"1005 Beaver Grade Road Suite 106, Moon Township, PA 15108",412-262-3780,,,UCdBkDQL4ync9p-qbvbNENkg,repgaydos,RepGaydos,
ocd-person/53a598e0-3595-4b19-8f65-4a538bdc7a74,Vincent Hughes,Democratic,7,upper,Vincent,Hughes,Male,hughes@pasenate.com,,1956-10-26,,https://www.palegis.us/resources/images/members/300/152.jpg,https://www.legis.state.pa.us/cfdocs/legis/home/member_information/Senate_bio.cfm?id=152;https://www.legis.state.pa.us/cfdocs/legis/home/member_information/senators_alpha.cfm;https://www.palegis.us/senate/members/bio/152/sen-hughes;https://www.senatorhughes.com/,https://ballotpedia.org/Vincent_Hughes;https://en.wikipedia.org/wiki/Vincent_Hughes;https://justfacts.votesmart.org/candidate/biography/5220/vincent-hughes;https://www.legis.state.pa.us/cfdocs/legis/home/member_information/mbrList.cfm?body=S&sort=alpha;https://www.legis.state.pa.us/cfdocs/legis/home/member_information/Senate_bio.cfm?id=152;https://www.legis.state.pa.us/cfdocs/legis/home/member_information/senators_alpha.cfm;https://www.linkedin.com/in/vincent-hughes-6602286;https://www.palegis.us/senate/members/bio/152/sen-hughes;https://www.senatorhughes.com;https://www.senatorhughes.com/about,,,,"2401 N. 54th St., Philadelphia, PA 19131",215-879-7777,,SenatorHughes,,senhughesoffice,vincent.hughes.7,
ocd-person/b93e4f38-764f-4e95-bd51-4d40dba0aaa4,Wayne Fontana,Democratic,42,upper,Wayne,Fontana,Male,fontana@pasenate.com,,1950-03-12,,https://www.palegis.us/resources/images/members/300/1041.jpg,https://www.legis.state.pa.us/cfdocs/legis/home/member_information/Senate_bio.cfm?id=1041;https://www.legis.state.pa.us/cfdocs/legis/home/member_information/senators_alpha.cfm;https://www.palegis.us/senate/members/bio/1041/sen-fontana;https://www.senatorfontana.com/,https://ballotpedia.org/Wayne_Fontana;https://en.wikipedia.org/wiki/Wayne_D._Fontana;https://justfacts.votesmart.org/candidate/55684/wayne-fontana;https://www.legis.state.pa.us/cfdocs/legis/home/member_information/mbrList.cfm?body=S&sort=alpha;https://www.legis.state.pa.us/cfdocs/legis/home/member_information/Senate_bio.cfm?id=1041;https://www.legis.state.pa.us/cfdocs/legis/home/member_information/senators_alpha.cfm;https://www.palegis.us/senate/members/bio/1041/sen-fontana;https://www.senatorfontana.com;https://www.senatorfontana.com/about,,,,"Kenmawr Plaza 524 Pine Hollow Road, Kennedy Township, PA 15136",412-331-1208,,waynedfontana,,,,
ocd-person/7b3a6244-335b-4407-957d-b7d6b6ab1d97,Wayne Langerholc,Republican,35,upper,Wayne,Langerholc,Male,wlangerholc@pasen.gov,,,,https://www.palegis.us/resources/images/members/300/1764.jpg,https://www.legis.state.pa.us/cfdocs/legis/home/member_information/Senate_bio.cfm?id=1764;https://www.legis.state.pa.us/cfdocs/legis/home/member_information/senators_alpha.cfm;https://www.palegis.us/senate/members/bio/1764/sen-langerholc;https://www.senatorlangerholc.com/,https://ballotpedia.org/Wayne_Langerholc;https://en.wikipedia.org/wiki/Wayne_Langerholc;https://justfacts.votesmart.org/candidate/biography/167891/wayne-langerholc-jr;https://www.legis.state.pa.us/cfdocs/legis/home/member_information/mbrList.cfm?body=S&sort=alpha;https://www.legis.state.pa.us/cfdocs/legis/home/member_information/Senate_bio.cfm?id=1764;https://www.legis.state.pa.us/cfdocs/legis/home/member_information/senators_alpha.cfm;https://www.linkedin.com/in/senator-wayne-langerholc-jr-30b8432;https://www.palegis.us/senate/members/bio/1764/sen-langerholc;https://www.palegis.us/senate/members/bio/1764/senator-wayne-langerholc;https://www.senatorlangerholc.com,,,,"999 Eisenhower Blvd. Suite E, Johnstown, PA 15904",814-266-2277,,senlangerholc,,senlangerholc,senatorwaynelangerholcjr,
ocd-person/1300735f-1441-4861-b20f-c1fa3e222c08,Wendy Fink,Republican,94,lower,Wendy,Fink,Female,wfink@pahousegop.com,,,,https://www.palegis.us/resources/images/members/300/1956.jpg,https://www.legis.state.pa.us/cfdocs/legis/home/member_information/House_bio.cfm?id=1956;https://www.palegis.us/house/members/bio/1956/rep-fink;https://www.repwendyfink.com/,https://ballotpedia.org/Wendy_Fink;https://en.wikipedia.org/wiki/Wendy_Fink;https://www.legis.state.pa.us/cfdocs/legis/home/member_information/House_bio.cfm?id=1956;https://www.legis.state.pa.us/cfdocs/legis/home/member_information/mbrList.cfm?body=H&sort=alpha;https://www.palegis.us/house/members/bio/1956/rep-fink;https://www.repwendyfink.com,,,,"100 Redco Ave., Red Lion, PA 17356",717-244-9232,,,,,RepWendyFink,
ocd-person/c3b27985-614c-434d-b3c0-3e032fad4d6c,Zach Mako,Republican,183,lower,Zach,Mako,Male,zmako@pahousegop.com,,1988-12-17,,https://www.palegis.us/resources/images/members/300/1758.jpg,https://www.legis.state.pa.us/cfdocs/legis/home/member_information/House_bio.cfm?id=1758;https://www.legis.state.pa.us/cfdocs/legis/home/member_information/representatives_alpha.cfm;https://www.palegis.us/house/members/bio/1758/rep-mako;https://www.repmako.com/,https://ballotpedia.org/Zachary_Mako;https://en.wikipedia.org/wiki/Zach_Mako;https://justfacts.votesmart.org/candidate/biography/167855/zachary-mako;https://www.legis.state.pa.us/cfdocs/legis/home/member_information/House_bio.cfm?id=1758;https://www.legis.state.pa.us/cfdocs/legis/home/member_information/mbrList.cfm?body=H&sort=alpha;https://www.legis.state.pa.us/cfdocs/legis/home/member_information/representatives_alpha.cfm;https://www.linkedin.com/in/zachary-mako-7a62b098;https://www.palegis.us/house/members/bio/1758/rep-mako;https://www.repmako.com,,,,"2030 Center St., Northampton, PA 18067",610-502-2701,,,,,repmako,
