id,name,current_party,current_district,current_chamber,given_name,family_name,gender,email,biography,birth_date,death_date,image,links,sources,capitol_address,capitol_voice,capitol_fax,district_address,district_voice,district_fax,twitter,youtube,instagram,facebook,wikidata
ocd-person/340b7b78-4f07-49ef-8872-dab35cf48c5c,Shane Massey,Republican,25,upper,Shane,Massey,Male,shanemassey@scsenate.gov,,1975-06-28,,https://scstatehouse.gov/images/members/1185227131.jpg,https://scstatehouse.gov/member.php?code=1185227131;https://www.scstatehouse.gov/member.php?code=1185227131,https://ballotpedia.org/Shane_Massey;https://en.wikipedia.org/wiki/A._Shane_Massey;https://floodcoalition.org/members/shane-massey;https://justfacts.votesmart.org/candidate/biography/101903/shane-massey;https://scstatehouse.gov/member.php?chamber=S;https://scstatehouse.gov/member.php?code=1185227131;https://www.scstatehouse.gov/member.php?chamber=S;https://www.scstatehouse.gov/member.php?code=1185227131,,,,,,,,,,,
ocd-person/0970c995-247f-4cc0-b0a3-8ee4a0e4ebcb,Adam Duncan,Republican,2,lower,Adam,Duncan,Male,adamduncan@schouse.gov,,,,https://bloximages.chicago2.vip.townnews.com/upstatetoday.com/content/tncms/assets/v3/editorial/2/db/2dbe7f98-2879-11ef-8c0d-7356b5095dbe/66692c7a1bcf4.image.jpg?crop=1045%2C588%2C12%2C42&resize=1045%2C588&order=crop%2Cresize,https://www.scstatehouse.gov/member.php?code=0502272667,https://ballotpedia.org/Adam_Duncan;https://en.wikipedia.org/wiki/Adam_Lewis_Duncan;https://justfacts.votesmart.org/candidate/biography/216237/adam-duncan;https://www.scstatehouse.gov/member.php?code=0502272667,,,,,,,,,,,
ocd-person/52d28efd-d83d-4825-8572-c9e30b8d7c77,Allen Blackmon,Republican,27,upper,Allen,Blackmon,Male,allenblackmon@scsenate.gov,,1955-08-06,,https://scdailygazette.com/wp-content/uploads/2024/06/image000001-682x1024.jpg,https://www.scstatehouse.gov/member.php?code=0143749983,https://ballotpedia.org/Allen_Blackmon;https://en.wikipedia.org/wiki/Allen_Blackmon;https://justfacts.votesmart.org/candidate/biography/216214/allen-blackmon;https://www.scstatehouse.gov/member.php?code=0143749983,,,,,,,,,,,
ocd-person/86e53967-3383-4df1-b3b6-49aa2b327110,Annie McDaniel,Democratic,41,lower,Annie,McDaniel,Female,anniemcdaniel@schouse.gov,,1960-05-28,,https://scstatehouse.gov/images/members/1221590763.jpg,https://scstatehouse.gov/member.php?code=1221590763;https://www.scstatehouse.gov/member.php?code=1221590763,https://ballotpedia.org/Annie_McDaniel;https://en.wikipedia.org/wiki/Annie_McDaniel;https://justfacts.votesmart.org/candidate/48010/annie-mcdaniel;https://scstatehouse.gov/member.php?chamber=H;https://scstatehouse.gov/member.php?code=1221590763;https://www.linkedin.com/in/annie-mcdaniel-429a55;https://www.scstatehouse.gov/member.php?chamber=H;https://www.scstatehouse.gov/member.php?code=1221590763,,,,,,,,,,,
ocd-person/dbb8fc98-5116-44c4-8009-8c91e514dec1,April Cromer,Republican,6,lower,April,Cromer,Female,aprilcromer@schouse.gov,,1978-08-28,,https://scstatehouse.gov/images/members/0434090857.jpg,https://scstatehouse.gov/member.php?code=0434090857;https://www.scstatehouse.gov/member.php?code=0434090857,https://ballotpedia.org/April_Cromer;https://en.wikipedia.org/wiki/April_Cromer;https://justfacts.votesmart.org/candidate/biography/205385/april-cromer;https://scstatehouse.gov/member.php?chamber=H;https://scstatehouse.gov/member.php?code=0434090857;https://www.scstatehouse.gov/member.php?code=0434090857,,,,,,,,,,,
ocd-person/a45d8c37-372d-4d32-b9a5-cce96299ea3d,Beth Bernstein,Democratic,78,lower,Beth,Bernstein,Female,bethbernstein@schouse.gov,,1969-11-13,,https://scstatehouse.gov/images/members/0141477256.jpg,https://scstatehouse.gov/member.php?code=0141477256;https://www.scstatehouse.gov/member.php?code=0141477256,https://ballotpedia.org/Beth_Bernstein;https://en.wikipedia.org/wiki/Beth_Bernstein;https://justfacts.votesmart.org/candidate/biography/139541/beth-bernstein;https://scstatehouse.gov/member.php?chamber=H;https://scstatehouse.gov/member.php?code=0141477256;https://www.linkedin.com/in/beth-bernstein-6475a57;https://www.scstatehouse.gov/member.php?chamber=H;https://www.scstatehouse.gov/member.php?code=0141477256,,,,,,,,,,,
ocd-person/010940bd-8041-4f17-b425-5f42c8c07526,Bill Taylor,Republican,86,lower,Bill,Taylor,Male,billtaylor@schouse.gov,,1946-07-16,,https://scstatehouse.gov/images/members/1811363419.jpg,https://scstatehouse.gov/member.php?code=1811363419;https://www.scstatehouse.gov/member.php?code=1811363419,https://ballotpedia.org/Bill_Taylor_(South_Carolina);https://en.wikipedia.org/wiki/Bill_Taylor_(South_Carolina_politician);https://justfacts.votesmart.org/candidate/biography/121739/bill-taylor;https://scstatehouse.gov/member.php?chamber=H;https://scstatehouse.gov/member.php?code=1811363419;https://www.linkedin.com/in/bill-taylor-5b222219;https://www.scstatehouse.gov/member.php?chamber=H;https://www.scstatehouse.gov/member.php?code=1811363419,,,,,,,,,,,
ocd-person/898bb0dc-8dd1-4c29-b7a6-04f87c7cbd2d,Billy Garrett,Republican,10,upper,Billy,Garrett,Male,billygarrett@scsenate.gov,,1956-10-05,,https://scstatehouse.gov/images/members/0638636287.jpg,https://scstatehouse.gov/member.php?code=0638636287;https://www.scstatehouse.gov/member.php?code=0638636287,https://ballotpedia.org/Billy_Garrett_(South_Carolina);https://en.wikipedia.org/wiki/Billy_Garrett_(politician);https://justfacts.votesmart.org/candidate/191496/billy-garrett;https://scstatehouse.gov/member.php?chamber=S;https://scstatehouse.gov/member.php?code=0638636287;https://www.linkedin.com/in/billy-garrett-1aa86991;https://www.scstatehouse.gov/member.php?chamber=S;https://www.scstatehouse.gov/member.php?code=0638636287,,,,,,,,,,,
ocd-person/ddb2ac02-4d91-4379-8c8b-da2353f2163a,Blake Sanders,Republican,9,lower,Blake,Sanders,Male,blakesanders@schouse.gov,,1982-07-27,,https://s3.amazonaws.com/ballotpedia-api4/files/thumbs/200/300/BlakeSanders24.jpg,https://www.scstatehouse.gov/member.php?code=1624999805,https://ballotpedia.org/Blake_Sanders;https://en.wikipedia.org/wiki/Blake_Sanders;https://justfacts.votesmart.org/candidate/biography/216244/blake-sanders;https://www.linkedin.com/in/rblakesanders;https://www.scstatehouse.gov/member.php?code=1624999805,,,,,,,,,,,
ocd-person/16ba6021-423d-4b0d-b899-d2fe18778c12,Brad Hutto,Democratic,40,upper,Brad,Hutto,Male,bradhutto@scsenate.gov,,1957-08-06,,https://scstatehouse.gov/images/members/0912499891.jpg,https://scstatehouse.gov/member.php?code=0912499891;https://www.scstatehouse.gov/member.php?code=0912499891,https://ballotpedia.org/Brad_Hutto;https://en.wikipedia.org/wiki/Brad_Hutto;https://justfacts.votesmart.org/candidate/biography/11943/brad-hutto;https://scstatehouse.gov/member.php?chamber=S;https://scstatehouse.gov/member.php?code=0912499891;https://www.linkedin.com/in/brad-hutto-a7639b47;https://www.scstatehouse.gov/member.php?chamber=S;https://www.scstatehouse.gov/member.php?code=0912499891,,,,,,,,,,,
ocd-person/f89d05de-1f18-466c-bd51-f718a208407b,Brandon Guffey,Republican,48,lower,Brandon,Guffey,Male,brandonguffey@schouse.gov,,1980-01-29,,https://scstatehouse.gov/images/members/0730681731.jpg,https://scstatehouse.gov/member.php?code=0730681731;https://www.scstatehouse.gov/member.php?code=0730681731,https://ballotpedia.org/Brandon_Guffey;https://en.wikipedia.org/wiki/Brandon_Guffey;https://justfacts.votesmart.org/candidate/biography/205437/brandon-guffey;https://scstatehouse.gov/member.php?chamber=H;https://scstatehouse.gov/member.php?code=0730681731;https://www.linkedin.com/in/guffey;https://www.scstatehouse.gov/member.php?code=0730681731,,,,,,,,,,,
ocd-person/d09020dc-87bc-49b4-a039-2a2809ab88cc,Brandon Cox,Republican,92,lower,Brandon,Cox,Male,brandoncox@schouse.gov,,1974-12-14,,https://scstatehouse.gov/images/members/0428124949.jpg,https://scstatehouse.gov/member.php?code=0428124949;https://www.scstatehouse.gov/member.php?code=0428124949,https://ballotpedia.org/Brandon_Cox;https://en.wikipedia.org/wiki/Brandon_Cox_(politician);https://justfacts.votesmart.org/candidate/174486/brandon-cox;https://scstatehouse.gov/member.php?chamber=H;https://scstatehouse.gov/member.php?code=0428124949;https://www.linkedin.com/in/brandon-cox-18b28a4;https://www.scstatehouse.gov/member.php?code=0428124949,,,,,,,,,,,
ocd-person/aa158d61-1373-4c4a-9ad3-ea74bf422cc3,Brandon Newton,Republican,45,lower,Brandon,Newton,Male,brandonnewton@schouse.gov,,1994-07-29,,https://scstatehouse.gov/images/members/1418607785.jpg,https://scstatehouse.gov/member.php?code=1418607785;https://www.scstatehouse.gov/member.php?code=1418607785,https://ballotpedia.org/Brandon_Newton;https://en.wikipedia.org/wiki/Brandon_Newton;https://justfacts.votesmart.org/candidate/biography/173012/brandon-newton;https://scstatehouse.gov/member.php?chamber=H;https://scstatehouse.gov/member.php?code=1418607785;https://www.linkedin.com/in/brandon-newton-85744026;https://www.scstatehouse.gov/member.php?chamber=H;https://www.scstatehouse.gov/member.php?code=1418607785,,,,,,,,,,,
ocd-person/9f665ce8-ed4c-4bef-841f-3036ac03a181,Brian Adams,Republican,44,upper,Brian,Adams,Male,brianadams@scsenate.gov,,1969-12-27,,https://scstatehouse.gov/images/members/0002272727.jpg,https://scstatehouse.gov/member.php?code=0002272727;https://www.scstatehouse.gov/member.php?code=0002272727,https://ballotpedia.org/Brian_Adams_(South_Carolina);https://en.wikipedia.org/wiki/Brian_Adams_(politician);https://justfacts.votesmart.org/candidate/191565/brian-adams;https://scstatehouse.gov/member.php?chamber=S;https://scstatehouse.gov/member.php?code=0002272727;https://www.linkedin.com/in/brian-adams-9042a074;https://www.scstatehouse.gov/member.php?chamber=S;https://www.scstatehouse.gov/member.php?code=0002272727,,,,,,,,,,,
ocd-person/d4974849-0939-472c-9862-4d760889125e,Bruce Bannister,Republican,24,lower,Bruce,Bannister,Male,brucebannister@schouse.gov,,1972-07-21,,https://scstatehouse.gov/images/members/0103409079.jpg,https://scstatehouse.gov/member.php?code=0103409079;https://www.scstatehouse.gov/member.php?code=0103409079,https://ballotpedia.org/Bruce_Bannister;https://en.wikipedia.org/wiki/Bruce_W._Bannister;https://justfacts.votesmart.org/candidate/biography/59275/bruce-bannister;https://scstatehouse.gov/member.php?chamber=H;https://scstatehouse.gov/member.php?code=0103409079;https://www.linkedin.com/in/bruce-bannister-8b2a9b14;https://www.scstatehouse.gov/member.php?chamber=H;https://www.scstatehouse.gov/member.php?code=0103409079,,,,,,,,,,,
ocd-person/bbff9a4c-7b59-4538-b869-64ba0c8431ff,Cal Forrest,Republican,39,lower,Cal,Forrest,Male,calforrest@schouse.gov,,1977-05-22,,https://scstatehouse.gov/images/members/0608238564.jpg,https://scstatehouse.gov/member.php?code=0608238564;https://www.scstatehouse.gov/member.php?code=0608238564,https://ballotpedia.org/Cal_Forrest;https://en.wikipedia.org/wiki/Cal_Forrest;https://justfacts.votesmart.org/candidate/biography/168962/cally-forrest;https://scstatehouse.gov/member.php?chamber=H;https://scstatehouse.gov/member.php?code=0608238564;https://www.scstatehouse.gov/member.php?chamber=H;https://www.scstatehouse.gov/member.php?code=0608238564,,,,,,,,,,,
ocd-person/c3b55867-85d7-4bf2-b1a0-30dd924ae734,Carl Anderson,Democratic,103,lower,Carl,Anderson,Male,carlanderson@schouse.gov,,1961-02-10,,https://scstatehouse.gov/images/members/0021590907.jpg,https://scstatehouse.gov/member.php?code=0021590907;https://www.scstatehouse.gov/member.php?code=0021590907,https://ballotpedia.org/Carl_Anderson_(South_Carolina);https://en.wikipedia.org/wiki/Carl_Anderson_(South_Carolina_politician);https://justfacts.votesmart.org/candidate/48270/carl-anderson;https://scstatehouse.gov/member.php?chamber=H;https://scstatehouse.gov/member.php?code=0021590907;https://www.linkedin.com/in/carl-anderson-2339bb46;https://www.scstatehouse.gov/member.php?chamber=H;https://www.scstatehouse.gov/member.php?code=0021590907,,,,,,,,,,,
ocd-person/b082de67-acd5-42db-bdfc-643650ad7e34,Carla Schuessler,Republican,61,lower,Carla,Schuessler,Female,carlaschuessler@schouse.gov,,1972-09-18,,https://scstatehouse.gov/images/members/1635227077.jpg,https://scstatehouse.gov/member.php?code=1635227077;https://www.scstatehouse.gov/member.php?code=1635227077,https://ballotpedia.org/Carla_Schuessler;https://en.wikipedia.org/wiki/Carla_Schuessler;https://justfacts.votesmart.org/candidate/biography/205453/carla-schuessler;https://scstatehouse.gov/member.php?chamber=H;https://scstatehouse.gov/member.php?code=1635227077;https://www.linkedin.com/in/carla-schuessler-6b076521;https://www.scstatehouse.gov/member.php?code=1635227077,,,,,,,,,,,
ocd-person/31de54c6-a271-4c9e-a109-35de035197ce,Carlisle Kennedy,Republican,23,upper,Carlisle,Kennedy,Male,carlislekennedy@scsenate.gov,,,,https://votecarlislekennedy.com/wp-content/uploads/2024/04/MG_3387-scaled.jpg,https://www.scstatehouse.gov/member.php?code=0984090791,https://ballotpedia.org/Carlisle_Kennedy;https://en.wikipedia.org/wiki/Carlisle_Kennedy;https://justfacts.votesmart.org/candidate/biography/216210/carlisle-kennedy;https://www.linkedin.com/in/carlislekennedy;https://www.scstatehouse.gov/member.php?code=0984090791,,,,,,,,,,,
ocd-person/2432a9be-a476-4dae-966c-74f01e24fdbb,Chandra Dillard,Democratic,23,lower,Chandra,Dillard,Female,chandra@chandradillard.com,,1965-03-10,,https://scstatehouse.gov/images/members/0479545397.jpg,https://scstatehouse.gov/member.php?code=0479545397;https://www.scstatehouse.gov/member.php?code=0479545397,https://ballotpedia.org/Chandra_Dillard;https://en.wikipedia.org/wiki/Chandra_Dillard;https://justfacts.votesmart.org/candidate/biography/77602/chandra-dillard;https://scstatehouse.gov/member.php?chamber=H;https://scstatehouse.gov/member.php?code=0479545397;https://www.linkedin.com/in/chandra-dillard-a0b2457;https://www.scstatehouse.gov/member.php?chamber=H;https://www.scstatehouse.gov/member.php?code=0479545397,,,,,,,,,,,
ocd-person/08342d93-85d9-498e-a602-85ef9715ebf6,Charlie Hartz,Republican,81,lower,Charlie,Hartz,Male,charleshartz@schouse.gov,,1959-07-27,,https://bloximages.newyork1.vip.townnews.com/postandcourier.com/content/tncms/assets/v3/editorial/6/dd/6ddc9b30-8988-11ef-9d6e-abf6ce2aa967/62e03fbeba019.image.jpg?crop=724%2C987%2C710%2C3&resize=367%2C500&order=crop%2Cresize,https://www.scstatehouse.gov/member.php?code=0776136271,https://ballotpedia.org/Charles_Hartz;https://en.wikipedia.org/wiki/Charles_Hartz;https://justfacts.votesmart.org/candidate/biography/216357/charles-hartz;https://www.scstatehouse.gov/member.php?code=0776136271,,,,,,,,,,,
ocd-person/77bd81c9-3436-4635-a945-11f1cf37ead7,Chris Huff,Republican,28,lower,Chris,Huff,Male,chrishuff@schouse.gov,,1976-09-09,,https://assets.civicengine.com/uploads/candidate/headshot/817554/817554.jpg,https://www.scstatehouse.gov/member.php?code=0893181711,https://ballotpedia.org/Chris_Huff;https://en.wikipedia.org/wiki/Chris_Huff;https://justfacts.votesmart.org/candidate/biography/216312/chris-huff;https://www.scstatehouse.gov/member.php?code=0893181711,,,,,,,,,,,
ocd-person/728e5331-d2ec-4c21-a271-be37ae8843ff,Chris Wooten,Republican,69,lower,Chris,Wooten,Male,chriswooten@schouse.gov,,1968-08-28,,https://scstatehouse.gov/images/members/1978408854.jpg,https://scstatehouse.gov/member.php?code=1978408854;https://www.scstatehouse.gov/member.php?code=1978408854,https://ballotpedia.org/Chris_Wooten;https://en.wikipedia.org/wiki/Chris_Wooten;https://justfacts.votesmart.org/candidate/biography/177641/chris-wooten;https://scstatehouse.gov/member.php?chamber=H;https://scstatehouse.gov/member.php?code=1978408854;https://www.linkedin.com/in/chris-wooten-58060816;https://www.scstatehouse.gov/member.php?chamber=H;https://www.scstatehouse.gov/member.php?code=1978408854,,,,,,,,,,,
ocd-person/f9925f2e-d43e-47ff-ba74-f670b65d96e7,Chris Hart,Democratic,73,lower,Chris,Hart,Male,chrishart@schouse.gov,,1972-09-22,,https://scstatehouse.gov/images/members/0770454453.jpg,https://scstatehouse.gov/member.php?code=0770454453;https://www.scstatehouse.gov/member.php?code=0770454453,https://ballotpedia.org/Christopher_Hart;https://en.wikipedia.org/wiki/Christopher_R._Hart;https://justfacts.votesmart.org/candidate/56705/chris-hart;https://scstatehouse.gov/member.php?chamber=H;https://scstatehouse.gov/member.php?code=0770454453;https://www.linkedin.com/in/christopher-hart-a0245128;https://www.scstatehouse.gov/member.php?chamber=H;https://www.scstatehouse.gov/member.php?code=0770454453,,,,,,,,,,,
ocd-person/16726551-937d-43ca-a13b-c94c608d1ba3,Cody Mitchell,Republican,65,lower,Cody,Mitchell,Male,codymitchell@schouse.gov,,1986-06-11,,https://scstatehouse.gov/images/members/1344033930.jpg,https://scstatehouse.gov/member.php?code=1344033930;https://www.scstatehouse.gov/member.php?code=1344033930,https://ballotpedia.org/Cody_Mitchell;https://en.wikipedia.org/wiki/Cody_Mitchell;https://justfacts.votesmart.org/candidate/205458/cody-mitchell;https://scstatehouse.gov/member.php?chamber=H;https://scstatehouse.gov/member.php?code=1344033930;https://www.linkedin.com/in/cody-mitchell-2838229;https://www.scstatehouse.gov/member.php?code=1344033930,,,,,,,,,,,
ocd-person/0a87faa3-3d88-4fd6-a29f-583102f8c89f,Courtney Waters,Democratic,113,lower,Courtney,Waters,Female,,,,,https://courtneywaters.com/wp-content/uploads/2024/11/courtney-waters.jpg,https://www.scstatehouse.gov/member.php?code=1896590682,https://ballotpedia.org/Courtney_Waters;https://en.wikipedia.org/wiki/Courtney_Waters;https://justfacts.votesmart.org/candidate/biography/220682/courtney-waters;https://www.linkedin.com/in/courtney-waters-47077335;https://www.scstatehouse.gov/member.php?code=1896590682,,,,,,,,,,,
ocd-person/52ab3f52-ec8b-4268-bfb2-16322df47839,Craig Gagnon,Republican,11,lower,Craig,Gagnon,Male,craiggagnon@schouse.gov,,1960-08-02,,https://scstatehouse.gov/images/members/0632954470.jpg,https://scstatehouse.gov/member.php?code=0632954470;https://www.scstatehouse.gov/member.php?code=0632954470,https://ballotpedia.org/Craig_Gagnon;https://en.wikipedia.org/wiki/Craig_A._Gagnon;https://justfacts.votesmart.org/candidate/biography/139451/craig-gagnon;https://scstatehouse.gov/member.php?chamber=H;https://scstatehouse.gov/member.php?code=0632954470;https://www.linkedin.com/in/craig-gagnon-2209a987;https://www.scstatehouse.gov/member.php?chamber=H;https://www.scstatehouse.gov/member.php?code=0632954470,,,,,,,,,,,
ocd-person/0ed8d824-c5b2-47c6-9970-2c475cbfd9ac,Danny Verdin,Republican,9,upper,Danny,Verdin,Male,dannyverdin@scsenate.gov,,1964-05-09,,https://scstatehouse.gov/images/members/1874999775.jpg,https://scstatehouse.gov/member.php?code=1874999775;https://www.scstatehouse.gov/member.php?code=1874999775,https://ballotpedia.org/Daniel_Verdin;https://en.wikipedia.org/wiki/Danny_Verdin;https://justfacts.votesmart.org/candidate/biography/48080/danny-verdin-iii;https://scstatehouse.gov/member.php?chamber=S;https://scstatehouse.gov/member.php?code=1874999775;https://www.scstatehouse.gov/member.php?chamber=S;https://www.scstatehouse.gov/member.php?code=1874999775,,,,,,,,,,,
ocd-person/fd827c3d-df23-4497-b39e-7c7ab43138fd,Daniel Gibson,Republican,12,lower,Daniel,Gibson,Male,danielgibson@schouse.gov,,,,https://scstatehouse.gov/images/members/0667045375.jpg,https://scstatehouse.gov/member.php?code=0667045375;https://www.scstatehouse.gov/member.php?code=0667045375,https://ballotpedia.org/Daniel_Gibson;https://en.wikipedia.org/wiki/Daniel_Gibson_(politician);https://justfacts.votesmart.org/candidate/biography/205401/daniel-gibson;https://scstatehouse.gov/member.php?chamber=H;https://scstatehouse.gov/member.php?code=0667045375;https://www.scstatehouse.gov/member.php?code=0667045375,,,,,,,,,,,
ocd-person/4eca904a-5153-440d-8e5c-4c9e056a1dd1,Darrell Jackson,Democratic,21,upper,Darrell,Jackson,Male,darrelljackson@scsenate.gov,,1957-02-01,,https://scstatehouse.gov/images/members/0920454435.jpg,https://scstatehouse.gov/member.php?code=0920454435;https://www.scstatehouse.gov/member.php?code=0920454435,https://ballotpedia.org/Darrell_Jackson_(South_Carolina);https://en.wikipedia.org/wiki/Darrell_Jackson_(politician);https://justfacts.votesmart.org/candidate/biography/3957/darrell-jackson;https://scstatehouse.gov/member.php?chamber=S;https://scstatehouse.gov/member.php?code=0920454435;https://www.scstatehouse.gov/member.php?chamber=S;https://www.scstatehouse.gov/member.php?code=0920454435,,,,,,,,,,,
ocd-person/0187a0b8-b72e-42f1-82ea-8fdac9b9c484,David Martin,Republican,26,lower,David,Martin,Male,davidmartin@schouse.gov,,1987-02-27,,https://s3.amazonaws.com/ballotpedia-api4/files/thumbs/200/300/David_Martin_20240907_125219.jpeg,https://www.scstatehouse.gov/member.php?code=1157954407,https://ballotpedia.org/David_Martin_(South_Carolina);https://en.wikipedia.org/wiki/David_Martin_(South_Carolina_politician);https://justfacts.votesmart.org/candidate/biography/216310/david-martin;https://www.linkedin.com/in/david-w-martin-9a37113a;https://www.scstatehouse.gov/member.php?code=1157954407,,,,,,,,,,,
ocd-person/14b0abeb-70fd-404b-9f55-ff2e75e2c7ef,Davey Hiott,Republican,4,lower,Davey,Hiott,Male,daveyhiott@schouse.gov,,1960-10-20,,https://scstatehouse.gov/images/members/0848863535.jpg,https://scstatehouse.gov/member.php?code=0848863535;https://www.scstatehouse.gov/member.php?code=0848863535,https://ballotpedia.org/Davey_Hiott;https://en.wikipedia.org/wiki/Davey_Hiott;https://justfacts.votesmart.org/candidate/biography/47851/davey-hiott;https://scstatehouse.gov/member.php?chamber=H;https://scstatehouse.gov/member.php?code=0848863535;https://www.scstatehouse.gov/member.php?chamber=H;https://www.scstatehouse.gov/member.php?code=0848863535,,,,,,,,,,,
ocd-person/96fcbf84-e1e8-4e69-bc26-eeced30abaf4,David Vaughan,Republican,27,lower,David,Vaughan,Male,davidvaughan@schouse.gov,,1965-01-21,,https://scstatehouse.gov/images/members/1865908867.jpg,https://scstatehouse.gov/member.php?code=1865908867;https://www.scstatehouse.gov/member.php?code=1865908867,https://ballotpedia.org/David_Vaughan_(South_Carolina);https://en.wikipedia.org/wiki/David_Vaughan_(South_Carolina_politician);https://justfacts.votesmart.org/candidate/biography/205414/david-vaughan;https://scstatehouse.gov/member.php?chamber=H;https://scstatehouse.gov/member.php?code=1865908867;https://www.linkedin.com/in/david-vaughan-6886a06;https://www.scstatehouse.gov/member.php?code=1865908867,,,,,,,,,,,
ocd-person/08cc0e0f-26e0-4117-8591-2ac463f6fbe6,Dennis Moss,Republican,29,lower,Dennis,Moss,Male,dennismoss@schouse.gov,,1954-01-13,,https://scstatehouse.gov/images/members/1379545289.jpg,https://scstatehouse.gov/member.php?code=1379545289;https://www.scstatehouse.gov/member.php?code=1379545289,https://ballotpedia.org/Dennis_Moss_(South_Carolina);https://en.wikipedia.org/wiki/Dennis_Moss;https://justfacts.votesmart.org/candidate/biography/59289/dennis-moss;https://scstatehouse.gov/member.php?chamber=H;https://scstatehouse.gov/member.php?code=1379545289;https://www.linkedin.com/in/dennis-moss-07255730;https://www.scstatehouse.gov/member.php?chamber=H;https://www.scstatehouse.gov/member.php?code=1379545289,,,,,,,,,,,
ocd-person/4f07a054-384b-4fc7-b60a-f5848ea514d4,Deon Tedder,Democratic,42,upper,Deon,Tedder,Male,deontedder@scsenate.gov,,1990-04-26,,https://scstatehouse.gov/images/members/1811931601.jpg,https://scstatehouse.gov/member.php?code=1811931601;https://www.scstatehouse.gov/member.php?code=1811931601,https://ballotpedia.org/Deon_Tedder;https://en.wikipedia.org/wiki/Deon_Tedder;https://justfacts.votesmart.org/candidate/biography/191573/deon-tedder;https://scstatehouse.gov/member.php?chamber=H;https://scstatehouse.gov/member.php?chamber=S;https://scstatehouse.gov/member.php?code=1811931601;https://www.linkedin.com/in/deon-tedder-esquire-60108063;https://www.rpwb.com/attorneys/deon-tedder;https://www.scstatehouse.gov/member.php?chamber=H;https://www.scstatehouse.gov/member.php?code=1811931601,,,,,,,,,,,
ocd-person/65b53c25-26eb-4478-9ddc-b46e29c20543,Dianne Mitchell,Republican,21,lower,Dianne,Mitchell,Female,diannemitchell@schouse.gov,,,,,https://www.scstatehouse.gov/member.php?code=1344175976,https://ballotpedia.org/Dianne_Mitchell;https://en.wikipedia.org/wiki/Dianne_Mitchell;https://justfacts.votesmart.org/candidate/biography/228257/dianne-mitchell;https://www.scstatehouse.gov/member.php?code=1344175976,,,,,,,,,,,
ocd-person/7a7a6119-3a67-4b02-9313-d8454421494e,Don Chapman,Republican,8,lower,Don,Chapman,Male,donchapman@schouse.gov,,1966-01-01,,https://scstatehouse.gov/images/members/0347727231.jpg,https://scstatehouse.gov/member.php?code=0347727231;https://www.scstatehouse.gov/member.php?code=0347727231,https://ballotpedia.org/Don_Chapman;https://en.wikipedia.org/wiki/Don_Chapman;https://justfacts.votesmart.org/candidate/biography/205399/don-chapman;https://scstatehouse.gov/member.php?chamber=H;https://scstatehouse.gov/member.php?code=0347727231;https://www.chapmanforschouse.com/about;https://www.linkedin.com/in/donald-g-chapman-aia-cmb-22b0a234;https://www.scstatehouse.gov/member.php?code=0347727231,,,,,,,,,,,
ocd-person/68934441-84b3-48c7-b8a5-a694744f9e3b,Ryan McCabe,Republican,96,lower,Ryan,McCabe,Male,ryanmccabe@schouse.gov,,1973-04-09,,https://scstatehouse.gov/images/members/1206818037.jpg,https://scstatehouse.gov/member.php?code=1206818037;https://www.scstatehouse.gov/member.php?code=1206818037,https://ballotpedia.org/D._Ryan_McCabe;https://en.wikipedia.org/wiki/Ryan_McCabe;https://scstatehouse.gov/member.php?chamber=H;https://scstatehouse.gov/member.php?code=1206818037;https://www.linkedin.com/in/d-ryan-mccabe-aa2b823;https://www.scstatehouse.gov/member.php?chamber=H;https://www.scstatehouse.gov/member.php?code=1206818037,,,,,,,,,,,
ocd-person/6cabdb85-c770-42ce-9eaf-68326c9dc0aa,Ed Sutton,Democratic,20,upper,Ed,Sutton,Male,edsutton@scsenate.gov,,1983-12-22,,https://s3.amazonaws.com/ballotpedia-api4/files/thumbs/200/300/Ed_Sutton2024.jpg,https://www.scstatehouse.gov/member.php?code=1782954332,https://ballotpedia.org/Ed_Sutton;https://en.wikipedia.org/wiki/Ed_Sutton_(South_Carolina_politician);https://justfacts.votesmart.org/candidate/biography/191695/ed-sutton;https://www.linkedin.com/in/ed-sutton-a5785299;https://www.scstatehouse.gov/member.php?code=1782954332,,,,,,,,,,,
ocd-person/a0512457-cf73-4c3a-8190-d381a90af2d8,Spencer Wetmore,Democratic,115,lower,Spencer,Wetmore,Female,spencerwetmore@schouse.gov,,1983-04-22,,https://scstatehouse.gov/images/members/1905681590.jpg,https://scstatehouse.gov/member.php?code=1905681590;https://www.scstatehouse.gov/member.php?code=1905681590,https://ballotpedia.org/Spencer_Wetmore;https://en.wikipedia.org/wiki/Spencer_Wetmore;https://justfacts.votesmart.org/candidate/191594/spencer-wetmore;https://scstatehouse.gov/member.php?chamber=H;https://scstatehouse.gov/member.php?code=1905681590;https://www.linkedin.com/in/spencer-wetmore-692689a1;https://www.scstatehouse.gov/member.php?chamber=H;https://www.scstatehouse.gov/member.php?code=1905681590,,,,,,,,,,,
ocd-person/c699e1e2-e3f4-4b78-8aeb-7bef9374518f,Everett Stubbs,Republican,17,upper,Everett,Stubbs,Male,everettstubbs@scsenate.gov,,1985-06-17,,https://assets.civicengine.com/uploads/candidate/headshot/817690/817690.jpg,https://www.scstatehouse.gov/member.php?code=1780681605,https://ballotpedia.org/Everett_Stubbs;https://en.wikipedia.org/wiki/Everett_Stubbs;https://justfacts.votesmart.org/candidate/216208/everett-stubbs;https://www.scstatehouse.gov/member.php?code=1780681605,,,,,,,,,,,
ocd-person/5861846a-d293-416f-b5ab-227f8fd12b94,Fawn Pedalino,Republican,64,lower,Fawn,Pedalino,Female,fawnpedalino@schouse.gov,,1987-05-12,,https://scstatehouse.gov/images/members/1453408917.jpg,https://scstatehouse.gov/member.php?code=1453408917;https://www.scstatehouse.gov/member.php?code=1453408917,https://ballotpedia.org/Fawn_Pedalino;https://en.wikipedia.org/wiki/Fawn_Pedalino;https://justfacts.votesmart.org/candidate/205457/fawn-pedalino;https://scstatehouse.gov/member.php?chamber=H;https://scstatehouse.gov/member.php?code=1453408917;https://www.fawnsc.com/about;https://www.linkedin.com/in/fawn-pedalino-319793311;https://www.scstatehouse.gov/member.php?code=1453408917,,,,,,,,,,,
ocd-person/bc549137-780f-4b77-9438-61a92d3dce48,Murrell Smith,Republican,67,lower,Murrell,Smith,Male,murrellsmith@schouse.gov,,1968-05-15,,https://scstatehouse.gov/images/members/1703408887.jpg,https://scstatehouse.gov/member.php?code=1703408887;https://www.scstatehouse.gov/member.php?code=1703408887,https://ballotpedia.org/George_Smith_Jr.;https://en.wikipedia.org/wiki/G._Murrell_Smith_Jr.;https://justfacts.votesmart.org/candidate/biography/121732/murrell-smith-jr;https://scstatehouse.gov/member.php?chamber=H;https://scstatehouse.gov/member.php?code=1703408887;https://www.linkedin.com/in/murrell-smith-4442869;https://www.scstatehouse.gov/member.php?chamber=H;https://www.scstatehouse.gov/member.php?code=1703408887,,,,,,,,,,,
ocd-person/774393b0-877d-4c4b-81cf-daf0494328f9,Gary Brewer,Republican,114,lower,Gary,Brewer,Male,garybrewer@schouse.gov,,,,https://scstatehouse.gov/images/members/0192045432.jpg,https://scstatehouse.gov/member.php?code=0192045432;https://www.scstatehouse.gov/member.php?code=0192045432,https://ballotpedia.org/Gary_Brewer;https://en.wikipedia.org/wiki/Gary_Brewer_(politician);https://justfacts.votesmart.org/candidate/205501/gary-brewer;https://scstatehouse.gov/member.php?chamber=H;https://scstatehouse.gov/member.php?code=0192045432;https://www.linkedin.com/in/gary-brewer-8bb17a7a;https://www.scstatehouse.gov/member.php?code=0192045432,,,,,,,,,,,
ocd-person/2ff21c9e-e03e-4f5c-ac4e-7b1e5633969d,Chip Campsen,Republican,43,upper,Chip,Campsen,Male,chipcampsen@scsenate.gov,,1959-03-30,,https://scstatehouse.gov/images/members/0302272691.jpg,https://scstatehouse.gov/member.php?code=0302272691;https://www.scstatehouse.gov/member.php?code=0302272691,https://ballotpedia.org/George_Campsen;https://en.wikipedia.org/wiki/George_E._Campsen_III;https://justfacts.votesmart.org/candidate/biography/11920/chip-campsen-iii;https://scstatehouse.gov/member.php?chamber=S;https://scstatehouse.gov/member.php?code=0302272691;https://www.scstatehouse.gov/member.php?chamber=S;https://www.scstatehouse.gov/member.php?code=0302272691,,,,,,,,,,,
ocd-person/21d2b4a4-f5fa-415b-8394-02e9b63c4ba0,Gil Gatch,Republican,94,lower,Gil,Gatch,Male,gilgatch@schouse.gov,,1981-06-18,,https://scstatehouse.gov/images/members/0658522648.jpg,https://scstatehouse.gov/member.php?code=0658522648;https://www.scstatehouse.gov/member.php?code=0658522648,https://ballotpedia.org/Gil_Gatch;https://en.wikipedia.org/wiki/Gil_Gatch;https://justfacts.votesmart.org/candidate/191625/gil-gatch;https://scstatehouse.gov/member.php?chamber=H;https://scstatehouse.gov/member.php?code=0658522648;https://www.linkedin.com/in/gilgatch;https://www.scstatehouse.gov/member.php?chamber=H;https://www.scstatehouse.gov/member.php?code=0658522648,,,,,,,,,,,
ocd-person/b494d1f6-d98e-4a8c-895c-6cb73ec892b8,Gilda Cobb-Hunter,Democratic,95,lower,Gilda,Cobb-Hunter,Female,gildacobbhunter@schouse.gov,,1952-11-05,,https://scstatehouse.gov/images/members/0372727228.jpg,https://scstatehouse.gov/member.php?code=0372727228;https://www.scstatehouse.gov/member.php?code=0372727228,https://ballotpedia.org/Gilda_Cobb-Hunter;https://en.wikipedia.org/wiki/Gilda_Cobb-Hunter;https://justfacts.votesmart.org/candidate/biography/4005/gilda-cobb-hunter;https://scstatehouse.gov/member.php?chamber=H;https://scstatehouse.gov/member.php?code=0372727228;https://www.scstatehouse.gov/member.php?chamber=H;https://www.scstatehouse.gov/member.php?code=0372727228,,,,,,,,,,,
ocd-person/ef3c638d-4ad1-4d9d-abbb-1a87b5513a66,Greg Ford,Republican,98,lower,Greg,Ford,Male,gregford@schouse.gov,,,,https://scstatehouse.gov/images/members/0605681746.jpg,https://scstatehouse.gov/member.php?code=0605681746;https://www.scstatehouse.gov/member.php?code=0605681746,https://ballotpedia.org/Greg_Ford_(South_Carolina);https://en.wikipedia.org/wiki/Greg_Ford_(South_Carolina_politician);https://scstatehouse.gov/member.php?chamber=H;https://scstatehouse.gov/member.php?code=0605681746;https://www.linkedin.com/in/greg-ford;https://www.scstatehouse.gov/member.php?chamber=H;https://www.scstatehouse.gov/member.php?code=0605681746,,,,,,,,,,,
ocd-person/d09cb270-bb44-44e7-86d6-a880ce40d93d,Greg Hembree,Republican,28,upper,Greg,Hembree,Male,greghembree@scsenate.gov,,1960-08-21,,https://scstatehouse.gov/images/members/0819318084.jpg,https://scstatehouse.gov/member.php?code=0819318084;https://www.scstatehouse.gov/member.php?code=0819318084,https://ballotpedia.org/Greg_Hembree;https://en.wikipedia.org/wiki/Greg_Hembree;https://justfacts.votesmart.org/candidate/139435/greg-hembree;https://scstatehouse.gov/member.php?chamber=S;https://scstatehouse.gov/member.php?code=0819318084;https://www.linkedin.com/in/greg-hembree-64b31632;https://www.myrtlebeachlawfirm.net/greg-hembree.php;https://www.scstatehouse.gov/member.php?chamber=S;https://www.scstatehouse.gov/member.php?code=0819318084,,,,,,,,,,,
ocd-person/c7b115f3-0fa8-4a8b-b01f-9b222f44018f,Hamilton Grant,Democratic,79,lower,Hamilton,Grant,Male,hamiltongrant@schouse.gov,,1988-12-21,,https://s3.amazonaws.com/ballotpedia-api4/files/thumbs/200/300/HamiltonGrant2024.jpeg,https://www.scstatehouse.gov/member.php?code=0705681734,https://ballotpedia.org/Hamilton_Grant;https://en.wikipedia.org/wiki/Hamilton_R._Grant;https://justfacts.votesmart.org/candidate/biography/216249/hamilton-grant;https://www.linkedin.com/in/hamilton-grant-mba-1b5771a3;https://www.scstatehouse.gov/member.php?code=0705681734,,,,,,,,,,,
ocd-person/7f424e9d-ce81-4413-9438-c5aeee1ec079,Harriet Holman,Republican,102,lower,Harriet,Holman,Female,harrietholman@schouse.gov,,,,https://static.wixstatic.com/media/8accea_e11fd53b395c467b9a13c9643ee9b49f~mv2.jpg,https://www.scstatehouse.gov/member.php?code=0867045351,https://ballotpedia.org/Harriet_Holman;https://en.wikipedia.org/wiki/Harriet_Holman;https://justfacts.votesmart.org/candidate/216289/harriet-holman;https://www.scstatehouse.gov/member.php?code=0867045351,,,,,,,,,,,
ocd-person/8b81073b-87da-4f5c-aacb-f387b69456cc,Harvey Peeler,Republican,14,upper,Harvey,Peeler,Male,harveypeeler@scsenate.gov,,1948-09-08,,https://scstatehouse.gov/images/members/1454545280.jpg,https://scstatehouse.gov/member.php?code=1454545280;https://www.scstatehouse.gov/member.php?code=1454545280,https://ballotpedia.org/Harvey_Peeler;https://en.wikipedia.org/wiki/Harvey_S._Peeler_Jr.;https://justfacts.votesmart.org/candidate/biography/4020/harvey-peeler-jr;https://scstatehouse.gov/member.php?chamber=S;https://scstatehouse.gov/member.php?code=1454545280;https://www.scstatehouse.gov/member.php?chamber=S;https://www.scstatehouse.gov/member.php?code=1454545280,,,,,,,,,,,
ocd-person/dbc0a5ad-b105-4cd9-8849-e2a7c77d23f0,Heath Sessions,Republican,46,lower,Heath,Sessions,Male,heathsessions@schouse.gov,,1976-11-24,,https://scstatehouse.gov/images/members/1649715712.jpg,https://scstatehouse.gov/member.php?code=1649715712;https://www.scstatehouse.gov/member.php?code=1649715712,https://ballotpedia.org/Heath_Sessions;https://en.wikipedia.org/wiki/Heath_Sessions;https://justfacts.votesmart.org/candidate/biography/205435/heath-sessions;https://scstatehouse.gov/member.php?chamber=H;https://scstatehouse.gov/member.php?code=1649715712;https://www.linkedin.com/in/heath-sessions-71b86b66;https://www.scstatehouse.gov/member.php?code=1649715712,,,,,,,,,,,
ocd-person/814c55e9-568f-403e-9e8a-ee3859c07300,Heather Crawford,Republican,68,lower,Heather,Crawford,Female,heathercrawford@schouse.gov,,,,https://scstatehouse.gov/images/members/0428977222.jpg,https://scstatehouse.gov/member.php?code=0428977222;https://www.scstatehouse.gov/member.php?code=0428977222,https://ballotpedia.org/Heather_Ammons_Crawford;https://en.wikipedia.org/wiki/Heather_Ammons_Crawford;https://justfacts.votesmart.org/candidate/biography/140708/heather-crawford;https://scstatehouse.gov/member.php?chamber=H;https://scstatehouse.gov/member.php?code=0428977222;https://www.scstatehouse.gov/member.php?chamber=H;https://www.scstatehouse.gov/member.php?code=0428977222,,,,,,,,,,,
ocd-person/573c5456-8b53-4a00-9538-1013f0fc12c5,Heather Bauer,Democratic,75,lower,Heather,Bauer,Female,heatherbauer@schouse.gov,,1984-06-16,,https://scstatehouse.gov/images/members/0125568167.jpg,https://scstatehouse.gov/member.php?code=0125568167;https://www.scstatehouse.gov/member.php?code=0125568167,https://ballotpedia.org/Heather_Bauer;https://en.wikipedia.org/wiki/Heather_Bauer;https://justfacts.votesmart.org/candidate/191618/heather-bauer;https://scstatehouse.gov/member.php?chamber=H;https://scstatehouse.gov/member.php?code=0125568167;https://www.linkedin.com/in/heather-bauer-8a920012;https://www.scstatehouse.gov/member.php?code=0125568167;https://www.voteheatherbauer.com/about,,,,,,,,,,,
ocd-person/10d7814d-009b-4d21-a048-2672f48fe130,David Weeks,Democratic,51,lower,David,Weeks,Male,davidweeks@schouse.gov,,1953-09-24,,https://scstatehouse.gov/images/members/1898863409.jpg,https://scstatehouse.gov/member.php?code=1898863409;https://www.scstatehouse.gov/member.php?code=1898863409,https://ballotpedia.org/J._David_Weeks;https://en.wikipedia.org/wiki/J._David_Weeks;https://justfacts.votesmart.org/candidate/biography/47971/david-weeks;https://scstatehouse.gov/member.php?chamber=H;https://scstatehouse.gov/member.php?code=1898863409;https://www.scstatehouse.gov/member.php?chamber=H;https://www.scstatehouse.gov/member.php?code=1898863409,,,,,,,,,,,
ocd-person/ad25d5ef-8d4f-425f-9dbd-0b018f1771cc,Todd Rutherford,Democratic,74,lower,Todd,Rutherford,Male,toddrutherford@schouse.gov,,1970-10-10,,https://scstatehouse.gov/images/members/1614772534.jpg,https://scstatehouse.gov/member.php?code=1614772534;https://www.scstatehouse.gov/member.php?code=1614772534,https://ballotpedia.org/James_Rutherford;https://en.wikipedia.org/wiki/Todd_Rutherford;https://justfacts.votesmart.org/candidate/biography/25057/todd-rutherford;https://scstatehouse.gov/member.php?chamber=H;https://scstatehouse.gov/member.php?code=1614772534;https://www.scstatehouse.gov/member.php?chamber=H;https://www.scstatehouse.gov/member.php?code=1614772534,,,,,,,,,,,
ocd-person/6f92ad6a-95c7-4e74-aa91-05fd5448c99a,J.A. Moore,Democratic,15,lower,J.A.,Moore,Male,jamoore@schouse.gov,,,,https://scstatehouse.gov/images/members/1356818019.jpg,https://scstatehouse.gov/member.php?code=1356818019;https://www.scstatehouse.gov/member.php?code=1356818019,https://ballotpedia.org/J.A._Moore;https://en.wikipedia.org/wiki/JA_Moore_(politician);https://justfacts.votesmart.org/candidate/biography/184240/ja-moore;https://scstatehouse.gov/member.php?chamber=H;https://scstatehouse.gov/member.php?code=1356818019;https://www.linkedin.com/in/ja-moore-5b83425a;https://www.scstatehouse.gov/member.php?chamber=H;https://www.scstatehouse.gov/member.php?code=1356818019,,,,,,,,,,,
ocd-person/a34e27e4-59ab-41a6-89ee-1b5d82fcbcf6,J.D. Chaplin,Republican,29,upper,J.D.,Chaplin,Male,jdchaplin@scsenate.gov,,1994-04-07,,https://npr.brightspotcdn.com/dims4/default/533a1d5/2147483647/strip/true/crop/1761x1084+0+0/resize/1760x1084!/format/webp/quality/90/?url=http%3A%2F%2Fnpr-brightspot.s3.amazonaws.com%2Fde%2F35%2F0ec3711f4b1ab8064a0a54363740%2Fchaplin.JPG,https://www.scstatehouse.gov/member.php?code=0346590868,https://ballotpedia.org/J.D._Chaplin;https://en.wikipedia.org/wiki/JD_Chaplin;https://justfacts.votesmart.org/candidate/biography/173018/jd-chaplin;https://www.scstatehouse.gov/member.php?code=0346590868,,,,,,,,,,,
ocd-person/0193ab02-383a-4b92-a810-00fd0bf0fb98,Jackie Hayes,Democratic,55,lower,Jackie,Hayes,Male,jackiehayes@schouse.gov,,1961-10-12,,https://scstatehouse.gov/images/members/0802272631.jpg,https://scstatehouse.gov/member.php?code=0802272631;https://www.scstatehouse.gov/member.php?code=0802272631,https://ballotpedia.org/Jackie_Hayes;https://en.wikipedia.org/wiki/Jackie_E._Hayes;https://justfacts.votesmart.org/candidate/biography/24996/jackie-hayes;https://scstatehouse.gov/member.php?chamber=H;https://scstatehouse.gov/member.php?code=0802272631;https://www.scstatehouse.gov/member.php?chamber=H;https://www.scstatehouse.gov/member.php?code=0802272631,,,,,,,,,,,
ocd-person/d5713eed-0ae5-4bf4-9dc8-7c3efdfae317,Jackie Terribile,Republican,66,lower,Jackie,Terribile,Female,jackieterribile@schouse.gov,,,,https://s3.amazonaws.com/ballotpedia-api4/files/thumbs/200/300/Jackie_Terribile.jpeg,https://www.scstatehouse.gov/member.php?code=1812357738,https://ballotpedia.org/Jackie_Terribile;https://en.wikipedia.org/wiki/Jackie_Terribile;https://justfacts.votesmart.org/candidate/211924/jackie-terribile;https://www.linkedin.com/in/jackie-terribile-40ab63369;https://www.scstatehouse.gov/member.php?code=1812357738,,,,,,,,,,,
ocd-person/31e694fa-e3e1-4df4-8ca7-4977dbf6e321,Mike Neese,Republican,44,lower,Mike,Neese,Male,mikeneese@schouse.gov,,1969-10-22,,https://scstatehouse.gov/images/members/1403977105.jpg,https://scstatehouse.gov/member.php?code=1403977105;https://www.scstatehouse.gov/member.php?code=1403977105,https://ballotpedia.org/Mike_Neese;https://en.wikipedia.org/wiki/Mike_Neese;https://justfacts.votesmart.org/candidate/biography/191512/mike-neese;https://scstatehouse.gov/member.php?chamber=H;https://scstatehouse.gov/member.php?code=1403977105;https://www.linkedin.com/in/jmneese;https://www.scstatehouse.gov/member.php?code=1403977105,,,,,,,,,,,
ocd-person/6ffe4e57-021a-4424-bc36-b933c8e18477,Mike Burns,Republican,17,lower,Mike,Burns,Male,mikeburns@schouse.gov,,1952-06-09,,https://scstatehouse.gov/images/members/0257954515.jpg,https://scstatehouse.gov/member.php?code=0257954515;https://www.scstatehouse.gov/member.php?code=0257954515,https://ballotpedia.org/Mike_Burns;https://en.wikipedia.org/wiki/Mike_Burns_(politician);https://justfacts.votesmart.org/candidate/144188/mike-burns;https://justfacts.votesmart.org/candidate/biography/144188/mike-burns;https://scstatehouse.gov/member.php?chamber=H;https://scstatehouse.gov/member.php?code=0257954515;https://www.scstatehouse.gov/member.php?chamber=H;https://www.scstatehouse.gov/member.php?code=0257954515,,,,,,,,,,,
ocd-person/4b8dd070-0114-4788-9d4c-21eab54496c0,James Teeple,Republican,116,lower,James,Teeple,Male,jamesteeple@schouse.gov,,1979-12-20,,https://s3.amazonaws.com/ballotpedia-api4/files/thumbs/200/300/James_Teeple_20240908_101043.jpg,https://www.scstatehouse.gov/member.php?code=1812215692,https://ballotpedia.org/James_Teeple;https://en.wikipedia.org/wiki/James_Teeple;https://justfacts.votesmart.org/candidate/216276/james-teeple;https://www.linkedin.com/in/james-teeple-109b83145;https://www.scstatehouse.gov/member.php?code=1812215692,,,,,,,,,,,
ocd-person/3d40ff3f-ddbf-4611-a366-9be7d55b9247,Jason Elliott,Republican,6,upper,Jason,Elliott,Male,jasonelliott@scsenate.gov,,1970-07-01,,https://scstatehouse.gov/images/members/0529545391.jpg,https://scstatehouse.gov/member.php?code=0529545391;https://www.scstatehouse.gov/member.php?code=0529545391,https://ballotpedia.org/Jason_Elliott;https://en.wikipedia.org/wiki/Jason_Elliott_(politician);https://justfacts.votesmart.org/candidate/biography/168956/jason-elliott;https://scstatehouse.gov/member.php?chamber=H;https://scstatehouse.gov/member.php?code=0529545391;https://www.scstatehouse.gov/member.php?chamber=H;https://www.scstatehouse.gov/member.php?code=0529545391,,,,,,,,,,,
ocd-person/8c2d9f43-2498-4961-a046-bc5c3f8d7fa6,Jason Luck,Democratic,54,lower,Jason,Luck,Male,jasonluck@schouse.gov,,1977-07-04,,https://s3.amazonaws.com/ballotpedia-api4/files/thumbs/200/300/Jason_Luck1.png,https://www.scstatehouse.gov/member.php?code=1126420320,https://ballotpedia.org/Jason_Luck;https://en.wikipedia.org/wiki/Jason_S._Luck;https://justfacts.votesmart.org/candidate/biography/216336/jason-luck;https://www.linkedin.com/in/jason-luck-8a25368;https://www.scstatehouse.gov/member.php?code=1126420320,,,,,,,,,,,
ocd-person/236892d9-be31-4afa-9c3c-e68dff8bf480,Jeff Zell,Republican,36,upper,Jeff,Zell,Male,jeffzell@scsenate.gov,,1980-03-18,,https://s3.amazonaws.com/ballotpedia-api4/files/thumbs/200/300/Jeffrey_Zell.jpg,https://www.scstatehouse.gov/member.php?code=1999431789,https://ballotpedia.org/Jeffrey_Zell;https://en.wikipedia.org/wiki/Jeff_Zell;https://justfacts.votesmart.org/candidate/biography/216230/jeff-zell;https://www.linkedin.com/in/jeffrey-zell;https://www.scstatehouse.gov/member.php?code=1999431789,,,,,,,,,,,
ocd-person/99dd735b-3ab4-4362-a2c5-f1b5c9257e52,Jeff Bradley,Republican,123,lower,Jeff,Bradley,Male,jeffbradley@schouse.gov,,1957-05-03,,https://scstatehouse.gov/images/members/0171590889.jpg,https://scstatehouse.gov/member.php?code=0171590889;https://www.scstatehouse.gov/member.php?code=0171590889,https://ballotpedia.org/Jeff_Bradley;https://en.wikipedia.org/wiki/Jeff_Bradley_(politician);https://justfacts.votesmart.org/candidate/biography/152611/jeff-bradley;https://scstatehouse.gov/member.php?chamber=H;https://scstatehouse.gov/member.php?code=0171590889;https://www.linkedin.com/in/jeff-bradley-4a85a378;https://www.scstatehouse.gov/member.php?chamber=H;https://www.scstatehouse.gov/member.php?code=0171590889,,,,,,,,,,,
ocd-person/7b2dc589-67e0-4286-9a21-73a69a299ef7,Jeff Johnson,Republican,58,lower,Jeff,Johnson,Male,jeffjohnson@schouse.gov,,1971-03-20,,https://scstatehouse.gov/images/members/0938636251.jpg,https://scstatehouse.gov/member.php?code=0938636251;https://www.scstatehouse.gov/member.php?code=0938636251,https://ballotpedia.org/Jeff_Johnson_(South_Carolina);https://en.wikipedia.org/wiki/Jeff_Johnson_(South_Carolina_politician);https://justfacts.votesmart.org/candidate/biography/152557/jeff-johnson;https://scstatehouse.gov/member.php?chamber=H;https://scstatehouse.gov/member.php?code=0938636251;https://www.linkedin.com/in/jeffrey-johnson-28b277b3;https://www.scstatehouse.gov/member.php?chamber=H;https://www.scstatehouse.gov/member.php?code=0938636251,,,,,,,,,,,
ocd-person/2a153d17-d828-4285-a361-fb9f736dd388,Jeffrey Graham,Democratic,35,upper,Jeffrey,Graham,Male,jeffreygraham@scsenate.gov,,1982-05-14,,https://www.grahamrealtyinc.com/files/images/agents/g/4d80bc35-8f04-43ab-84f1-1858ae7a8b42/1.jpg,https://www.scstatehouse.gov/member.php?code=0703124916,https://ballotpedia.org/Jeffrey_Graham_(South_Carolina);https://en.wikipedia.org/wiki/Jeffrey_R._Graham;https://justfacts.votesmart.org/candidate/biography/216225/jeffrey-graham;https://www.linkedin.com/in/jeffrey-graham-40912160;https://www.scstatehouse.gov/member.php?code=0703124916,,,,,,,,,,,
ocd-person/4ae40a76-8a57-40b1-b4cd-0218170e3ff8,Jermaine Johnson,Democratic,52,lower,Jermaine,Johnson,Male,jermainejohnson@schouse.gov,,1985-07-04,,https://scstatehouse.gov/images/members/0943181705.jpg,https://scstatehouse.gov/member.php?code=0943181705;https://www.scstatehouse.gov/member.php?code=0943181705,https://ballotpedia.org/Jermaine_Johnson;https://en.wikipedia.org/wiki/Jermaine_Johnson_(basketball);https://johnsonforsc.com/about;https://justfacts.votesmart.org/candidate/191620/jermaine-johnson;https://scstatehouse.gov/member.php?chamber=H;https://scstatehouse.gov/member.php?code=0943181705;https://www.linkedin.com/in/dr-jermaine-johnson-sr-517b289a;https://www.scstatehouse.gov/member.php?chamber=H;https://www.scstatehouse.gov/member.php?code=0943181705,,,,,,,,,,,
ocd-person/56f713aa-3887-4e45-996d-ca60006edd99,Jerry Govan,Democratic,93,lower,Jerry,Govan,Male,jerrygovan@schouse.gov,,1958-03-17,,https://www.scstatehouse.gov/images/members/0702272643.jpg,https://www.scstatehouse.gov/member.php?code=0702272643,https://ballotpedia.org/Jerry_Govan_Jr.;https://en.wikipedia.org/wiki/Jerry_Govan_Jr.;https://justfacts.votesmart.org/candidate/biography/8501/jerry-govan-jr;https://www.scstatehouse.gov/member.php?chamber=H;https://www.scstatehouse.gov/member.php?code=0702272643,,,,,,,,,,,
ocd-person/5a7a2735-d539-4aa0-b1a9-2f0e3828a02b,Jay Kilmartin,Republican,85,lower,Jay,Kilmartin,Male,jaykilmartin@schouse.gov,,1965-08-02,,https://scstatehouse.gov/images/members/0993323745.jpg,https://scstatehouse.gov/member.php?code=0993323745;https://www.scstatehouse.gov/member.php?code=0993323745,https://ballotpedia.org/Jay_Kilmartin;https://en.wikipedia.org/wiki/Jay_Kilmartin;https://justfacts.votesmart.org/candidate/205478/jay-kilmartin;https://scstatehouse.gov/member.php?chamber=H;https://scstatehouse.gov/member.php?code=0993323745;https://www.linkedin.com/in/jay-kilmartin-9282b78;https://www.scstatehouse.gov/member.php?code=0993323745,,,,,,,,,,,
ocd-person/708261ba-00bd-4cef-bd7e-bd80de59b101,John Lastinger,Republican,88,lower,John,Lastinger,Male,johnlastinger@schouse.gov,,1954-09-17,,,https://www.scstatehouse.gov/member.php?code=1066761236,https://ballotpedia.org/John_Lastinger;https://en.wikipedia.org/wiki/John_Thomas_Lastinger;https://justfacts.votesmart.org/candidate/biography/191624/john-lastinger;https://www.linkedin.com/in/john-lastinger-jr-4a068691;https://www.scstatehouse.gov/member.php?code=1066761236,,,,,,,,,,,
ocd-person/f946b369-cfbd-4cc5-84f2-4cc343beb03a,John McCravy,Republican,13,lower,John,McCravy,Male,johnmccravy@schouse.gov,,1958-09-06,,https://scstatehouse.gov/images/members/1217045309.jpg,https://scstatehouse.gov/member.php?code=1217045309;https://www.scstatehouse.gov/member.php?code=1217045309,https://ballotpedia.org/John_McCravy;https://en.wikipedia.org/wiki/John_R._McCravy_III;https://justfacts.votesmart.org/candidate/biography/139452/john-mccravy-iii;https://scstatehouse.gov/member.php?chamber=H;https://scstatehouse.gov/member.php?code=1217045309;https://www.linkedin.com/in/john-r-mccravy-iii-ba01335;https://www.scstatehouse.gov/member.php?chamber=H;https://www.scstatehouse.gov/member.php?code=1217045309,,,,,,,,,,,
ocd-person/12f4e61d-b847-4a7d-8029-613580ebfd9f,John King,Democratic,49,lower,John,King,Male,johnking@schouse.gov,,1976-06-25,,https://scstatehouse.gov/images/members/1002272607.jpg,https://scstatehouse.gov/member.php?code=1002272607;https://www.scstatehouse.gov/member.php?code=1002272607,https://ballotpedia.org/John_King_(South_Carolina);https://en.wikipedia.org/wiki/John_Richard_C._King;https://justfacts.votesmart.org/candidate/biography/57918/john-king;https://scstatehouse.gov/member.php?chamber=H;https://scstatehouse.gov/member.php?code=1002272607;https://www.linkedin.com/in/john-richard-king-01373110;https://www.scstatehouse.gov/member.php?chamber=H;https://www.scstatehouse.gov/member.php?code=1002272607,,,,,,,,,,,
ocd-person/ec3b270f-6396-440c-89c1-e42262d02477,Jordan Pace,Republican,117,lower,Jordan,Pace,Male,jordanpace@schouse.gov,,,,https://scstatehouse.gov/images/members/1433984204.jpg,https://scstatehouse.gov/member.php?code=1433984204;https://www.scstatehouse.gov/member.php?code=1433984204,https://ballotpedia.org/Jordan_Pace;https://en.wikipedia.org/wiki/Jordan_Pace;https://justfacts.votesmart.org/candidate/181060/jordan-pace;https://scstatehouse.gov/member.php?chamber=H;https://scstatehouse.gov/member.php?code=1433984204;https://www.linkedin.com/in/jscottpace;https://www.scstatehouse.gov/member.php?code=1433984204,,,,,,,,,,,
ocd-person/35125937-cf55-4408-883f-6f81e45b0063,Joe Bustos,Republican,112,lower,Joe,Bustos,Male,joebustos@schouse.gov,,1950-09-12,,https://scstatehouse.gov/images/members/0278409057.jpg,https://scstatehouse.gov/member.php?code=0278409057;https://www.scstatehouse.gov/member.php?code=0278409057,https://ballotpedia.org/Joe_Bustos;https://en.wikipedia.org/wiki/Joe_Bustos;https://justfacts.votesmart.org/candidate/biography/77624/joe-bustos;https://scstatehouse.gov/member.php?chamber=H;https://scstatehouse.gov/member.php?code=0278409057;https://www.scstatehouse.gov/member.php?chamber=H;https://www.scstatehouse.gov/member.php?code=0278409057,,,,,,,,,,,
ocd-person/e6db7b68-2d69-4585-816a-ad2c7ee9b1cc,Joe White,Republican,40,lower,Joe,White,Male,joewhite@schouse.gov,,1945-12-13,,https://scstatehouse.gov/images/members/1912499771.jpg,https://scstatehouse.gov/member.php?code=1912499771;https://www.scstatehouse.gov/member.php?code=1912499771,https://ballotpedia.org/Joe_White_(South_Carolina);https://en.wikipedia.org/wiki/Joe_White_(South_Carolina_politician);https://justfacts.votesmart.org/candidate/biography/205429/joe-white;https://scstatehouse.gov/member.php?chamber=H;https://scstatehouse.gov/member.php?code=1912499771;https://www.scstatehouse.gov/member.php?code=1912499771,,,,,,,,,,,
ocd-person/abab175f-5281-4f94-9550-09131ee156ad,Josh Kimbrell,Republican,11,upper,Josh,Kimbrell,Male,joshkimbrell@scsenate.gov,,1984-12-18,,https://scstatehouse.gov/images/members/0993465790.jpg,https://scstatehouse.gov/member.php?code=0993465790;https://www.scstatehouse.gov/member.php?code=0993465790,https://ballotpedia.org/Josh_Kimbrell;https://en.wikipedia.org/wiki/Josh_Kimbrell;https://justfacts.votesmart.org/candidate/179609/joshua-kimbrell;https://scstatehouse.gov/member.php?chamber=S;https://scstatehouse.gov/member.php?code=0993465790;https://www.linkedin.com/in/josh-kimbrell-8216a824;https://www.scstatehouse.gov/member.php?chamber=S;https://www.scstatehouse.gov/member.php?code=0993465790,,,,,,,,,,,
ocd-person/6db09ea1-fe89-497a-8502-dce892c13fe8,Josiah Magnuson,Republican,38,lower,Josiah,Magnuson,Male,josiahmagnuson@schouse.gov,,1991-08-17,,https://scstatehouse.gov/images/members/1130965774.jpg,https://scstatehouse.gov/member.php?code=1130965774;https://www.scstatehouse.gov/member.php?code=1130965774,https://ballotpedia.org/Josiah_Magnuson;https://en.wikipedia.org/wiki/Josiah_Magnuson;https://justfacts.votesmart.org/candidate/biography/168961/josiah-magnuson;https://scstatehouse.gov/member.php?chamber=H;https://scstatehouse.gov/member.php?code=1130965774;https://www.josiahmagnuson.com/about;https://www.linkedin.com/in/josiah-magnuson-1983208b;https://www.scstatehouse.gov/member.php?chamber=H;https://www.scstatehouse.gov/member.php?code=1130965774,,,,,,,,,,,
ocd-person/88861a7f-ca46-4ed7-a053-0d463cca48e0,Justin Bamberg,Democratic,90,lower,Justin,Bamberg,Male,justinbamberg@schouse.gov,,1987-03-07,,https://scstatehouse.gov/images/members/0102840897.jpg,https://scstatehouse.gov/member.php?code=0102840897;https://www.scstatehouse.gov/member.php?code=0102840897,https://ballotpedia.org/Justin_Bamberg;https://en.wikipedia.org/wiki/Justin_Bamberg;https://justfacts.votesmart.org/candidate/biography/152607/justin-bamberg;https://scstatehouse.gov/member.php?chamber=H;https://scstatehouse.gov/member.php?code=0102840897;https://www.linkedin.com/in/justinbamberg;https://www.scstatehouse.gov/member.php?chamber=H;https://www.scstatehouse.gov/member.php?code=0102840897,,,,,,,,,,,
ocd-person/904331e5-36ae-43d5-8e3e-62a845c7965e,Kambrell Garvin,Democratic,77,lower,Kambrell,Garvin,Male,kambrellgarvin@schouse.gov,,1991-10-02,,https://scstatehouse.gov/images/members/0657954467.jpg,https://scstatehouse.gov/member.php?code=0657954467;https://www.scstatehouse.gov/member.php?code=0657954467,https://ballotpedia.org/Kambrell_Garvin;https://en.wikipedia.org/wiki/Kambrell_Garvin;https://justfacts.votesmart.org/candidate/181046/kambrell-garvin;https://scstatehouse.gov/member.php?chamber=H;https://scstatehouse.gov/member.php?code=0657954467;https://www.linkedin.com/in/kambrell-garvin-5a5aab21;https://www.scstatehouse.gov/member.php?chamber=H;https://www.scstatehouse.gov/member.php?code=0657954467,,,,,,,,,,,
ocd-person/946afea5-c89c-4a8f-a80e-a841bf7e899a,Karl Allen,Democratic,7,upper,Karl,Allen,Male,karlallen@scsenate.gov,,1960-10-13,,https://scstatehouse.gov/images/members/0015340908.jpg,https://scstatehouse.gov/member.php?code=0015340908;https://www.scstatehouse.gov/member.php?code=0015340908,https://ballotpedia.org/Karl_Allen;https://en.wikipedia.org/wiki/Karl_B._Allen;https://justfacts.votesmart.org/candidate/biography/47878/karl-allen;https://scstatehouse.gov/member.php?chamber=S;https://scstatehouse.gov/member.php?code=0015340908;https://www.linkedin.com/in/k-allen-102439312;https://www.scstatehouse.gov/member.php?chamber=S;https://www.scstatehouse.gov/member.php?code=0015340908,,,,,,,,,,,
ocd-person/07274f31-3348-491d-af78-4eefad9d39c8,Kathy Landing,Republican,80,lower,Kathy,Landing,Female,kathylanding@schouse.gov,,1963-01-15,,https://scstatehouse.gov/images/members/1066477145.jpg,https://scstatehouse.gov/member.php?code=1066477145;https://www.scstatehouse.gov/member.php?code=1066477145,https://ballotpedia.org/Kathy_Landing;https://en.wikipedia.org/wiki/Katherine_D._Landing;https://justfacts.votesmart.org/candidate/biography/187433/katherine-landing;https://scstatehouse.gov/member.php?chamber=H;https://scstatehouse.gov/member.php?code=1066477145;https://www.linkedin.com/in/kathylandingmtp;https://www.raymondjames.com/landingfinancial/about-us/bio?_=Kathy.Landing;https://www.scstatehouse.gov/member.php?code=1066477145,,,,,,,,,,,
ocd-person/d38909c5-fdcb-4230-8380-498f6f8cc510,Keishan Scott,Democratic,50,lower,Keishan,Scott,Male,,,2001-12-02,,,https://www.scstatehouse.gov/member.php?code=1645738439,https://ballotpedia.org/Keishan_Scott;https://en.wikipedia.org/wiki/Keishan_Scott;https://justfacts.votesmart.org/candidate/biography/220936/keishan-scott;https://www.linkedin.com/in/keishan-scott-6a07a8247;https://www.scstatehouse.gov/member.php?code=1645738439,,,,,,,,,,,
ocd-person/0fdf2e22-badf-4b5c-be34-969781dc40a3,Kent Williams,Democratic,30,upper,Kent,Williams,Male,kentwilliams@scsenate.gov,,1960-09-15,,https://scstatehouse.gov/images/members/1938636131.jpg,https://scstatehouse.gov/member.php?code=1938636131;https://www.scstatehouse.gov/member.php?code=1938636131,https://ballotpedia.org/Kent_Williams_(South_Carolina_Senator);https://en.wikipedia.org/wiki/Kent_M._Williams;https://justfacts.votesmart.org/candidate/biography/47956/kent-williams;https://scstatehouse.gov/member.php?chamber=S;https://scstatehouse.gov/member.php?code=1938636131;https://www.linkedin.com/in/kent-williams-42958567;https://www.linkedin.com/in/senator-kent-williams-42958567;https://www.scstatehouse.gov/member.php?chamber=S;https://www.scstatehouse.gov/member.php?code=1938636131,,,,,,,,,,,
ocd-person/ad6c27e9-3571-477c-9d94-92127d0020e7,Kevin Hardee,Republican,105,lower,Kevin,Hardee,Male,kevinhardee@schouse.gov,,1965-04-09,,https://scstatehouse.gov/images/members/0743749911.jpg,https://kevinhardee.com/;https://scstatehouse.gov/member.php?code=0743749911;https://www.scstatehouse.gov/member.php?code=0743749911,https://ballotpedia.org/Kevin_J._Hardee;https://en.wikipedia.org/wiki/Kevin_Hardee;https://justfacts.votesmart.org/candidate/biography/94982/kevin-hardee;https://kevinhardee.com;https://kevinhardee.com/about-kevin.html;https://scstatehouse.gov/member.php?chamber=H;https://scstatehouse.gov/member.php?code=0743749911;https://www.linkedin.com/in/kevin-hardee-31316446;https://www.scstatehouse.gov/member.php?chamber=H;https://www.scstatehouse.gov/member.php?code=0743749911,,,,,,,,,,,
ocd-person/cc6f617e-1af7-4aa5-a9cc-a2214b2c21e2,Larry Grooms,Republican,37,upper,Larry,Grooms,Male,stranscomm@scsenate.gov,,1964-03-20,,https://scstatehouse.gov/images/members/0729545367.jpg,https://scstatehouse.gov/member.php?code=0729545367;https://www.scstatehouse.gov/member.php?code=0729545367,https://ballotpedia.org/Lawrence_Grooms;https://en.wikipedia.org/wiki/Larry_Grooms;https://justfacts.votesmart.org/candidate/biography/15260/larry-grooms;https://scstatehouse.gov/member.php?chamber=S;https://scstatehouse.gov/member.php?code=0729545367;https://www.linkedin.com/in/larrygrooms;https://www.scstatehouse.gov/member.php?chamber=S;https://www.scstatehouse.gov/member.php?code=0729545367,,,,,,,,,,,
ocd-person/3ebbdeb2-9bbf-41d3-8175-2d4e901cb9d1,Lee Bright,Republican,12,upper,Lee,Bright,Male,leebright@scsenate.gov,,1970-03-21,,http://www.scstatehouse.gov/images/members/0193181795.jpg,https://www.scstatehouse.gov/member.php?code=0193181795,https://ballotpedia.org/Lee_Bright;https://en.wikipedia.org/wiki/Lee_Bright;https://justfacts.votesmart.org/candidate/biography/47863/lee-bright-iii;https://www.linkedin.com/in/lee-bright-03a25646;https://www.scstatehouse.gov/member.php?chamber=S;https://www.scstatehouse.gov/member.php?code=0193181795,,,,,,,,,,,
ocd-person/16296fb0-76bf-4e65-b7e6-5dc6abceb7b4,Lee Gilreath,Republican,7,lower,Lee,Gilreath,Male,leegilreath@schouse.gov,,1969-02-27,,https://lirp.cdn-website.com/4c846247/dms3rep/multi/opt/_DSC0892-a9d9c1ff-1920w.jpg,https://www.scstatehouse.gov/member.php?code=0675852192,https://ballotpedia.org/Lee_Gilreath;https://en.wikipedia.org/wiki/Lee_Gilreath;https://justfacts.votesmart.org/candidate/biography/216241/lee-gilreath;https://www.scstatehouse.gov/member.php?code=0675852192,,,,,,,,,,,
ocd-person/eba98c82-1f71-45c1-951f-40076eb34a8b,Lee Hewitt,Republican,108,lower,Lee,Hewitt,Male,leehewitt@schouse.gov,,1960-08-29,,https://scstatehouse.gov/images/members/0834658991.jpg,https://scstatehouse.gov/member.php?code=0834658991;https://www.scstatehouse.gov/member.php?code=0834658991,https://ballotpedia.org/Lee_Hewitt;https://en.wikipedia.org/wiki/Lee_Hewitt;https://justfacts.votesmart.org/candidate/biography/173043/lee-hewitt;https://scstatehouse.gov/member.php?chamber=H;https://scstatehouse.gov/member.php?code=0834658991;https://www.linkedin.com/in/lee-hewitt-b30862a;https://www.scstatehouse.gov/member.php?chamber=H;https://www.scstatehouse.gov/member.php?code=0834658991,,,,,,,,,,,
ocd-person/3a09cbd2-aa21-4fa8-9511-d1f842816e49,Doug Gilliam,Republican,42,lower,Doug,Gilliam,Male,douggilliam@schouse.gov,,1964-11-22,,https://scstatehouse.gov/images/members/0675426055.jpg,https://scstatehouse.gov/member.php?code=0675426055;https://www.scstatehouse.gov/member.php?code=0675426055,https://ballotpedia.org/Doug_Gilliam;https://en.wikipedia.org/wiki/Doug_Gilliam;https://justfacts.votesmart.org/candidate/biography/181033/doug-gilliam;https://scstatehouse.gov/member.php?chamber=H;https://scstatehouse.gov/member.php?code=0675426055;https://www.scstatehouse.gov/member.php?chamber=H;https://www.scstatehouse.gov/member.php?code=0675426055,,,,,,,,,,,
ocd-person/a7665bc0-b03c-419e-976c-b3a25ebf358e,Leon Howard,Democratic,76,lower,Leon,Howard,Male,leonhoward@schouse.gov,,,,https://scstatehouse.gov/images/members/0879545349.jpg,https://scstatehouse.gov/member.php?code=0879545349;https://www.scstatehouse.gov/member.php?code=0879545349,https://ballotpedia.org/Leon_Howard;https://en.wikipedia.org/wiki/Leon_Howard_(South_Carolina_politician);https://justfacts.votesmart.org/candidate/biography/8610/leon-howard;https://scstatehouse.gov/member.php?chamber=H;https://scstatehouse.gov/member.php?code=0879545349;https://www.scstatehouse.gov/member.php?chamber=H;https://www.scstatehouse.gov/member.php?code=0879545349,,,,,,,,,,,
ocd-person/3faa0b04-4277-4a07-ae78-bc9cb0d20e07,Leon Stavrinakis,Democratic,119,lower,Leon,Stavrinakis,Male,leonstavrinakis@schouse.gov,,,,https://scstatehouse.gov/images/members/1747727063.jpg,https://scstatehouse.gov/member.php?code=1747727063;https://www.scstatehouse.gov/member.php?code=1747727063,https://ballotpedia.org/Leonidas_Stavrinakis;https://en.wikipedia.org/wiki/Leon_Stavrinakis;https://justfacts.votesmart.org/candidate/biography/59396/leon-stavrinakis;https://scstatehouse.gov/member.php?chamber=H;https://scstatehouse.gov/member.php?code=1747727063;https://www.scstatehouse.gov/member.php?chamber=H;https://www.scstatehouse.gov/member.php?code=1747727063;https://www.stavlaw.net/about-leon,,,,,,,,,,,
ocd-person/a02e7674-1693-446b-8863-3d7df87a20fa,Lonnie Hosey,Democratic,91,lower,Lonnie,Hosey,Male,onniehosey@schouse.gov,,1946-12-01,,https://scstatehouse.gov/images/members/0874999895.jpg,https://scstatehouse.gov/member.php?code=0874999895;https://www.scstatehouse.gov/member.php?code=0874999895,https://ballotpedia.org/Lonnie_Hosey;https://en.wikipedia.org/wiki/Lonnie_Hosey;https://justfacts.votesmart.org/candidate/biography/15258/lonnie-hosey;https://scstatehouse.gov/member.php?chamber=H;https://scstatehouse.gov/member.php?code=0874999895;https://www.linkedin.com/in/lonnie-hosey-13931144;https://www.scstatehouse.gov/member.php?chamber=H;https://www.scstatehouse.gov/member.php?code=0874999895,,,,,,,,,,,
ocd-person/e3d0a679-af6a-4861-aac2-be366fda3210,Lucas Atkinson,Republican,57,lower,Lucas,Atkinson,Male,lucasatkinson@schouse.gov,,1981-07-06,,https://scstatehouse.gov/images/members/0066477265.jpg,https://scstatehouse.gov/member.php?code=0066477265;https://www.scstatehouse.gov/member.php?code=0066477265,https://ballotpedia.org/Lucas_Atkinson;https://en.wikipedia.org/wiki/Lucas_Atkinson;https://justfacts.votesmart.org/candidate/biography/168971/lucas-atkinson;https://scstatehouse.gov/member.php?chamber=H;https://scstatehouse.gov/member.php?code=0066477265;https://www.scstatehouse.gov/member.php?chamber=H;https://www.scstatehouse.gov/member.php?code=0066477265,,,,,,,,,,,
ocd-person/27fb6caf-f757-44a3-8973-6ce72aacd7e2,Luke Rankin,Republican,33,upper,Luke,Rankin,Male,lukerankin@scsenate.gov,,1962-04-09,,https://scstatehouse.gov/images/members/1511363455.jpg,https://scstatehouse.gov/member.php?code=1511363455;https://www.scstatehouse.gov/member.php?code=1511363455,https://ballotpedia.org/Luke_Rankin;https://ballotpedia.org/Luke_Rankin_(South_Carolina_state_senator);https://en.wikipedia.org/wiki/Luke_A._Rankin;https://justfacts.votesmart.org/candidate/biography/3972/luke-rankin-sr;https://scstatehouse.gov/member.php?chamber=S;https://scstatehouse.gov/member.php?code=1511363455;https://www.scstatehouse.gov/member.php?chamber=S;https://www.scstatehouse.gov/member.php?code=1511363455,,,,,,,,,,,
ocd-person/94b1b04a-1be7-4128-b7ac-0c3b299b7d53,Luke Rankin,Republican,14,lower,Luke,Rankin,Male,lukerankin@schouse.gov,,1997-08-16,,https://lirp.cdn-website.com/44a83ceb/dms3rep/multi/opt/P1011798-1920w.jpg,https://www.scstatehouse.gov/member.php?code=1510227092,https://ballotpedia.org/Luke_Rankin_(South_Carolina_state_representative);https://en.wikipedia.org/wiki/Luke_Samuel_Rankin;https://justfacts.votesmart.org/candidate/biography/220606/luke-rankin;https://www.scstatehouse.gov/member.php?code=1510227092,,,,,,,,,,,
ocd-person/d2019dc3-160d-4229-b681-280c52561435,Brian Lawson,Republican,30,lower,Brian,Lawson,Male,brianlawson@schouse.gov,,1973-04-05,,https://scstatehouse.gov/images/members/1067613508.jpg,https://scstatehouse.gov/member.php?code=1067613508;https://www.scstatehouse.gov/member.php?code=1067613508,https://ballotpedia.org/Brian_Lawson;https://en.wikipedia.org/wiki/Brian_Lawson;https://scstatehouse.gov/member.php?chamber=H;https://scstatehouse.gov/member.php?code=1067613508;https://www.linkedin.com/in/brian-lawson-0797a2b1;https://www.scstatehouse.gov/member.php?code=1067613508,,,,,,,,,,,
ocd-person/829bd3ab-d117-43fd-b274-f9ff8177c789,Margie Bright Matthews,Democratic,45,upper,Margie,Bright Matthews,Female,margiebrightmatthews@scsenate.gov,,1963-02-10,,https://scstatehouse.gov/images/members/0194318159.jpg,https://scstatehouse.gov/member.php?code=0194318159;https://www.scstatehouse.gov/member.php?code=0194318159,https://ballotpedia.org/Margie_Bright_Matthews;https://en.wikipedia.org/wiki/Margie_Bright_Matthews;https://justfacts.votesmart.org/candidate/biography/161280/margie-matthews;https://scstatehouse.gov/member.php?chamber=S;https://scstatehouse.gov/member.php?code=0194318159;https://www.linkedin.com/in/margiebrightmatthewsforsenate;https://www.scstatehouse.gov/member.php?chamber=S;https://www.scstatehouse.gov/member.php?code=0194318159,,,,,,,,,,,
ocd-person/45f11431-96b7-4bfe-85f5-ce986002a233,Mark Willis,Republican,16,lower,Mark,Willis,Male,markwillis@schouse.gov,,1963-08-01,,https://scstatehouse.gov/images/members/1942613404.jpg,https://scstatehouse.gov/member.php?code=1942613404;https://www.scstatehouse.gov/member.php?code=1942613404,https://ballotpedia.org/Mark_Willis;https://en.wikipedia.org/wiki/Mark_N._Willis;https://justfacts.votesmart.org/candidate/biography/57624/mark-willis;https://scstatehouse.gov/member.php?chamber=H;https://scstatehouse.gov/member.php?code=1942613404;https://www.linkedin.com/in/mark-willis-34a40223;https://www.scstatehouse.gov/member.php?chamber=H;https://www.scstatehouse.gov/member.php?code=1942613404,,,,,,,,,,,
ocd-person/9d1ecabb-7f76-4f2e-9951-03599223ca4c,Mark Smith,Republican,99,lower,Mark,Smith,Male,marksmith@schouse.gov,,1970-06-18,,https://scstatehouse.gov/images/members/1724999793.jpg,https://scstatehouse.gov/member.php?code=1724999793;https://www.scstatehouse.gov/member.php?code=1724999793,https://ballotpedia.org/Mark_Smith_(South_Carolina);https://en.wikipedia.org/wiki/Mark_Smith_(South_Carolina_politician);https://justfacts.votesmart.org/candidate/160942/marvin-smith;https://scstatehouse.gov/member.php?chamber=H;https://scstatehouse.gov/member.php?code=1724999793;https://www.linkedin.com/in/mark-m-smith-cfsp-56a37824;https://www.scstatehouse.gov/member.php?chamber=H;https://www.scstatehouse.gov/member.php?code=1724999793,,,,,,,,,,,
ocd-person/1bf0b19d-9fa1-474a-99f2-16e7835064cf,Matt Leber,Republican,41,upper,Matt,Leber,Male,matthewleber@scsenate.gov,,1973-04-05,,https://scstatehouse.gov/images/members/1074431690.jpg,https://scstatehouse.gov/member.php?code=1074431690;https://www.scstatehouse.gov/member.php?code=1074431690,https://ballotpedia.org/Matthew_Leber;https://en.wikipedia.org/wiki/Matt_Leber;https://justfacts.votesmart.org/candidate/biography/205505/matt-leber;https://scstatehouse.gov/member.php?chamber=H;https://scstatehouse.gov/member.php?code=1074431690;https://www.linkedin.com/in/matt-leber-879a80279;https://www.scstatehouse.gov/member.php?code=1074431690,,,,,,,,,,,
ocd-person/b3dcafed-7f7a-4b8b-8a5e-a517d768ed42,Melissa Oremus,Republican,84,lower,Melissa,Oremus,Female,melissaoremus@schouse.gov,,1978-11-17,,https://scstatehouse.gov/images/members/1432386192.jpg,https://scstatehouse.gov/member.php?code=1432386192;https://www.scstatehouse.gov/member.php?code=1432386192,https://ballotpedia.org/Melissa_Oremus;https://en.wikipedia.org/wiki/Melissa_Lackey_Oremus;https://scstatehouse.gov/member.php?chamber=H;https://scstatehouse.gov/member.php?code=1432386192;https://www.linkedin.com/in/melissa-lackey-oremus-3156517;https://www.scstatehouse.gov/member.php?chamber=H;https://www.scstatehouse.gov/member.php?code=1432386192,,,,,,,,,,,
ocd-person/32c6ccd9-4b56-4075-a99b-1882f4dd176d,Micah Caskey,Republican,89,lower,Micah,Caskey,Male,micahcaskey@schouse.gov,,1981-06-02,,https://scstatehouse.gov/images/members/0329545415.jpg,https://scstatehouse.gov/member.php?code=0329545415;https://www.scstatehouse.gov/member.php?code=0329545415,https://ballotpedia.org/Micah_Caskey;https://en.wikipedia.org/wiki/Micah_Caskey;https://justfacts.votesmart.org/candidate/biography/168999/micah-caskey-iv;https://scstatehouse.gov/member.php?chamber=H;https://scstatehouse.gov/member.php?code=0329545415;https://www.linkedin.com/in/micahcaskey;https://www.scstatehouse.gov/member.php?chamber=H;https://www.scstatehouse.gov/member.php?code=0329545415,,,,,,,,,,,
ocd-person/ebf046cf-233e-4c98-b78e-4cefbb07615b,Michael Rivers,Democratic,121,lower,Michael,Rivers,Male,michaelrivers@schouse.gov,,1958-10-16,,https://scstatehouse.gov/images/members/1564346404.jpg,https://scstatehouse.gov/member.php?code=1564346404;https://www.scstatehouse.gov/member.php?code=1564346404,https://ballotpedia.org/Michael_Rivers;https://en.wikipedia.org/wiki/Michael_F._Rivers_Sr.;https://justfacts.votesmart.org/candidate/biography/169017/michael-rivers-sr;https://scstatehouse.gov/member.php?chamber=H;https://scstatehouse.gov/member.php?code=1564346404;https://www.scstatehouse.gov/member.php?chamber=H;https://www.scstatehouse.gov/member.php?code=1564346404,,,,,,,,,,,
ocd-person/ef901990-e178-4836-b40c-1b5822227650,Michael Johnson,Republican,16,upper,Michael,Johnson,Male,michaeljohnson@scsenate.gov,,1970-11-22,,https://scstatehouse.gov/images/members/0949431704.jpg,https://scstatehouse.gov/member.php?code=0949431704;https://www.scstatehouse.gov/member.php?code=0949431704,https://ballotpedia.org/Michael_Johnson_(South_Carolina);https://en.wikipedia.org/wiki/Michael_Johnson_%28South_Carolina_politician%29;https://justfacts.votesmart.org/candidate/biography/48039/michael-johnson;https://scstatehouse.gov/member.php?chamber=S;https://scstatehouse.gov/member.php?code=0949431704;https://www.linkedin.com/in/michael-johnson-577b7412;https://www.scstatehouse.gov/member.php?chamber=S;https://www.scstatehouse.gov/member.php?code=0949431704,,,,,,,,,,,
ocd-person/52d745c3-ccb7-41db-9b4a-624c757b678a,Mike Gambrell,Republican,4,upper,Mike,Gambrell,Male,mwgambrell@bellsouth.net,,1958-01-10,,https://scstatehouse.gov/images/members/0635227197.jpg,https://scstatehouse.gov/member.php?code=0635227197;https://www.scstatehouse.gov/member.php?code=0635227197,https://ballotpedia.org/Michael_Gambrell;https://en.wikipedia.org/wiki/Michael_Gambrell;https://justfacts.votesmart.org/candidate/biography/56638/mike-gambrell;https://scstatehouse.gov/member.php?chamber=S;https://scstatehouse.gov/member.php?code=0635227197;https://www.linkedin.com/in/mike-gambrell-6a95a755;https://www.scstatehouse.gov/member.php?chamber=H;https://www.scstatehouse.gov/member.php?chamber=S;https://www.scstatehouse.gov/member.php?code=0635227197,,,,,,,,,,,
ocd-person/c2a237ba-67b6-4280-9cf2-430f1d10d28e,Mike Reichenbach,Republican,31,upper,Mike,Reichenbach,Male,mikereichenbach@scsenate.gov,,1971-10-29,,https://scstatehouse.gov/images/members/1528408908.jpg,https://scstatehouse.gov/member.php?code=1528408908;https://www.scstatehouse.gov/member.php?code=1528408908,https://ballotpedia.org/Mike_Reichenbach;https://justfacts.votesmart.org/candidate/biography/201397/mike-reichenbach;https://scstatehouse.gov/member.php?chamber=S;https://scstatehouse.gov/member.php?code=1528408908;https://www.linkedin.com/in/mike-reichenbach-a034bb7;https://www.scstatehouse.gov/member.php?chamber=S;https://www.scstatehouse.gov/member.php?code=1528408908,,,,,,,,,,,
ocd-person/129fde97-b4fa-4004-bfb9-f96169a7c0a5,Nathan Ballentine,Republican,71,lower,Nathan,Ballentine,Male,nathanballentine@schouse.gov,,1970-12-10,,https://scstatehouse.gov/images/members/0102272715.jpg,https://scstatehouse.gov/member.php?code=0102272715;https://www.scstatehouse.gov/member.php?code=0102272715,https://ballotpedia.org/Nathan_Ballentine;https://en.wikipedia.org/wiki/Nathan_Ballentine;https://justfacts.votesmart.org/candidate/biography/47966/nathan-ballentine;https://scstatehouse.gov/member.php?chamber=H;https://scstatehouse.gov/member.php?code=0102272715;https://www.linkedin.com/in/nathanballentine1970/?trk=pub-pbmap&originalSubdomain=nl;https://www.scstatehouse.gov/member.php?chamber=H;https://www.scstatehouse.gov/member.php?code=0102272715,,,,,,,,,,,
ocd-person/73b7f73e-705e-409a-b582-51060e573fd5,Neal Collins,Republican,5,lower,Neal,Collins,Male,nealcollins@schouse.gov,,1982-07-06,,https://scstatehouse.gov/images/members/0388636317.jpg,https://scstatehouse.gov/member.php?code=0388636317;https://www.scstatehouse.gov/member.php?code=0388636317,https://ballotpedia.org/Neal_Collins;https://en.wikipedia.org/wiki/Neal_Collins_(politician);https://justfacts.votesmart.org/candidate/biography/121780/neal-collins;https://scstatehouse.gov/member.php?chamber=H;https://scstatehouse.gov/member.php?code=0388636317;https://www.linkedin.com/in/neal-collins-261395220;https://www.scstatehouse.gov/member.php?chamber=H;https://www.scstatehouse.gov/member.php?code=0388636317,,,,,,,,,,,
ocd-person/3e43cada-6457-40bf-9f6d-ed024f737177,Overture Walker,Democratic,22,upper,Overture,Walker,Male,overturewalker@scsenate.gov,,1980-09-30,,https://overture4scsenate.com/wp-content/uploads/2024/05/Screenshot-2024-05-09-at-12.12.03%E2%80%AFPM-813x1024.png,https://www.scstatehouse.gov/member.php?code=1889772501,https://ballotpedia.org/Overture_Walker;https://en.wikipedia.org/wiki/Overture_Walker;https://justfacts.votesmart.org/candidate/biography/196975/overture-walker;https://stoneywalkerlaw.com/overture-e-walker;https://www.linkedin.com/in/overture-walker-2b886027;https://www.scstatehouse.gov/member.php?code=1889772501,,,,,,,,,,,
ocd-person/08f0816c-5d19-47df-90fb-1249e3f50fae,Patrick Haddon,Republican,19,lower,Patrick,Haddon,Male,patrick@patrickhaddon.com,,1977-09-15,,https://scstatehouse.gov/images/members/0733806731.jpg,https://scstatehouse.gov/member.php?code=0733806731;https://www.scstatehouse.gov/member.php?code=0733806731,https://ballotpedia.org/Patrick_Haddon;https://en.wikipedia.org/wiki/Patrick_Haddon;https://justfacts.votesmart.org/candidate/biography/104954/patrick-haddon;https://scstatehouse.gov/member.php?chamber=H;https://scstatehouse.gov/member.php?code=0733806731;https://www.linkedin.com/in/patrickhaddon;https://www.scstatehouse.gov/member.php?chamber=H;https://www.scstatehouse.gov/member.php?code=0733806731,,,,,,,,,,,
ocd-person/4774fe34-b398-48bb-98b8-4ce344781e6c,Paul Wickensimer,Republican,22,lower,Paul,Wickensimer,Male,paulwickensimer@schouse.gov,,1952-06-07,,"https://static.wixstatic.com/media/669915_0fcf6e9fdd9e484b959c5ec5b9c80ce2~mv2.jpg/v1/fill/w_489,h_982,al_l,q_85,usm_0.66_1.00_0.01,enc_avif,quality_auto/669915_0fcf6e9fdd9e484b959c5ec5b9c80ce2~mv2.jpg",https://www.scstatehouse.gov/member.php?code=1914630453,https://ballotpedia.org/Paul_Wickensimer;https://en.wikipedia.org/wiki/Paul_Wickensimer;https://justfacts.votesmart.org/candidate/216305/paul-wickensimer;https://www.scstatehouse.gov/member.php?code=1914630453,,,,,,,,,,,
ocd-person/ee278d2b-ce89-40bf-af2c-42ede04e3afd,Paula Calhoon,Republican,87,lower,Paula,Calhoon,Female,paulacalhoon@schouse.gov,,1957-12-06,,https://scstatehouse.gov/images/members/0293181783.jpg,https://scstatehouse.gov/member.php?code=0293181783;https://www.scstatehouse.gov/member.php?code=0293181783,https://ballotpedia.org/Paula_Rawl_Calhoon;https://en.wikipedia.org/wiki/Paula_Rawl_Calhoon;https://justfacts.votesmart.org/candidate/biography/181047/paula-calhoon;https://scstatehouse.gov/member.php?chamber=H;https://scstatehouse.gov/member.php?code=0293181783;https://www.scstatehouse.gov/member.php?chamber=H;https://www.scstatehouse.gov/member.php?code=0293181783,,,,,,,,,,,
ocd-person/30bbaf18-f705-40eb-a035-be01314f1b44,Phillip Bowers,Republican,3,lower,Phillip,Bowers,Male,phillipbowers@schouse.gov,,,,https://s3.amazonaws.com/ballotpedia-api4/files/thumbs/200/300/Phillip_Bowers.PNG,https://www.scstatehouse.gov/member.php?code=0169318162,https://ballotpedia.org/Phillip_Bowers;https://en.wikipedia.org/wiki/Phillip_Bowers;https://justfacts.votesmart.org/candidate/biography/48068/phillip-bowers;https://www.linkedin.com/in/phillip-bowers-ms-pmp-22574713;https://www.scstatehouse.gov/member.php?code=0169318162,,,,,,,,,,,
ocd-person/92bc68c6-b20b-4eec-a315-b0d5495db8ec,Phillip Lowe,Republican,60,lower,Phillip,Lowe,Male,philliplowe@schouse.gov,,1958-12-16,,https://scstatehouse.gov/images/members/1125568047.jpg,https://scstatehouse.gov/member.php?code=1125568047;https://www.scstatehouse.gov/member.php?code=1125568047,https://ballotpedia.org/Phillip_Lowe_(South_Carolina);https://en.wikipedia.org/wiki/Phillip_Lowe;https://justfacts.votesmart.org/candidate/biography/60353/phillip-lowe;https://scstatehouse.gov/member.php?chamber=H;https://scstatehouse.gov/member.php?code=1125568047;https://www.scstatehouse.gov/member.php?chamber=H;https://www.scstatehouse.gov/member.php?code=1125568047,,,,,,,,,,,
ocd-person/bfea6436-5d17-4d26-bc37-15f1a975575e,Rex Rice,Republican,2,upper,Rex,Rice,Male,rexrice@scsenate.gov,,1957-05-09,,https://scstatehouse.gov/images/members/1547727087.jpg,https://scstatehouse.gov/member.php?code=1547727087;https://www.scstatehouse.gov/member.php?code=1547727087,https://ballotpedia.org/Rex_Rice;https://justfacts.votesmart.org/candidate/biography/8939/rex-rice;https://scstatehouse.gov/member.php?chamber=S;https://scstatehouse.gov/member.php?code=1547727087;https://www.linkedin.com/in/rex-rice-39b84570;https://www.rexrice.com/bio;https://www.scstatehouse.gov/member.php?chamber=S;https://www.scstatehouse.gov/member.php?code=1547727087,,,,,,,,,,,
ocd-person/69162972-6151-4fe2-b5fe-dee599d86ad3,Richard Cash,Republican,3,upper,Richard,Cash,Male,richardcash@scsenate.gov,,1960-03-31,,https://scstatehouse.gov/images/members/0328409052.jpg,https://scstatehouse.gov/member.php?code=0328409052;https://www.scstatehouse.gov/member.php?code=0328409052,https://ballotpedia.org/Richard_Cash;https://en.wikipedia.org/wiki/Richard_Cash;https://en.wikipedia.org/wiki/Richard_Cash_(politician);https://justfacts.votesmart.org/candidate/biography/121778/richard-cash;https://scstatehouse.gov/member.php?chamber=S;https://scstatehouse.gov/member.php?code=0328409052;https://www.linkedin.com/in/richard-cash-18b91912;https://www.scstatehouse.gov/member.php?chamber=S;https://www.scstatehouse.gov/member.php?code=0328409052,,,,,,,,,,,
ocd-person/ebfb814e-0b47-4d8f-be94-63718f71a96c,Richie Yow,Republican,53,lower,Richie,Yow,Male,richieyow@schouse.gov,,1974-10-28,,https://scstatehouse.gov/images/members/1998863577.jpg,https://scstatehouse.gov/member.php?code=1998863577;https://www.scstatehouse.gov/member.php?code=1998863577,https://ballotpedia.org/Richie_Yow;https://en.wikipedia.org/wiki/Richie_Yow;https://justfacts.votesmart.org/candidate/biography/139467/richie-yow;https://scstatehouse.gov/member.php?chamber=H;https://scstatehouse.gov/member.php?code=1998863577;https://treely.wixsite.com/yowtemplate03/about;https://www.scstatehouse.gov/member.php?chamber=H;https://www.scstatehouse.gov/member.php?code=1998863577,,,,,,,,,,,
ocd-person/ea7da5ce-c132-44b0-8b3c-33745f9d3e4b,Robby Robbins,Republican,97,lower,Robby,Robbins,Male,robertrobbins@schouse.gov,,1962-05-05,,https://scstatehouse.gov/images/members/1565340722.jpg,https://scstatehouse.gov/member.php?code=1565340722;https://www.scstatehouse.gov/member.php?code=1565340722,https://ballotpedia.org/Robby_Robbins;https://en.wikipedia.org/wiki/Robby_Robbins;https://justfacts.votesmart.org/candidate/201399/robby-robbins;https://scstatehouse.gov/member.php?chamber=H;https://scstatehouse.gov/member.php?code=1565340722;https://www.linkedin.com/in/robby-robbins-a1b1ab8;https://www.scstatehouse.gov/member.php?chamber=H;https://www.scstatehouse.gov/member.php?code=1565340722;https://www.tktlawyers.com/our-firm/robert-d-robbins,,,,,,,,,,,
ocd-person/5bc3db4e-8055-4952-a217-1520e26c8929,Rob Harris,Republican,36,lower,Rob,Harris,Male,robharris@schouse.gov,,1965-06-02,,https://scstatehouse.gov/images/members/0764772636.jpg,https://scstatehouse.gov/member.php?code=0764772636;https://www.scstatehouse.gov/member.php?code=0764772636,https://ballotpedia.org/Robert_Harris_(South_Carolina);https://en.wikipedia.org/wiki/Rob_Harris_(South_Carolina_politician);https://justfacts.votesmart.org/candidate/205425/rob-harris;https://scstatehouse.gov/member.php?chamber=H;https://scstatehouse.gov/member.php?code=0764772636;https://www.scstatehouse.gov/member.php?code=0764772636,,,,,,,,,,,
ocd-person/1b83cb36-84ea-44b1-b234-14ca1151c7a4,Robert Williams,Democratic,62,lower,Robert,Williams,Male,robertwilliams@schouse.gov,,1964-07-12,,https://scstatehouse.gov/images/members/1942045222.jpg,https://scstatehouse.gov/member.php?code=1942045222;https://www.scstatehouse.gov/member.php?code=1942045222,https://ballotpedia.org/Robert_Williams_(South_Carolina_Representative);https://en.wikipedia.org/wiki/Robert_Q._Williams;https://justfacts.votesmart.org/candidate/biography/56499/robert-williams;https://scstatehouse.gov/member.php?chamber=H;https://scstatehouse.gov/member.php?code=1942045222;https://www.scstatehouse.gov/member.php?chamber=H;https://www.scstatehouse.gov/member.php?code=1942045222,,,,,,,,,,,
ocd-person/82c25564-6f95-4fbc-96b8-2ab8a5954a4b,Robert Reese,Democratic,70,lower,Robert,Reese,Male,robertreese@schouse.gov,,1967-11-13,,https://i0.wp.com/robertreeseforsc70.com/wp-content/uploads/2024/05/Rob_Marketing_-08-removebg-preview.png?w=408&ssl=1,https://www.scstatehouse.gov/member.php?code=1527840726,https://ballotpedia.org/Robert_Reese;https://en.wikipedia.org/wiki/Robert_Reese;https://justfacts.votesmart.org/candidate/biography/216350/robert-reese;https://www.linkedin.com/in/robert-reese-47903928;https://www.scstatehouse.gov/member.php?code=1527840726,,,,,,,,,,,
ocd-person/9aa18702-15a2-4281-926b-4e980f2e8aa0,Roger Kirby,Democratic,101,lower,Roger,Kirby,Male,rogerkirby@schouse.gov,,1960-04-20,,https://scstatehouse.gov/images/members/1006818061.jpg,https://scstatehouse.gov/member.php?code=1006818061;https://www.scstatehouse.gov/member.php?code=1006818061,https://ballotpedia.org/Roger_Kirby;https://en.wikipedia.org/wiki/Roger_K._Kirby;https://justfacts.votesmart.org/candidate/biography/139590/roger-kirby;https://scstatehouse.gov/member.php?chamber=H;https://scstatehouse.gov/member.php?code=1006818061;https://www.linkedin.com/in/roger-kirby-3622ab21;https://www.scstatehouse.gov/member.php?chamber=H;https://www.scstatehouse.gov/member.php?code=1006818061,,,,,,,,,,,
ocd-person/92a0b883-789a-4291-b2f1-330ec804ba12,Ronnie Sabb,Democratic,32,upper,Ronnie,Sabb,Male,ronniesabb@scsenate.gov,,1958-09-02,,https://scstatehouse.gov/images/members/1617045261.jpg,https://scstatehouse.gov/member.php?code=1617045261;https://www.scstatehouse.gov/member.php?code=1617045261,https://ballotpedia.org/Ronnie_Sabb;https://en.wikipedia.org/wiki/Ronnie_A._Sabb;https://justfacts.votesmart.org/candidate/biography/121747/ronnie-sabb;https://scstatehouse.gov/member.php?chamber=S;https://scstatehouse.gov/member.php?code=1617045261;https://www.linkedin.com/in/ronnie-sabb-4a753017b;https://www.scstatehouse.gov/member.php?chamber=S;https://www.scstatehouse.gov/member.php?code=1617045261,,,,,,,,,,,
ocd-person/a8c8738a-88f3-4a32-a61e-96004425b2c3,Ronnie Cromer,Republican,18,upper,Ronnie,Cromer,Male,ronniecromer@scsenate.gov,,1947-12-01,,https://scstatehouse.gov/images/members/0438636311.jpg,https://scstatehouse.gov/member.php?code=0438636311;https://www.scstatehouse.gov/member.php?code=0438636311,https://ballotpedia.org/Ronnie_Cromer;https://en.wikipedia.org/wiki/Ronnie_W._Cromer;https://justfacts.votesmart.org/candidate/biography/25065/ronnie-cromer;https://scstatehouse.gov/member.php?chamber=S;https://scstatehouse.gov/member.php?code=0438636311;https://www.linkedin.com/in/ronnie-cromer-77b45730;https://www.scstatehouse.gov/member.php?chamber=S;https://www.scstatehouse.gov/member.php?code=0438636311,,,,,,,,,,,
ocd-person/6a6c75f2-f3be-4764-9b7d-04b13c28b4aa,Rosalyn Henderson-Myers,Democratic,31,lower,Rosalyn,Henderson-Myers,Female,rosalynhenderson-myers@schouse.gov,,,,https://scstatehouse.gov/images/members/0824999901.jpg,https://scstatehouse.gov/member.php?code=0824999901;https://www.scstatehouse.gov/member.php?code=0824999901,https://ballotpedia.org/Rosalyn_Henderson-Myers;https://ballotpedia.org/Rosalyn_Henderson_Myers;https://en.wikipedia.org/wiki/Rosalyn_Henderson-Myers;https://justfacts.votesmart.org/candidate/174445/rosalyn-henderson-myers;https://scstatehouse.gov/member.php?chamber=H;https://scstatehouse.gov/member.php?code=0824999901;https://www.linkedin.com/in/representative-dr-rosalyn-henderson-myers-20389317;https://www.scstatehouse.gov/member.php?chamber=H;https://www.scstatehouse.gov/member.php?code=0824999901,,,,,,,,,,,
ocd-person/bf0e5259-d4e3-472c-a3a0-384eab1e8ae2,Ross Turner,Republican,8,upper,Ross,Turner,Male,rossturner@scsenate.gov,,1964-05-15,,https://scstatehouse.gov/images/members/1847727051.jpg,https://scstatehouse.gov/member.php?code=1847727051;https://www.scstatehouse.gov/member.php?code=1847727051,https://ballotpedia.org/Ross_Turner;https://en.wikipedia.org/wiki/Ross_Turner;https://justfacts.votesmart.org/candidate/biography/139420/ross-turner;https://scstatehouse.gov/member.php?chamber=S;https://scstatehouse.gov/member.php?code=1847727051;https://www.linkedin.com/in/senator-ross-turner-59707048;https://www.linkedin.com/in/senatorrossturner;https://www.scstatehouse.gov/member.php?chamber=S;https://www.scstatehouse.gov/member.php?code=1847727051,,,,,,,,,,,
ocd-person/458d191f-6584-4548-b464-a3a24cda3cf3,Russell Ott,Democratic,26,upper,Russell,Ott,Male,russellott@scsenate.gov,,,,https://scstatehouse.gov/images/members/1433096420.jpg,https://scstatehouse.gov/member.php?code=1433096420;https://www.scstatehouse.gov/member.php?code=1433096420,https://ballotpedia.org/Russell_L._Ott;https://en.wikipedia.org/wiki/Russell_Ott;https://justfacts.votesmart.org/candidate/biography/144829/russell-ott;https://scstatehouse.gov/member.php?chamber=H;https://scstatehouse.gov/member.php?code=1433096420;https://www.scstatehouse.gov/member.php?chamber=H;https://www.scstatehouse.gov/member.php?code=1433096420,,,,,,,,,,,
ocd-person/60078bba-44b1-4606-9943-470d3b3ffbb2,Sarita Edgerton,Republican,34,lower,Sarita,Edgerton,Female,saritaedgerton@schouse.gov,,,,https://s3.amazonaws.com/ballotpedia-api4/files/thumbs/200/300/SaritaEdgerton2024.jpeg,https://www.scstatehouse.gov/member.php?code=0522159029,https://ballotpedia.org/Sarita_Edgerton;https://en.wikipedia.org/wiki/Sarita_Edgerton;https://justfacts.votesmart.org/candidate/216321/sarita-edgerton;https://www.linkedin.com/in/sarita-edgerton-58a91810;https://www.scstatehouse.gov/member.php?code=0522159029,,,,,,,,,,,
ocd-person/afbbce75-a054-458a-ad5f-95ac385510f2,Scott Montgomery,Republican,32,lower,Scott,Montgomery,Male,scottmontgomery@schouse.gov,,1975-05-19,,"https://static.wixstatic.com/media/78a712_6c314e5806da4a328efc91387de831c7~mv2.jpg/v1/fill/w_321,h_446,al_c,q_80,usm_0.66_1.00_0.01,enc_avif,quality_auto/DSC_6157-Edit.jpg",https://www.scstatehouse.gov/member.php?code=1351704384,https://ballotpedia.org/Scott_Montgomery;https://en.wikipedia.org/wiki/Scott_Montgomery_(politician);https://justfacts.votesmart.org/candidate/biography/216319/scott-montgomery;https://www.linkedin.com/in/scott-montgomery-0bb627;https://www.scstatehouse.gov/member.php?code=1351704384,,,,,,,,,,,
ocd-person/3265c6c1-e300-4fd3-9d61-1cef57279d67,Sean Bennett,Republican,38,upper,Sean,Bennett,Male,seanbennett@scsenate.gov,,1968-05-13,,https://scstatehouse.gov/images/members/0141193165.jpg,https://scstatehouse.gov/member.php?code=0141193165;https://www.scstatehouse.gov/member.php?code=0141193165,https://ballotpedia.org/Sean_Bennett;https://en.wikipedia.org/wiki/Sean_Bennett_(politician);https://justfacts.votesmart.org/candidate/biography/139441/sean-bennett;https://scstatehouse.gov/member.php?chamber=S;https://scstatehouse.gov/member.php?code=0141193165;https://www.linkedin.com/in/bennettscsenate;https://www.scstatehouse.gov/member.php?chamber=S;https://www.scstatehouse.gov/member.php?code=0141193165,,,,,,,,,,,
ocd-person/6f3e5d6a-0e85-4af0-9711-1eaa7e3da981,Seth Rose,Democratic,72,lower,Seth,Rose,Male,sethrose@schouse.gov,,1980-12-26,,https://scstatehouse.gov/images/members/1584090719.jpg,https://scstatehouse.gov/member.php?code=1584090719;https://www.scstatehouse.gov/member.php?code=1584090719,https://ballotpedia.org/Seth_Rose;https://en.wikipedia.org/wiki/Seth_Rose;https://justfacts.votesmart.org/candidate/biography/132461/seth-rose;https://scstatehouse.gov/member.php?chamber=H;https://scstatehouse.gov/member.php?code=1584090719;https://sethroselaw.com/profile;https://www.scstatehouse.gov/member.php?chamber=H;https://www.scstatehouse.gov/member.php?code=1584090719,,,,,,,,,,,
ocd-person/6409590b-b759-47e0-ba61-cfe5aee94228,Shane Martin,Republican,13,upper,Shane,Martin,Male,shanemartin@scsenate.gov,,1971-12-31,,https://scstatehouse.gov/images/members/1179545313.jpg,https://scstatehouse.gov/member.php?code=1179545313;https://www.scstatehouse.gov/member.php?code=1179545313,https://ballotpedia.org/Shane_Martin;https://en.wikipedia.org/wiki/Shane_Martin;https://justfacts.votesmart.org/candidate/biography/104962/shane-martin;https://scstatehouse.gov/member.php?chamber=S;https://scstatehouse.gov/member.php?code=1179545313;https://www.scstatehouse.gov/member.php?chamber=S;https://www.scstatehouse.gov/member.php?code=1179545313,,,,,,,,,,,
ocd-person/2bc4de0d-45ee-4cb7-8fda-f0a54a9a7492,Shannon Erickson,Republican,124,lower,Shannon,Erickson,Female,shannonerickson@schouse.gov,,1963-04-21,,https://scstatehouse.gov/images/members/0539772663.jpg,https://scstatehouse.gov/member.php?code=0539772663;https://www.ericksonforhouse.com/;https://www.scstatehouse.gov/member.php?code=0539772663,https://ballotpedia.org/Shannon_Erickson;https://en.wikipedia.org/wiki/Shannon_Erickson;https://justfacts.votesmart.org/candidate/biography/101096/shannon-erickson;https://scstatehouse.gov/member.php?chamber=H;https://scstatehouse.gov/member.php?code=0539772663;https://www.ericksonforhouse.com;https://www.ericksonforhouse.com/about-shannon;https://www.linkedin.com/in/shannon-erickson-40323310;https://www.scstatehouse.gov/member.php?chamber=H;https://www.scstatehouse.gov/member.php?code=0539772663,,,,,,,,,,,
ocd-person/c706a635-007e-45fa-90c1-0961d0e4cd2f,Stephen Frank,Republican,20,lower,Stephen,Frank,Male,stephenfrank@schouse.gov,,1987-11-04,,https://votestephenfrank.com/wp-content/uploads/2024/05/430804199_10168719229715314_3862493250670651338_n.jpg,https://www.scstatehouse.gov/member.php?code=0614772654,https://ballotpedia.org/Stephen_Frank;https://en.wikipedia.org/wiki/Stephen_Frank;https://justfacts.votesmart.org/candidate/biography/216282/stephen-frank;https://www.linkedin.com/in/stephendanielfrank;https://www.scstatehouse.gov/member.php?code=0614772654,,,,,,,,,,,
ocd-person/9837e1c5-5014-4306-9f78-1550b1a9a2c2,Stephen Goldfinch,Republican,34,upper,Stephen,Goldfinch,Male,stephen@stephengoldfinch.com,,1982-11-19,,https://scstatehouse.gov/images/members/0682386282.jpg,https://scstatehouse.gov/member.php?code=0682386282;https://www.scstatehouse.gov/member.php?code=0682386282,"https://ballotpedia.org/Stephen_Goldfinch,_Jr.;https://en.wikipedia.org/wiki/Stephen_Goldfinch;https://justfacts.votesmart.org/candidate/139491/stephen-goldfinch-jr;https://scstatehouse.gov/member.php?chamber=S;https://scstatehouse.gov/member.php?code=0682386282;https://stephengoldfinch.com/about;https://www.linkedin.com/in/stephen-goldfinch-083bb019;https://www.scstatehouse.gov/member.php?chamber=S;https://www.scstatehouse.gov/member.php?code=0682386282",,,,,,,,,,,
ocd-person/72f330b5-9ae0-40e6-b1d2-0ab6725cccf2,Steven Long,Republican,37,lower,Steven,Long,Male,stevenlong@schouse.gov,,1994-04-14,,https://scstatehouse.gov/images/members/1120454411.jpg,https://scstatehouse.gov/member.php?code=1120454411;https://www.scstatehouse.gov/member.php?code=1120454411,https://ballotpedia.org/Steven_Long;https://ballotpedia.org/Steven_Long_(South_Carolina);https://en.wikipedia.org/wiki/Steven_Wayne_Long;https://justfacts.votesmart.org/candidate/biography/168960/steven-long;https://scstatehouse.gov/member.php?chamber=H;https://scstatehouse.gov/member.php?code=1120454411;https://www.linkedin.com/in/stevenwlong;https://www.scstatehouse.gov/member.php?chamber=H;https://www.scstatehouse.gov/member.php?code=1120454411,,,,,,,,,,,
ocd-person/36dea3e2-2ea8-47e8-84df-cfc4a28073e7,Sylleste Davis,Republican,100,lower,Sylleste,Davis,Female,syllestedavis@schouse.gov,,1961-10-12,,https://scstatehouse.gov/images/members/0456249946.jpg,https://scstatehouse.gov/member.php?code=0456249946;https://www.scstatehouse.gov/member.php?code=0456249946,https://ballotpedia.org/Sylleste_Davis;https://en.wikipedia.org/wiki/Sylleste_Davis;https://justfacts.votesmart.org/candidate/biography/172947/sylleste-davis;https://scstatehouse.gov/member.php?chamber=H;https://scstatehouse.gov/member.php?code=0456249946;https://www.linkedin.com/in/sylleste-davis-86984129;https://www.linkedin.com/in/syllestedavis;https://www.scstatehouse.gov/member.php?chamber=H;https://www.scstatehouse.gov/member.php?code=0456249946,,,,,,,,,,,
ocd-person/10d51991-3dec-499f-8ed2-9c5685de9b00,Alan Morgan,Republican,18,lower,Alan,Morgan,Male,alanmorgan@schouse.gov,,1988-02-08,,https://scstatehouse.gov/images/members/1374999835.jpg,https://scstatehouse.gov/member.php?code=1374999835;https://www.scstatehouse.gov/member.php?code=1374999835,https://ballotpedia.org/Alan_Morgan;https://en.wikipedia.org/wiki/Alan_Morgan_(politician);https://justfacts.votesmart.org/candidate/biography/204133/t-alan-morgan;https://scstatehouse.gov/member.php?chamber=H;https://scstatehouse.gov/member.php?code=1374999835;https://www.linkedin.com/in/alan-morgan;https://www.scstatehouse.gov/member.php?chamber=H;https://www.scstatehouse.gov/member.php?code=1374999835,,,,,,,,,,,
ocd-person/51410bac-c642-4cd8-9935-dd87b16a6972,Tameika Isaac Devine,Democratic,19,upper,Tameika,Isaac Devine,Female,tameikaisaacdevine@scsenate.gov,,1972-12-05,,,https://www.scstatehouse.gov/member.php?code=0477840852,https://ballotpedia.org/Tameika_Isaac_Devine;https://en.wikipedia.org/wiki/Tameika_Isaac_Devine;https://justfacts.votesmart.org/candidate/biography/78980/tameika-devine;https://www.linkedin.com/in/tameikaisaacdevine;https://www.scstatehouse.gov/member.php?code=0477840852,,,,,,,,,,,
ocd-person/ae65876e-c27c-49ff-a49f-d58bcbbd4bd5,Terry Alexander,Democratic,59,lower,Terry,Alexander,Male,terryalexander@schouse.gov,,1955-01-23,,https://scstatehouse.gov/images/members/0011363635.jpg,https://scstatehouse.gov/member.php?code=0011363635;https://www.scstatehouse.gov/member.php?code=0011363635,https://ballotpedia.org/Terry_Alexander;https://en.wikipedia.org/wiki/Terry_Alexander_(politician);https://justfacts.votesmart.org/candidate/56704/terry-alexander;https://scstatehouse.gov/member.php?chamber=H;https://scstatehouse.gov/member.php?code=0011363635;https://www.linkedin.com/in/terry-alexander-6182325;https://www.scstatehouse.gov/member.php?chamber=H;https://www.scstatehouse.gov/member.php?code=0011363635,,,,,,,,,,,
ocd-person/2ac35060-d236-438e-a3ec-6ad2be0f53c6,Thomas Beach,Republican,10,lower,Thomas,Beach,Male,thomasbeach@schouse.gov,,1974-12-03,,https://scstatehouse.gov/images/members/0129545439.jpg,https://scstatehouse.gov/member.php?code=0129545439;https://www.scstatehouse.gov/member.php?code=0129545439,https://ballotpedia.org/Thomas_Beach;https://en.wikipedia.org/wiki/Thomas_Beach_(politician);https://justfacts.votesmart.org/candidate/biography/205389/thomas-beach;https://scstatehouse.gov/member.php?chamber=H;https://scstatehouse.gov/member.php?code=0129545439;https://www.linkedin.com/in/thomas-beach-b39b563a;https://www.scstatehouse.gov/member.php?code=0129545439,,,,,,,,,,,
ocd-person/06c7c886-4087-499e-855c-f36b0fa75195,Tom Alexander,Republican,1,upper,Tom,Alexander,Male,thomasalexander@scsenate.gov,,1956-07-25,,https://scstatehouse.gov/images/members/0013636362.jpg,https://scstatehouse.gov/member.php?code=0013636362;https://www.scstatehouse.gov/member.php?code=0013636362,https://ballotpedia.org/Thomas_Alexander;https://en.wikipedia.org/wiki/Thomas_C._Alexander;https://justfacts.votesmart.org/candidate/biography/3941/thomas-alexander;https://scstatehouse.gov/member.php?chamber=S;https://scstatehouse.gov/member.php?code=0013636362;https://www.linkedin.com/in/thomas-alexander-74006a6;https://www.scstatehouse.gov/member.php?chamber=S;https://www.scstatehouse.gov/member.php?code=0013636362,,,,,,,,,,,
ocd-person/30329193-5519-45c5-a7de-f841e62b91ac,Case Brittain,Republican,107,lower,Case,Brittain,Male,casebrittain@schouse.gov,,1978-03-28,,https://scstatehouse.gov/images/members/0202272703.jpg,https://scstatehouse.gov/member.php?code=0202272703;https://www.scstatehouse.gov/member.php?code=0202272703,https://ballotpedia.org/Case_Brittain;https://en.wikipedia.org/wiki/Case_Brittain;https://justfacts.votesmart.org/candidate/191572/case-brittain;https://scstatehouse.gov/member.php?chamber=H;https://scstatehouse.gov/member.php?code=0202272703;https://www.scstatehouse.gov/member.php?chamber=H;https://www.scstatehouse.gov/member.php?code=0202272703,,,,,,,,,,,
ocd-person/25450820-f565-4644-95aa-885948c253c3,Tom Corbin,Republican,5,upper,Tom,Corbin,Male,tomcorbin@scsenate.gov,,1965-01-11,,https://scstatehouse.gov/images/members/0402272679.jpg,https://scstatehouse.gov/member.php?code=0402272679;https://www.scstatehouse.gov/member.php?code=0402272679,https://ballotpedia.org/Tom_Corbin_(South_Carolina);https://en.wikipedia.org/wiki/Tom_Corbin;https://justfacts.votesmart.org/candidate/biography/121705/tom-corbin;https://scstatehouse.gov/member.php?chamber=S;https://scstatehouse.gov/member.php?code=0402272679;https://www.scstatehouse.gov/member.php?chamber=S;https://www.scstatehouse.gov/member.php?code=0402272679,,,,,,,,,,,
ocd-person/f8956197-cf73-4a14-927d-c3a0f62cff4c,Val Guest,Republican,106,lower,Val,Guest,Male,valguest@schouse.gov,,1960-04-07,,https://scstatehouse.gov/images/members/0730113549.jpg,https://scstatehouse.gov/member.php?code=0730113549;https://www.scstatehouse.gov/member.php?code=0730113549,https://ballotpedia.org/Val_Guest;https://en.wikipedia.org/wiki/Thomas_Val_Guest;https://grandstrandattorneys.com/attorney/thomas-d-guest;https://scstatehouse.gov/member.php?chamber=H;https://scstatehouse.gov/member.php?code=0730113549;https://www.linkedin.com/in/thomas-guest-735b09110;https://www.scstatehouse.gov/member.php?code=0730113549,,,,,,,,,,,
ocd-person/7a31b7ee-6b6c-487b-bc69-c3c323357c05,Tommy Pope,Republican,47,lower,Tommy,Pope,Male,tommypope@schouse.gov,,1962-07-24,,https://scstatehouse.gov/images/members/1484090731.jpg,https://scstatehouse.gov/member.php?code=1484090731;https://www.scstatehouse.gov/member.php?code=1484090731,https://ballotpedia.org/Tommy_Pope;https://en.wikipedia.org/wiki/Tommy_Pope_(politician);https://justfacts.votesmart.org/candidate/biography/121790/tommy-pope;https://scstatehouse.gov/member.php?chamber=H;https://scstatehouse.gov/member.php?code=1484090731;https://tommypope.com;https://www.linkedin.com/in/tommy-pope-94a54232;https://www.scstatehouse.gov/member.php?chamber=H;https://www.scstatehouse.gov/member.php?code=1484090731,,,,,,,,,,,
ocd-person/3635c44f-6b49-4e42-bbd7-10dac688f92f,Tom Hartnett,Republican,110,lower,Tom,Hartnett,Male,tomhartnett@schouse.gov,,1971-02-11,,https://scstatehouse.gov/images/members/0774999907.jpg,https://scstatehouse.gov/member.php?code=0774999907;https://www.scstatehouse.gov/member.php?code=0774999907,https://ballotpedia.org/Tom_Hartnett;https://en.wikipedia.org/wiki/Tom_Hartnett_Jr.;https://justfacts.votesmart.org/candidate/205494/tom-hartnett;https://scstatehouse.gov/member.php?chamber=H;https://scstatehouse.gov/member.php?code=0774999907;https://www.linkedin.com/in/tom-hartnett-jr-997a0510;https://www.scstatehouse.gov/member.php?code=0774999907,,,,,,,,,,,
ocd-person/e4ab57f5-cf10-42ea-9c31-a6a4cc1a8c29,Randy Ligon,Republican,43,lower,Randy,Ligon,Male,randyligon@schouse.gov,,,,https://scstatehouse.gov/images/members/1087499870.jpg,https://scstatehouse.gov/member.php?code=1087499870;https://www.scstatehouse.gov/member.php?code=1087499870,https://ballotpedia.org/Randy_Ligon;https://en.wikipedia.org/wiki/Randy_Ligon;https://justfacts.votesmart.org/candidate/biography/181034/randy-ligon;https://scstatehouse.gov/member.php?chamber=H;https://scstatehouse.gov/member.php?code=1087499870;https://www.linkedin.com/in/randy-ligon-96250812;https://www.scstatehouse.gov/member.php?chamber=H;https://www.scstatehouse.gov/member.php?code=1087499870,,,,,,,,,,,
ocd-person/e7352f8b-8faf-42e3-8216-b480056968c0,Tiffany Spann-Wilder,Democratic,109,lower,Tiffany,Spann-Wilder,Female,tiffanyspannwilder@schouse.gov,,,,,https://www.scstatehouse.gov/member.php?code=1742897519,https://ballotpedia.org/Tiffany_Spann-Wilder;https://en.wikipedia.org/wiki/Tiffany_Spann-Wilder;https://justfacts.votesmart.org/candidate/216263/tiffany-spann-wilder;https://spannwilderlaw.com;https://spannwilderlaw.com/attorney-spann-wilder;https://www.linkedin.com/in/tiffany-spann-wilder-2b6913150;https://www.linkedin.com/in/tiffany-spann-wilder-82560b48;https://www.scstatehouse.gov/member.php?code=1742897519;https://www.spannwilder4sc109.com/about.html,,,,,,,,,,,
ocd-person/023895b1-aeb4-410a-84d0-0059b3f10ee3,Tim McGinnis,Republican,56,lower,Tim,McGinnis,Male,timmcginnis@schouse.gov,,1971-07-04,,https://scstatehouse.gov/images/members/1256818031.jpg,https://scstatehouse.gov/member.php?code=1256818031;https://www.scstatehouse.gov/member.php?code=1256818031,https://ballotpedia.org/Tim_McGinnis;https://en.wikipedia.org/wiki/Tim_McGinnis;https://justfacts.votesmart.org/candidate/biography/176728/tim-mcginnis;https://scstatehouse.gov/member.php?chamber=H;https://scstatehouse.gov/member.php?code=1256818031;https://www.linkedin.com/in/tim-mcginnis-5b142b4;https://www.scstatehouse.gov/member.php?chamber=H;https://www.scstatehouse.gov/member.php?code=1256818031,,,,,,,,,,,
ocd-person/33fe6bed-f8b0-4002-90fa-870813b72caf,Tom Davis,Republican,46,upper,Tom,Davis,Male,tomdavis@scsenate.gov,,1960-05-31,,https://scstatehouse.gov/images/members/0456818127.jpg,https://scstatehouse.gov/member.php?code=0456818127;https://www.scstatehouse.gov/member.php?code=0456818127,https://ballotpedia.org/Tom_Davis_(South_Carolina);https://en.wikipedia.org/wiki/Tom_Davis_(South_Carolina_politician);https://harveyandbattey.com/attorneys/thomas-c-davis;https://justfacts.votesmart.org/candidate/biography/104980/tom-davis;https://scstatehouse.gov/member.php?chamber=S;https://scstatehouse.gov/member.php?code=0456818127;https://www.linkedin.com/in/tom-davis-10073927;https://www.linkedin.com/in/tom-davis-4262139;https://www.scstatehouse.gov/member.php?chamber=S;https://www.scstatehouse.gov/member.php?code=0456818127,,,,,,,,,,,
ocd-person/74b41634-f393-47b4-807b-124c14277ecb,Tom Fernandez,Republican,39,upper,Tom,Fernandez,Male,tomfernandez@scsenate.gov,,1978-02-28,,https://tomfernandezforsenate.com/wp-content/uploads/2023/03/tom-fernandez-headshot-2-957x1024.png,https://www.scstatehouse.gov/member.php?code=0574999931,https://ballotpedia.org/Tom_Fernandez;https://en.wikipedia.org/wiki/Tom_Fernandez;https://justfacts.votesmart.org/candidate/biography/181055/tom-fernandez;https://www.linkedin.com/in/tomfernandezjdmba;https://www.scstatehouse.gov/member.php?code=0574999931,,,,,,,,,,,
ocd-person/b01d47f8-2131-4fe5-a611-d1b571696346,Tom Young,Republican,24,upper,Tom,Young,Male,tomyoung@scsenate.gov,,1971-10-08,,https://scstatehouse.gov/images/members/1996590730.jpg,https://scstatehouse.gov/member.php?code=1996590730;https://www.scstatehouse.gov/member.php?code=1996590730,https://ballotpedia.org/Tom_Young_(South_Carolina);https://en.wikipedia.org/wiki/Tom_Young_Jr.;https://justfacts.votesmart.org/candidate/biography/105039/tom-young-jr;https://scstatehouse.gov/member.php?chamber=S;https://scstatehouse.gov/member.php?code=1996590730;https://www.scstatehouse.gov/member.php?chamber=S;https://www.scstatehouse.gov/member.php?code=1996590730,,,,,,,,,,,
ocd-person/3b778652-2293-4f1d-ae0c-7d2308cbe9af,Travis Moore,Republican,33,lower,Travis,Moore,Male,travismoore@schouse.gov,,,,https://scstatehouse.gov/images/members/1365908927.jpg,https://scstatehouse.gov/member.php?code=1365908927;https://www.scstatehouse.gov/member.php?code=1365908927,https://ballotpedia.org/Travis_Moore_(State_legislative_candidate);https://en.wikipedia.org/wiki/Travis_Moore_(politician);https://justfacts.votesmart.org/candidate/biography/191604/travis-moore;https://scstatehouse.gov/member.php?chamber=H;https://scstatehouse.gov/member.php?code=1365908927;https://www.linkedin.com/in/travis-moore-2a5b1050;https://www.scstatehouse.gov/member.php?chamber=H;https://www.scstatehouse.gov/member.php?code=1365908927,,,,,,,,,,,
ocd-person/00d450b3-f427-4e64-b0bd-45609b0a433b,Jay Jordan,Republican,63,lower,Jay,Jordan,Male,jayjordan@schouse.gov,,1980-02-06,,https://scstatehouse.gov/images/members/0957954431.jpg,https://scstatehouse.gov/member.php?code=0957954431;https://www.scstatehouse.gov/member.php?code=0957954431,https://ballotpedia.org/Jay_Jordan;https://en.wikipedia.org/wiki/Jay_Jordan_(politician);https://justfacts.votesmart.org/candidate/biography/135934/jay-jordan-jr;https://scstatehouse.gov/member.php?chamber=H;https://scstatehouse.gov/member.php?code=0957954431;https://www.linkedin.com/in/jay-jordan-59946133;https://www.scstatehouse.gov/member.php?chamber=H;https://www.scstatehouse.gov/member.php?code=0957954431,,,,,,,,,,,
ocd-person/7d11e90b-a028-4947-89d1-ac0788530446,Wendell Gilliard,Democratic,111,lower,Wendell,Gilliard,Male,wendellgilliard@schouse.gov,,1954-07-01,,https://scstatehouse.gov/images/members/0675568101.jpg,https://scstatehouse.gov/member.php?code=0675568101;https://www.scstatehouse.gov/member.php?code=0675568101,https://ballotpedia.org/Wendell_Gilliard;https://en.wikipedia.org/wiki/Wendell_Gilliard;https://justfacts.votesmart.org/candidate/biography/78936/wendell-gilliard;https://scstatehouse.gov/member.php?chamber=H;https://scstatehouse.gov/member.php?code=0675568101;https://www.linkedin.com/in/representative-wendell-g-gilliard-79174518;https://www.scstatehouse.gov/member.php?chamber=H;https://www.scstatehouse.gov/member.php?code=0675568101,,,,,,,,,,,
ocd-person/7a7e6769-eee4-4bb5-8246-a6463457f342,Wendell Jones,Democratic,25,lower,Wendell,Jones,Male,wendelljones@schouse.gov,,1971-03-12,,https://scstatehouse.gov/images/members/0953408977.jpg,https://scstatehouse.gov/member.php?code=0953408977;https://www.scstatehouse.gov/member.php?code=0953408977,https://ballotpedia.org/Wendell_Jones;https://en.wikipedia.org/wiki/Wendell_K._Jones;https://justfacts.votesmart.org/candidate/205394/wendell-jones;https://scstatehouse.gov/member.php?chamber=H;https://scstatehouse.gov/member.php?code=0953408977;https://www.linkedin.com/in/wendell-jones-b9407713;https://www.scstatehouse.gov/member.php?code=0953408977,,,,,,,,,,,
ocd-person/cccdb27c-0ed3-4d26-b2e1-5dd7c94e79ab,Wes Climer,Republican,15,upper,Wes,Climer,Male,wesclimer@scsenate.gov,,1982-09-26,,https://scstatehouse.gov/images/members/0356818139.jpg,https://scstatehouse.gov/member.php?code=0356818139;https://www.scstatehouse.gov/member.php?code=0356818139,https://ballotpedia.org/Wes_Climer;https://en.wikipedia.org/wiki/Wes_Climer;https://justfacts.votesmart.org/candidate/biography/168929/wes-climer;https://scstatehouse.gov/member.php?chamber=S;https://scstatehouse.gov/member.php?code=0356818139;https://www.scstatehouse.gov/member.php?chamber=S;https://www.scstatehouse.gov/member.php?code=0356818139,,,,,,,,,,,
ocd-person/58d2072a-c96a-49b2-8591-a4e186dc28eb,Bill Clyburn,Democratic,82,lower,Bill,Clyburn,Male,billclyburn@schouse.gov,,1941-05-19,,https://scstatehouse.gov/images/members/0363636320.jpg,https://scstatehouse.gov/member.php?code=0363636320;https://www.scstatehouse.gov/member.php?code=0363636320,https://ballotpedia.org/William_Clyburn_Sr.;https://en.wikipedia.org/wiki/Bill_Clyburn;https://justfacts.votesmart.org/candidate/biography/4006/bill-clyburn-sr;https://scstatehouse.gov/member.php?chamber=H;https://scstatehouse.gov/member.php?code=0363636320;https://www.scstatehouse.gov/member.php?chamber=H;https://www.scstatehouse.gov/member.php?code=0363636320,,,,,,,,,,,
ocd-person/e27051a1-60e8-4ad9-b1d2-55360e09ea8c,Bill Herbkersman,Republican,118,lower,Bill,Herbkersman,Male,billherbkerman@schouse.gov,,1958-06-30,,https://scstatehouse.gov/images/members/0832954446.jpg,https://repbillherbkersman.com/;https://scstatehouse.gov/member.php?code=0832954446;https://www.scstatehouse.gov/member.php?code=0832954446,https://ballotpedia.org/Bill_Herbkersman;https://en.wikipedia.org/wiki/Bill_Herbkersman;https://justfacts.votesmart.org/candidate/47897/bill-herbkersman;https://repbillherbkersman.com;https://repbillherbkersman.com/about-bill;https://scstatehouse.gov/member.php?chamber=H;https://scstatehouse.gov/member.php?code=0832954446;https://www.linkedin.com/in/bill-herbkersman-0575507;https://www.scstatehouse.gov/member.php?chamber=H;https://www.scstatehouse.gov/member.php?code=0832954446,,,,,,,,,,,
ocd-person/40032da4-e72a-445f-b2df-7975724e64bb,William Bailey,Republican,104,lower,William,Bailey,Male,williambailey@schouse.gov,,1962-12-04,,https://scstatehouse.gov/images/members/0088636353.jpg,https://scstatehouse.gov/member.php?code=0088636353;https://www.scstatehouse.gov/member.php?code=0088636353,https://ballotpedia.org/William_Bailey;https://en.wikipedia.org/wiki/William_Bailey_(South_Carolina_politician);https://justfacts.votesmart.org/candidate/181058/william-bailey;https://scstatehouse.gov/member.php?chamber=H;https://scstatehouse.gov/member.php?code=0088636353;https://www.linkedin.com/in/william-bailey-a302086a;https://www.scstatehouse.gov/member.php?chamber=H;https://www.scstatehouse.gov/member.php?code=0088636353,,,,,,,,,,,
ocd-person/20240c0c-69e5-445f-b8ca-d33dd377e086,Bill Chumley,Republican,35,lower,Bill,Chumley,Male,billchumley@schouse.gov,,1947-09-24,,https://scstatehouse.gov/images/members/0351704504.jpg,https://scstatehouse.gov/member.php?code=0351704504;https://www.scstatehouse.gov/member.php?code=0351704504,https://ballotpedia.org/Bill_Chumley;https://en.wikipedia.org/wiki/Bill_Chumley;https://justfacts.votesmart.org/candidate/biography/48119/bill-chumley;https://scstatehouse.gov/member.php?chamber=H;https://scstatehouse.gov/member.php?code=0351704504;https://www.linkedin.com/in/bill-chumley-511151bb;https://www.scstatehouse.gov/member.php?chamber=H;https://www.scstatehouse.gov/member.php?code=0351704504,,,,,,,,,,,
ocd-person/d1f25d1c-bd0e-4d0d-be0e-f8f3edad8a3d,Bill Hixon,Republican,83,lower,Bill,Hixon,Male,billhixon@schouse.gov,,1957-09-06,,https://scstatehouse.gov/images/members/0849715808.jpg,https://billhixon.com/;https://scstatehouse.gov/member.php?code=0849715808;https://www.billhixon.com/;https://www.scstatehouse.gov/member.php?code=0849715808,https://ballotpedia.org/Bill_Hixon;https://billhixon.com;https://billhixon.com/about;https://en.wikipedia.org/wiki/Bill_Hixon;https://justfacts.votesmart.org/candidate/biography/121738/bill-hixon;https://scstatehouse.gov/member.php?chamber=H;https://scstatehouse.gov/member.php?code=0849715808;https://www.billhixon.com;https://www.billhixon.com/about-bill;https://www.scstatehouse.gov/member.php?chamber=H;https://www.scstatehouse.gov/member.php?code=0849715808,,,,,,,,,,,
ocd-person/ae3ba290-90f6-4121-874d-ba80e16ccbe7,Bill Whitmire,Republican,1,lower,Bill,Whitmire,Male,billwhitmire@schouse.gov,,1948-08-24,,https://scstatehouse.gov/images/members/1914204316.jpg,https://scstatehouse.gov/member.php?code=1914204316;https://www.scstatehouse.gov/member.php?code=1914204316,https://ballotpedia.org/Bill_Whitmire;https://en.wikipedia.org/wiki/Bill_Whitmire;https://justfacts.votesmart.org/candidate/biography/47969/william-whitmire;https://scstatehouse.gov/member.php?chamber=H;https://scstatehouse.gov/member.php?code=1914204316;https://www.scstatehouse.gov/member.php?chamber=H;https://www.scstatehouse.gov/member.php?code=1914204316,,,,,,,,,,,
ocd-person/066a2879-ab95-4082-803d-9c4dd582f04e,Bill Hager,Republican,122,lower,Bill,Hager,Male,billhager@schouse.gov,,1960-02-07,,https://scstatehouse.gov/images/members/0733948776.jpg,https://scstatehouse.gov/member.php?code=0733948776;https://www.scstatehouse.gov/member.php?code=0733948776,https://ballotpedia.org/Bill_Hager_(South_Carolina);https://en.wikipedia.org/wiki/Bill_Hager_(South_Carolina_politician);https://justfacts.votesmart.org/candidate/biography/205508/bill-hager;https://scstatehouse.gov/member.php?chamber=H;https://scstatehouse.gov/member.php?code=0733948776;https://www.linkedin.com/in/bill-hager-5a42467;https://www.scstatehouse.gov/member.php?code=0733948776,,,,,,,,,,,
ocd-person/eba4b1a4-14ca-44dd-93ab-25cdd3cbd5fd,Weston Newton,Republican,120,lower,Weston,Newton,Male,westonnewton@schouse.gov,,1967-02-22,,https://scstatehouse.gov/images/members/1418749830.jpg,https://scstatehouse.gov/member.php?code=1418749830;https://www.scstatehouse.gov/member.php?code=1418749830,https://ballotpedia.org/Weston_Newton;https://en.wikipedia.org/wiki/Weston_J._Newton;https://justfacts.votesmart.org/candidate/biography/95106/weston-newton;https://scstatehouse.gov/member.php?chamber=H;https://scstatehouse.gov/member.php?code=1418749830;https://www.linkedin.com/in/weston-newton-18431247;https://www.scstatehouse.gov/member.php?chamber=H;https://www.scstatehouse.gov/member.php?code=1418749830,,,,,,,,,,,
