id,name,current_party,current_district,current_chamber,given_name,family_name,gender,email,biography,birth_date,death_date,image,links,sources,capitol_address,capitol_voice,capitol_fax,district_address,district_voice,district_fax,twitter,youtube,instagram,facebook,wikidata
ocd-person/dd3e49ca-2b2b-4a83-ae63-0ade6ccef73f,A.J. Louderback,Republican,30,lower,A.J.,Louderback,Male,aj.louderback@house.texas.gov,,,,https://house.texas.gov/images/members/4620.jpg?v=1,https://ajlouderback.com/;https://house.texas.gov/members/4620,https://ajlouderback.com;https://ballotpedia.org/A.J._Louderback;https://en.wikipedia.org/wiki/AJ_Louderback;https://house.texas.gov/members/4620;https://house.texas.gov/members/4620/biography;https://justfacts.votesmart.org/candidate/biography/201076/aj-louderback;https://www.linkedin.com/in/aj-louderback-b8bb4812a,,,,"5606 N. Navarro St. Suite 200-A, Victoria, TX 77904",361-582-9712,,,,,,
ocd-person/7f748f58-e6f2-4c86-ad01-52c7ca3435ca,Adam Hinojosa,Republican,27,upper,Adam,Hinojosa,Male,adam.hinojosa@senate.texas.gov,,,,https://senate.texas.gov/members/d27/img/Hinojosa_Adam-88-0913D-005-web.jpg,https://senate.texas.gov/member.php?d=27,https://ballotpedia.org/Adam_Hinojosa;https://en.wikipedia.org/wiki/Adam_Hinojosa;https://justfacts.votesmart.org/candidate/biography/201052/adam-hinojosa;https://senate.texas.gov/member.php?d=27;https://www.linkedin.com/in/electadamhinojosa,,,,"Webb Martinez Building 1324 E. Madison St., Brownsville, TX 78520",956-542-2211,,,,,,
ocd-person/c55d85ff-7172-42d4-9c8f-da2f258dc19b,Aicha Davis,Democratic,109,lower,Aicha,Davis,Female,aicha.davis@house.texas.gov,,,,https://www.house.texas.gov/images/members/4465.jpg?v=1,https://www.house.texas.gov/members/109,https://ballotpedia.org/Aicha_Davis;https://en.wikipedia.org/wiki/Aicha_Davis;https://justfacts.votesmart.org/candidate/biography/177375/aicha-davis;https://www.house.texas.gov/members/109;https://www.house.texas.gov/members/4465/biography;https://www.linkedin.com/in/aicha-davis-2b0a1a160,,,,,,,,,,,
ocd-person/1493b76f-b77d-48db-9ecd-26d0e2dfc843,Alan Schoolcraft,Republican,44,lower,Alan,Schoolcraft,Male,alan.schoolcraft@house.texas.gov,,,,https://house.texas.gov/images/members/4745.jpg?v=1,https://house.texas.gov/members/4745,https://ballotpedia.org/Alan_Schoolcraft;https://en.wikipedia.org/wiki/Alan_Schoolcraft;https://house.texas.gov/members/4745;https://house.texas.gov/members/4745/biography;https://justfacts.votesmart.org/candidate/biography/214546/alan-schoolcraft;https://www.linkedin.com/in/alan-schoolcraft-10315329,,,,,,,,,,,
ocd-person/2fd6fcd3-9676-42a4-b879-e317576ff18f,Alma Allen,Democratic,131,lower,Alma,Allen,Female,alma.allen@house.texas.gov,,1939-04-07,,https://house.texas.gov/images/members/2100.jpg?v=1,https://house.texas.gov/members/2100;https://house.texas.gov/members/member-page/?district=131,https://ballotpedia.org/Alma_Allen;https://en.wikipedia.org/wiki/Alma_Allen_(politician);https://house.texas.gov/members/2100;https://house.texas.gov/members/member-page/?district=131;https://justfacts.votesmart.org/candidate/biography/25503/alma-allen;https://www.linkedin.com/in/alma-allen-b2b28864,,,,"10101 Fondren Road Suite 500, Houston, TX 77096",713-776-0505,,,,,,
ocd-person/4f98520b-d88b-4053-acc5-3cb2fff14660,Ana Hernandez,Democratic,143,lower,Ana,Hernandez,Female,ana.hernandez@house.texas.gov,,1978-08-25,,https://house.texas.gov/images/members/3155.jpg?v=1,https://house.texas.gov/members/3155;https://house.texas.gov/members/member-page/?district=143,https://ballotpedia.org/Ana_Hernandez_Luna;https://en.wikipedia.org/wiki/Ana_Hernandez;https://house.texas.gov/members/3155;https://house.texas.gov/members/member-page/?district=143;https://justfacts.votesmart.org/candidate/biography/59301/ana-hernandez;https://www.linkedin.com/in/ana-hernandez-61459a2,,,,"1233 Mercury Drive, Houston, TX 77029",713-675-8596,,,,,,
ocd-person/7f893a20-0547-4ad9-9a94-1084a9ef6469,Ana-Maria Rodriguez Ramos,Democratic,102,lower,Ana-Maria,Rodriguez Ramos,Female,ana-maria.ramos@house.texas.gov,,1976-06-16,,https://house.texas.gov/images/members/3735.jpg?v=1,https://house.texas.gov/members/3735;https://house.texas.gov/members/member-page/?district=102;https://www.repanamaria.com/;https://www.texasrepramos.com/,https://ballotpedia.org/Ana-Maria_Ramos;https://en.wikipedia.org/wiki/Ana-Maria_Ramos;https://house.texas.gov/members/3735;https://house.texas.gov/members/3735/biography;https://house.texas.gov/members/member-page/?district=102;https://justfacts.votesmart.org/candidate/biography/177509/ana-maria-ramos;https://www.linkedin.com/in/ana-maria-ramos-20a18b11b;https://www.repanamaria.com;https://www.texasrepramos.com,,,,,,,,,,,
ocd-person/ee8cc382-84b7-47e3-824f-e05cf6455161,Andy Hopper,Republican,64,lower,Andy,Hopper,Male,andy.hopper@house.texas.gov,,,,https://www.house.texas.gov/images/members/4555.jpg?v=1,https://www.house.texas.gov/members/64,https://ballotpedia.org/Andy_Hopper;https://en.wikipedia.org/wiki/Andy_Hopper_(politician);https://justfacts.votesmart.org/candidate/biography/195311/andy-hopper;https://www.house.texas.gov/members/4555/biography;https://www.house.texas.gov/members/64;https://www.linkedin.com/in/ad4ct,,,,"204 W. Walnut St., Decatur, TX 76234",940-503-2046,,,,,,
ocd-person/895887ba-73cd-4321-827d-bb06d4eedfdf,Angela Paxton,Republican,8,upper,Angela,Paxton,Female,angela.paxton@senate.texas.gov,,,,https://senate.texas.gov/members/d08/img/Paxton_2019.jpg,https://senate.texas.gov/member.php?d=8,https://ballotpedia.org/Angela_Paxton;https://en.wikipedia.org/wiki/Angela_Paxton;https://justfacts.votesmart.org/candidate/biography/177576/angela-paxton;https://senate.texas.gov/member.php?d=8;https://www.linkedin.com/in/angela-paxton-b2778157,,,,"604 S. Watters Road Suite 100, Allen, TX 75013",972-908-3424,,,,,,
ocd-person/aa0d12c3-c318-4c97-a0d4-c63795ec50d9,Angelia Orr,Republican,13,lower,Angelia,Orr,Female,angelia.orr@house.texas.gov,,1969-10-03,,https://house.texas.gov/images/members/4340.jpg?v=1,https://house.texas.gov/members/4340;https://house.texas.gov/members/member-page/?district=13,https://ballotpedia.org/Angelia_Orr;https://en.wikipedia.org/wiki/Angelia_Orr;https://house.texas.gov/members/4340;https://house.texas.gov/members/4340/biography;https://house.texas.gov/members/member-page/?district=13;https://justfacts.votesmart.org/candidate/201213/angelia-orr;https://www.linkedin.com/in/angelia-orr-b40074135,,,,"214 E. Elm St., Hillsboro, TX 76645",254-580-9008,,,,,,
ocd-person/2a9478ef-b573-4de6-ab96-bb3f6091346f,Angie Button,Republican,112,lower,Angie,Button,Female,angie.button@house.texas.gov,,1954-02-09,,https://house.texas.gov/images/members/2510.jpg?v=1,https://house.texas.gov/members/2510;https://house.texas.gov/members/member-page/?district=112,https://ballotpedia.org/Angie_Chen_Button;https://en.wikipedia.org/wiki/Angie_Chen_Button;https://house.texas.gov/members/2510;https://house.texas.gov/members/2510/biography;https://house.texas.gov/members/member-page/?district=112;https://justfacts.votesmart.org/candidate/biography/102062/angie-chen-button;https://www.linkedin.com/in/angie-chen-button-b6101037,,,,"1201 International Parkway Suite 130, Richardson, TX 75081",972-234-8980,,,,,,
ocd-person/45f3ddfb-5994-4f05-b2c8-e0e3b2a99c47,Ann Johnson,Democratic,134,lower,Ann,Johnson,Female,ann.johnson@house.texas.gov,,1974-08-13,,https://house.texas.gov/images/members/3985.jpg?v=1,https://house.texas.gov/members/134;https://house.texas.gov/members/member-page/?district=134,https://ballotpedia.org/Ann_Johnson;https://en.wikipedia.org/wiki/Ann_Johnson_(politician);https://house.texas.gov/members/134;https://house.texas.gov/members/member-page/?district=134;https://justfacts.votesmart.org/candidate/biography/137792/ann-johnson;https://www.linkedin.com/in/ann-johnson-066879202,,,,"5601 W. Loop South Suite C218, Houston, TX 77081",713-592-0006,,,,,,
ocd-person/e2d786e9-5e46-4807-be42-546203016996,Mando Martinez,Democratic,39,lower,Mando,Martinez,Male,mando.martinez@house.texas.gov,,1976-01-06,,https://house.texas.gov/images/members/3780.jpg?v=1,https://house.texas.gov/members/3780;https://house.texas.gov/members/member-page/?district=39,https://ballotpedia.org/Armando_Martinez;https://ballotpedia.org/Armando_Martinez_(Texas);https://en.wikipedia.org/wiki/Armando_Martinez_(Texas);https://house.texas.gov/members/3780;https://house.texas.gov/members/3780/biography;https://house.texas.gov/members/member-page/?district=39;https://justfacts.votesmart.org/candidate/biography/49304/armando-martinez;https://www.linkedin.com/in/armando-mando-martinez-ando-con-mando-3baa4211,,,,"914 W. Pike Blvd., Weslaco, TX 78596",956-447-9473,,,,,,
ocd-person/3caafbc8-6561-4bf8-8247-aaf398573ba8,Armando Walle,Democratic,140,lower,Armando,Walle,Male,armando.walle@house.texas.gov,,1978-03-07,,https://house.texas.gov/images/members/4930.jpg?v=1,https://house.texas.gov/members/4930;https://house.texas.gov/members/member-page/?district=140,https://ballotpedia.org/Armando_Walle;https://en.wikipedia.org/wiki/Armando_Walle;https://house.texas.gov/members/4930;https://house.texas.gov/members/member-page/?district=140;https://justfacts.votesmart.org/candidate/biography/102289/armando-walle,,,,"2909 E. Aldine Amphitheatre Drive Suite 307, Houston, TX 77039",281-442-2206,,,,,,
ocd-person/9c37e80d-af10-4433-a78a-408b2b798fb6,Barbara Gervin-Hawkins,Democratic,120,lower,Barbara,Gervin-Hawkins,Female,barbara.gervin-hawkins@house.texas.gov,,,,https://house.texas.gov/images/members/3445.jpg?v=1,https://house.texas.gov/members/120;https://house.texas.gov/members/member-page/?district=120,https://ballotpedia.org/Barbara_Gervin-Hawkins;https://en.wikipedia.org/wiki/Barbara_Gervin-Hawkins;https://house.texas.gov/members/120;https://house.texas.gov/members/3445/biography;https://house.texas.gov/members/member-page/?district=120;https://justfacts.votesmart.org/candidate/biography/166512/barbara-gervin-hawkins,,,,"3503 NE Parkway, San Antonio, TX 78218",210-822-2534,,,,,,
ocd-person/ba43365e-63dc-4bdc-aadc-e3939aa7465b,Ben Bumgarner,Republican,63,lower,Ben,Bumgarner,Male,ben.bumgarner@house.texas.gov,,,,https://house.texas.gov/images/members/4125.jpg?v=1,https://house.texas.gov/members/63;https://house.texas.gov/members/member-page/?district=63,https://ballotpedia.org/Ben_Bumgarner;https://en.wikipedia.org/wiki/Ben_Bumgarner;https://house.texas.gov/members/4125/biography;https://house.texas.gov/members/63;https://house.texas.gov/members/member-page/?district=63;https://justfacts.votesmart.org/candidate/biography/201320/ben-bumgarner;https://www.linkedin.com/in/benjamin-bumgarner-a19308135,,,,"108 S. Oak St., Roanoke, TX 76262",817-491-7305,,,,,,
ocd-person/013d69b7-a958-490c-a4a2-7224a30efa08,Bob Hall,Republican,2,upper,Bob,Hall,Male,bob.hall@senate.texas.gov,,1942-03-05,,https://senate.texas.gov/members/d02/img/headshot.jpg,https://senate.texas.gov/member.php?d=2,https://ballotpedia.org/Bob_Hall_(Texas);https://en.wikipedia.org/wiki/Bob_Hall_(politician);https://justfacts.votesmart.org/candidate/biography/147733/bob-hall;https://senate.texas.gov/member.php?d=2,,,,"Alliance Building 2 6537 Horizon Road, Suite B-1, Rockwall, TX 75032",972-722-3131,,,,,,
ocd-person/51591894-e9ff-48d3-81c5-897ec1c5e600,Bobby Guerra,Democratic,41,lower,Bobby,Guerra,Male,bobby.guerra@house.texas.gov,,1953-08-12,,https://house.texas.gov/images/members/2325.jpg?v=1,https://house.texas.gov/members/2325;https://house.texas.gov/members/member-page/?district=41,https://ballotpedia.org/Robert_Guerra;https://en.wikipedia.org/wiki/Robert_Guerra_(politician);https://guerrasabo.com/r-d-bobby-guerra;https://house.texas.gov/members/2325;https://house.texas.gov/members/2325/biography;https://house.texas.gov/members/member-page/?district=41,,,,"10213 N. 10th St. Suite B, McAllen, TX 78504",956-292-0407,,,,,,
ocd-person/3475b324-1c9b-4513-90e6-063aba5ac04e,Borris Miles,Democratic,13,upper,Borris,Miles,Male,borris.miles@senate.texas.gov,,1965-10-23,,https://senate.texas.gov/members/d13/img/Sen-Miles-2025-Headshot-web.jpg,https://senate.texas.gov/member.php?d=13,https://ballotpedia.org/Borris_Miles;https://en.wikipedia.org/wiki/Borris_Miles;https://justfacts.votesmart.org/candidate/biography/59415/borris-miles;https://senate.texas.gov/member.php?d=13;https://www.linkedin.com/in/borris-miles-88a5a84a,,,,"5302 Almeda Road Suite A, Houston, TX 77004",713-665-8322,,,,,,
ocd-person/e3533cbc-f3ab-46bc-a591-c68657f82527,Brad Buckley,Republican,54,lower,Brad,Buckley,Male,brad.buckley@house.texas.gov,,1966-09-14,,https://house.texas.gov/images/members/3585.jpg?v=1,https://house.texas.gov/members/54;https://house.texas.gov/members/member-page/?district=54,https://ballotpedia.org/Brad_Buckley;https://en.wikipedia.org/wiki/Brad_Buckley_(politician);https://house.texas.gov/members/3585/biography;https://house.texas.gov/members/54;https://house.texas.gov/members/member-page/?district=54;https://justfacts.votesmart.org/candidate/biography/177456/brad-buckley,,,,"1301 N. Stagecoach Road, Salado, TX 76571",254-947-5026,,,,,,
ocd-person/c15c9bf3-f28a-4c01-9a10-383bc7a05cb9,Brent Hagenbuch,Republican,30,upper,Brent,Hagenbuch,Male,brent.hagenbuch@senate.texas.gov,,,,https://www.senate.texas.gov/members/d30/img/Hagenbuch_89-0029-009-web.jpg,https://www.senate.texas.gov/member.php?d=30,https://ballotpedia.org/Brent_Hagenbuch;https://en.wikipedia.org/wiki/Brent_Hagenbuch;https://justfacts.votesmart.org/candidate/biography/213307/brent-hagenbuch;https://www.linkedin.com/in/brent-hagenbuch-0236a54b;https://www.senate.texas.gov/member.php?d=30,,,,"2800 Shoreline Drive Suite 350, Denton, TX 76210",,,,,,,
ocd-person/469f1932-49dc-4a46-8341-b2cd9bc0f96d,Brent Money,Republican,2,lower,Brent,Money,Male,brent.money@house.texas.gov,,1978-08-23,,https://www.house.texas.gov/images/members/4670.jpg?v=1,https://www.house.texas.gov/members/2;https://www.house.texas.gov/members/4670,https://ballotpedia.org/Brent_Money;https://en.wikipedia.org/wiki/Brent_Money;https://justfacts.votesmart.org/candidate/biography/212765/brent-money;https://moneylaw.com/team/brent-money;https://www.house.texas.gov/members/2;https://www.house.texas.gov/members/4670;https://www.house.texas.gov/members/4670/biography;https://www.linkedin.com/in/brentamoney,,,,"220 Burnett Trail, Canton, TX 75103",903-405-1309,,,,,,
ocd-person/6fde08be-f7c0-464a-83a7-430c60617beb,Brett Ligon,Republican,4,upper,Brett,Ligon,Male,,,,,https://www.bihmfirm.com/images/att_brett.jpg,,https://ballotpedia.org/Brett_Ligon;https://en.wikipedia.org/wiki/Brett_Ligon,,,,,,,,,,,
ocd-person/44a23037-5ccd-4781-9e93-c4b950f74355,Brian Birdwell,Republican,22,upper,Brian,Birdwell,Male,brian.birdwell@senate.texas.gov,,1961-11-03,,https://senate.texas.gov/members/d22/img/headshot.jpg,https://senate.texas.gov/member.php?d=22,https://ballotpedia.org/Brian_Birdwell;https://en.wikipedia.org/wiki/Brian_Birdwell;https://justfacts.votesmart.org/candidate/biography/127373/brian-birdwell;https://senate.texas.gov/member.php?d=22,,,,"900 Austin Ave. Suite 500, Waco, TX 76701",254-772-6225,,,,,,
ocd-person/b1bf46ac-e99e-49f6-8f40-cf07aca12187,Brian Harrison,Republican,10,lower,Brian,Harrison,Male,brian.harrison@house.texas.gov,,,,https://house.texas.gov/images/members/4085.jpg?v=1,https://house.texas.gov/members/4085;https://house.texas.gov/members/member-page/?district=10,https://ballotpedia.org/Brian_E._Harrison_(Texas);https://en.wikipedia.org/wiki/Brian_Harrison_(government_official);https://house.texas.gov/members/4085;https://house.texas.gov/members/4085/biography;https://house.texas.gov/members/member-page/?district=10,,,,"100 N. College St. Suite 306, Waxahachie, TX 75165",972-923-0264,,,,,,
ocd-person/065c24a0-401a-4dc5-a19c-e7d96dcbffc5,Briscoe Cain,Republican,128,lower,Briscoe,Cain,Male,briscoe.cain@house.texas.gov,,1984-12-09,,https://house.texas.gov/images/members/3265.jpg?v=2,https://house.texas.gov/members/3265;https://house.texas.gov/members/member-page/?district=128,https://ballotpedia.org/Briscoe_Cain;https://en.wikipedia.org/wiki/Briscoe_Cain;https://house.texas.gov/members/3265;https://house.texas.gov/members/member-page/?district=128;https://justfacts.votesmart.org/candidate/biography/147702/briscoe-cain;https://www.linkedin.com/in/briscoecain,,,,None,346-499-7036,,,,,,
ocd-person/83030f8b-5f1f-4475-b564-a07ae42f6d98,Brooks Landgraf,Republican,81,lower,Brooks,Landgraf,Male,brooks.landgraf@house.texas.gov,,1981-03-15,,https://house.texas.gov/images/members/3040.jpg?v=1,https://house.texas.gov/members/3040;https://house.texas.gov/members/member-page/?district=81,https://ballotpedia.org/Brooks_Landgraf;https://en.wikipedia.org/wiki/Brooks_Landgraf;https://house.texas.gov/members/3040;https://house.texas.gov/members/3040/biography;https://house.texas.gov/members/member-page/?district=81;https://www.linkedin.com/in/brooks-landgraf-3600012,,,,,,,,,,,
ocd-person/8326538c-c907-43b2-a6db-76434036afd7,Bryan Hughes,Republican,1,upper,Bryan,Hughes,Male,bryan.hughes@senate.texas.gov,,1969-07-21,,https://senate.texas.gov/members/d01/img/Hughes_86-0702D-030-web.jpg,https://senate.texas.gov/member.php?d=1,https://ballotpedia.org/Bryan_Hughes;https://en.wikipedia.org/wiki/Bryan_Hughes_(politician);https://justfacts.votesmart.org/candidate/biography/50173/bryan-hughes;https://senate.texas.gov/member.php?d=1;https://www.linkedin.com/in/bryan-hughes-87085346,,,,"Texarkana College 2500 N. Robinson Road, Suite 190, Texarkana, TX 75599",903-223-7958,,,,,,
ocd-person/f4976334-0e0e-4474-b5b4-3264e8d73f1d,Candy Noble,Republican,89,lower,Candy,Noble,Female,candy.noble@house.texas.gov,,1961-10-10,,https://house.texas.gov/images/members/3740.jpg?v=1,https://house.texas.gov/members/3740;https://house.texas.gov/members/member-page/?district=89,https://ballotpedia.org/Candy_Noble;https://en.wikipedia.org/wiki/Candy_Noble;https://house.texas.gov/members/3740;https://house.texas.gov/members/3740/biography;https://house.texas.gov/members/member-page/?district=89;https://justfacts.votesmart.org/candidate/biography/177495/candy-noble;https://www.linkedin.com/in/candy-noble-9557976,,,,"206 N. Murphy Road, Murphy, TX 75094",972-423-6542,,,,,,
ocd-person/8f7f161e-6ef4-4c12-8eea-de88a313b36c,Carl Tepper,Republican,84,lower,Carl,Tepper,Male,carl.tepper@house.texas.gov,,,,https://house.texas.gov/images/members/4360.jpg?v=1,https://house.texas.gov/members/4360;https://house.texas.gov/members/member-page/?district=84,https://ballotpedia.org/Carl_Tepper;https://en.wikipedia.org/wiki/Carl_Tepper;https://house.texas.gov/members/4360;https://house.texas.gov/members/4360/biography;https://house.texas.gov/members/member-page/?district=84;https://www.linkedin.com/in/carl-tepper-6ba995178,,,,"6515 68th St. Suite 200-7, Lubbock, TX 79424",806-407-5633,,,,,,
ocd-person/e78373de-6d96-44db-b552-6da34ed992fc,Carol Alvarado,Democratic,6,upper,Carol,Alvarado,Female,carol.alvarado@senate.texas.gov,,1967-10-26,,https://senate.texas.gov/members/d06/img/CA-2018_web.jpg,https://senate.texas.gov/member.php?d=6,https://ballotpedia.org/Carol_Alvarado;https://en.wikipedia.org/wiki/Carol_Alvarado;https://justfacts.votesmart.org/candidate/biography/49524/carol-alvarado;https://senate.texas.gov/member.php?d=6,,,,"4450 Harrisburg Suite 436, Houston, TX 77011",713-926-6257,,,,,,
ocd-person/5c40c2b0-07c1-4c73-b15b-14d0ef6df40e,Caroline Fairly,Republican,87,lower,Caroline,Fairly,Female,caroline.fairly@house.texas.gov,,1999-01-10,,https://www.house.texas.gov/images/members/4480.jpg?v=1,https://www.house.texas.gov/members/87,https://ballotpedia.org/Caroline_Fairly;https://en.wikipedia.org/wiki/Caroline_Fairly;https://justfacts.votesmart.org/candidate/biography/213464/caroline-fairly;https://www.house.texas.gov/members/4480/biography;https://www.house.texas.gov/members/87;https://www.linkedin.com/in/caroline-fairly-1b4284147,,,,"1800 S. Washington St., Amarillo, TX 79102",,,,,,,
ocd-person/72920206-cbe7-4429-b42b-c6fc746a1d56,Caroline Harris Davila,Republican,52,lower,Caroline,Harris Davila,Female,caroline.harrisdavila@house.texas.gov,,,,https://house.texas.gov/images/members/4205.jpg?v=1,https://house.texas.gov/members/4205;https://house.texas.gov/members/member-page/?district=52,https://ballotpedia.org/Caroline_Harris;https://en.wikipedia.org/wiki/Caroline_Harris_(politician);https://house.texas.gov/members/4205;https://house.texas.gov/members/4205/biography;https://house.texas.gov/members/member-page/?district=52;https://justfacts.votesmart.org/candidate/201290/caroline-harris-davila;https://www.linkedin.com/in/caroline-harris-60a3b7153,,,,"3010 E. Old Settlers Blvd., Round Rock, TX 78665",512-255-6612,,,,,,
ocd-person/64221b86-e3ca-4b67-b2bb-3f4f9641e133,Carrie Isaac,Republican,73,lower,Carrie,Isaac,Female,carrie.isaac@house.texas.gov,,,,https://house.texas.gov/images/members/4265.jpg?v=3,https://house.texas.gov/members/73;https://house.texas.gov/members/member-page/?district=73,https://ballotpedia.org/Carrie_Isaac;https://en.wikipedia.org/wiki/Carrie_Isaac;https://house.texas.gov/members/4265/biography;https://house.texas.gov/members/73;https://house.texas.gov/members/member-page/?district=73;https://justfacts.votesmart.org/candidate/188387/carrie-isaac;https://www.linkedin.com/in/carrie-crain-isaac,,,,"445 N. Seguin Ave., New Braunfels, TX 78130",830-730-6248,,,,,,
ocd-person/f331962f-370b-4b74-876e-aa6a8e2e58e2,Cas Garcia Hernandez,Democratic,115,lower,Cas,Garcia Hernandez,Female,cassandra.garciahernandez@house.texas.gov,,,,https://www.house.texas.gov/images/members/4495.jpg?v=1,https://www.house.texas.gov/members/115,https://ballotpedia.org/Cassandra_Garcia_Hernandez;https://en.wikipedia.org/wiki/Cassandra_Hernandez;https://justfacts.votesmart.org/candidate/biography/201253/cassandra-hernandez;https://www.house.texas.gov/members/115;https://www.house.texas.gov/members/4495/biography;https://www.juanlaw.com/attorney-cassandra-hernandez;https://www.linkedin.com/in/cassandra-hernandez,,,,"4099 McEwen Road, Suite 622, Dallas, TX 75244",,,,,,,
ocd-person/33f871c9-15a6-4094-9181-ff822cd9eca4,Cecil Bell,Republican,3,lower,Cecil,Bell,Male,cecil.bell@house.texas.gov,,1962-05-17,,https://house.texas.gov/images/members/2335.jpg?v=1,https://house.texas.gov/members/2335;https://house.texas.gov/members/3;https://house.texas.gov/members/member-page/?district=3,"https://ballotpedia.org/Cecil_Bell,_Jr.;https://en.wikipedia.org/wiki/Cecil_Bell_Jr.;https://house.texas.gov/members/2335;https://house.texas.gov/members/2335/biography;https://house.texas.gov/members/3;https://house.texas.gov/members/member-page/?district=3;https://justfacts.votesmart.org/candidate/biography/138308/cecil-bell-jr",,,,,,,,,,,
ocd-person/e6ccd3a9-8f52-46d4-af8d-d0301a8e3a05,Charlene Ward Johnson,Democratic,139,lower,Charlene,Ward Johnson,Female,charlene.wardjohnson@house.texas.gov,,1967-10-07,,https://www.house.texas.gov/images/members/4785.jpg?v=3,https://www.house.texas.gov/members/139,https://ballotpedia.org/Charlene_Ward_Johnson;https://en.wikipedia.org/wiki/Charlene_Ward_Johnson;https://justfacts.votesmart.org/candidate/biography/213505/charlene-johnson;https://www.house.texas.gov/members/139,,,,"630 W. Little York Road, Houston, TX 77091",,,,,,,
ocd-person/41f4a5e2-a2d5-4e54-aae3-9c99f9ea5eba,Charles Cunningham,Republican,127,lower,Charles,Cunningham,Male,charles.cunningham@house.texas.gov,,,,https://house.texas.gov/images/members/4130.jpg?v=1,https://house.texas.gov/members/4130;https://house.texas.gov/members/member-page/?district=127,https://ballotpedia.org/Charles_Cunningham;https://house.texas.gov/members/4130;https://house.texas.gov/members/member-page/?district=127;https://www.linkedin.com/in/charles-c-a4319062,,,,"110 W. Main St., Humble, TX 77338",,,,,,,
ocd-person/6522ba2d-f263-455a-9470-cec0aa03033b,Charles Perry,Republican,28,upper,Charles,Perry,Male,charles.perry@senate.texas.gov,,1962-03-09,,https://senate.texas.gov/members/d28/img/Perry-Headshot-2019.jpg,https://senate.texas.gov/member.php?d=28,https://ballotpedia.org/Charles_Perry;https://en.wikipedia.org/wiki/Charles_Perry_(Texas_politician);https://justfacts.votesmart.org/candidate/biography/116957/charles-perry;https://senate.texas.gov/member.php?d=28,,,,"36 W. Beauregard Ave., #510, San Angelo, TX 76903",325-481-0028,,,,,,
ocd-person/d7d0bd69-2615-4d0c-84df-4cdb75809343,Charles Schwertner,Republican,5,upper,Charles,Schwertner,Male,charles.schwertner@senate.texas.gov,,1970-05-29,,https://senate.texas.gov/members/d05/img/headshot.jpg,https://senate.texas.gov/member.php?d=5,https://ballotpedia.org/Charles_Schwertner;https://en.wikipedia.org/wiki/Charles_Schwertner;https://justfacts.votesmart.org/candidate/biography/116941/charles-schwertner;https://senate.texas.gov/member.php?d=5;https://www.linkedin.com/in/charles-schwertner-md-635795155,,,,"Block 27, 501 S. Austin Ave., Georgetown, TX 78626",512-863-8456,,,,,,
ocd-person/65a42043-6243-4f79-b1e0-69b3b8b4af29,Charlie Geren,Republican,99,lower,Charlie,Geren,Male,charlie.geren@house.texas.gov,,1949-10-22,,https://house.texas.gov/images/members/2945.jpg?v=1,https://house.texas.gov/members/2945;https://house.texas.gov/members/member-page/?district=99,https://ballotpedia.org/Charlie_Geren;https://en.wikipedia.org/wiki/Charlie_Geren;https://house.texas.gov/members/2945;https://house.texas.gov/members/2945/biography;https://house.texas.gov/members/member-page/?district=99;https://justfacts.votesmart.org/candidate/biography/49376/charlie-geren;https://www.linkedin.com/in/charlie-geren-a51013111,,,,"6713 Telephone Road Suite 301, Lake Worth, TX 76135",817-237-2251,,,,,,
ocd-person/a5e2021c-8221-41ba-b45c-cc89d13b2af2,Chris Turner,Democratic,101,lower,Chris,Turner,Male,chris.turner@house.texas.gov,,1972-10-10,,https://house.texas.gov/images/members/4680.jpg?v=1,https://house.texas.gov/members/4680;https://house.texas.gov/members/member-page/?district=101,https://ballotpedia.org/Chris_Turner_(Texas);https://en.wikipedia.org/wiki/Chris_Turner_(Texas_politician);https://house.texas.gov/members/4680;https://house.texas.gov/members/4680/biography;https://house.texas.gov/members/member-page/?district=101;https://justfacts.votesmart.org/candidate/102270/chris-turner;https://www.linkedin.com/in/chrisgturner,,,,"320 Westway Place Suite 501, Arlington, TX 76018",817-459-2800,,,,,,
ocd-person/26090510-8782-4d64-b981-3d1cde573090,Christian Manuel,Democratic,22,lower,Christian,Manuel,Male,christian.manuel@house.texas.gov,,,,https://house.texas.gov/images/members/4255.jpg?v=1,https://house.texas.gov/members/4255;https://house.texas.gov/members/member-page/?district=22,https://ballotpedia.org/Christian_Hayes;https://en.wikipedia.org/wiki/Christian_Manuel;https://house.texas.gov/members/4255;https://house.texas.gov/members/4255/biography;https://house.texas.gov/members/member-page/?district=22;https://justfacts.votesmart.org/candidate/201317/christian-manuel,,,,"2300 Highway 365 Suite 360, Nederland, TX 77627",409-344-4022,,,,,,
ocd-person/791e4399-56bb-4d4c-8561-71f0979fb999,Christina Morales,Democratic,145,lower,Christina,Morales,Female,christina.morales@house.texas.gov,,1968-04-13,,https://house.texas.gov/images/members/3910.jpg?v=1,https://house.texas.gov/members/3910;https://house.texas.gov/members/member-page/?district=145,https://ballotpedia.org/Christina_Morales;https://en.wikipedia.org/wiki/Christina_Morales;https://house.texas.gov/members/3910;https://house.texas.gov/members/member-page/?district=145;https://justfacts.votesmart.org/candidate/biography/185968/christina-morales,,,,"6960 Rustic St., Suite 107 Parking Garage, Building C, Houston, TX 77087",713-718-5915,,,,,,
ocd-person/6feda596-fd20-429b-ae4e-bedab7e5a1c5,Claudia Ordaz,Democratic,79,lower,Claudia,Ordaz,Female,claudia.ordaz@house.texas.gov,,1986-01-13,,https://house.texas.gov/images/members/4015.jpg?v=3,https://house.texas.gov/members/4015;https://house.texas.gov/members/member-page/?district=76;https://house.texas.gov/members/member-page/?district=79,https://ballotpedia.org/Claudia_Ordaz_Perez;https://en.wikipedia.org/wiki/Claudia_Ordaz_Perez;https://house.texas.gov/members/4015;https://house.texas.gov/members/4015/biography;https://house.texas.gov/members/member-page/?district=76;https://house.texas.gov/members/member-page/?district=79;https://justfacts.votesmart.org/candidate/biography/162423/claudia-ordaz-perez;https://www.linkedin.com/in/claudiaordaz;https://www.linkedin.com/in/claudiaordazperez,,,,"1200 Golden Key Circle Suite 141, El Paso, TX 79925",915-591-0299,,,,,,
ocd-person/baafecd4-6f74-4a97-b564-691c1e938291,Cody Harris,Republican,8,lower,Cody,Harris,Male,cody.harris@house.texas.gov,,1983-08-16,,https://house.texas.gov/images/members/3580.jpg?v=3,https://house.texas.gov/members/3580;https://house.texas.gov/members/member-page/?district=8,https://ballotpedia.org/Cody_Harris;https://en.wikipedia.org/wiki/Cody_Harris_(politician);https://house.texas.gov/members/3580;https://house.texas.gov/members/3580/biography;https://house.texas.gov/members/member-page/?district=8;https://justfacts.votesmart.org/candidate/biography/177384/cody-harris;https://www.linkedin.com/in/codyharristx,,,,"519 N. Sycamore, Palestine, TX 75801",903-731-4005,,,,,,
ocd-person/3194ee5e-f4d8-4449-8ff6-ec47c0822a3d,Cody Vasut,Republican,25,lower,Cody,Vasut,Male,cody.vasut@house.texas.gov,,1987-08-13,,https://house.texas.gov/images/members/4065.jpg?v=1,https://house.texas.gov/members/4065;https://house.texas.gov/members/member-page/?district=25,https://ballotpedia.org/Cody_Vasut;https://en.wikipedia.org/wiki/Cody_Vasut;https://house.texas.gov/members/4065;https://house.texas.gov/members/4065/biography;https://house.texas.gov/members/member-page/?district=25;https://justfacts.votesmart.org/candidate/biography/188376/cody-vasut;https://www.linkedin.com/in/cvasut,,,,"222 N. Velasco St. Suite 25, Angleton, TX 77515",979-848-1770,,,,,,
ocd-person/43bbf34a-6bc4-41f9-9bdc-3e944c5b8495,Cole Hefner,Republican,5,lower,Cole,Hefner,Male,cole.hefner@house.texas.gov,,1980-11-13,,https://house.texas.gov/images/members/3505.jpg?v=1,https://house.texas.gov/members/3505;https://house.texas.gov/members/member-page/?district=5,https://ballotpedia.org/Cole_Hefner;https://en.wikipedia.org/wiki/Cole_Hefner;https://house.texas.gov/members/3505;https://house.texas.gov/members/3505/biography;https://house.texas.gov/members/member-page/?district=5;https://justfacts.votesmart.org/candidate/biography/166549/cole-hefner,,,,"520 N. Main St. Suite A-3, Lindale, TX 75711",903-882-3254,,,,,,
ocd-person/3e0f0e51-20c0-4da4-82b5-ff81606148d0,César Blanco,Democratic,29,upper,César,Blanco,Male,cesar.blanco@senate.texas.gov,,1976-04-23,,https://senate.texas.gov/members/d29/img/SCBBio88th-web.jpg,https://house.texas.gov/members/member-page/?district=76;https://senate.texas.gov/member.php?d=29,https://ballotpedia.org/Cesar_Blanco;https://en.wikipedia.org/wiki/Cesar_Blanco;https://house.texas.gov/members/member-page/?district=76;https://justfacts.votesmart.org/candidate/biography/147274/cesar-blanco;https://senate.texas.gov/member.php?d=29;https://www.linkedin.com/in/cesar-blanco-94a43a2b,,,,"416 N. Stanton St. Suite 700, El Paso, TX 79901",915-577-0029,,,,,,
ocd-person/7952d7d7-0fe5-4712-9967-6cb9bcedff05,Dade Phelan,Republican,21,lower,Dade,Phelan,Male,dade.phelan@house.texas.gov,,1975-09-18,,https://house.texas.gov/images/members/2905.jpg?v=1,https://house.texas.gov/members/2905;https://house.texas.gov/members/member-page/?district=21;https://house.texas.gov/members/speaker;https://house.texas.gov/members/speaker/;https://house.texas.gov/speaker;https://legdir.capitol.texas.gov/MemberInfo.aspx?Chamber=H&Code=A2905,https://ballotpedia.org/Dade_Phelan;https://en.wikipedia.org/wiki/Dade_Phelan;https://house.texas.gov/members/2905;https://house.texas.gov/members/2905/biography;https://house.texas.gov/members/member-page/?district=21;https://house.texas.gov/members/speaker;https://house.texas.gov/speaker;https://justfacts.votesmart.org/candidate/biography/147610/dade-phelan;https://legdir.capitol.texas.gov/MemberInfo.aspx?Chamber=H&Code=A2905;https://www.linkedin.com/in/dade-phelan-30571941,,,,"812 N. 16th St., Orange, TX 77630",409-745-2777,,,,,,
ocd-person/f602a657-8951-4dcb-9bd8-c04bcce4ba56,Daniel Alders,Republican,6,lower,Daniel,Alders,Male,daniel.alders@house.texas.gov,,1986-11-14,,https://www.house.texas.gov/images/members/4395.jpg?v=1,https://www.house.texas.gov/members/4395;https://www.house.texas.gov/members/6,https://ballotpedia.org/Daniel_Alders;https://en.wikipedia.org/wiki/Daniel_Alders;https://justfacts.votesmart.org/candidate/biography/213312/daniel-alders;https://www.house.texas.gov/members/4395;https://www.house.texas.gov/members/4395/biography;https://www.house.texas.gov/members/6;https://www.linkedin.com/in/danielalders,,,,"110 N. College Ave. Suite 217, Tyler, TX 75702",903-350-0610,,,,,,
ocd-person/2d5f629c-76a7-455b-aff7-262d8c1c23f6,David Cook,Republican,96,lower,David,Cook,Male,david.cook@house.texas.gov,,1971-07-05,,https://house.texas.gov/images/members/3960.jpg?v=1,https://house.texas.gov/members/3960;https://house.texas.gov/members/member-page/?district=96,https://ballotpedia.org/David_Cook_(Texas_House_of_Representatives_candidate);https://en.wikipedia.org/wiki/David_Cook_(Texas_politician);https://house.texas.gov/members/3960;https://house.texas.gov/members/3960/biography;https://house.texas.gov/members/member-page/?district=96;https://justfacts.votesmart.org/candidate/biography/115142/david-cook;https://www.linkedin.com/in/davidcook16,,,,"309 E. Broad St., Mansfield, TX 76063",817-473-1960,,,,,,
ocd-person/15ce6502-645c-4031-994d-b228e1c69bb4,David Lowe,Republican,91,lower,David,Lowe,Male,david.lowe@house.texas.gov,,1983-06-04,,https://www.house.texas.gov/images/members/4643.jpg?v=1,https://www.house.texas.gov/members/91,https://ballotpedia.org/David_Lowe_(Texas);https://en.wikipedia.org/wiki/David_Lowe_(Texas_politician);https://justfacts.votesmart.org/candidate/biography/201376/david-lowe;https://www.house.texas.gov/members/4643/biography;https://www.house.texas.gov/members/91,,,,"8376 Davis Blvd. Suite 267, North Richland Hills, TX 76182",817-506-4302,,,,,,
ocd-person/36338558-c2b0-4b43-b656-261dccbee871,David Spiller,Republican,68,lower,David,Spiller,Male,david.spiller@house.texas.gov,,1961-02-04,,https://house.texas.gov/images/members/4075.jpg?v=1,https://house.texas.gov/members/4075;https://house.texas.gov/members/member-page/?district=68,https://ballotpedia.org/David_Spiller;https://en.wikipedia.org/wiki/David_Spiller_(politician);https://house.texas.gov/members/4075;https://house.texas.gov/members/member-page/?district=68;https://justfacts.votesmart.org/candidate/195687/david-spiller;https://www.linkedin.com/in/david-spiller-13382588,,,,"110 E. Pecan St., Gainesville, TX 76240",,,,,,,
ocd-person/42c40e86-b355-4724-8582-995125377240,Denise Villalobos,Republican,34,lower,Denise,Villalobos,Female,denise.villalobos@house.texas.gov,,,,https://house.texas.gov/images/members/4770.jpg?v=1,https://house.texas.gov/members/34;https://house.texas.gov/members/4770,https://ballotpedia.org/Denise_Villalobos;https://en.wikipedia.org/wiki/Denise_Villalobos;https://house.texas.gov/members/34;https://house.texas.gov/members/4770;https://house.texas.gov/members/4770/biography;https://justfacts.votesmart.org/candidate/biography/213362/denise-villalobos;https://www.linkedin.com/in/denise-villalobos-pmp,,,,"101 E. Main Ave., Robstown, TX 78380",361-265-4601,,,,,,
ocd-person/e05f502a-0d27-4c51-8cad-d3b5eca585b1,Dennis Paul,Republican,129,lower,Dennis,Paul,Male,dennis.paul@house.texas.gov,,1961-03-29,,https://house.texas.gov/images/members/3090.jpg?v=1,https://house.texas.gov/members/3090;https://house.texas.gov/members/member-page/?district=129,https://ballotpedia.org/Dennis_Paul;https://en.wikipedia.org/wiki/Dennis_Paul;https://house.texas.gov/members/3090;https://house.texas.gov/members/member-page/?district=129;https://justfacts.votesmart.org/candidate/biography/147704/dennis-paul;https://www.linkedin.com/in/dennis-paul-67860210,,,,"17225 El Camino Real Blvd. Suite 415, Houston, TX 77058",281-488-8900,,,,,,
ocd-person/7847295c-78f3-4f8c-adb6-3536fca2782e,Diego Bernal,Democratic,123,lower,Diego,Bernal,Male,diego.bernal@house.texas.gov,,,,https://house.texas.gov/images/members/3110.jpg?v=1,https://house.texas.gov/members/3110;https://house.texas.gov/members/member-page/?district=123,https://ballotpedia.org/Diego_Bernal;https://en.wikipedia.org/wiki/Diego_Bernal;https://house.texas.gov/members/3110;https://house.texas.gov/members/3110/biography;https://house.texas.gov/members/member-page/?district=123;https://justfacts.votesmart.org/candidate/biography/131548/diego-bernal;https://www.linkedin.com/in/diego-bernal-022870a7,,,,"9862 Lorene Lane Suite 102, San Antonio, TX 78216",210-308-9700,,,,,,
ocd-person/0941f4bf-2ac8-48d0-8675-191514e06850,Don McLaughlin,Republican,80,lower,Don,McLaughlin,Male,don.mclaughlin@house.texas.gov,,1961-09-20,,https://house.texas.gov/images/members/4655.jpg?v=1,https://house.texas.gov/members/4655,https://ballotpedia.org/Don_McLaughlin;https://en.wikipedia.org/wiki/Don_McLaughlin;https://house.texas.gov/members/4655;https://house.texas.gov/members/4655/biography;https://justfacts.votesmart.org/candidate/biography/213451/don-mclaughlin-jr,,,,"Room 130, 5500 S. Zapata Highway, Building F, Laredo, TX 78046",,,,,,,
ocd-person/9f80cd7f-1067-4322-8777-62bc129cd6f2,Donna Campbell,Republican,25,upper,Donna,Campbell,Female,donna.campbell@senate.texas.gov,,1954-09-09,,https://senate.texas.gov/members/d25/img/headshot.jpg,https://senate.texas.gov/member.php?d=25,https://ballotpedia.org/Donna_Campbell;https://en.wikipedia.org/wiki/Donna_Campbell;https://justfacts.votesmart.org/candidate/biography/116916/donna-campbell;https://senate.texas.gov/member.php?d=25;https://www.linkedin.com/in/donna-campbell-05ba0315,,,,"229 Hunters Village Suite 105, New Braunfels, TX 78132",830-626-0065,,,,,,
ocd-person/349071fd-3c36-43c6-aaca-6d7f9d04322d,Donna Howard,Democratic,48,lower,Donna,Howard,Female,donna.howard@house.texas.gov,,1951-10-25,,https://house.texas.gov/images/members/3310.jpg?v=1,https://house.texas.gov/members/3310;https://house.texas.gov/members/member-page/?district=48,https://ballotpedia.org/Donna_Howard;https://en.wikipedia.org/wiki/Donna_Howard;https://house.texas.gov/members/3310;https://house.texas.gov/members/3310/biography;https://house.texas.gov/members/member-page/?district=48;https://justfacts.votesmart.org/candidate/biography/59196/donna-howard;https://www.linkedin.com/in/donna-howard-0200b65,,,,,,,,,,,
ocd-person/40f0e868-e021-4453-8675-a9d2357e41e1,Drew Darby,Republican,72,lower,Drew,Darby,Male,drew.darby@house.texas.gov,,1947-02-22,,https://house.texas.gov/images/members/2645.jpg?v=1,https://house.texas.gov/members/2645;https://house.texas.gov/members/member-page/?district=72,https://ballotpedia.org/Drew_Darby;https://en.wikipedia.org/wiki/Drew_Darby;https://house.texas.gov/members/2645;https://house.texas.gov/members/member-page/?district=72;https://justfacts.votesmart.org/candidate/biography/49842/drew-darby,,,,"136 W. Twohig Ave. Suite E, San Angelo, TX 76903",325-658-7313,,,,,,
ocd-person/fff5eb4f-2c41-4d00-a1c5-e566a15b063e,Dustin Burrows,Republican,83,lower,Dustin,Burrows,Male,dustin.burrows@house.texas.gov,,1978-11-14,,https://house.texas.gov/images/members/3055.jpg?v=2,https://house.texas.gov/members/3055;https://house.texas.gov/members/member-page/?district=83,https://ballotpedia.org/Dustin_Burrows;https://en.wikipedia.org/wiki/Dustin_Burrows;https://house.texas.gov/members/3055;https://house.texas.gov/members/3055/biography;https://house.texas.gov/members/member-page/?district=83;https://justfacts.votesmart.org/candidate/biography/155511/dustin-burrows;https://www.burrowslawfirm.com/copy-of-attorneys;https://www.linkedin.com/in/dustin-burrows-16a29a4,,,,"10507 Quaker Ave. Suite 103, Lubbock, TX 79424",806-795-0635,,,,,,
ocd-person/c84056d0-47e0-4a0c-94e1-9f90c2d90a15,Eddie Morales,Democratic,74,lower,Eddie,Morales,Male,eddie.morales@house.texas.gov,,1975-01-24,,https://house.texas.gov/images/members/4000.jpg?v=1,https://house.texas.gov/members/4000;https://house.texas.gov/members/member-page/?district=74,https://ballotpedia.org/Eddie_Morales_Jr.;https://en.wikipedia.org/wiki/Eddie_Morales;https://house.texas.gov/members/4000;https://house.texas.gov/members/4000/biography;https://house.texas.gov/members/member-page/?district=74;https://justfacts.votesmart.org/candidate/189571/eddie-morales-jr,,,,"1915 Veterans Blvd., Del Rio, TX 78840",,,,,,,
ocd-person/b91e1420-1732-4063-9f3d-edcc5e71d416,Liz Campos,Democratic,119,lower,Liz,Campos,Female,elizabeth.campos@house.texas.gov,,1969-05-08,,https://house.texas.gov/images/members/3950.jpg?v=1,https://house.texas.gov/members/119;https://house.texas.gov/members/member-page/?district=119,https://ballotpedia.org/Elizabeth_Campos;https://en.wikipedia.org/wiki/Elizabeth_Campos;https://house.texas.gov/members/119;https://house.texas.gov/members/3950/biography;https://house.texas.gov/members/member-page/?district=119;https://justfacts.votesmart.org/candidate/biography/188497/elizabeth-campos,,,,"3124 Sidney Brooks Suite A, San Antonio, TX 78235",210-806-0899,,,,,,
ocd-person/34590156-1109-4ab6-84bc-bbe07764f365,Ellen Troxclair,Republican,19,lower,Ellen,Troxclair,Female,ellen.troxclair@house.texas.gov,,1985-02-04,,https://house.texas.gov/images/members/4385.jpg?v=1,https://house.texas.gov/members/19;https://house.texas.gov/members/4385;https://house.texas.gov/members/member-page/?district=19,https://ballotpedia.org/Ellen_Troxclair;https://en.wikipedia.org/wiki/Ellen_Troxclair;https://house.texas.gov/members/19;https://house.texas.gov/members/4385;https://house.texas.gov/members/4385/biography;https://house.texas.gov/members/member-page/?district=19;https://justfacts.votesmart.org/candidate/161956/ellen-troxclair;https://www.ellentroxclair.com;https://www.linkedin.com/in/ellen-troxclair,,,,"624 N. Main St. Suite 102, Boerne, TX 78006",,,,,,,
ocd-person/2cadcb59-210a-4a71-af9f-7dba9ab06112,Erin Gámez,Democratic,38,lower,Erin,Gámez,Female,erin.gamez@house.texas.gov,,1989-06-07,,https://house.texas.gov/images/members/4095.jpg?v=1,https://house.texas.gov/members/38;https://house.texas.gov/members/4095;https://house.texas.gov/members/member-page/?district=38,https://ballotpedia.org/Erin_Gamez;https://en.wikipedia.org/wiki/Erin_Gamez;https://house.texas.gov/members/38;https://house.texas.gov/members/4095;https://house.texas.gov/members/4095/biography;https://house.texas.gov/members/member-page/?district=38;https://justfacts.votesmart.org/candidate/biography/188454/erin-gamez,,,,"777 E. Harrison St. Second Floor, Brownsville, TX 78520",,,,,,,
ocd-person/b55d57f4-bd06-4487-8860-0b6eeb9a1dea,Erin Zwiener,Democratic,45,lower,Erin,Zwiener,Female,erin.zwiener@house.texas.gov,,1985-09-22,,https://house.texas.gov/images/members/3710.jpg?v=1,https://house.texas.gov/members/3710;https://house.texas.gov/members/member-page/?district=45,https://ballotpedia.org/Erin_Zwiener;https://en.wikipedia.org/wiki/Erin_Zwiener;https://house.texas.gov/members/3710;https://house.texas.gov/members/3710/biography;https://house.texas.gov/members/member-page/?district=45;https://justfacts.votesmart.org/candidate/biography/177439/erin-zwiener;https://www.linkedin.com/in/erin-z-3a729414,,,,,,,,,,,
ocd-person/5ff88048-ebd8-4ac3-af9c-d02e1305ef37,Gary Gates,Republican,28,lower,Gary,Gates,Male,gary.gates@house.texas.gov,,1959-07-22,,https://house.texas.gov/images/members/3920.jpg?v=1,https://house.texas.gov/members/3920;https://house.texas.gov/members/member-page/?district=28,https://ballotpedia.org/Gary_Gates;https://en.wikipedia.org/wiki/Gary_Gates_(politician);https://house.texas.gov/members/3920;https://house.texas.gov/members/3920/biography;https://house.texas.gov/members/member-page/?district=28;https://justfacts.votesmart.org/candidate/49211/gary-gates,,,,,,,,,,,
ocd-person/26617394-4276-4aa7-878c-d20552b260a4,Gary VanDeaver,Republican,1,lower,Gary,VanDeaver,Male,gary.vandeaver@house.texas.gov,,1958-09-25,,https://house.texas.gov/images/members/2540.jpg?v=1,https://house.texas.gov/members/2540;https://house.texas.gov/members/member-page/?district=1,https://ballotpedia.org/Gary_VanDeaver;https://en.wikipedia.org/wiki/Gary_VanDeaver;https://house.texas.gov/members/2540;https://house.texas.gov/members/2540/biography;https://house.texas.gov/members/member-page/?district=1;https://justfacts.votesmart.org/candidate/biography/147586/gary-vandeaver;https://www.linkedin.com/in/gary-vandeaver-b01a9872,,,,,,,,,,,
ocd-person/5556a81a-eca2-451d-bb29-74cfb00d1959,Gene Wu,Democratic,137,lower,Gene,Wu,Male,gene.wu@house.texas.gov,,1978-03-23,,https://house.texas.gov/images/members/2865.jpg?v=1,https://house.texas.gov/members/2865;https://house.texas.gov/members/member-page/?district=137,https://ballotpedia.org/Gene_Wu;https://en.wikipedia.org/wiki/Gene_Wu;https://house.texas.gov/members/2865;https://house.texas.gov/members/member-page/?district=137;https://justfacts.votesmart.org/candidate/biography/137800/gene-wu;https://www.pdhlaw.com/attorneys/gene-wu,,,,"6500 Rookin, Building C, Houston, TX 77074",713-271-3900,,,,,,
ocd-person/1f9ed42e-27de-4cd1-b2bf-f890ee33cb49,Gina Hinojosa,Democratic,49,lower,Gina,Hinojosa,Female,gina.hinojosa@house.texas.gov,,1973-12-08,,https://house.texas.gov/images/members/3210.jpg?v=1,https://house.texas.gov/members/3210;https://house.texas.gov/members/member-page/?district=49,https://ballotpedia.org/Gina_Hinojosa;https://en.wikipedia.org/wiki/Gina_Hinojosa;https://house.texas.gov/members/3210;https://house.texas.gov/members/3210/biography;https://house.texas.gov/members/member-page/?district=49;https://justfacts.votesmart.org/candidate/166708/gina-hinojosa;https://justfacts.votesmart.org/candidate/biography/166708/gina-hinojosa;https://www.linkedin.com/in/gina-hinojosa-b8262b25,,,,,,,,,,,
ocd-person/40ecf6ee-92a4-4daf-b950-ac70b6cdfeee,Giovanni Capriglione,Republican,98,lower,Giovanni,Capriglione,Male,giovanni.capriglione@house.texas.gov,,1973-03-08,,https://house.texas.gov/images/members/2345.jpg?v=1,https://house.texas.gov/members/98;https://house.texas.gov/members/member-page/?district=98;https://legdir.capitol.texas.gov/MemberInfo.aspx?Chamber=H&Code=A2345,https://ballotpedia.org/Giovanni_Capriglione;https://en.wikipedia.org/wiki/Giovanni_Capriglione;https://house.texas.gov/members/2345/biography;https://house.texas.gov/members/98;https://house.texas.gov/members/member-page/?district=98;https://justfacts.votesmart.org/candidate/biography/117464/giovanni-capriglione;https://legdir.capitol.texas.gov/MemberInfo.aspx?Chamber=H&Code=A2345;https://www.linkedin.com/in/giocap;https://www.linkedin.com/in/votegiovanni,,,,,,,,,,,
ocd-person/d0fbfb15-2f0c-4167-b8b4-d6135bbb6616,Greg Bonnen,Republican,24,lower,Greg,Bonnen,Male,greg.bonnen@house.texas.gov,,1966-06-18,,https://house.texas.gov/images/members/2875.jpg?v=1,https://house.texas.gov/members/24;https://house.texas.gov/members/member-page/?district=24,https://ballotpedia.org/Greg_Bonnen;https://en.wikipedia.org/wiki/Greg_Bonnen;https://house.texas.gov/members/24;https://house.texas.gov/members/2875/biography;https://house.texas.gov/members/member-page/?district=24;https://justfacts.votesmart.org/candidate/biography/138328/greg-bonnen,,,,"174 Calder Road Suite 1000, League City, TX 77573",281-338-0924,,,,,,
ocd-person/85d064ed-6f3d-4a81-93ee-1baf49c7f2c3,Harold Dutton,Democratic,142,lower,Harold,Dutton,Male,harold.dutton@house.texas.gov,,1945-02-17,,https://house.texas.gov/images/members/2650.jpg?v=3,https://house.texas.gov/members/2650;https://house.texas.gov/members/member-page/?district=142,https://ballotpedia.org/Harold_Dutton_Jr.;https://en.wikipedia.org/wiki/Harold_Dutton_Jr.;https://house.texas.gov/members/2650;https://house.texas.gov/members/member-page/?district=142;https://justfacts.votesmart.org/candidate/biography/5498/harold-dutton-jr,,,,"8799 N. Loop East Suite 200, Houston, TX 77029",713-692-9192,,,,,,
ocd-person/92b45572-c15c-4270-8356-6c3db1846c7b,Helen Kerwin,Republican,58,lower,Helen,Kerwin,Female,helen.kerwin@house.texas.gov,,1947-10-10,,https://www.house.texas.gov/images/members/4575.jpg?v=1,https://www.house.texas.gov/members/58,https://ballotpedia.org/Helen_Kerwin;https://en.wikipedia.org/wiki/Helen_Kerwin;https://justfacts.votesmart.org/candidate/biography/214548/helen-kerwin;https://www.house.texas.gov/members/4575/biography;https://www.house.texas.gov/members/58;https://www.linkedin.com/in/helen-kerwin-9855a732,,,,"100 N. Main St. Suite A, Joshua, TX 76058",817-506-0399,,,,,,
ocd-person/ef5a2ea8-61b0-484c-bbe1-b52c5ad2f075,Hillary Hickland,Republican,55,lower,Hillary,Hickland,Female,hillary.hickland@house.texas.gov,,1982-10-18,,https://www.house.texas.gov/images/members/4520.jpg?v=1,https://www.house.texas.gov/members/55,https://ballotpedia.org/Hillary_Hickland;https://justfacts.votesmart.org/candidate/biography/213387/hillary-hickland;https://www.house.texas.gov/members/4520/biography;https://www.house.texas.gov/members/55;https://www.linkedin.com/in/hillary-hickland-87746621b,,,,"2180 N. Main St. Office H7, Belton, TX 76513",254-870-6940,,,,,,
ocd-person/5c2743d2-fe0e-41d6-969d-de830d5787f8,Hubert Vo,Democratic,149,lower,Hubert,Vo,Male,hubert.vo@house.texas.gov,,1956-05-30,,https://house.texas.gov/images/members/4900.jpg?v=1,https://house.texas.gov/members/4900;https://house.texas.gov/members/member-page/?district=149,https://ballotpedia.org/Hubert_Vo;https://en.wikipedia.org/wiki/Hubert_Vo;https://house.texas.gov/members/4900;https://house.texas.gov/members/member-page/?district=149;https://justfacts.votesmart.org/candidate/biography/49576/hubert-vo,,,,"7474 S. Kirkwood Suite 106, Houston, TX 77072",281-988-0212,,,,,,
ocd-person/a43f2db5-4b24-4dfa-af7f-a2c7cbc5ea21,J.M. Lozano,Republican,43,lower,J.M.,Lozano,Male,jm.lozano@house.texas.gov,,1980-05-23,,https://house.texas.gov/images/members/2065.jpg?v=1,https://house.texas.gov/members/2065;https://house.texas.gov/members/member-page/?district=43,https://ballotpedia.org/J.M._Lozano;https://en.wikipedia.org/wiki/J._M._Lozano;https://house.texas.gov/members/2065;https://house.texas.gov/members/2065/biography;https://house.texas.gov/members/member-page/?district=43;https://justfacts.votesmart.org/candidate/biography/116981/jm-lozano;https://www.linkedin.com/in/jose-lozano-448a6048,,,,,,,,,,,
ocd-person/6cbb02e6-5876-47a1-86aa-98566fe0073a,James Frank,Republican,69,lower,James,Frank,Male,james.frank@house.texas.gov,,,,https://house.texas.gov/images/members/2385.jpg?v=1,https://house.texas.gov/members/2385;https://house.texas.gov/members/member-page/?district=69,https://ballotpedia.org/James_Frank;https://en.wikipedia.org/wiki/James_Frank;https://house.texas.gov/members/2385;https://house.texas.gov/members/2385/biography;https://house.texas.gov/members/member-page/?district=69;https://justfacts.votesmart.org/candidate/138361/james-frank,,,,"1206 Hatton Road, Wichita Falls, TX 76302",940-767-1700,,,,,,
ocd-person/5e4e2fd2-e8a9-46f3-aab5-ffbc782afa8b,James Talarico,Democratic,50,lower,James,Talarico,Male,james.talarico@house.texas.gov,,1989-05-17,,https://house.texas.gov/images/members/3685.jpg?v=1,https://house.texas.gov/members/3685;https://house.texas.gov/members/member-page/?district=50;https://house.texas.gov/members/member-page/?district=52,https://ballotpedia.org/James_Talarico;https://en.wikipedia.org/wiki/James_Talarico;https://house.texas.gov/members/3685;https://house.texas.gov/members/3685/biography;https://house.texas.gov/members/member-page/?district=50;https://house.texas.gov/members/member-page/?district=52;https://justfacts.votesmart.org/candidate/177454/james-talarico;https://www.linkedin.com/company/james-talarico-for-hd-52,,,,,,,,,,,
ocd-person/a732704e-9b03-449c-b24f-f4c567b5acdd,Janie Lopez,Republican,37,lower,Janie,Lopez,Female,janie.lopez@house.texas.gov,,,,https://house.texas.gov/images/members/4295.jpg?v=2,https://house.texas.gov/members/37;https://house.texas.gov/members/4295;https://house.texas.gov/members/member-page/?district=37,https://ballotpedia.org/Janie_Lopez;https://en.wikipedia.org/wiki/Janie_Lopez;https://house.texas.gov/members/37;https://house.texas.gov/members/4295;https://house.texas.gov/members/4295/biography;https://house.texas.gov/members/member-page/?district=37;https://justfacts.votesmart.org/candidate/biography/201280/janie-lopez;https://www.linkedin.com/in/janie-lopez-83bab475,,,,"1390 W. Expressway 83, San Benito, TX 78586",,,,,,,
ocd-person/0deb3053-0d5d-46b4-93d2-8eb9de0c4ffd,Janis Holt,Republican,18,lower,Janis,Holt,Female,janis.holt@house.texas.gov,,1959-12-20,,https://www.house.texas.gov/images/members/4535.jpg?v=2,https://www.house.texas.gov/members/18;https://www.house.texas.gov/members/4535,https://ballotpedia.org/Janis_Holt;https://en.wikipedia.org/wiki/Janis_Holt;https://justfacts.votesmart.org/candidate/201229/janis-holt;https://www.house.texas.gov/members/18;https://www.house.texas.gov/members/4535;https://www.house.texas.gov/members/4535/biography;https://www.linkedin.com/in/janis-holt-a10b49191,,,,"Room A133, 300 W. Monroe St., Kountze, TX 77625",409-527-5065,,,,,,
ocd-person/e926ca11-64dd-4e15-97bd-1f7b0915de36,Jared Patterson,Republican,106,lower,Jared,Patterson,Male,jared.patterson@house.texas.gov,,1983-04-01,,https://house.texas.gov/images/members/3655.jpg?v=1,https://house.texas.gov/members/3655;https://house.texas.gov/members/member-page/?district=106,https://ballotpedia.org/Jared_Patterson;https://en.wikipedia.org/wiki/Jared_Patterson;https://house.texas.gov/members/3655;https://house.texas.gov/members/3655/biography;https://house.texas.gov/members/member-page/?district=106;https://justfacts.votesmart.org/candidate/biography/147699/jared-patterson;https://www.linkedin.com/in/jaredpattersonconsulting,,,,"5533 FM 423 Suite 503, Frisco, TX 75036",214-494-6498,,,,,,
ocd-person/37886d81-901f-43b4-841b-f3ffbfeeb257,Jay Dean,Republican,7,lower,Jay,Dean,Male,jay.dean@house.texas.gov,,1953-03-05,,https://house.texas.gov/images/members/3515.jpg?v=1,https://house.texas.gov/members/3515;https://house.texas.gov/members/7;https://house.texas.gov/members/member-page/?district=7,https://ballotpedia.org/Jay_Dean;https://en.wikipedia.org/wiki/Jay_Dean_(politician);https://house.texas.gov/members/3515;https://house.texas.gov/members/3515/biography;https://house.texas.gov/members/7;https://house.texas.gov/members/member-page/?district=7;https://justfacts.votesmart.org/candidate/biography/79331/jay-dean;https://www.linkedin.com/in/jay-dean-20111697,,,,"101 E. Methvin Suite 103, Longview, TX 75601",903-238-8452,,,,,,
ocd-person/988efb07-ace2-4419-ac40-ccec69ebe875,Jeff Barry,Republican,29,lower,Jeff,Barry,Male,jeff.barry@house.texas.gov,,,,https://www.house.texas.gov/images/members/4405.jpg?v=1,https://www.house.texas.gov/members/29,https://ballotpedia.org/Jeffrey_Barry;https://en.wikipedia.org/wiki/Jeffrey_Barry_(politician);https://justfacts.votesmart.org/candidate/biography/213353/jeffrey-barry;https://www.house.texas.gov/members/29;https://www.house.texas.gov/members/4405/biography;https://www.linkedin.com/in/jeffrey-barry-cic-a485ba5,,,,"2341 N. Galveston Ave., Pearland, TX 77581",,,,,,,
ocd-person/40a678a3-7d85-486e-bf38-5d070142aa83,Jeff Leach,Republican,67,lower,Jeff,Leach,Male,jeff.leach@house.texas.gov,,1982-06-10,,https://house.texas.gov/images/members/2475.jpg?v=1,https://house.texas.gov/members/2475;https://house.texas.gov/members/member-page/?district=67,https://ballotpedia.org/Jeff_Leach;https://en.wikipedia.org/wiki/Jeff_Leach_(politician);https://house.texas.gov/members/2475;https://house.texas.gov/members/2475/biography;https://house.texas.gov/members/member-page/?district=67;https://justfacts.votesmart.org/candidate/138355/jeff-leach;https://www.linkedin.com/in/jeff-leach-b1935329,,,,"300 E. Davis St., #170, McKinney, TX 75069",214-491-1537,,,,,,
ocd-person/8eeb1aad-24b6-487b-bbc0-31c2238b1ccd,Jessica González,Democratic,104,lower,Jessica,González,Female,jessica.gonzalez@house.texas.gov,,1980-12-25,,https://house.texas.gov/images/members/3335.jpg?v=1,https://house.texas.gov/members/3335;https://house.texas.gov/members/member-page/?district=104,https://ballotpedia.org/Jessica_Gonzalez_(2018_Texas_state_legislative_candidate);https://en.wikipedia.org/wiki/Jessica_Gonz%C3%A1lez;https://house.texas.gov/members/3335;https://house.texas.gov/members/3335/biography;https://house.texas.gov/members/member-page/?district=104;https://www.linkedin.com/in/jessica-gonzalez-a2b9197,,,,"400 S. Zang Blvd. Suite 1214, Dallas, TX 75208",214-944-5441,,,,,,
ocd-person/1997b231-45f7-4f29-a435-9f52e60ebea4,Joan Huffman,Republican,17,upper,Joan,Huffman,Female,joan.huffman@senate.texas.gov,,1956-08-17,,https://senate.texas.gov/members/d17/img/Huffman_9S5A0096-2021web.jpg,https://senate.texas.gov/member.php?d=17,https://ballotpedia.org/Joan_Huffman;https://en.wikipedia.org/wiki/Joan_Huffman;https://justfacts.votesmart.org/candidate/biography/110896/joan-huffman;https://senate.texas.gov/member.php?d=17,,,,"16010 Barkers Point Lane Suite 265, Houston, TX 77079",281-497-2450,,,,,,
ocd-person/b39cf891-a259-422c-945a-94b65430ea0a,Joanne Shofner,Republican,11,lower,Joanne,Shofner,Female,joanne.shofner@house.texas.gov,,1964-09-28,,https://www.house.texas.gov/images/members/4755.jpg?v=1,https://www.house.texas.gov/members/11;https://www.house.texas.gov/members/4755,https://ballotpedia.org/Joanne_Shofner;https://en.wikipedia.org/wiki/Joanne_Shofner;https://justfacts.votesmart.org/candidate/biography/213316/joanne-shofner;https://www.house.texas.gov/members/11;https://www.house.texas.gov/members/4755;https://www.house.texas.gov/members/4755/biography;https://www.linkedin.com/in/joanne-shofner-a8b311288,,,,"Room 310, 202 E. Pilar St., Nacogdoches, TX 75961",936-585-6802,,,,,,
ocd-person/5898294d-5b10-4aaf-a084-b8522e69623c,Joe Moody,Democratic,78,lower,Joe,Moody,Male,joe.moody@house.texas.gov,,1981-01-09,,https://house.texas.gov/images/members/3850.jpg?v=1,https://house.texas.gov/members/3850;https://house.texas.gov/members/member-page/?district=78;https://legdir.capitol.texas.gov/MemberInfo.aspx?Chamber=H&Code=A3850,https://ballotpedia.org/Joseph_Moody;https://en.wikipedia.org/wiki/Joe_Moody_(Texas);https://house.texas.gov/members/3850;https://house.texas.gov/members/3850/biography;https://house.texas.gov/members/member-page/?district=78;https://justfacts.votesmart.org/candidate/biography/102266/joe-moody;https://legdir.capitol.texas.gov/MemberInfo.aspx?Chamber=H&Code=A3850,,,,"7365 Remcon Circle C-301, El Paso, TX 79912",915-751-2700,,,,,,
ocd-person/4e07d8dc-f5b5-47e7-a1de-83f36d3b734f,John Bryant,Democratic,114,lower,John,Bryant,Male,john.bryant@house.texas.gov,,1947-02-22,,https://house.texas.gov/images/members/4120.jpg?v=1,https://house.texas.gov/members/4120;https://house.texas.gov/members/member-page/?district=114,https://ballotpedia.org/John_Bryant_(United_States_House_of_Representatives);https://en.wikipedia.org/wiki/John_Wiley_Bryant;https://house.texas.gov/members/4120;https://house.texas.gov/members/4120/biography;https://house.texas.gov/members/member-page/?district=114;https://justfacts.votesmart.org/candidate/biography/27081/john-bryant;https://www.linkedin.com/in/john-bryant-643aa12a,,,,"6301 Gaston Ave. Suite 1110, Dallas, TX 75214",214-440-1438,,,,,,
ocd-person/53b19d1e-5b07-4f6e-87a9-27baecddaf70,John Bucy,Democratic,136,lower,John,Bucy,Male,john.bucy@house.texas.gov,,1984-06-26,,https://house.texas.gov/images/members/3595.jpg?v=5,https://house.texas.gov/members/136;https://house.texas.gov/members/member-page/?district=136,https://ballotpedia.org/John_Bucy_III;https://en.wikipedia.org/wiki/John_Bucy_III;https://house.texas.gov/members/136;https://house.texas.gov/members/member-page/?district=136;https://justfacts.votesmart.org/candidate/biography/147243/john-bucy-iii,,,,,,,,,,,
ocd-person/fbd66d9f-2a93-4cbf-b75d-b51cb01e955e,John Lujan,Republican,118,lower,John,Lujan,Male,john.lujan@house.texas.gov,,1962-06-07,,https://house.texas.gov/images/members/3145.jpg?v=1,https://house.texas.gov/members/3145;https://house.texas.gov/members/member-page/?district=118,https://ballotpedia.org/John_Lujan;https://en.wikipedia.org/wiki/John_Lujan;https://house.texas.gov/members/3145;https://house.texas.gov/members/3145/biography;https://house.texas.gov/members/member-page/?district=118;https://justfacts.votesmart.org/candidate/biography/59377/john-lujan-iv;https://www.linkedin.com/in/john-lujan-it-executive-93258b1;https://ylconsulting.com/about/executive-profiles/john-lujan,,,,"8307 S. Flores St., San Antonio, TX 78221",210-595-0068,,,,,,
ocd-person/f926d7a8-7ec7-4020-9e18-5a475565fd41,John McQueeney,Republican,97,lower,John,McQueeney,Male,john.mcqueeney@house.texas.gov,,1980-04-19,,https://www.house.texas.gov/images/members/4665.jpg?v=1,https://www.house.texas.gov/members/97,https://ballotpedia.org/John_McQueeney;https://en.wikipedia.org/wiki/John_McQueeney;https://justfacts.votesmart.org/candidate/biography/213473/john-mcqueeney;https://www.house.texas.gov/members/4665/biography;https://www.house.texas.gov/members/97;https://www.linkedin.com/in/john-mcqueeney-356342174,,,,"4521 S. Hulen St. Suite 122, Fort Worth, TX 76109",682-200-4822,,,,,,
ocd-person/3cac81cd-62ca-41d6-aa4a-8e4156244dec,John Smithee,Republican,86,lower,John,Smithee,Male,john.smithee@house.texas.gov,,1951-09-07,,https://house.texas.gov/images/members/4530.jpg?v=1,https://house.texas.gov/members/4530;https://house.texas.gov/members/member-page/?district=86,https://ballotpedia.org/John_Smithee;https://en.wikipedia.org/wiki/John_T._Smithee;https://house.texas.gov/members/4530;https://house.texas.gov/members/member-page/?district=86;https://justfacts.votesmart.org/candidate/biography/5581/john-smithee;https://www.srlawtx.com/john-smithee,,,,"320 S. Polk First Floor, Amarillo, TX 79101",806-372-3327,,,,,,
ocd-person/45cd43ff-77b3-467c-aa61-890ebee8ece5,Jo Jones,Democratic,147,lower,Jo,Jones,Female,jolanda.jones@house.texas.gov,,1965-11-06,,https://house.texas.gov/images/members/4105.jpg?v=1,https://house.texas.gov/members/4105;https://house.texas.gov/members/member-page/?district=147,https://ballotpedia.org/Jolanda_Jones;https://en.wikipedia.org/wiki/Jolanda_Jones;https://house.texas.gov/members/4105;https://house.texas.gov/members/member-page/?district=147;https://www.linkedin.com/in/jolanda-jones-2529902a,,,,"5445 Almeda Road Suite 410, Houston, TX 77004",713-522-0555,,,,,,
ocd-person/ab211984-06a9-447c-9ded-564d200bee60,Jon Rosenthal,Democratic,135,lower,Jon,Rosenthal,Male,jon.rosenthal@house.texas.gov,,1963-08-17,,https://house.texas.gov/images/members/3635.jpg?v=1,https://house.texas.gov/members/135;https://house.texas.gov/members/member-page/?district=135,https://ballotpedia.org/Jon_Rosenthal;https://en.wikipedia.org/wiki/Jon_Rosenthal;https://house.texas.gov/members/135;https://house.texas.gov/members/member-page/?district=135;https://justfacts.votesmart.org/candidate/biography/177561/jon-rosenthal;https://www.linkedin.com/in/jonr10,,,,"8440 Greenhouse Road Suite #A104, Cypress, TX 77433",281-463-5056,,,,,,
ocd-person/8bb90ee9-e764-44da-b27f-b5bc3cdb394e,José Menéndez,Democratic,26,upper,José,Menéndez,Male,jose.menendez@senate.texas.gov,,1969-03-11,,https://senate.texas.gov/members/d26/img/headshot.jpg,https://senate.texas.gov/member.php?d=26,https://ballotpedia.org/Jose_Menendez;https://en.wikipedia.org/wiki/Jose_Menendez;https://justfacts.votesmart.org/candidate/biography/49908/jose-menendez;https://senate.texas.gov/member.php?d=26;https://www.linkedin.com/in/jose-menendez-5a75748,,,,"4522 Fredericksburg Road, A-22, San Antonio, TX 78201",210-733-6604,,,,,,
ocd-person/1ec50565-379f-4a8b-ab18-c54d31df9929,Josey Garcia,Democratic,124,lower,Josey,Garcia,Female,josey.garcia@house.texas.gov,,,,https://house.texas.gov/images/members/4170.jpg?v=1,https://house.texas.gov/members/124;https://house.texas.gov/members/member-page/?district=124,https://ballotpedia.org/Josey_Garcia;https://en.wikipedia.org/wiki/Josey_Garcia;https://house.texas.gov/members/124;https://house.texas.gov/members/4170/biography;https://house.texas.gov/members/member-page/?district=124;https://justfacts.votesmart.org/candidate/biography/201201/josey-garcia;https://www.linkedin.com/in/josey-garcia-369195298,,,,"9258 Culebra Road Suite 121, San Antonio, TX 78251",,,,,,,
ocd-person/72766791-084c-4a20-a12c-6e809b51e95c,Chuy Hinojosa,Democratic,20,upper,Chuy,Hinojosa,Male,juan.hinojosa@senate.texas.gov,,1946-03-07,,https://senate.texas.gov/members/d20/img/Hinojosa_84-0784D-006.jpg,https://senate.texas.gov/member.php?d=20,https://ballotpedia.org/Juan_Hinojosa;https://ballotpedia.org/Juan_Hinojosa_(Texas);https://en.wikipedia.org/wiki/Juan_Hinojosa;https://justfacts.votesmart.org/candidate/biography/10049/juan-hinojosa;https://senate.texas.gov/member.php?d=20;https://www.linkedin.com/in/senator-juan-chuy-hinojosa-7541b064,,,,"602 N. Staples St. Suite 200, Corpus Christi, TX 78401",361-882-0900,,,,,,
ocd-person/c7aad3b7-ca16-4989-bf68-87ed72498a6b,Judith Zaffirini,Democratic,21,upper,Judith,Zaffirini,Female,judith.zaffirini@senate.texas.gov,,1946-02-13,,https://senate.texas.gov/members/d21/img/Zaffirini_2017.jpg,https://senate.texas.gov/member.php?d=21,https://ballotpedia.org/Judith_Zaffirini;https://en.wikipedia.org/wiki/Judith_Zaffirini;https://justfacts.votesmart.org/candidate/biography/5465/judith-zaffirini;https://senate.texas.gov/member.php?d=21;https://www.linkedin.com/in/judith-zaffirini-72ab24138/?trk=pub-pbmap;https://www.zaffirinicommunications.com,,,,"1407 Washington St., Laredo, TX 78040",956-722-2293,,,,,,
ocd-person/1205faf4-7ced-4d21-aa8c-aad9239e3157,Katrina Pierson,Republican,33,lower,Katrina,Pierson,Female,katrina.pierson@house.texas.gov,,1976-07-20,,https://www.house.texas.gov/images/members/4715.jpg?v=2,https://www.house.texas.gov/members/33,https://ballotpedia.org/Katrina_Pierson;https://en.wikipedia.org/wiki/Katrina_Pierson;https://justfacts.votesmart.org/candidate/145988/katrina-pierson/13/civil-liberties-and-civil-rights;https://www.house.texas.gov/members/33;https://www.house.texas.gov/members/4715/biography;https://www.linkedin.com/in/katrinapierson,,,,"101 E. Rusk St. Suite 201, Rockwall, TX 75087",,,,,,,
ocd-person/fe47f6d5-2db3-495b-8da6-5cd12e0dc677,Keith Bell,Republican,4,lower,Keith,Bell,Male,keith.bell@house.texas.gov,,1962-05-22,,https://house.texas.gov/images/members/3695.jpg?v=1,https://house.texas.gov/members/3695;https://house.texas.gov/members/3695/;https://house.texas.gov/members/member-page/?district=4,https://ballotpedia.org/Keith_Bell;https://en.wikipedia.org/wiki/Keith_Bell_(politician);https://house.texas.gov/members/3695;https://house.texas.gov/members/3695/biography;https://house.texas.gov/members/member-page/?district=4;https://justfacts.votesmart.org/candidate/biography/177380/keith-bell;https://www.linkedin.com/in/g-keith-bell-7845a37,,,,"771 E. Highway 80 Suite 208, Forney, TX 75126",972-552-5573,,,,,,
ocd-person/d9f32e07-7835-4edf-b986-7a2cf16d608b,Ken King,Republican,88,lower,Ken,King,Male,ken.king@house.texas.gov,,1971-12-28,,https://house.texas.gov/images/members/2455.jpg?v=1,https://house.texas.gov/members/2455;https://house.texas.gov/members/member-page/?district=88,https://ballotpedia.org/Ken_King;https://en.wikipedia.org/wiki/Ken_King;https://house.texas.gov/members/2455;https://house.texas.gov/members/2455/biography;https://house.texas.gov/members/member-page/?district=88;https://justfacts.votesmart.org/candidate/biography/138367/ken-king,,,,,,,,,,,
ocd-person/2b79c268-eaf3-4915-a0e0-faec03b652d8,Keresa Richardson,Republican,61,lower,Keresa,Richardson,Female,keresa.richardson@house.texas.gov,,1957-12-13,,https://house.texas.gov/images/members/4735.jpg?v=1,https://house.texas.gov/members/61,https://ballotpedia.org/Keresa_Richardson;https://en.wikipedia.org/wiki/Keresa_Richardson;https://house.texas.gov/members/4735/biography;https://house.texas.gov/members/61;https://justfacts.votesmart.org/candidate/biography/213432/keresa-richardson;https://www.linkedin.com/in/keresa-richardson-384696,,,,,,,,,,,
ocd-person/aa6deb86-b21b-4ed2-ad67-bd6217238afc,Kevin Sparks,Republican,31,upper,Kevin,Sparks,Male,kevin.sparks@senate.texas.gov,,,,https://senate.texas.gov/members/d31/img/Sparks_88-0063D-012-web.jpg,https://senate.texas.gov/member.php?d=31,https://ballotpedia.org/Kevin_Sparks_(Texas_Senate_candidate);https://en.wikipedia.org/wiki/Kevin_Sparks;https://senate.texas.gov/member.php?d=31;https://www.linkedin.com/in/kevin-sparks-6a2088224,,,,"Historic Federal Building 620 S. Taylor St., Suite 203, Amarillo, TX 79101",806-374-8994,,,,,,
ocd-person/2609ba13-abf1-40b5-9f4c-a4c1135e56e2,Lacey Hull,Republican,138,lower,Lacey,Hull,Female,lacey.hull@house.texas.gov,,1986-08-21,,https://house.texas.gov/images/members/3975.jpg?v=1,https://house.texas.gov/members/3975;https://house.texas.gov/members/member-page/?district=138,https://ballotpedia.org/Lacey_Hull;https://en.wikipedia.org/wiki/Lacey_Hull;https://house.texas.gov/members/3975;https://house.texas.gov/members/member-page/?district=138;https://justfacts.votesmart.org/candidate/biography/188434/lacey-hull,,,,"10190 Katy Freeway Suite 555G, Houston, TX 77043",713-647-0042,,,,,,
ocd-person/9dc31ea5-fd89-4909-a9bf-d732ea02282a,Lauren Simmons,Democratic,146,lower,Lauren,Simmons,X,laurena.simmons@house.texas.gov,,,,https://house.texas.gov/images/members/4765.jpg?v=1,https://house.texas.gov/members/4765,https://ballotpedia.org/Lauren_Ashley_Simmons;https://en.wikipedia.org/wiki/Lauren_Ashley_Simmons;https://house.texas.gov/members/4765;https://justfacts.votesmart.org/candidate/biography/213510/lauren-simmons,,,,"7901 El Rio St. Office 1039 and 1041, Houston, TX 77054",713-234-6010,,,,,,
ocd-person/5d3626bb-c865-4c92-a717-a72036c6ce5a,Linda Garcia,Democratic,107,lower,Linda,Garcia,Female,linda.garcia@house.texas.gov,,,,https://www.house.texas.gov/images/members/4485.jpg?v=3,https://www.house.texas.gov/members/107,https://ballotpedia.org/Linda_Garcia_(Texas_state_house_candidate);https://en.wikipedia.org/wiki/Linda_Garcia_(politician);https://justfacts.votesmart.org/candidate/biography/213480/linda-garcia;https://www.house.texas.gov/members/107;https://www.house.texas.gov/members/4485/biography,,,,"18601 Lyndon B. Johnson Freeway Suite 509, Mesquite, TX 75150",469-501-6305,,,,,,
ocd-person/28eb71be-bce7-4b32-908d-289ecc265c3c,Lois Kolkhorst,Republican,18,upper,Lois,Kolkhorst,Female,lois.kolkhorst@senate.texas.gov,,1964-11-04,,https://senate.texas.gov/members/d18/img/LWK_2020.jpg,https://senate.texas.gov/member.php?d=18,https://ballotpedia.org/Lois_Kolkhorst;https://en.wikipedia.org/wiki/Lois_Kolkhorst;https://justfacts.votesmart.org/candidate/biography/49608/lois-kolkhorst;https://senate.texas.gov/member.php?d=18,,,,"311 E. Constitution St. Suite 120, Victoria, TX 77901",361-573-7300,,,,,,
ocd-person/ab3ddc65-0fb9-476b-993f-b3dc4050127e,Lulu Flores,Democratic,51,lower,Lulu,Flores,Female,lulu.flores@house.texas.gov,,1955-09-27,,https://house.texas.gov/images/members/4150.jpg?v=1,https://house.texas.gov/members/4150;https://house.texas.gov/members/member-page/?district=51;https://www.voteluluflores.com/,https://ballotpedia.org/Lulu_Flores;https://en.wikipedia.org/wiki/Lulu_Flores;https://hendlerlaw.com/attorneys/maria-luisa-lulu-flores;https://house.texas.gov/members/4150;https://house.texas.gov/members/4150/biography;https://house.texas.gov/members/member-page/?district=51;https://justfacts.votesmart.org/candidate/201275/lulu-flores;https://www.linkedin.com/in/lulu-flores-350a02;https://www.voteluluflores.com,,,,,,,,,,,
ocd-person/a61b0fd1-9fdf-4b4c-abe6-b790cc856023,Mano DeAyala,Republican,133,lower,Mano,DeAyala,Male,mano.deayala@house.texas.gov,,,,https://house.texas.gov/images/members/4135.jpg?v=1,https://house.texas.gov/members/4135;https://house.texas.gov/members/member-page/?district=133,https://ballotpedia.org/Mano_Deayala;https://en.wikipedia.org/wiki/Mano_DeAyala;https://house.texas.gov/members/4135;https://house.texas.gov/members/member-page/?district=133;https://justfacts.votesmart.org/candidate/biography/201361/mano-deayala;https://www.linkedin.com/in/mano-deayala-2b35448,,,,"9525 Katy Freeway Suite 215B, Houston, TX 77024",713-465-1201,,,,,,
ocd-person/d34eead2-bd19-49ce-8131-6d314d58e6a1,Marc LaHood,Republican,121,lower,Marc,LaHood,Male,marc.lahood@house.texas.gov,,,,https://www.house.texas.gov/images/members/4595.jpg?v=1,https://www.house.texas.gov/members/121,https://ballotpedia.org/Marc_LaHood;https://en.wikipedia.org/wiki/Marc_LaHood;https://justfacts.votesmart.org/candidate/biography/213492/marc-lahood;https://www.house.texas.gov/members/121;https://www.house.texas.gov/members/4595/biography;https://www.linkedin.com/in/marc-lahood-b944149,,,,"1635 NE Loop 410 Suite 901, San Antonio, TX 78209",210-640-1021,,,,,,
ocd-person/2c0a4352-9871-4122-97fd-832ec998e907,Mark Dorazio,Republican,122,lower,Mark,Dorazio,Male,mark.dorazio@house.texas.gov,,,,https://house.texas.gov/images/members/4145.jpg?v=2,https://house.texas.gov/members/122;https://house.texas.gov/members/member-page/?district=122,https://ballotpedia.org/Mark_Dorazio;https://en.wikipedia.org/wiki/Mark_Dorazio;https://house.texas.gov/members/122;https://house.texas.gov/members/4145/biography;https://house.texas.gov/members/member-page/?district=122;https://justfacts.votesmart.org/candidate/biography/201384/mark-dorazio;https://markdorazio.com/about,,,,"4634 De Zavala Road, San Antonio, TX 78249",,,,,,,
ocd-person/26244d6a-f0d5-4dbe-b9ed-a38df74a7bac,Mary Ann Perez,Democratic,144,lower,Mary Ann,Perez,Female,maryann.perez@house.texas.gov,,1962-05-15,,https://house.texas.gov/images/members/2535.jpg?v=1,https://house.texas.gov/members/2535;https://house.texas.gov/members/member-page/?district=144,https://ballotpedia.org/Mary_Ann_Perez;https://en.wikipedia.org/wiki/Mary_Ann_Perez;https://house.texas.gov/members/2535;https://house.texas.gov/members/member-page/?district=144;https://justfacts.votesmart.org/candidate/biography/137802/mary-ann-perez;https://www.linkedin.com/in/mary-ann-perez-18392827,,,,"101 S. Richey St. Suite F107, Pasadena, TX 77506",713-740-8153,,,,,,
ocd-person/93379bbe-5fb3-400f-853a-d0b3553e7772,Mary González,Democratic,75,lower,Mary,González,Female,mary.gonzalez@house.texas.gov,,1983-10-30,,https://house.texas.gov/images/members/2410.jpg?v=1,https://house.texas.gov/members/2410;https://house.texas.gov/members/member-page/?district=75,https://ballotpedia.org/Mary_Gonzalez;https://en.wikipedia.org/wiki/Mary_Gonz%C3%A1lez;https://house.texas.gov/members/2410;https://house.texas.gov/members/member-page/?district=75;https://justfacts.votesmart.org/candidate/biography/137767/mary-gonzalez;https://www.house.texas.gov/members/2410/biography;https://www.linkedin.com/in/mary-gonzalez-17432660,,,,,,,,,,,
ocd-person/07951419-b5d5-430b-a3e6-678e1d4aec21,Matt Morgan,Republican,26,lower,Matt,Morgan,Male,matt.morgan@house.texas.gov,,1979-03-19,,https://www.house.texas.gov/images/members/4675.jpg?v=1,https://www.house.texas.gov/members/26,https://ballotpedia.org/Matt_Morgan_(Texas);https://en.wikipedia.org/wiki/Matt_Morgan_(Texas_politician);https://justfacts.votesmart.org/candidate/biography/188379/matt-morgan;https://www.house.texas.gov/members/26;https://www.linkedin.com/in/matt-morgan-25690229a,,,,"22333 Grand Corner Drive, Katy, TX 77494",,,,,,,
ocd-person/71555c46-28b0-4887-98a1-997dc7482e75,Matt Shaheen,Republican,66,lower,Matt,Shaheen,Male,matt.shaheen@house.texas.gov,,1965-06-08,,https://house.texas.gov/images/members/2995.jpg?v=1,https://house.texas.gov/members/66;https://house.texas.gov/members/member-page/?district=66;https://legdir.capitol.texas.gov/MemberInfo.aspx?Chamber=H&Code=A2995;https://mattshaheen.com/,https://ballotpedia.org/Matt_Shaheen;https://en.wikipedia.org/wiki/Matt_Shaheen;https://house.texas.gov/members/2995/biography;https://house.texas.gov/members/66;https://house.texas.gov/members/member-page/?district=66;https://justfacts.votesmart.org/candidate/biography/115952/matt-shaheen;https://legdir.capitol.texas.gov/MemberInfo.aspx?Chamber=H&Code=A2995;https://mattshaheen.com;https://www.linkedin.com/in/matt-shaheen-864029204,,,,TX,469-499-9055,,,,,,
ocd-person/1399b6ba-cbfa-45ca-bf91-6ba89fe777bf,Mayes Middleton,Republican,11,upper,Mayes,Middleton,Male,mayes.middleton@senate.texas.gov,,1981-09-18,,https://senate.texas.gov/members/d11/img/Middleton_87-0662D-009.jpg,https://house.texas.gov/members/member-page/?district=23;https://senate.texas.gov/member.php?d=11,https://ballotpedia.org/Mayes_Middleton;https://en.wikipedia.org/wiki/Mayes_Middleton;https://house.texas.gov/members/member-page/?district=23;https://senate.texas.gov/member.php?d=11;https://www.linkedin.com/in/mayes-middleton-2b8a20145,,,,"825 Rollingbrook Drive Suite B, Baytown, TX 77521",,,,,,,
ocd-person/b69579f7-74de-4a71-86ba-033264cc5bc7,Mihaela Pleșa,Democratic,70,lower,Mihaela,Pleșa,Female,mihaela.plesa@house.texas.gov,,1983-07-28,,https://house.texas.gov/images/members/4345.jpg?v=1,https://house.texas.gov/members/70;https://house.texas.gov/members/member-page/?district=70,https://ballotpedia.org/Mihaela_Plesa;https://en.wikipedia.org/wiki/Mihaela_Plesa;https://house.texas.gov/members/4345/biography;https://house.texas.gov/members/70;https://house.texas.gov/members/member-page/?district=70;https://justfacts.votesmart.org/candidate/201252/mihaela-plesa;https://www.linkedin.com/in/mihaela-plesa-26640348,,,,"900 E. Park Blvd. Suite 140-C, Plano, TX 75074",972-423-1227,,,,,,
ocd-person/4b70019b-d7c1-4414-bcb1-7bf917081ed5,Mike Olcott,Republican,60,lower,Mike,Olcott,Male,mike.olcott@house.texas.gov,,,,https://www.house.texas.gov/images/members/4705.jpg?v=1,https://www.house.texas.gov/members/60,https://ballotpedia.org/Mike_Olcott;https://en.wikipedia.org/wiki/Mike_Olcott;https://house.texas.gov/members/4705/biography;https://justfacts.votesmart.org/candidate/biography/201309/mike-olcott;https://www.house.texas.gov/members/60,,,,"212 Santa Fe Drive, Weatherford, TX 76086",817-382-4673,,,,,,
ocd-person/df010291-7350-4262-9220-4c576730b2db,Mike Schofield,Republican,132,lower,Mike,Schofield,Male,mike.schofield@house.texas.gov,,1964-06-27,,https://house.texas.gov/images/members/3095.jpg?v=1,https://house.texas.gov/members/3095;https://house.texas.gov/members/member-page/?district=132,https://ballotpedia.org/Mike_Schofield;https://en.wikipedia.org/wiki/Mike_Schofield;https://house.texas.gov/members/3095;https://house.texas.gov/members/member-page/?district=132;https://justfacts.votesmart.org/candidate/biography/59363/mike-schofield;https://www.linkedin.com/in/mike-schofield-555a93124,,,,"22910 Colonial Parkway Suite 1001, Katy, TX 77449",281-492-0684,,,,,,
ocd-person/96dfe856-d5b0-4f7a-86f6-06c2175a4d4a,Mitch Little,Republican,65,lower,Mitch,Little,Male,mitch.little@house.texas.gov,,,,https://house.texas.gov/images/members/4615.jpg?v=1,https://house.texas.gov/members/4615,https://ballotpedia.org/Mitch_Little;https://en.wikipedia.org/wiki/Mitch_Little;https://house.texas.gov/members/4615;https://justfacts.votesmart.org/candidate/biography/213436/mitch-little;https://www.linkedin.com/in/mitchlittle,,,,,,,,,,,
ocd-person/06aed58e-f403-43a5-b4b9-8785a4acf981,Molly Cook,Democratic,15,upper,Molly,Cook,Female,molly.cook@senate.texas.gov,,1991-06-07,,https://senate.texas.gov/members/d15/img/Cook_88-0807D-014-2025.jpg,https://senate.texas.gov/member.php?d=15,https://ballotpedia.org/Molly_Cook;https://en.wikipedia.org/wiki/Molly_Cook;https://justfacts.votesmart.org/candidate/biography/201035/molly-cook;https://senate.texas.gov/member.php?d=15;https://www.linkedin.com/in/mollycookrn;https://www.mollyfortexas.com/about-molly-cook,,,,"4808 Gibson St. Suite 210, Houston, TX 77007",713-864-8701,,,,,,
ocd-person/2639e096-d327-4c4d-823f-759b1ce373e0,Morgan Meyer,Republican,108,lower,Morgan,Meyer,Male,morgan.meyer@house.texas.gov,,1974-08-08,,https://house.texas.gov/images/members/3075.jpg?v=1,https://house.texas.gov/members/3075;https://house.texas.gov/members/member-page/?district=108,https://ballotpedia.org/Morgan_Meyer;https://en.wikipedia.org/wiki/Morgan_Meyer;https://house.texas.gov/members/3075;https://house.texas.gov/members/3075/biography;https://house.texas.gov/members/member-page/?district=108;https://justfacts.votesmart.org/candidate/biography/147697/morgan-meyer;https://www.linkedin.com/in/morgan-meyer-95794965;https://www.wickphillips.com/professionals/meyer-morgan-d,,,,"3131 McKinney Ave. #500, Dallas, TX 75204",214-239-1257,,,,,,
ocd-person/c6308fcd-b1e1-4ce3-9a29-c05e420e8012,Nate Schatzline,Republican,93,lower,Nate,Schatzline,Male,nate.schatzline@house.texas.gov,,1991-11-19,,https://house.texas.gov/images/members/4355.jpg?v=1,https://house.texas.gov/members/4355;https://house.texas.gov/members/member-page/?district=93,https://ballotpedia.org/Nate_Schatzline;https://en.wikipedia.org/wiki/Nate_Schatzline;https://house.texas.gov/members/4355;https://house.texas.gov/members/4355/biography;https://house.texas.gov/members/member-page/?district=93;https://justfacts.votesmart.org/candidate/201380/nate-schatzline,,,,,,,,,,,
ocd-person/dee454b1-6da0-4b1b-a232-033e7de8551f,Nathan Johnson,Democratic,16,upper,Nathan,Johnson,Male,nathan.johnson@senate.texas.gov,,1968-02-12,,https://senate.texas.gov/members/d16/img/SNJ-Headshot-2023-web.jpg,https://senate.texas.gov/member.php?d=16,https://ballotpedia.org/Nathan_Johnson_(Texas);https://en.wikipedia.org/wiki/Nathan_M._Johnson;https://justfacts.votesmart.org/candidate/biography/177585/nathan-johnson;https://senate.texas.gov/member.php?d=16;https://www.linkedin.com/in/nathan-johnson-6034094,,,,"Merit Tower 12222 Merit Drive, Suite 1010, Dallas, TX 75251",972-701-0349,,,,,,
ocd-person/ea169f77-0bd8-4ca0-ac59-f894c9a09e71,Nicole Collier,Democratic,95,lower,Nicole,Collier,Female,nicole.collier@house.texas.gov,,1972-09-12,,https://house.texas.gov/images/members/2360.jpg?v=1,https://house.texas.gov/members/95;https://house.texas.gov/members/member-page/?district=95;https://legdir.capitol.texas.gov/MemberInfo.aspx?Chamber=H&Code=A2360,https://ballotpedia.org/Nicole_Collier;https://en.wikipedia.org/wiki/Nicole_Collier;https://house.texas.gov/members/2360/biography;https://house.texas.gov/members/95;https://house.texas.gov/members/member-page/?district=95;https://justfacts.votesmart.org/candidate/biography/137771/nicole-collier;https://legdir.capitol.texas.gov/MemberInfo.aspx?Chamber=H&Code=A2360;https://www.linkedin.com/in/nicole-collier-0289a52,,,,"101. S. Jennings Suite 103A, Fort Worth, TX 76104",817-332-1180,,,,,,
ocd-person/896e8f9c-7dca-4f7d-8554-c0324cfa7265,Oscar Longoria,Democratic,35,lower,Oscar,Longoria,Male,oscar.longoria@house.texas.gov,,1981-10-02,,https://house.texas.gov/images/members/2485.jpg?v=1,https://house.texas.gov/members/2485;https://house.texas.gov/members/35;https://house.texas.gov/members/member-page/?district=35;https://legdir.capitol.texas.gov/MemberInfo.aspx?Chamber=H&Code=A2485,https://ballotpedia.org/Oscar_Longoria;https://en.wikipedia.org/wiki/Oscar_Longoria;https://house.texas.gov/members/2485;https://house.texas.gov/members/2485/biography;https://house.texas.gov/members/35;https://house.texas.gov/members/member-page/?district=35;https://justfacts.votesmart.org/candidate/biography/137738/oscar-longoria;https://legdir.capitol.texas.gov/MemberInfo.aspx?Chamber=H&Code=A2485;https://www.linkedin.com/in/oscar-longoria-1338878;https://www.oscarlongorialaw.com/attorney/oscar-lee-longoria-jr,,,,"126 E. Commercial Ave., La Feria, TX 78559",956-797-2101,,,,,,
ocd-person/0e79cc57-2894-432e-9aca-505a41d4de2c,Pat Curry,Republican,56,lower,Pat,Curry,Male,pat.curry@house.texas.gov,,,,https://house.texas.gov/images/members/4415.jpg?v=2,https://house.texas.gov/members/4415,https://ballotpedia.org/Pat_Curry;https://en.wikipedia.org/wiki/Pat_Curry;https://house.texas.gov/members/4415;https://house.texas.gov/members/4415/biography;https://justfacts.votesmart.org/candidate/biography/213389/pat-curry;https://www.linkedin.com/in/pat-curry-693b2a16,,,,"204 Woodhew Drive, Waco, TX 76712",,,,,,,
ocd-person/a9f861bf-1a13-4d3b-816a-69589e9b25e7,Paul Bettencourt,Republican,7,upper,Paul,Bettencourt,Male,paul.bettencourt@senate.texas.gov,,1958-10-20,,https://senate.texas.gov/members/d07/img/action.jpg,https://senate.texas.gov/member.php?d=7,https://ballotpedia.org/Paul_Bettencourt;https://en.wikipedia.org/wiki/Paul_Bettencourt;https://justfacts.votesmart.org/candidate/biography/147736/paul-bettencourt;https://senate.texas.gov/member.php?d=7,,,,"11451 Katy Freeway Suite 209, Houston, TX 77079",713-464-0282,,,,,,
ocd-person/89b43853-82e0-434c-9946-4fd9057e1842,Paul Dyson,Republican,14,lower,Paul,Dyson,Male,paul.dyson@house.texas.gov,,,,https://www.house.texas.gov/images/members/4475.jpg?v=1,https://www.house.texas.gov/members/14;https://www.house.texas.gov/members/4475,https://ballotpedia.org/Paul_Dyson;https://en.wikipedia.org/wiki/Paul_Dyson_(politician);https://www.house.texas.gov/members/14;https://www.house.texas.gov/members/4475;https://www.house.texas.gov/members/4475/biography;https://www.linkedin.com/in/pdyson,,,,"3000 Briarcrest Drive Suite 212, Bryan, TX 77802",979-314-3095,,,,,,
ocd-person/51a281ff-2983-4b4b-baf4-63ee17812835,Penny Morales Shaw,Democratic,148,lower,Penny,Morales Shaw,Female,penny.moralesshaw@house.texas.gov,,1966-03-17,,https://house.texas.gov/images/members/4035.jpg?v=1,https://house.texas.gov/members/4035;https://house.texas.gov/members/member-page/?district=148,https://ballotpedia.org/Penny_Morales_Shaw;https://en.wikipedia.org/wiki/Penny_Morales_Shaw;https://house.texas.gov/members/4035;https://house.texas.gov/members/member-page/?district=148;https://justfacts.votesmart.org/candidate/biography/187381/penny-morales-shaw,,,,"10900 NW Freeway Suite 210 D, Houston, TX 77092",713-861-6721,,,,,,
ocd-person/682e8ef8-8fc1-4490-a04d-63a7c6d92185,Pete Flores,Republican,24,upper,Pete,Flores,Male,pete.flores@senate.texas.gov,,,,https://senate.texas.gov/members/d24/img/Flores_86-0634D-001-web.jpg,https://senate.texas.gov/member.php?d=24,https://ballotpedia.org/Peter_P._Flores;https://en.wikipedia.org/wiki/Pete_Flores;https://senate.texas.gov/member.php?d=24,,,,"Schreiner One Center 819 Water St., Suite 164, Kerrville, TX 78028",830-896-9816,,,,,,
ocd-person/98bef50a-73c7-4139-9b8e-628d0e89d659,Phil King,Republican,10,upper,Phil,King,Male,phil.king@senate.texas.gov,,1956-02-29,,https://senate.texas.gov/members/d10/img/King_88-0550D-004-WEB.jpg,https://house.texas.gov/members/member-page/?district=61;https://senate.texas.gov/member.php?d=10,https://ballotpedia.org/Phil_King_(Texas);https://en.wikipedia.org/wiki/Phil_King_(Texas_politician);https://house.texas.gov/members/member-page/?district=61;https://justfacts.votesmart.org/candidate/biography/25435/phil-king;https://senate.texas.gov/member.php?d=10;https://www.linkedin.com/in/phil-king-580781,,,,"Nan and Bob Kingsley Building 1710 Martin Drive, Weatherford, TX 76086",817-596-4796,,,,,,
ocd-person/12d67093-ab4c-425d-afa3-e5777db09d1c,Philip Cortez,Democratic,117,lower,Philip,Cortez,Male,philip.cortez@house.texas.gov,,1978-07-07,,https://house.texas.gov/images/members/2365.jpg?v=2,https://house.texas.gov/members/2365;https://house.texas.gov/members/member-page/?district=117,https://ballotpedia.org/Philip_Cortez;https://en.wikipedia.org/wiki/Philip_Cortez;https://house.texas.gov/members/2365;https://house.texas.gov/members/2365/biography;https://house.texas.gov/members/member-page/?district=117;https://justfacts.votesmart.org/candidate/biography/78684/philip-cortez;https://www.linkedin.com/in/philip-cortez-ph-d-0b361311,,,,"2600 SW Military Drive Suite 211, San Antonio, TX 78224",210-923-3638,,,,,,
ocd-person/f72eb41b-2ff9-434f-96cf-75b9724289ab,Rafael Anchía,Democratic,103,lower,Rafael,Anchía,Male,rafael.anchia@house.texas.gov,,1968-09-26,,https://house.texas.gov/images/members/2150.jpg,https://house.texas.gov/members/2150;https://house.texas.gov/members/member-page/?district=103,https://ballotpedia.org/Rafael_Anchia;https://en.wikipedia.org/wiki/Rafael_Anchia;https://house.texas.gov/members/2150;https://house.texas.gov/members/2150/biography;https://house.texas.gov/members/member-page/?district=103;https://justfacts.votesmart.org/candidate/biography/49874/rafael-anchia;https://www.haynesboone.com/people/anchia-rafael;https://www.linkedin.com/in/rafael-anchia-426a114,,,,"1111 W. Mockingbird Lane Suite 1010, Dallas, TX 75247",214-943-6081,,,,,,
ocd-person/c0fc4283-3ed5-4165-a066-80de16f492b7,Ramon Romero,Democratic,90,lower,Ramon,Romero,Male,ramon.romero@house.texas.gov,,1975-07-15,,https://house.texas.gov/images/members/3060.jpg?v=1,https://house.texas.gov/members/3060;https://house.texas.gov/members/member-page/?district=90,"https://ballotpedia.org/Ramon_Romero,_Jr.;https://en.wikipedia.org/wiki/Ramon_Romero_Jr.;https://house.texas.gov/members/3060;https://house.texas.gov/members/3060/biography;https://house.texas.gov/members/member-page/?district=90;https://justfacts.votesmart.org/candidate/biography/147669/ramon-romero-jr;https://www.linkedin.com/in/ramon-romero-jr-6109b912",,,,"1500 N. Main St. Suite 212, Fort Worth, TX 76164",817-924-6788,,,,,,
ocd-person/01ce2f6b-0500-4baa-a47f-386f9c6286b0,Ray Lopez,Democratic,125,lower,Ray,Lopez,Male,ray.lopez@house.texas.gov,,1949-12-05,,https://house.texas.gov/images/members/3915.jpg?v=1,https://house.texas.gov/members/3915;https://house.texas.gov/members/member-page/?district=125,https://ballotpedia.org/Ray_Lopez;https://en.wikipedia.org/wiki/Ray_Lopez;https://house.texas.gov/members/3915;https://house.texas.gov/members/member-page/?district=125;https://justfacts.votesmart.org/candidate/biography/116274/ray-lopez;https://www.linkedin.com/in/ray-lopez-abb65644,,,,"5309 Wurzbach Road #100-7, San Antonio, TX 78238",210-684-5419,,,,,,
ocd-person/69ef7d69-9a5e-42be-b463-8873cb52ad10,Rhetta Bowers,Democratic,113,lower,Rhetta,Bowers,Female,rhetta.bowers@house.texas.gov,,1967-07-22,,https://house.texas.gov/images/members/3565.jpg?v=1,https://house.texas.gov/members/3565;https://house.texas.gov/members/member-page/?district=113,https://ballotpedia.org/Rhetta_Andrews_Bowers;https://en.wikipedia.org/wiki/Rhetta_Bowers;https://house.texas.gov/members/3565;https://house.texas.gov/members/3565/biography;https://house.texas.gov/members/member-page/?district=113;https://justfacts.votesmart.org/candidate/biography/166882/rhetta-bowers;https://www.linkedin.com/in/rhetta-bowers-63832829,,,,"18601 Lyndon B. Johnson Freeway Suite 301, Mesquite, TX 75150",972-272-6237,,,,,,
ocd-person/f8e0a89e-889a-4fcf-8a0a-1e0e091d89d0,Richard Hayes,Republican,57,lower,Richard,Hayes,Male,richard.hayes@house.texas.gov,,,,https://house.texas.gov/images/members/4165.jpg?v=1,https://house.texas.gov/members/4165;https://house.texas.gov/members/member-page/?district=57,https://ballotpedia.org/Richard_Hayes_(Texas);https://en.wikipedia.org/wiki/Richard_Hayes_(Texas_politician);https://house.texas.gov/members/4165;https://house.texas.gov/members/4165/biography;https://house.texas.gov/members/member-page/?district=57;https://justfacts.votesmart.org/candidate/201302/richard-hayes;https://www.linkedin.com/in/richarddhayes,,,,"2000 S. Stemmons Freeway Suite 203, Lake Dallas, TX 75065",940-321-7574,,,,,,
ocd-person/d4a94a68-02a7-44c0-901f-9cd57350229a,Richard Raymond,Democratic,42,lower,Richard,Raymond,Male,richard.raymond@house.texas.gov,,1960-10-27,,https://house.texas.gov/images/members/4215.jpg?v=1,https://house.texas.gov/members/4215;https://house.texas.gov/members/member-page/?district=42,https://ballotpedia.org/Richard_Raymond;https://en.wikipedia.org/wiki/Richard_Raymond_(Texas_politician);https://house.texas.gov/members/4215;https://house.texas.gov/members/4215/biography;https://house.texas.gov/members/member-page/?district=42;https://justfacts.votesmart.org/candidate/biography/5571/richard-raymond;https://www.linkedin.com/in/richard-pe%C3%B1a-raymond-376b7412,,,,,,,,,,,
ocd-person/26b83cfe-10c0-4ac6-ae02-dac30e2856b1,Robert Nichols,Republican,3,upper,Robert,Nichols,Male,robert.nichols@senate.texas.gov,,1944-11-25,,https://senate.texas.gov/members/d03/img/headshot.jpg,https://senate.texas.gov/member.php?d=3,https://ballotpedia.org/Robert_Nichols_(Texas);https://en.wikipedia.org/wiki/Robert_Nichols_(politician);https://justfacts.votesmart.org/candidate/biography/59338/robert-nichols;https://senate.texas.gov/member.php?d=3,,,,"769 S. Main St. Suite 103, Lumberton, TX 77657",409-755-9893,,,,,,
ocd-person/68767ec3-151c-413f-aeb8-f35dd6c5f35c,Roland Gutierrez,Democratic,19,upper,Roland,Gutierrez,Male,roland.gutierrez@senate.texas.gov,,1970-09-01,,https://senate.texas.gov/members/d19/img/Gutierrez_87-0522D-016-Web.jpg,https://house.texas.gov/members/member-page/?district=119;https://senate.texas.gov/member.php?d=19,https://ballotpedia.org/Roland_Gutierrez;https://en.wikipedia.org/wiki/Roland_Gutierrez_(politician);https://house.texas.gov/members/member-page/?district=119;https://justfacts.votesmart.org/candidate/biography/106951/roland-gutierrez;https://senate.texas.gov/member.php?d=19,,,,"2401 Garner Field Road Building Q2, Uvalde, TX 78801",830-278-1234,,,,,,
ocd-person/72bad853-b403-49c2-9a99-32c5fb3222c7,Ron Reynolds,Democratic,27,lower,Ron,Reynolds,Male,ron.reynolds@house.texas.gov,,1973-09-18,,https://house.texas.gov/images/members/2040.jpg?v=1,https://house.texas.gov/members/2040;https://house.texas.gov/members/member-page/?district=27,https://ballotpedia.org/Ron_Reynolds;https://en.wikipedia.org/wiki/Ron_Reynolds_(Texas_politician);https://house.texas.gov/members/2040;https://house.texas.gov/members/2040/biography;https://house.texas.gov/members/member-page/?district=27;https://justfacts.votesmart.org/candidate/102294/ron-reynolds;https://justfacts.votesmart.org/candidate/biography/102294/ron-reynolds,,,,"2440 Texas Parkway Suite 102, Missouri City, TX 77489",281-208-3574,,,,,,
ocd-person/d6f40682-7b90-4735-980c-7c95ef402a78,Royce West,Democratic,23,upper,Royce,West,Male,royce.west@senate.texas.gov,,1952-09-26,,https://senate.texas.gov/members/d23/img/West_87-0474D-015-web.jpg,https://senate.texas.gov/member.php?d=23,https://ballotpedia.org/Royce_West;https://en.wikipedia.org/wiki/Royce_West;https://justfacts.votesmart.org/candidate/biography/5463/royce-west;https://senate.texas.gov/member.php?d=23;https://www.linkedin.com/in/royce-west-b9648344,,,,"5787 S. Hampton Road Suite 385, Dallas, TX 75232",214-467-0123,,,,,,
ocd-person/f0ede995-2253-4f7b-a922-6da34e4de194,Ryan Guillen,Republican,31,lower,Ryan,Guillen,Male,ryan.guillen@house.texas.gov,,1977-10-27,,https://house.texas.gov/images/members/3045.jpg?v=1,https://house.texas.gov/members/3045;https://house.texas.gov/members/member-page/?district=31,https://ballotpedia.org/Ryan_Guillen;https://en.wikipedia.org/wiki/Ryan_Guillen;https://house.texas.gov/members/3045;https://house.texas.gov/members/3045/biography;https://house.texas.gov/members/member-page/?district=31;https://justfacts.votesmart.org/candidate/49248/ryan-guillen;https://justfacts.votesmart.org/candidate/biography/49248/ryan-guillen;https://www.linkedin.com/in/ryan-guillen-1343659,,,,"100 North F.M. 3167 Suite 212, Rio Grande City, TX 78582",956-716-4838,,,,,,
ocd-person/4fb2e1fd-fbb3-4a55-8417-761da2f6048e,Salman Bhojani,Democratic,92,lower,Salman,Bhojani,Male,salman.bhojani@house.texas.gov,,1980-02-18,,https://house.texas.gov/images/members/4115.jpg?v=1,https://house.texas.gov/members/92;https://house.texas.gov/members/member-page/?district=92,https://ballotpedia.org/Salman_Bhojani;https://en.wikipedia.org/wiki/Salman_Bhojani;https://house.texas.gov/members/4115/biography;https://house.texas.gov/members/92;https://house.texas.gov/members/member-page/?district=92;https://justfacts.votesmart.org/candidate/biography/201240/salman-bhojani;https://www.linkedin.com/in/salman-bhojani-2a24b8a,,,,"1001 W. Euless Blvd. Suite 410B, Euless, TX 76040",817-283-0289,,,,,,
ocd-person/2db06a9d-ae17-4881-98b4-5172fdfca19f,Sam Harless,Republican,126,lower,Sam,Harless,Male,sam.harless@house.texas.gov,,1962-07-13,,https://house.texas.gov/images/members/3775.jpg?v=1,https://house.texas.gov/members/3775;https://house.texas.gov/members/member-page/?district=126,https://ballotpedia.org/E._Sam_Harless;https://en.wikipedia.org/wiki/Sam_Harless;https://house.texas.gov/members/3775;https://house.texas.gov/members/member-page/?district=126;https://justfacts.votesmart.org/candidate/biography/177548/sam-harless;https://www.linkedin.com/in/sam-harless-58a15599,,,,"15900 Stuebner Airline Road, Spring, TX 77379",281-251-0194,,,,,,
ocd-person/20cda9bf-a1e6-4427-8115-e5655ddd8eb0,Sarah Eckhardt,Democratic,14,upper,Sarah,Eckhardt,Female,sarah.eckhardt@senate.texas.gov,,,,https://senate.texas.gov/members/d14/img/SE_headshot_2020.jpg,https://senate.texas.gov/member.php?d=14,https://ballotpedia.org/Sarah_Eckhardt;https://en.wikipedia.org/wiki/Sarah_Eckhardt;https://justfacts.votesmart.org/candidate/biography/95239/sarah-eckhardt;https://senate.texas.gov/member.php?d=14;https://www.linkedin.com/in/sarah-eckhardt-2465b552;https://www.linkedin.com/in/sarah-eckhardt-84ba1358,,,,,,,,,,,
ocd-person/ace50d18-fc98-4460-9d90-928c0e88c79a,Senfronia Thompson,Democratic,141,lower,Senfronia,Thompson,Female,senfronia.thompson@house.texas.gov,,1939-01-01,,https://house.texas.gov/images/members/4630.jpg?v=1,https://house.texas.gov/members/4630;https://house.texas.gov/members/member-page/?district=141,https://ballotpedia.org/Senfronia_Thompson;https://en.wikipedia.org/wiki/Senfronia_Thompson;https://house.texas.gov/members/4630;https://house.texas.gov/members/member-page/?district=141;https://justfacts.votesmart.org/candidate/biography/8012/senfronia-thompson;https://www.linkedin.com/in/senfronia-thompson-85a4737b,,,,"350 N. Sam Houston Parkway Suite B202, Houston, TX 77060",713-633-3390,,,,,,
ocd-person/b7c4e0e7-4949-4dff-bc4c-fdaaada3f37d,Sergio Muñoz,Democratic,36,lower,Sergio,Muñoz,Male,sergio.munoz@house.texas.gov,,1982-03-05,,https://house.texas.gov/images/members/2060.jpg?v=1,https://house.texas.gov/members/2060;https://house.texas.gov/members/member-page/?district=36,https://ballotpedia.org/Sergio_Munoz_Jr.;https://en.wikipedia.org/wiki/Sergio_Mu%C3%B1oz_(politician);https://house.texas.gov/members/2060;https://house.texas.gov/members/2060/biography;https://house.texas.gov/members/member-page/?district=36;https://justfacts.votesmart.org/candidate/5424/sergio-munoz-jr;https://www.linkedin.com/in/sergio-munoz-jr-0b36a817;https://www.sergiomunozjr.com,,,,"121 E. Tom Landry St., Mission, TX 78572",956-584-8999,,,,,,
ocd-person/ddebb940-33f9-4b5c-a8fa-e22c63a594e9,Shelby Slawson,Republican,59,lower,Shelby,Slawson,Female,shelby.slawson@house.texas.gov,,1977-05-03,,https://house.texas.gov/images/members/4055.jpg?v=2,https://house.texas.gov/members/4055;https://house.texas.gov/members/member-page/?district=59,https://ballotpedia.org/Shelby_Slawson;https://en.wikipedia.org/wiki/Shelby_Slawson;https://house.texas.gov/members/4055;https://house.texas.gov/members/4055/biography;https://house.texas.gov/members/member-page/?district=59;https://justfacts.votesmart.org/candidate/188402/shelby-slawson;https://www.linkedin.com/in/shelby-slawson,,,,"Room 305, Historical Hood County Courthouse 100 E. Pearl St., Granbury, TX 76048",254-523-4620,,,,,,
ocd-person/89e814c4-6091-4156-b3b5-42a7980f8b4d,Shelley Luther,Republican,62,lower,Shelley,Luther,Female,shelley.luther@house.texas.gov,,1973-05-10,,https://www.house.texas.gov/images/members/4645.jpg?v=1,https://www.house.texas.gov/members/62,https://ballotpedia.org/Shelley_Luther;https://en.wikipedia.org/wiki/Shelley_Luther;https://justfacts.votesmart.org/candidate/biography/195312/shelley-luther;https://www.house.texas.gov/members/4645/biography;https://www.house.texas.gov/members/62;https://www.linkedin.com/in/shelley-luther-879b2420,,,,"Room #201, 100 N. Travis St., Sherman, TX 75090",,,,,,,
ocd-person/97805dd7-1f42-482c-bac3-049dfccda311,Sheryl Cole,Democratic,46,lower,Sheryl,Cole,Female,sheryl.cole@house.texas.gov,,1964-08-16,,https://house.texas.gov/images/members/3625.jpg?v=2,https://house.texas.gov/members/3625;https://house.texas.gov/members/46;https://house.texas.gov/members/member-page/?district=46,https://ballotpedia.org/Sheryl_Cole;https://en.wikipedia.org/wiki/Sheryl_Cole;https://house.texas.gov/members/3625;https://house.texas.gov/members/3625/biography;https://house.texas.gov/members/46;https://house.texas.gov/members/member-page/?district=46;https://justfacts.votesmart.org/candidate/biography/78730/sheryl-cole;https://www.linkedin.com/in/sheryl-cole-71b98445,,,,,,,,,,,
ocd-person/97fc1e34-35fb-470f-a098-4ba8f0c3c8d4,Stan Gerdes,Republican,17,lower,Stan,Gerdes,Male,stan.gerdes@house.texas.gov,,1986-01-23,,https://house.texas.gov/images/members/4195.jpg?v=1,https://house.texas.gov/members/4195;https://house.texas.gov/members/member-page/?district=17,https://ballotpedia.org/Stan_Gerdes;https://en.wikipedia.org/wiki/Stan_Gerdes;https://house.texas.gov/members/4195;https://house.texas.gov/members/4195/biography;https://house.texas.gov/members/member-page/?district=17;https://justfacts.votesmart.org/candidate/201224/stan-gerdes;https://www.linkedin.com/in/stangerdes,,,,"1011 Alley A St., #B, Bastrop, TX 78602",512-321-3720,,,,,,
ocd-person/2662f888-95e0-4de3-be5b-3d023623c447,Stan Kitzman,Republican,85,lower,Stan,Kitzman,Male,stan.kitzman@house.texas.gov,,1965-10-30,,https://house.texas.gov/images/members/4280.jpg?v=1,https://house.texas.gov/members/4280;https://house.texas.gov/members/member-page/?district=85,https://ballotpedia.org/Stan_Kitzman;https://en.wikipedia.org/wiki/Stan_Kitzman;https://house.texas.gov/members/4280;https://house.texas.gov/members/4280/biography;https://house.texas.gov/members/member-page/?district=85;https://justfacts.votesmart.org/candidate/biography/57174/stan-kitzman;https://www.linkedin.com/in/stan-kitzman-b6460427,,,,"1 E. Main, Suite 202, Bellville, TX 77418",979-865-4560,,,,,,
ocd-person/a4e4115b-d488-4e93-8354-80e361c0c260,Stan Lambert,Republican,71,lower,Stan,Lambert,Male,stan.lambert@house.texas.gov,,1952-12-21,,https://house.texas.gov/images/members/3225.jpg?v=1,https://house.texas.gov/members/3225;https://house.texas.gov/members/member-page/?district=71,https://ballotpedia.org/Stan_Lambert;https://en.wikipedia.org/wiki/Stan_Lambert;https://house.texas.gov/members/3225;https://house.texas.gov/members/3225/biography;https://house.texas.gov/members/member-page/?district=71;https://justfacts.votesmart.org/candidate/166560/stan-lambert;https://www.linkedin.com/in/stan-d-lambert-legislator-banker-4362a714,,,,,,,,,,,
ocd-person/6c80914d-b07b-4d27-95e2-0e5aa2b0c7d9,Steve Toth,Republican,15,lower,Steve,Toth,Male,steve.toth@house.texas.gov,,1960-11-29,,https://house.texas.gov/images/members/2825.jpg?v=1,https://house.texas.gov/members/2825;https://house.texas.gov/members/member-page/?district=15,https://ballotpedia.org/Steve_Toth;https://en.wikipedia.org/wiki/Steve_Toth;https://house.texas.gov/members/2825;https://house.texas.gov/members/2825/biography;https://house.texas.gov/members/member-page/?district=15;https://justfacts.votesmart.org/candidate/biography/138323/steve-toth;https://www.linkedin.com/in/steve-toth-34544a5,,,,"25700 Interstate Highway 45 Suite 180, Spring, TX 77386",,,,,,,
ocd-person/51927936-c6fc-453b-8afd-5f0b53de7d46,Suleman Lalani,Democratic,76,lower,Suleman,Lalani,Male,suleman.lalani@house.texas.gov,,1967-07-18,,https://house.texas.gov/images/members/4285.jpg?v=1,https://house.texas.gov/members/4285;https://house.texas.gov/members/member-page/?district=76,https://ballotpedia.org/Suleman_Lalani;https://en.wikipedia.org/wiki/Suleman_Lalani;https://house.texas.gov/members/4285;https://house.texas.gov/members/4285/biography;https://house.texas.gov/members/member-page/?district=76;https://justfacts.votesmart.org/candidate/188448/suleman-lalani;https://www.linkedin.com/in/suleman-lalani-895a6739,,,,"12550 Emily Court Suite 300, Sugar Land, TX 77478",281-494-0151,,,,,,
ocd-person/fa4817bf-6dc6-4deb-9965-cf3f208ec976,Tan Parker,Republican,12,upper,Tan,Parker,Male,tan.parker@senate.texas.gov,,1971-05-22,,https://senate.texas.gov/members/d12/img/86_20190619_SAM_0008.jpg,https://house.texas.gov/members/member-page/?district=63;https://senate.texas.gov/member.php?d=12;https://www.txdirectory.com/online/person/?id=28288,https://ballotpedia.org/Tan_Parker;https://en.wikipedia.org/wiki/Tan_Parker;https://house.texas.gov/members/member-page/?district=63;https://justfacts.votesmart.org/candidate/biography/59370/tan-parker;https://senate.texas.gov/member.php?d=12;https://www.linkedin.com/in/tan-parker-8b9a316;https://www.txdirectory.com/online/person/?id=28288,,,,"Weatherford College 502 Big Sandy Court, Bridgeport, TX 76426",,,,,,,
ocd-person/9647d335-a650-4aa7-b11f-973c4e86b5a6,Taylor Rehmet,Democratic,9,upper,Taylor,Rehmet,Male,taylor.rehmet@senate.texas.gov,,1992-07-17,,https://senate.texas.gov/members/d09/img/Rehmet-89-0739D-017-web.jpg,https://senate.texas.gov/member.php?d=9,https://ballotpedia.org/Taylor_Rehmet;https://en.wikipedia.org/wiki/Taylor_Rehmet;https://justfacts.votesmart.org/candidate/biography/228252/taylor-rehmet;https://senate.texas.gov/member.php?d=9;https://www.linkedin.com/in/taylor-rehmet-0937a311b,,,,"217 S. Jennings Ave. Suite 100, Fort Worth, TX 76104",682-516-6009,,,,,,
ocd-person/cee6cb7a-8d88-4c34-be27-dd10d1f31768,Terri Leo-Wilson,Republican,23,lower,Terri,Leo-Wilson,Female,terri.leo-wilson@house.texas.gov,,1960-01-03,,https://house.texas.gov/images/members/4290.jpg?v=1,https://house.texas.gov/members/4290;https://house.texas.gov/members/member-page/?district=23,https://ballotpedia.org/Terri_Leo-Wilson;https://en.wikipedia.org/wiki/Terri_Leo-Wilson;https://house.texas.gov/members/4290;https://house.texas.gov/members/4290/biography;https://house.texas.gov/members/member-page/?district=23;https://justfacts.votesmart.org/candidate/201257/terri-leo-wilson,,,,"305 21st St. Suite 241, Galveston, TX 77550",409-762-0202,,,,,,
ocd-person/3e4ae7d4-dbb2-4991-8b44-8ada6023d7da,Terry Canales,Democratic,40,lower,Terry,Canales,Male,terry.canales@house.texas.gov,,1979-01-01,,https://house.texas.gov/images/members/2340.jpg,https://house.texas.gov/members/2340;https://house.texas.gov/members/member-page/?district=40,https://ballotpedia.org/Terry_Canales;https://en.wikipedia.org/wiki/Terry_Canales;https://house.texas.gov/members/2340;https://house.texas.gov/members/2340/biography;https://house.texas.gov/members/member-page/?district=40;https://www.linkedin.com/in/terry-canales-aa064386,,,,"602 W. University Drive Suite B, Edinburg, TX 78539",956-383-0860,,,,,,
ocd-person/ec19bc97-3146-4100-8294-329b88aec0e8,Terry Wilson,Republican,20,lower,Terry,Wilson,Male,terry.wilson@house.texas.gov,,1964-08-28,,https://house.texas.gov/images/members/3525.jpg?v=1,https://house.texas.gov/members/3525;https://house.texas.gov/members/member-page/?district=20,https://ballotpedia.org/Terry_Wilson_(Texas);https://en.wikipedia.org/wiki/Terry_Wilson_(politician);https://house.texas.gov/members/3525;https://house.texas.gov/members/3525/biography;https://house.texas.gov/members/member-page/?district=20;https://justfacts.votesmart.org/candidate/biography/166699/terry-wilson;https://www.linkedin.com/in/terry-wilson-85826a62,,,,"710 Main St. Suite 242, Georgetown, TX 78626",,,,,,,
ocd-person/bdecc388-4028-48e2-b211-75c59c1c5ec2,Terry Meza,Democratic,105,lower,Terry,Meza,Female,terry.meza@house.texas.gov,,1949-08-01,,https://house.texas.gov/images/members/3455.jpg?v=1,https://house.texas.gov/members/3455;https://house.texas.gov/members/member-page/?district=105,https://ballotpedia.org/Terry_Meza;https://en.wikipedia.org/wiki/Terry_Meza;https://house.texas.gov/members/3455;https://house.texas.gov/members/3455/biography;https://house.texas.gov/members/member-page/?district=105;https://justfacts.votesmart.org/candidate/biography/147178/terry-meza,,,,"800 W. Airport Freeway 1008, Irving, TX 75062",,,,,,,
ocd-person/9447575b-d8a1-45dd-bd68-77b12fe347ab,Todd Hunter,Republican,32,lower,Todd,Hunter,Male,todd.hunter@house.texas.gov,,1953-08-26,,https://house.texas.gov/images/members/3365.jpg?v=1,https://house.texas.gov/members/3365;https://house.texas.gov/members/member-page/?district=32,https://ballotpedia.org/Todd_Hunter;https://en.wikipedia.org/wiki/Todd_Ames_Hunter;https://house.texas.gov/members/3365;https://house.texas.gov/members/3365/biography;https://house.texas.gov/members/member-page/?district=32;https://justfacts.votesmart.org/candidate/biography/5532/todd-hunter;https://www.linkedin.com/in/todd-hunter-556aa98,,,,"15217 S. Padre Island Drive Suite 201, Corpus Christi, TX 78418",361-949-4603,,,,,,
ocd-person/d4d5c127-1ef6-445d-a89b-d9f02c812365,Tom Craddick,Republican,82,lower,Tom,Craddick,Male,tom.craddick@house.texas.gov,,1943-09-19,,https://house.texas.gov/images/members/2610.jpg?v=1,https://house.texas.gov/members/2610;https://house.texas.gov/members/member-page/?district=82,https://ballotpedia.org/Tom_Craddick;https://en.wikipedia.org/wiki/Tom_Craddick;https://house.texas.gov/members/2610;https://house.texas.gov/members/2610/biography;https://house.texas.gov/members/member-page/?district=82;https://justfacts.votesmart.org/candidate/biography/5485/tom-craddick,,,,"500 W. Texas Ave. Suite 880, Midland, TX 79701",432-682-3000,,,,,,
ocd-person/79ffab1c-4d79-4cfa-89b4-5f7ee95ca1bf,Tom Oliverson,Republican,130,lower,Tom,Oliverson,Male,tom.oliverson@house.texas.gov,,1972-06-08,,https://house.texas.gov/images/members/3535.jpg?v=1,https://house.texas.gov/members/3535;https://house.texas.gov/members/member-page/?district=130,https://ballotpedia.org/Tom_Oliverson;https://en.wikipedia.org/wiki/Tom_Oliverson;https://house.texas.gov/members/3535;https://house.texas.gov/members/member-page/?district=130;https://justfacts.votesmart.org/candidate/biography/166520/tom-oliverson;https://www.linkedin.com/in/thomas-oliverson-md-64499996,,,,"825 Village Square Drive, #4, Tomball, TX 77375",281-255-0615,,,,,,
ocd-person/0acfbb85-b501-45ce-9a9b-90537090a455,Toni Rose,Democratic,110,lower,Toni,Rose,Female,toni.rose@house.texas.gov,,1968-02-03,,https://house.texas.gov/images/members/2555.jpg?v=3,https://house.texas.gov/members/2555;https://house.texas.gov/members/member-page/?district=110,https://ballotpedia.org/Toni_Rose;https://en.wikipedia.org/wiki/Toni_Rose_(politician);https://house.texas.gov/members/2555;https://house.texas.gov/members/2555/biography;https://house.texas.gov/members/member-page/?district=110;https://justfacts.votesmart.org/candidate/biography/137784/toni-rose;https://www.linkedin.com/in/toni-rose-3a80b99,,,,"3155 S. Lancaster Road Suite 220, Dallas, TX 75216",214-371-3300,,,,,,
ocd-person/1ca78d00-1ede-4486-b14e-16bd81ba73e4,Tony Tinderholt,Republican,94,lower,Tony,Tinderholt,Male,tony.tinderholt@house.texas.gov,,1970-08-13,,https://house.texas.gov/images/members/3065.jpg?v=1,https://house.texas.gov/members/3065;https://house.texas.gov/members/member-page/?district=94,https://ballotpedia.org/Tony_Tinderholt;https://en.wikipedia.org/wiki/Tony_Tinderholt;https://house.texas.gov/members/3065;https://house.texas.gov/members/3065/biography;https://house.texas.gov/members/member-page/?district=94;https://justfacts.votesmart.org/candidate/biography/147676/tony-tinderholt;https://www.linkedin.com/in/tony-tinderholt-b16b2a4,,,,"1000 Ballpark Way Suite 301, Arlington, TX 76011",817-476-2660,,,,,,
ocd-person/68f05872-16c8-4d3a-ab5f-ea667ca52b27,Trent Ashby,Republican,9,lower,Trent,Ashby,Male,trent.ashby@house.texas.gov,,1972-10-09,,https://house.texas.gov/images/members/2330.jpg?v=1,https://house.texas.gov/members/2330;https://house.texas.gov/members/member-page/?district=09;https://house.texas.gov/members/member-page/?district=57,https://ballotpedia.org/Trent_Ashby;https://en.wikipedia.org/wiki/Trent_Ashby;https://house.texas.gov/members/2330;https://house.texas.gov/members/2330/biography;https://house.texas.gov/members/member-page/?district=09;https://house.texas.gov/members/member-page/?district=57;https://justfacts.votesmart.org/candidate/biography/138345/trent-ashby;https://www.linkedin.com/in/trent-ashby-2b30054,,,,"2915 Atkinson Drive, Lufkin, TX 75901",936-634-2762,,,,,,
ocd-person/07f5e898-8d5d-435a-bf97-7bfb26fce5ac,Trey Martinez Fischer,Democratic,116,lower,Trey,Martinez Fischer,Male,trey.martinezfischer@house.texas.gov,,1970-06-05,,https://house.texas.gov/images/members/2835.jpg?v=1,https://house.texas.gov/members/2835;https://house.texas.gov/members/member-page/?district=116,https://ballotpedia.org/Trey_Martinez_Fischer;https://en.wikipedia.org/wiki/Trey_Martinez_Fischer;https://house.texas.gov/members/2835;https://house.texas.gov/members/2835/biography;https://house.texas.gov/members/member-page/?district=116;https://justfacts.votesmart.org/candidate/biography/49471/trey-martinez-fischer;https://www.linkedin.com/in/trey-martinez-fischer-a300968;https://www.tmflawfirm.com/about-trey,,,,"4243 E. Piedras Drive Suite 256, San Antonio, TX 78228",210-733-8391,,,,,,
ocd-person/afd236d4-4266-4777-8d3d-be7616a7e43f,Trey Wharton,Republican,12,lower,Trey,Wharton,Male,trey.wharton@house.texas.gov,,1966-12-17,,https://house.texas.gov/images/members/4795.jpg?v=1,https://house.texas.gov/members/4795,https://ballotpedia.org/Trey_Wharton;https://en.wikipedia.org/wiki/Trey_Wharton;https://house.texas.gov/members/4795;https://house.texas.gov/members/4795/biography;https://justfacts.votesmart.org/candidate/213317/trey-wharton;https://www.linkedin.com/in/trey-wharton-3b6b4636,,,,"2503 Lake Road Suite A-100, Huntsville, TX 77340",936-649-0510,,,,,,
ocd-person/7298c6a9-c6be-41cd-a2ba-0cc79c851373,Valoree Swanson,Republican,150,lower,Valoree,Swanson,Female,valoree.swanson@house.texas.gov,,1957-09-22,,https://house.texas.gov/images/members/3425.jpg?v=1,https://house.texas.gov/members/3425;https://house.texas.gov/members/member-page/?district=150,https://ballotpedia.org/Valoree_Swanson;https://en.wikipedia.org/wiki/Valoree_Swanson;https://house.texas.gov/members/3425;https://house.texas.gov/members/member-page/?district=150;https://justfacts.votesmart.org/candidate/biography/166529/valoree-swanson,,,,"23008 Northcrest Drive, Spring, TX 77389",281-257-4222,,,,,,
ocd-person/6b2d7f89-d7e0-44d1-b861-3167915f6925,Venton Jones,Democratic,100,lower,Venton,Jones,Male,venton.jones@house.texas.gov,,1984-01-31,,https://house.texas.gov/images/members/4275.jpg?v=1,https://house.texas.gov/members/4275;https://house.texas.gov/members/member-page/?district=100,https://ballotpedia.org/Venton_Jones;https://en.wikipedia.org/wiki/Venton_Jones;https://house.texas.gov/members/4275;https://house.texas.gov/members/4275/biography;https://house.texas.gov/members/member-page/?district=100;https://justfacts.votesmart.org/candidate/biography/201221/venton-jones;https://www.linkedin.com/in/ventonj,,,,"3535 Grand Ave., Dallas, TX 75210",214-421-0744,,,,,,
ocd-person/25157308-7474-4600-8b83-173d79e16a21,Vikki Goodwin,Democratic,47,lower,Vikki,Goodwin,Female,vikki.goodwin@house.texas.gov,,1967-05-18,,https://house.texas.gov/images/members/3820.jpg?v=1,https://house.texas.gov/members/3820;https://house.texas.gov/members/member-page/?district=47,https://ballotpedia.org/Vikki_Goodwin;https://en.wikipedia.org/wiki/Vikki_Goodwin;https://house.texas.gov/members/3820;https://house.texas.gov/members/3820/biography;https://house.texas.gov/members/member-page/?district=47;https://justfacts.votesmart.org/candidate/biography/177448/vikki-goodwin;https://www.linkedin.com/in/vikki-goodwin-2403b8,,,,,,,,,,,
ocd-person/5236ee6e-a57c-4d81-90b4-50a9abde8e5e,Vince Perez,Democratic,77,lower,Vince,Perez,Male,vincent.perez@house.texas.gov,,,,https://www.house.texas.gov/images/members/4710.jpg?v=1,https://www.house.texas.gov/members/77,https://ballotpedia.org/Vincent_Perez_(Texas);https://en.wikipedia.org/wiki/Vincent_Perez_(politician);https://justfacts.votesmart.org/candidate/biography/163449/vincent-perez;https://www.house.texas.gov/members/4710/biography;https://www.house.texas.gov/members/77;https://www.linkedin.com/in/vincent-perez-b7b42348,,,,"100 N. Ochoa St., Suite A, El Paso, TX 79901",915-440-4377,,,,,,
ocd-person/436ab2a5-12ca-4a9c-b8ec-73b1bae4ee68,Wes Virdell,Republican,53,lower,Wes,Virdell,Male,wes.virdell@house.texas.gov,,,,https://www.house.texas.gov/images/members/4775.jpg?v=1,https://www.house.texas.gov/members/53,https://ballotpedia.org/Wesley_Virdell;https://en.wikipedia.org/wiki/Wesley_Virdell;https://justfacts.votesmart.org/candidate/biography/188187/wes-virdell;https://www.house.texas.gov/members/4775/biography;https://www.house.texas.gov/members/53;https://www.linkedin.com/in/wesley-virdell-a6979420a,,,,"301 Junction Highway Suite 254, Kerrville, TX 78028",830-730-5925,,,,,,
ocd-person/e7a379ec-9de2-48a2-918b-5ba58e1fd3f3,Will Metcalf,Republican,16,lower,Will,Metcalf,Male,will.metcalf@house.texas.gov,,1984-06-06,,https://house.texas.gov/images/members/2900.jpg?v=1,https://house.texas.gov/members/2900;https://house.texas.gov/members/member-page/?district=16,https://ballotpedia.org/Will_Metcalf;https://en.wikipedia.org/wiki/Will_Metcalf;https://house.texas.gov/members/2900;https://house.texas.gov/members/2900/biography;https://house.texas.gov/members/member-page/?district=16;https://justfacts.votesmart.org/candidate/biography/147605/will-metcalf;https://www.linkedin.com/in/will-metcalf-87033621,,,,"100 Nugent St., Conroe, TX 77301",936-539-0068,,,,,,
ocd-person/3f38bf62-86ba-4833-9737-2e084ae6255d,Yvonne Davis,Democratic,111,lower,Yvonne,Davis,Female,yvonne.davis@house.texas.gov,,1955-02-04,,https://cdn.ballotpedia.org/images/thumb/0/06/Yvonne_Davis.jpg/200px-Yvonne_Davis.jpg,https://house.texas.gov/members/2625;https://house.texas.gov/members/member-page/?district=111,https://ballotpedia.org/Yvonne_Davis;https://en.wikipedia.org/wiki/Yvonne_Davis;https://house.texas.gov/members/2625;https://house.texas.gov/members/2625/biography;https://house.texas.gov/members/member-page/?district=111;https://justfacts.votesmart.org/candidate/biography/5491/yvonne-davis,,,,"5787 S. Hampton Road Suite 447, Dallas, TX 75232",214-941-3895,,,,,,
