id,name,current_party,current_district,current_chamber,given_name,family_name,gender,email,biography,birth_date,death_date,image,links,sources,capitol_address,capitol_voice,capitol_fax,district_address,district_voice,district_fax,twitter,youtube,instagram,facebook,wikidata
ocd-person/4a329580-86d3-4db3-915e-9f1af71e0a5a,Aaron Rouse,Democratic,22,upper,Aaron,Rouse,Male,district07@senate.virginia.gov,,1984-01-08,,https://apps.senate.virginia.gov/Senator/images/member_photos/Rouse22,https://apps.senate.virginia.gov/Senator/memberpage.php?id=S113;https://lis.virginia.gov/cgi-bin/legp604.exe?241+mbr+S113,https://apps.senate.virginia.gov/Senator/memberpage.php?id=S113;https://ballotpedia.org/Aaron_Rouse;https://en.wikipedia.org/wiki/Aaron_Rouse;https://justfacts.votesmart.org/candidate/biography/186682/aaron-rouse;https://lis.virginia.gov/cgi-bin/legp604.exe?241+mbr+S113;https://www.linkedin.com/in/senator-aaron-rouse-222386147,,,,,,,,,,,
ocd-person/d0de7acb-ce8d-4bb2-b6e5-99cefe5e76a6,Adele McClure,Democratic,2,lower,Adele,McClure,Female,delamcclure@house.virginia.gov,,,,https://memdata.virginiageneralassembly.gov/images/display_image/H0375,https://house.vga.virginia.gov/members/H0375;https://lis.virginia.gov/cgi-bin/legp604.exe?241+mbr+H375;https://virginiageneralassembly.gov/house/members/members.php?id=H0375,https://ballotpedia.org/Adele_McClure;https://en.wikipedia.org/wiki/Adele_McClure;https://house.vga.virginia.gov/members/H0375;https://justfacts.votesmart.org/candidate/biography/212037/adele-mcclure;https://lis.virginia.gov/cgi-bin/legp604.exe?241+mbr+H375;https://virginiageneralassembly.gov/house/members/members.php?id=H0375;https://www.linkedin.com/in/adele-mcclure-806b8b60;https://www.linkedin.com/in/delegate-adele-mcclure-806b8b60,,,,,,,,,,,
ocd-person/3a48fc34-a650-4fd5-acea-e703e2b8de90,Alex Askew,Democratic,95,lower,Alex,Askew,Male,delaaskew@house.virginia.gov,,,,https://memdata.virginiageneralassembly.gov/images/display_image/H0311,https://house.vga.virginia.gov/members/H0311;https://lis.virginia.gov/cgi-bin/legp604.exe?241+mbr+H311;https://virginiageneralassembly.gov/house/members/members.php?id=H0311,https://ballotpedia.org/Alex_Askew;https://en.wikipedia.org/wiki/Alex_Askew;https://house.vga.virginia.gov/members/H0311;https://justfacts.votesmart.org/candidate/biography/186776/alex-askew;https://lis.virginia.gov/cgi-bin/legp604.exe?241+mbr+H311;https://virginiageneralassembly.gov/house/members/members.php?id=H0311;https://www.linkedin.com/in/askew757,,,,,,,,,,,
ocd-person/ed935430-db59-4962-91f7-c0eeca2ef8e2,Alfonso Lopez,Democratic,3,lower,Alfonso,Lopez,Male,delalopez@house.virginia.gov,,1970-07-28,,https://memdata.virginiageneralassembly.gov/images/display_image/H0239,https://house.vga.virginia.gov/members/H0239;https://lis.virginia.gov/cgi-bin/legp604.exe?191+mbr+H239;https://lis.virginia.gov/cgi-bin/legp604.exe?201+mbr+H239;https://lis.virginia.gov/cgi-bin/legp604.exe?221+mbr+H239;https://lis.virginia.gov/cgi-bin/legp604.exe?241+mbr+H239;https://virginiageneralassembly.gov/house/members/members.php?id=H0239;https://www.alfonsolopez.org/,https://ballotpedia.org/Alfonso_Lopez;https://en.wikipedia.org/wiki/Alfonso_H._Lopez;https://house.vga.virginia.gov/members/H0239;https://justfacts.votesmart.org/candidate/biography/134512/alfonso-lopez;https://lis.virginia.gov/191/mbr/MBR.HTM;https://lis.virginia.gov/201/mbr/MBR.HTM;https://lis.virginia.gov/cgi-bin/legp604.exe?191+mbr+H239;https://lis.virginia.gov/cgi-bin/legp604.exe?201+mbr+H239;https://lis.virginia.gov/cgi-bin/legp604.exe?221+mbr+H239;https://lis.virginia.gov/cgi-bin/legp604.exe?241+mbr+H239;https://virginiageneralassembly.gov/house/members/members.php?id=H0239;https://www.alfonsolopez.org;https://www.alfonsolopez.org/about-alfonso;https://www.linkedin.com/in/alfonso-lopez-1a102b12,,,,,,,Lopez4VA,,,Lopez4VA,
ocd-person/7e0776e4-a915-4758-a7b3-70ca42ce3fe4,Amy Laufer,Democratic,55,lower,Amy,Laufer,Female,delalaufer@house.virginia.gov,,1972-05-13,,https://memdata.virginiageneralassembly.gov/images/display_image/H0371,https://house.vga.virginia.gov/members/H0371;https://lis.virginia.gov/cgi-bin/legp604.exe?241+mbr+H371;https://virginiageneralassembly.gov/house/members/members.php?id=H0371,https://ballotpedia.org/Amy_Laufer;https://en.wikipedia.org/wiki/Amy_Laufer;https://house.vga.virginia.gov/members/H0371;https://justfacts.votesmart.org/candidate/biography/186381/amy-laufer;https://lis.virginia.gov/cgi-bin/legp604.exe?241+mbr+H371;https://virginiageneralassembly.gov/house/members/members.php?id=H0371;https://www.linkedin.com/in/amyjlaufer,,,,"1186 Crozet Ave., Crozet, VA 22932",540-251-4603,,,,,,
ocd-person/7517f920-b2ba-4759-a80a-246816ebb09b,Andrew Rice,Republican,98,lower,Andrew,Rice,Male,delarice@house.virginia.gov,,,,https://s3.amazonaws.com/ballotpedia-api4/files/thumbs/200/300/AndrewRiceVA26.png,https://house.vga.virginia.gov/members/H0407,https://ballotpedia.org/Andrew_Rice_(Virginia);https://en.wikipedia.org/wiki/Andrew_Rice_(Virginia_politician);https://house.vga.virginia.gov/members/H0407;https://www.justice3d.com/team/andrew-rice;https://www.linkedin.com/in/andrew-rice-90117224,,,,,,,,,,,
ocd-person/f747c790-f609-4da1-b125-73f1807e1430,Angelia Graves,Democratic,21,upper,Angelia,Graves,Female,senatorwilliamsgraves@senate.virginia.gov,,1972-01-12,,https://apps.senate.virginia.gov/Senator/images/member_photos/Williams%20Graves21,https://apps.senate.virginia.gov/Senator/memberpage.php?id=S130;https://lis.virginia.gov/cgi-bin/legp604.exe?221+mbr+H331;https://lis.virginia.gov/cgi-bin/legp604.exe?241+mbr+S130;https://virginiageneralassembly.gov/house/members/members.php?id=H0331,https://apps.senate.virginia.gov/Senator/memberpage.php?id=S130;https://ballotpedia.org/Angelia_Williams_Graves;https://en.wikipedia.org/wiki/Angelia_Williams_Graves;https://justfacts.votesmart.org/candidate/biography/132686/angelia-williams-graves;https://lis.virginia.gov/cgi-bin/legp604.exe?221+mbr+H331;https://lis.virginia.gov/cgi-bin/legp604.exe?241+mbr+S130;https://virginiageneralassembly.gov/house/members/members.php?id=H0331;https://www.linkedin.com/in/homesbyangelia,,,,,,,AWGNorfolk,,,awgnorfolk,
ocd-person/9fd6fbd7-5e4e-4426-9d5a-43173ab01489,Anne Ferrell Tata,Republican,99,lower,Anne Ferrell,Tata,Female,delaftata@house.virginia.gov,,,,https://house.vga.virginia.gov/delegate_photos/H0345.jpg,https://house.vga.virginia.gov/members/H0345;https://lis.virginia.gov/cgi-bin/legp604.exe?221+mbr+H345;https://lis.virginia.gov/cgi-bin/legp604.exe?241+mbr+H345;https://virginiageneralassembly.gov/house/members/members.php?id=H0345,https://ballotpedia.org/Anne_Ferrell_Tata;https://en.wikipedia.org/wiki/Anne_Ferrell_Tata;https://house.vga.virginia.gov/members/H0345;https://justfacts.votesmart.org/candidate/biography/196383/anne-tata;https://lis.virginia.gov/cgi-bin/legp604.exe?221+mbr+H345;https://lis.virginia.gov/cgi-bin/legp604.exe?241+mbr+H345;https://virginiageneralassembly.gov/house/members/members.php?id=H0345;https://www.linkedin.com/in/anne-ferrell-tata-7996605,,,,,,,,,,,
ocd-person/38f25fcb-2f54-411a-84d5-2d1f748d4183,Atoosa Reaser,Democratic,27,lower,Atoosa,Reaser,Female,delareaser@house.virginia.gov,,,,https://memdata.virginiageneralassembly.gov/images/display_image/H0380,https://house.vga.virginia.gov/members/H0380;https://lis.virginia.gov/cgi-bin/legp604.exe?241+mbr+H380;https://virginiageneralassembly.gov/house/members/members.php?id=H0380,https://ballotpedia.org/Atoosa_Reaser;https://en.wikipedia.org/wiki/Atoosa_Reaser;https://house.vga.virginia.gov/members/H0380;https://justfacts.votesmart.org/candidate/biography/212060/atoosa-reaser;https://lis.virginia.gov/cgi-bin/legp604.exe?241+mbr+H380;https://virginiageneralassembly.gov/house/members/members.php?id=H0380;https://www.linkedin.com/in/atoosareaser,,,,,,,,,,,
ocd-person/72ecc30c-7175-4aef-9762-fda3ba5b451e,Barbara Favola,Democratic,40,upper,Barbara,Favola,Female,senatorfavola@senate.virginia.gov,,1955-06-21,,https://apps.senate.virginia.gov/Senator/images/member_photos/Favola40,https://apps.senate.virginia.gov/Senator/memberpage.php?id=S86;https://barbarafavola.org/;https://lis.virginia.gov/cgi-bin/legp604.exe?191+mbr+S86;https://lis.virginia.gov/cgi-bin/legp604.exe?201+mbr+S86;https://lis.virginia.gov/cgi-bin/legp604.exe?221+mbr+S86;https://lis.virginia.gov/cgi-bin/legp604.exe?241+mbr+S86,https://apps.senate.virginia.gov/Senator/memberpage.php?id=S86;https://ballotpedia.org/Barbara_Favola;https://barbarafavola.org;https://barbarafavola.org/biography;https://en.wikipedia.org/wiki/Barbara_Favola;https://justfacts.votesmart.org/candidate/biography/94043/barbara-favola;https://lis.virginia.gov/191/mbr/MBR.HTM;https://lis.virginia.gov/201/mbr/MBR.HTM;https://lis.virginia.gov/cgi-bin/legp604.exe?191+mbr+S86;https://lis.virginia.gov/cgi-bin/legp604.exe?201+mbr+S86;https://lis.virginia.gov/cgi-bin/legp604.exe?221+mbr+S86;https://lis.virginia.gov/cgi-bin/legp604.exe?241+mbr+S86;https://www.linkedin.com/in/barbara-favola-037a6b20,,,,,,,BarbaraFavola,,,BarbaraFavola,
ocd-person/a6f78488-1c78-4409-8c4a-bf0d0920e852,Betsy Carr,Democratic,78,lower,Betsy,Carr,Female,delbcarr@house.virginia.gov,,1946-07-27,,https://memdata.virginiageneralassembly.gov/images/display_image/H0212,https://house.vga.virginia.gov/members/H0212;https://lis.virginia.gov/cgi-bin/legp604.exe?191+mbr+H212;https://lis.virginia.gov/cgi-bin/legp604.exe?201+mbr+H212;https://lis.virginia.gov/cgi-bin/legp604.exe?221+mbr+H212;https://lis.virginia.gov/cgi-bin/legp604.exe?241+mbr+H212;https://virginiageneralassembly.gov/house/members/members.php?id=H0212,https://ballotpedia.org/Betsy_Carr;https://en.wikipedia.org/wiki/Betsy_B._Carr;https://house.vga.virginia.gov/members/H0212;https://justfacts.votesmart.org/candidate/111181/betsy-carr;https://lis.virginia.gov/191/mbr/MBR.HTM;https://lis.virginia.gov/201/mbr/MBR.HTM;https://lis.virginia.gov/cgi-bin/legp604.exe?191+mbr+H212;https://lis.virginia.gov/cgi-bin/legp604.exe?201+mbr+H212;https://lis.virginia.gov/cgi-bin/legp604.exe?221+mbr+H212;https://lis.virginia.gov/cgi-bin/legp604.exe?241+mbr+H212;https://virginiageneralassembly.gov/house/members/members.php?id=H0212,,,,,,,,,,delegatebetsycarr,
ocd-person/ec14a514-ce1c-4fba-b053-fcf133793445,Bill DeSteph,Republican,20,upper,Bill,DeSteph,Male,senatordesteph@senate.virginia.gov,,1964-10-28,,https://apps.dlas.virginia.gov/senatepics/newbiopics/DeSteph08.jpg,https://apps.senate.virginia.gov/Senator/memberpage.php?id=S96;https://lis.virginia.gov/cgi-bin/legp604.exe?191+mbr+S96;https://lis.virginia.gov/cgi-bin/legp604.exe?201+mbr+S96;https://lis.virginia.gov/cgi-bin/legp604.exe?221+mbr+S96;https://lis.virginia.gov/cgi-bin/legp604.exe?241+mbr+S96,"https://apps.senate.virginia.gov/Senator/memberpage.php?id=S96;https://ballotpedia.org/Bill_R._DeSteph,_Jr;https://en.wikipedia.org/wiki/Bill_DeSteph;https://justfacts.votesmart.org/candidate/79462/bill-desteph-jr;https://lis.virginia.gov/191/mbr/MBR.HTM;https://lis.virginia.gov/201/mbr/MBR.HTM;https://lis.virginia.gov/cgi-bin/legp604.exe?191+mbr+S96;https://lis.virginia.gov/cgi-bin/legp604.exe?201+mbr+S96;https://lis.virginia.gov/cgi-bin/legp604.exe?221+mbr+S96;https://lis.virginia.gov/cgi-bin/legp604.exe?241+mbr+S96;https://www.linkedin.com/in/bill-desteph-7b3a939",,,,"588 Central Drive, Virginia Beach, VA 23454",757-321-8180,,BillDeSteph,,,destephforva,
ocd-person/725be36e-2485-4f9f-a15f-86c574cc8d4b,Bonita Anthony,Democratic,92,lower,Bonita,Anthony,Female,delbanthony@house.virginia.gov,,,,https://memdata.virginiageneralassembly.gov/images/display_image/H0353,https://house.vga.virginia.gov/members/H0353;https://lis.virginia.gov/cgi-bin/legp604.exe?241+mbr+H353;https://virginiageneralassembly.gov/house/members/members.php?id=H0353,https://ballotpedia.org/Bonita_Anthony;https://en.wikipedia.org/wiki/Bonita_Anthony;https://house.vga.virginia.gov/members/H0353;https://justfacts.votesmart.org/candidate/biography/212111/bonita-anthony;https://lis.virginia.gov/cgi-bin/legp604.exe?241+mbr+H353;https://virginiageneralassembly.gov/house/members/members.php?id=H0353;https://www.linkedin.com/in/bonitaanthony,,,,,,,,,,,
ocd-person/23775904-887c-4a2c-9424-0683608193ba,Briana Sewell,Democratic,25,lower,Briana,Sewell,Female,delbsewell@house.virginia.gov,,,,https://memdata.virginiageneralassembly.gov/images/display_image/H0343,https://house.vga.virginia.gov/members/H0343;https://lis.virginia.gov/cgi-bin/legp604.exe?221+mbr+H343;https://lis.virginia.gov/cgi-bin/legp604.exe?241+mbr+H343;https://virginiageneralassembly.gov/house/members/members.php?id=H0343,https://ballotpedia.org/Briana_Sewell;https://en.wikipedia.org/wiki/Briana_Sewell;https://house.vga.virginia.gov/members/H0343;https://justfacts.votesmart.org/candidate/biography/195980/briana-sewell;https://lis.virginia.gov/cgi-bin/legp604.exe?221+mbr+H343;https://lis.virginia.gov/cgi-bin/legp604.exe?241+mbr+H343;https://virginiageneralassembly.gov/house/members/members.php?id=H0343;https://www.linkedin.com/in/briana-sewell-4a984837,,,,,,,,,,,
ocd-person/adb58f21-f2fd-4830-85b6-f490b0867d14,Bryce Reeves,Republican,28,upper,Bryce,Reeves,Male,senatorreeves@senate.virginia.gov,,1966-11-28,,https://apps.senate.virginia.gov/Senator/images/member_photos/Reeves28,https://apps.senate.virginia.gov/Senator/memberpage.php?id=S88;https://lis.virginia.gov/cgi-bin/legp604.exe?191+mbr+S88;https://lis.virginia.gov/cgi-bin/legp604.exe?201+mbr+S88;https://lis.virginia.gov/cgi-bin/legp604.exe?221+mbr+S88;https://lis.virginia.gov/cgi-bin/legp604.exe?241+mbr+S88,https://apps.senate.virginia.gov/Senator/memberpage.php?id=S88;https://ballotpedia.org/Bryce_Reeves;https://en.wikipedia.org/wiki/Bryce_Reeves;https://justfacts.votesmart.org/candidate/biography/134699/bryce-reeves;https://lis.virginia.gov/191/mbr/MBR.HTM;https://lis.virginia.gov/201/mbr/MBR.HTM;https://lis.virginia.gov/cgi-bin/legp604.exe?191+mbr+S88;https://lis.virginia.gov/cgi-bin/legp604.exe?201+mbr+S88;https://lis.virginia.gov/cgi-bin/legp604.exe?221+mbr+S88;https://lis.virginia.gov/cgi-bin/legp604.exe?241+mbr+S88;https://www.linkedin.com/in/bryce-reeves-93446868,,,,,,,ReevesVA,,,BryceReevesVA,
ocd-person/77b071e3-b8fa-4455-b2e6-3d487a8145c8,Cliff Hayes,Democratic,91,lower,Cliff,Hayes,Male,delchayes@house.virginia.gov,,1967-10-11,,https://memdata.virginiageneralassembly.gov/images/display_image/H0285,https://house.vga.virginia.gov/members/H0285;https://lis.virginia.gov/cgi-bin/legp604.exe?191+mbr+H285;https://lis.virginia.gov/cgi-bin/legp604.exe?201+mbr+H285;https://lis.virginia.gov/cgi-bin/legp604.exe?221+mbr+H285;https://lis.virginia.gov/cgi-bin/legp604.exe?241+mbr+H285;https://virginiageneralassembly.gov/house/members/members.php?id=H0285,https://ballotpedia.org/Cliff_Hayes;https://cliffhayes.com/meet-cliff;https://en.wikipedia.org/wiki/Cliff_Hayes_Jr.;https://house.vga.virginia.gov/members/H0285;https://justfacts.votesmart.org/candidate/78769/cliff-hayes-jr;https://lis.virginia.gov/191/mbr/MBR.HTM;https://lis.virginia.gov/201/mbr/MBR.HTM;https://lis.virginia.gov/cgi-bin/legp604.exe?191+mbr+H285;https://lis.virginia.gov/cgi-bin/legp604.exe?201+mbr+H285;https://lis.virginia.gov/cgi-bin/legp604.exe?221+mbr+H285;https://lis.virginia.gov/cgi-bin/legp604.exe?241+mbr+H285;https://virginiageneralassembly.gov/house/members/members.php?id=H0285;https://www.cliffhayes.com/bio;https://www.linkedin.com/in/cliff-hayes-ccio-b5601a14,,,,"732 Eden Way North Suite E #183, Chesapeake, VA 23320",757-364-0272,,CliffHayesJr,,,CliffHayesJr,
ocd-person/2bb39b59-47d3-4e05-aa76-fc0df791faa7,Charlie Schmidt,Democratic,77,lower,Charlie,Schmidt,Male,delcschmidt@house.virginia.gov,,,,https://house.vga.virginia.gov/delegate_photos/H0402.jpg,https://house.vga.virginia.gov/members/H0402,https://ballotpedia.org/Charlie_Schmidt;https://en.wikipedia.org/wiki/Charlie_Schmidt_(politician);https://house.vga.virginia.gov/members/H0402;https://justfacts.votesmart.org/candidate/biography/231815/charles-schmidt;https://www.linkedin.com/in/charlie-schmidt-rva,,,,,,,,,,,
ocd-person/a0b9b444-ee25-48a1-ab61-cf0be462e89d,Charniele Herring,Democratic,4,lower,Charniele,Herring,Female,delcherring@house.virginia.gov,,1969-09-25,,https://memdata.virginiageneralassembly.gov/images/display_image/H0208,https://house.vga.virginia.gov/members/H0208;https://lis.virginia.gov/cgi-bin/legp604.exe?191+mbr+H208;https://lis.virginia.gov/cgi-bin/legp604.exe?201+mbr+H208;https://lis.virginia.gov/cgi-bin/legp604.exe?221+mbr+H208;https://lis.virginia.gov/cgi-bin/legp604.exe?241+mbr+H208;https://virginiageneralassembly.gov/house/members/members.php?id=H0208,https://ballotpedia.org/Charniele_Herring;https://en.wikipedia.org/wiki/Charniele_Herring;https://house.vga.virginia.gov/members/H0208;https://justfacts.votesmart.org/candidate/biography/110912/charniele-herring;https://lis.virginia.gov/191/mbr/MBR.HTM;https://lis.virginia.gov/201/mbr/MBR.HTM;https://lis.virginia.gov/cgi-bin/legp604.exe?191+mbr+H208;https://lis.virginia.gov/cgi-bin/legp604.exe?201+mbr+H208;https://lis.virginia.gov/cgi-bin/legp604.exe?221+mbr+H208;https://lis.virginia.gov/cgi-bin/legp604.exe?241+mbr+H208;https://virginiageneralassembly.gov/house/members/members.php?id=H0208;https://www.linkedin.com/in/charniele,,,,,,,c_herring,,,charnieleherring,
ocd-person/bbb38d6c-3b3d-4ce8-bb2f-3d9346ff86f7,Chris Runion,Republican,35,lower,Chris,Runion,Male,delcrunion@house.virginia.gov,,,,https://memdata.virginiageneralassembly.gov/images/display_image/H0321,https://house.vga.virginia.gov/members/H0321;https://lis.virginia.gov/cgi-bin/legp604.exe?201+mbr+H321;https://lis.virginia.gov/cgi-bin/legp604.exe?221+mbr+H321;https://lis.virginia.gov/cgi-bin/legp604.exe?241+mbr+H321;https://virginiageneralassembly.gov/house/members/members.php?id=H0321,https://ballotpedia.org/Chris_Runion;https://en.wikipedia.org/wiki/Chris_Runion;https://house.vga.virginia.gov/members/H0321;https://justfacts.votesmart.org/candidate/biography/186742/chris-runion;https://lis.virginia.gov/201/mbr/MBR.HTM;https://lis.virginia.gov/cgi-bin/legp604.exe?201+mbr+H321;https://lis.virginia.gov/cgi-bin/legp604.exe?221+mbr+H321;https://lis.virginia.gov/cgi-bin/legp604.exe?241+mbr+H321;https://virginiageneralassembly.gov/house/members/members.php?id=H0321;https://www.linkedin.com/in/chris-runion-698b024b,,,,,,,chrisrunionva,,,chrisrunionforva,
ocd-person/f17d0fd9-266c-4192-af9b-2cf9a621867a,Christie Craig,Republican,19,upper,Christie,Craig,Female,senatorcraig@senate.virginia.gov,,1967-02-08,,https://apps.senate.virginia.gov/Senator/images/member_photos/Craig19,https://apps.senate.virginia.gov/Senator/memberpage.php?id=S118;https://lis.virginia.gov/cgi-bin/legp604.exe?241+mbr+S118,https://apps.senate.virginia.gov/Senator/memberpage.php?id=S118;https://ballotpedia.org/Christie_Craig_(Virginia);https://en.wikipedia.org/wiki/Christie_Craig_(politician);https://justfacts.votesmart.org/candidate/biography/212141/christie-new-craig;https://lis.virginia.gov/cgi-bin/legp604.exe?241+mbr+S118;https://www.linkedin.com/in/christie-craig-4a362127,,,,,,,,,,,
ocd-person/3a8cbf64-e1b7-43b6-ade9-57808519405a,Chris Head,Republican,3,upper,Chris,Head,Male,senatorhead@senate.virginia.gov,,1963-01-13,,https://apps.senate.virginia.gov/Senator/images/member_photos/Head3,https://apps.senate.virginia.gov/Senator/memberpage.php?id=S122;https://lis.virginia.gov/cgi-bin/legp604.exe?191+mbr+H237;https://lis.virginia.gov/cgi-bin/legp604.exe?201+mbr+H237;https://lis.virginia.gov/cgi-bin/legp604.exe?221+mbr+H237;https://lis.virginia.gov/cgi-bin/legp604.exe?241+mbr+S122,https://apps.senate.virginia.gov/Senator/memberpage.php?id=S122;https://ballotpedia.org/Chris_Head;https://en.wikipedia.org/wiki/Chris_Head_%28politician%29;https://justfacts.votesmart.org/candidate/biography/111190/chris-head;https://lis.virginia.gov/191/mbr/MBR.HTM;https://lis.virginia.gov/201/mbr/MBR.HTM;https://lis.virginia.gov/cgi-bin/legp604.exe?191+mbr+H237;https://lis.virginia.gov/cgi-bin/legp604.exe?201+mbr+H237;https://lis.virginia.gov/cgi-bin/legp604.exe?221+mbr+H237;https://lis.virginia.gov/cgi-bin/legp604.exe?241+mbr+S122;https://www.linkedin.com/in/cthead,,,,,,,DelChrisHead,,,DelChrisHead,
ocd-person/5e5e025d-7e50-4c2f-ba81-720f19aa0d81,Dan Helmer,Democratic,10,lower,Dan,Helmer,Male,deldhelmer@house.virginia.gov,,1981-09-27,,https://memdata.virginiageneralassembly.gov/images/display_image/H0317,https://house.vga.virginia.gov/members/H0317;https://lis.virginia.gov/cgi-bin/legp604.exe?201+mbr+H317;https://lis.virginia.gov/cgi-bin/legp604.exe?221+mbr+H317;https://lis.virginia.gov/cgi-bin/legp604.exe?241+mbr+H317;https://virginiageneralassembly.gov/house/members/members.php?id=H0317,https://ballotpedia.org/Dan_Helmer;https://en.wikipedia.org/wiki/Dan_Helmer;https://house.vga.virginia.gov/members/H0317;https://justfacts.votesmart.org/candidate/biography/179688/dan-helmer;https://lis.virginia.gov/201/mbr/MBR.HTM;https://lis.virginia.gov/cgi-bin/legp604.exe?201+mbr+H317;https://lis.virginia.gov/cgi-bin/legp604.exe?221+mbr+H317;https://lis.virginia.gov/cgi-bin/legp604.exe?241+mbr+H317;https://virginiageneralassembly.gov/house/members/members.php?id=H0317;https://www.linkedin.com/in/danhelmer,,,,,,,helmerVA,,,HelmerVA,
ocd-person/3a2855f7-5ff7-4c5e-9d28-803d99f19d3f,Danica Roem,Democratic,30,upper,Danica,Roem,Female,senatorroem@senate.virginia.gov,,1984-09-30,,https://apps.senate.virginia.gov/Senator/images/member_photos/Roem30,https://apps.senate.virginia.gov/Senator/memberpage.php?id=S126;https://lis.virginia.gov/cgi-bin/legp604.exe?191+mbr+H303;https://lis.virginia.gov/cgi-bin/legp604.exe?201+mbr+H303;https://lis.virginia.gov/cgi-bin/legp604.exe?221+mbr+H303;https://lis.virginia.gov/cgi-bin/legp604.exe?241+mbr+S126;https://virginiageneralassembly.gov/house/members/members.php?id=H0303,https://apps.senate.virginia.gov/Senator/memberpage.php?id=S126;https://ballotpedia.org/Danica_Roem;https://en.wikipedia.org/wiki/Danica_Roem;https://justfacts.votesmart.org/candidate/biography/176351/danica-roem;https://lis.virginia.gov/191/mbr/MBR.HTM;https://lis.virginia.gov/201/mbr/MBR.HTM;https://lis.virginia.gov/cgi-bin/legp604.exe?191+mbr+H303;https://lis.virginia.gov/cgi-bin/legp604.exe?201+mbr+H303;https://lis.virginia.gov/cgi-bin/legp604.exe?221+mbr+H303;https://lis.virginia.gov/cgi-bin/legp604.exe?241+mbr+S126;https://virginiageneralassembly.gov/house/members/members.php?id=H0303,,,,,,,pwcdanica,,,danicafordelegate,
ocd-person/0258144f-e8e8-4710-a80c-362f2077f57b,David Reid,Democratic,28,lower,David,Reid,Male,deldreid@house.virginia.gov,,1962-01-14,,https://memdata.virginiageneralassembly.gov/images/display_image/H0301,https://house.vga.virginia.gov/members/H0301;https://lis.virginia.gov/cgi-bin/legp604.exe?191+mbr+H301;https://lis.virginia.gov/cgi-bin/legp604.exe?201+mbr+H301;https://lis.virginia.gov/cgi-bin/legp604.exe?221+mbr+H301;https://lis.virginia.gov/cgi-bin/legp604.exe?241+mbr+H301;https://virginiageneralassembly.gov/house/members/members.php?id=H0301,https://ballotpedia.org/David_Reid_(Virginia);https://en.wikipedia.org/wiki/David_A._Reid;https://house.vga.virginia.gov/members/H0301;https://justfacts.votesmart.org/candidate/176556/david-reid;https://lis.virginia.gov/191/mbr/MBR.HTM;https://lis.virginia.gov/201/mbr/MBR.HTM;https://lis.virginia.gov/cgi-bin/legp604.exe?191+mbr+H301;https://lis.virginia.gov/cgi-bin/legp604.exe?201+mbr+H301;https://lis.virginia.gov/cgi-bin/legp604.exe?221+mbr+H301;https://lis.virginia.gov/cgi-bin/legp604.exe?241+mbr+H301;https://virginiageneralassembly.gov/house/members/members.php?id=H0301;https://www.linkedin.com/in/davidreidva,,,,,,,davidreidva,,,delegatedavid,
ocd-person/73e0de29-93b1-4c5c-af72-6c4a3d3950bd,David Suetterlein,Republican,4,upper,David,Suetterlein,Male,senatorsuetterlein@senate.virginia.gov,,1985-01-04,,https://apps.senate.virginia.gov/Senator/images/member_photos/Suetterlein4,https://apps.senate.virginia.gov/Senator/memberpage.php?id=S101;https://lis.virginia.gov/cgi-bin/legp604.exe?191+mbr+S101;https://lis.virginia.gov/cgi-bin/legp604.exe?201+mbr+S101;https://lis.virginia.gov/cgi-bin/legp604.exe?221+mbr+S101;https://lis.virginia.gov/cgi-bin/legp604.exe?241+mbr+S101,https://apps.senate.virginia.gov/Senator/memberpage.php?id=S101;https://ballotpedia.org/David_Suetterlein;https://en.wikipedia.org/wiki/David_Suetterlein;https://justfacts.votesmart.org/candidate/156664/david-suetterlein;https://lis.virginia.gov/191/mbr/MBR.HTM;https://lis.virginia.gov/201/mbr/MBR.HTM;https://lis.virginia.gov/cgi-bin/legp604.exe?191+mbr+S101;https://lis.virginia.gov/cgi-bin/legp604.exe?201+mbr+S101;https://lis.virginia.gov/cgi-bin/legp604.exe?221+mbr+S101;https://lis.virginia.gov/cgi-bin/legp604.exe?241+mbr+S101;https://www.linkedin.com/in/david-suetterlein-715bb2252,,,,,,,DRSuetterlein,,,suetterlein,
ocd-person/22817a2c-911a-458a-b2a6-b7f237ef68f0,Dave Marsden,Democratic,35,upper,Dave,Marsden,Male,senatormarsden@senate.virginia.gov,,1948-04-05,,https://apps.senate.virginia.gov/Senator/images/member_photos/Marsden35,https://apps.senate.virginia.gov/Senator/memberpage.php?id=S80;https://lis.virginia.gov/cgi-bin/legp604.exe?191+mbr+S80;https://lis.virginia.gov/cgi-bin/legp604.exe?201+mbr+S80;https://lis.virginia.gov/cgi-bin/legp604.exe?221+mbr+S80;https://lis.virginia.gov/cgi-bin/legp604.exe?241+mbr+S80,https://apps.senate.virginia.gov/Senator/memberpage.php?id=S80;https://ballotpedia.org/Dave_Marsden;https://en.wikipedia.org/wiki/David_W._Marsden;https://justfacts.votesmart.org/candidate/key-votes/58666/david-marsden;https://lis.virginia.gov/191/mbr/MBR.HTM;https://lis.virginia.gov/201/mbr/MBR.HTM;https://lis.virginia.gov/cgi-bin/legp604.exe?191+mbr+S80;https://lis.virginia.gov/cgi-bin/legp604.exe?201+mbr+S80;https://lis.virginia.gov/cgi-bin/legp604.exe?221+mbr+S80;https://lis.virginia.gov/cgi-bin/legp604.exe?241+mbr+S80;https://www.linkedin.com/in/dave-marsden-93552630,,,,,,,SenDaveMarsden,,,Dave-Marsden-for-Senate-193359812373,
ocd-person/28a2a753-16db-4236-baf0-398c0cafa259,Debra Gardner,Democratic,76,lower,Debra,Gardner,Female,deldgardner@house.virginia.gov,,,,https://memdata.virginiageneralassembly.gov/images/display_image/H0361,https://house.vga.virginia.gov/members/H0361;https://lis.virginia.gov/cgi-bin/legp604.exe?241+mbr+H361;https://virginiageneralassembly.gov/house/members/members.php?id=H0361,https://ballotpedia.org/Debra_Gardner;https://en.wikipedia.org/wiki/Debra_Gardner;https://house.vga.virginia.gov/members/H0361;https://justfacts.votesmart.org/candidate/biography/195961/debra-gardner;https://lis.virginia.gov/cgi-bin/legp604.exe?241+mbr+H361;https://virginiageneralassembly.gov/house/members/members.php?id=H0361;https://www.linkedin.com/in/debra-d-gardner-6b5a3b165,,,,,,,,,,,
ocd-person/4ae07d5d-1da3-4370-b796-7698013ca994,Delores McQuinn,Democratic,81,lower,Delores,McQuinn,Female,deldmcquinn@house.virginia.gov,,1954-11-26,,https://memdata.virginiageneralassembly.gov/images/display_image/H0207,https://house.vga.virginia.gov/members/H0207;https://lis.virginia.gov/cgi-bin/legp604.exe?191+mbr+H207;https://lis.virginia.gov/cgi-bin/legp604.exe?201+mbr+H207;https://lis.virginia.gov/cgi-bin/legp604.exe?221+mbr+H207;https://lis.virginia.gov/cgi-bin/legp604.exe?241+mbr+H207;https://virginiageneralassembly.gov/house/members/members.php?id=H0207,https://ballotpedia.org/Delores_McQuinn;https://en.wikipedia.org/wiki/Delores_McQuinn;https://house.vga.virginia.gov/members/H0207;https://justfacts.votesmart.org/candidate/biography/79252/delores-mcquinn;https://lis.virginia.gov/191/mbr/MBR.HTM;https://lis.virginia.gov/201/mbr/MBR.HTM;https://lis.virginia.gov/cgi-bin/legp604.exe?191+mbr+H207;https://lis.virginia.gov/cgi-bin/legp604.exe?201+mbr+H207;https://lis.virginia.gov/cgi-bin/legp604.exe?221+mbr+H207;https://lis.virginia.gov/cgi-bin/legp604.exe?241+mbr+H207;https://virginiageneralassembly.gov/house/members/members.php?id=H0207,,,,,,,,,,mcquinncampaign,
ocd-person/aabaa796-77f3-4b39-a626-ae05944ec484,Delores Oates,Republican,31,lower,Delores,Oates,Female,deldoates@house.virginia.gov,,,,https://memdata.virginiageneralassembly.gov/images/display_image/H0377,https://house.vga.virginia.gov/members/H0377;https://lis.virginia.gov/cgi-bin/legp604.exe?241+mbr+H377;https://virginiageneralassembly.gov/house/members/members.php?id=H0377,https://ballotpedia.org/Delores_Oates;https://en.wikipedia.org/wiki/Delores_Riley_Oates;https://house.vga.virginia.gov/members/H0377;https://justfacts.votesmart.org/candidate/biography/212065/delores-oates;https://lis.virginia.gov/cgi-bin/legp604.exe?241+mbr+H377;https://virginiageneralassembly.gov/house/members/members.php?id=H0377;https://www.linkedin.com/in/deloresoates5509599,,,,,,,,,,,
ocd-person/43d936f6-2ae8-42fe-a9a9-a4f139842afa,Destiny LeVere Bolling,Democratic,80,lower,Destiny,LeVere Bolling,Female,deldleverebolling@house.virginia.gov,,,,https://s3.amazonaws.com/ballotpedia-api4/files/thumbs/200/300/Destiny_LeVere_Bolling.jpg,https://house.vga.virginia.gov/members/H0372;https://lis.virginia.gov/cgi-bin/legp604.exe?241+mbr+H372;https://virginiageneralassembly.gov/house/members/members.php?id=H0372,https://ballotpedia.org/Destiny_LeVere_Bolling;https://destinyforvirginia.com/bio;https://en.wikipedia.org/wiki/Destiny_Levere_Bolling;https://house.vga.virginia.gov/members/H0372;https://justfacts.votesmart.org/candidate/biography/212101/destiny-bolling;https://lis.virginia.gov/cgi-bin/legp604.exe?241+mbr+H372;https://virginiageneralassembly.gov/house/members/members.php?id=H0372;https://www.linkedin.com/in/destiny-levere-3040a1137,,,,,,,,,,,
ocd-person/f8cafb3b-ed12-40e9-b062-318790434179,Don Scott,Democratic,88,lower,Don,Scott,Male,deldscott@house.virginia.gov,,1965-03-05,,https://memdata.virginiageneralassembly.gov/images/display_image/H0322,https://house.vga.virginia.gov/members/H0322;https://lis.virginia.gov/cgi-bin/legp604.exe?201+mbr+H322;https://lis.virginia.gov/cgi-bin/legp604.exe?221+mbr+H322;https://lis.virginia.gov/cgi-bin/legp604.exe?241+mbr+H322;https://virginiageneralassembly.gov/house/members/members.php?id=H0322,https://ballotpedia.org/Don_Scott_(Virginia);https://en.wikipedia.org/wiki/Don_Scott_(Virginia_politician);https://house.vga.virginia.gov/members/H0322;https://justfacts.votesmart.org/candidate/biography/186771/don-scott-jr;https://lis.virginia.gov/201/mbr/MBR.HTM;https://lis.virginia.gov/cgi-bin/legp604.exe?201+mbr+H322;https://lis.virginia.gov/cgi-bin/legp604.exe?221+mbr+H322;https://lis.virginia.gov/cgi-bin/legp604.exe?241+mbr+H322;https://virginiageneralassembly.gov/house/members/members.php?id=H0322;https://www.bbtrial.com/attorneys/don-scott;https://www.linkedin.com/in/don-scott-law-ab7153127,,,,"355 Crawford St. Suite 704, Portsmouth, VA 23704",757-354-3461,,donscott757,,,friendsofdonscott,
ocd-person/c3b0c2fc-c7bf-45f8-8ee3-50d5a57bad08,Elizabeth Bennett-Parker,Democratic,39,upper,Elizabeth,Bennett-Parker,Female,senatorbennett-parker@senate.virginia.gov,,,,https://memdata.virginiageneralassembly.gov/images/display_image/H0334,https://house.vga.virginia.gov/members/H0334;https://lis.virginia.gov/cgi-bin/legp604.exe?221+mbr+H334;https://lis.virginia.gov/cgi-bin/legp604.exe?241+mbr+H334;https://senate.virginia.gov/Senator/memberpage.php?id=S135;https://virginiageneralassembly.gov/house/members/members.php?id=H0334,https://ballotpedia.org/Elizabeth_Bennett-Parker;https://en.wikipedia.org/wiki/Elizabeth_Bennett-Parker;https://house.vga.virginia.gov/members/H0334;https://justfacts.votesmart.org/candidate/biography/195975/elizabeth-bennett-parker;https://lis.virginia.gov/cgi-bin/legp604.exe?221+mbr+H334;https://lis.virginia.gov/cgi-bin/legp604.exe?241+mbr+H334;https://senate.virginia.gov/Senator/memberpage.php?id=S135;https://virginiageneralassembly.gov/house/members/members.php?id=H0334;https://www.linkedin.com/in/elizabeth-bennett-parker-7002875,,,,"107 SW St. #152, Alexandria, VA 22314",703-239-3155,,,,,,
ocd-person/34c31079-0077-4ce5-9985-d0f2a95a12a7,Liz Guzmán,Democratic,22,lower,Liz,Guzmán,Female,deleguzman@house.virginia.gov,,1973-02-13,,https://memdata.virginiageneralassembly.gov/images/display_image/H0297,https://house.vga.virginia.gov/members/H0297;https://lis.virginia.gov/cgi-bin/legp604.exe?191+mbr+H297;https://lis.virginia.gov/cgi-bin/legp604.exe?201+mbr+H297;https://lis.virginia.gov/cgi-bin/legp604.exe?221+mbr+H297;https://virginiageneralassembly.gov/house/members/members.php?id=H0297,https://ballotpedia.org/Elizabeth_Guzman;https://en.wikipedia.org/wiki/Elizabeth_Guzm%C3%A1n;https://house.vga.virginia.gov/members/H0297;https://justfacts.votesmart.org/candidate/biography/176356/elizabeth-guzman;https://lis.virginia.gov/191/mbr/MBR.HTM;https://lis.virginia.gov/201/mbr/MBR.HTM;https://lis.virginia.gov/cgi-bin/legp604.exe?191+mbr+H297;https://lis.virginia.gov/cgi-bin/legp604.exe?201+mbr+H297;https://lis.virginia.gov/cgi-bin/legp604.exe?221+mbr+H297;https://www.linkedin.com/in/elizabeth-guzman-b3aa3912,,,,,,,delegateguzman,,,elizabethguzmanva,
ocd-person/318cc276-b981-4744-82ff-1c7cc7d0c0b6,Ellen McLaughlin,Republican,36,lower,Ellen,McLaughlin,Female,delemclaughlin@house.virginia.gov,,,,https://memdata.virginiageneralassembly.gov/images/display_image/H0350,https://house.vga.virginia.gov/members/H0350;https://lis.virginia.gov/cgi-bin/legp604.exe?241+mbr+H350;https://virginiageneralassembly.gov/house/members/members.php?id=H0350,https://ballotpedia.org/Ellen_Campbell;https://ballotpedia.org/Ellen_McLaughlin;https://en.wikipedia.org/wiki/Ellen_Campbell;https://house.vga.virginia.gov/members/H0350;https://justfacts.votesmart.org/candidate/biography/211269/ellen-campbell;https://lis.virginia.gov/cgi-bin/legp604.exe?241+mbr+H350;https://virginiageneralassembly.gov/house/members/members.php?id=H0350;https://www.linkedin.com/in/ellen-campbell-75114a1b4,,,,,,,,,,,
ocd-person/f1a906cd-6602-492c-88dc-61887401c346,Emily Jordan,Republican,17,upper,Emily,Jordan,Female,senatorjordan@senate.virginia.gov,,1984-05-27,,https://apps.senate.virginia.gov/Senator/images/member_photos/Jordan17,https://apps.senate.virginia.gov/Senator/memberpage.php?id=S116;https://lis.virginia.gov/cgi-bin/legp604.exe?191+mbr+H291;https://lis.virginia.gov/cgi-bin/legp604.exe?201+mbr+H291;https://lis.virginia.gov/cgi-bin/legp604.exe?221+mbr+H291;https://lis.virginia.gov/cgi-bin/legp604.exe?241+mbr+S116,https://apps.senate.virginia.gov/Senator/memberpage.php?id=S116;https://ballotpedia.org/Emily_Jordan;https://en.wikipedia.org/wiki/Emily_Brewer;https://lis.virginia.gov/191/mbr/MBR.HTM;https://lis.virginia.gov/201/mbr/MBR.HTM;https://lis.virginia.gov/cgi-bin/legp604.exe?191+mbr+H291;https://lis.virginia.gov/cgi-bin/legp604.exe?201+mbr+H291;https://lis.virginia.gov/cgi-bin/legp604.exe?221+mbr+H291;https://lis.virginia.gov/cgi-bin/legp604.exe?241+mbr+S116,,,,,,,BrewerForVA,,,BrewerForVA,
ocd-person/704cecad-ef53-44e4-ad55-6c7a7e385e5c,Eric Phillips,Republican,48,lower,Eric,Phillips,Male,delephillips@house.virginia.gov,,,,https://memdata.virginiageneralassembly.gov/images/display_image/H0384,https://house.vga.virginia.gov/members/H0384;https://lis.virginia.gov/cgi-bin/legp604.exe?241+mbr+H384;https://virginiageneralassembly.gov/house/members/members.php?id=H0384,https://ballotpedia.org/Eric_Phillips;https://en.wikipedia.org/wiki/Eric_Phillips_(politician);https://house.vga.virginia.gov/members/H0384;https://justfacts.votesmart.org/candidate/biography/214181/eric-phillips;https://lis.virginia.gov/cgi-bin/legp604.exe?241+mbr+H384;https://virginiageneralassembly.gov/house/members/members.php?id=H0384;https://www.linkedin.com/in/nuagainfurnitureservices,,,,,,,,,,,
ocd-person/0bd1b9d6-e02e-4cb4-91c8-c87466ebf1db,Eric Zehr,Republican,51,lower,Eric,Zehr,Male,delezehr@house.virginia.gov,,,,https://memdata.virginiageneralassembly.gov/images/display_image/H0383,https://house.vga.virginia.gov/members/H0383;https://lis.virginia.gov/cgi-bin/legp604.exe?241+mbr+H383;https://virginiageneralassembly.gov/house/members/members.php?id=H0383,https://ballotpedia.org/Eric_Zehr;https://en.wikipedia.org/wiki/Eric_Zehr;https://house.vga.virginia.gov/members/H0383;https://justfacts.votesmart.org/candidate/biography/162705/eric-zehr;https://lis.virginia.gov/cgi-bin/legp604.exe?241+mbr+H383;https://virginiageneralassembly.gov/house/members/members.php?id=H0383;https://www.linkedin.com/in/eric-zehr-498059a1,,,,,,,,,,,
ocd-person/418a32b0-5822-4673-9293-e8363038805b,Garrett McGuire,Democratic,17,lower,Garrett,McGuire,Male,delgmcguire@house.virginia.gov,,,,https://virginiamercury.com/wp-content/uploads/2026/01/611290992_122105542683186780_8562161094291278751_n.jpg,https://house.vga.virginia.gov/members/H0405,https://ballotpedia.org/Garrett_McGuire;https://house.vga.virginia.gov/members/H0405;https://www.linkedin.com/in/garrett-m-b5992b26;https://www.linkedin.com/in/garrett-mcguire-b5992b26,,,,,,,,,,,
ocd-person/815f7b31-d344-481a-9922-ad77d16b808a,Glen Sturtevant,Republican,12,upper,Glen,Sturtevant,Male,senatorsturtevant@senate.virginia.gov,,1982-09-13,,https://apps.senate.virginia.gov/Senator/images/member_photos/Sturtevant12,https://apps.senate.virginia.gov/Senator/memberpage.php?id=S99;https://lis.virginia.gov/cgi-bin/legp604.exe?241+mbr+S99,https://apps.senate.virginia.gov/Senator/memberpage.php?id=S99;https://ballotpedia.org/Glen_Sturtevant;https://en.wikipedia.org/wiki/Glen_Sturtevant;https://justfacts.votesmart.org/candidate/biography/156453/glen-sturtevant-jr;https://lis.virginia.gov/cgi-bin/legp604.exe?241+mbr+S99;https://www.linkedin.com/in/glensturtevant,,,,,,,,,,,
ocd-person/b151be46-5943-466a-afc5-93355840fe90,Gretchen Bulova,Democratic,11,lower,Gretchen,Bulova,Female,delgbulova@house.virginia.gov,,,,https://house.vga.virginia.gov/delegate_photos/H0403.jpg,https://house.vga.virginia.gov/members/H0403,https://ballotpedia.org/Gretchen_Bulova;https://en.wikipedia.org/wiki/Gretchen_Bulova;https://house.vga.virginia.gov/members/H0403;https://www.linkedin.com/in/gretchen-bulova-5249226,,,,,,,,,,,
ocd-person/496f9aa1-91ba-4386-9530-f52ea56e17bf,Otto Wachsmann,Republican,83,lower,Otto,Wachsmann,Male,delowachsmann@house.virginia.gov,,,,https://memdata.virginiageneralassembly.gov/images/display_image/H0347,https://house.vga.virginia.gov/members/H0347;https://lis.virginia.gov/cgi-bin/legp604.exe?221+mbr+H347;https://lis.virginia.gov/cgi-bin/legp604.exe?241+mbr+H347;https://virginiageneralassembly.gov/house/members/members.php?id=H0347,https://ballotpedia.org/H._Otto_Wachsmann_Jr.;https://en.wikipedia.org/wiki/Otto_Wachsmann;https://house.vga.virginia.gov/members/H0347;https://justfacts.votesmart.org/candidate/186768/otto-wachsmann-jr;https://lis.virginia.gov/cgi-bin/legp604.exe?221+mbr+H347;https://lis.virginia.gov/cgi-bin/legp604.exe?241+mbr+H347;https://virginiageneralassembly.gov/house/members/members.php?id=H0347;https://www.linkedin.com/in/otto-wachsmann-a219093,,,,,,,,,,,
ocd-person/ec11a019-459d-4184-b0d7-8e88ab5f7dd6,Hillary Pugh Kent,Republican,67,lower,Hillary,Pugh Kent,Female,delhkent@house.virginia.gov,,,,"https://static.wixstatic.com/media/8f5763_3acf103cae51400f8e2caa87b932d971~mv2.jpg/v1/fill/w_402,h_357,al_c,q_80,usm_0.66_1.00_0.01,enc_auto/8f5763_3acf103cae51400f8e2caa87b932d971~mv2.jpg",https://house.vga.virginia.gov/members/H0369;https://lis.virginia.gov/cgi-bin/legp604.exe?241+mbr+H369;https://virginiageneralassembly.gov/house/members/members.php?id=H0369,https://ballotpedia.org/Hillary_Pugh_Kent;https://en.wikipedia.org/wiki/Hillary_Pugh_Kent;https://house.vga.virginia.gov/members/H0369;https://justfacts.votesmart.org/candidate/biography/212091/hillary-kent;https://lis.virginia.gov/cgi-bin/legp604.exe?241+mbr+H369;https://virginiageneralassembly.gov/house/members/members.php?id=H0369;https://www.hillarypughkentva.com/about,,,,,,,,,,,
ocd-person/745d2197-96c4-4e10-be1d-19f70c35f541,Holly Seibold,Democratic,12,lower,Holly,Seibold,Female,delhseibold@house.virginia.gov,,,,https://memdata.virginiageneralassembly.gov/images/display_image/H0351,https://house.vga.virginia.gov/members/H0351;https://lis.virginia.gov/cgi-bin/legp604.exe?241+mbr+H351;https://virginiageneralassembly.gov/house/members/members.php?id=H0351;https://www.hollyseibold.com/,https://ballotpedia.org/Holly_Seibold;https://en.wikipedia.org/wiki/Holly_Seibold;https://house.vga.virginia.gov/members/H0351;https://justfacts.votesmart.org/candidate/211186/holly-seibold;https://lis.virginia.gov/cgi-bin/legp604.exe?241+mbr+H351;https://virginiageneralassembly.gov/house/members/members.php?id=H0351;https://www.hollyseibold.com;https://www.hollyseibold.com/background;https://www.linkedin.com/in/holly-seibold-94133138,,,,,,,,,,,
ocd-person/e2ce02ec-6a92-435d-8ae2-bead5abe5ace,Buddy Fowler,Republican,59,lower,Buddy,Fowler,Male,delbfowler@house.virginia.gov,,1955-07-02,,https://memdata.virginiageneralassembly.gov/images/display_image/H0259,https://house.vga.virginia.gov/members/H0259;https://lis.virginia.gov/cgi-bin/legp604.exe?191+mbr+H259;https://lis.virginia.gov/cgi-bin/legp604.exe?201+mbr+H259;https://lis.virginia.gov/cgi-bin/legp604.exe?221+mbr+H259;https://lis.virginia.gov/cgi-bin/legp604.exe?241+mbr+H259;https://virginiageneralassembly.gov/house/members/members.php?id=H0259,https://ballotpedia.org/Buddy_Fowler_Jr.;https://en.wikipedia.org/wiki/Buddy_Fowler;https://house.vga.virginia.gov/members/H0259;https://justfacts.votesmart.org/candidate/biography/144840/buddy-fowler-jr;https://lis.virginia.gov/191/mbr/MBR.HTM;https://lis.virginia.gov/201/mbr/MBR.HTM;https://lis.virginia.gov/cgi-bin/legp604.exe?191+mbr+H259;https://lis.virginia.gov/cgi-bin/legp604.exe?201+mbr+H259;https://lis.virginia.gov/cgi-bin/legp604.exe?221+mbr+H259;https://lis.virginia.gov/cgi-bin/legp604.exe?241+mbr+H259;https://virginiageneralassembly.gov/house/members/members.php?id=H0259;https://www.linkedin.com/in/buddy-fowler-3267b872,,,,"13029 Old Ridge Road, Beaverdam, VA 23015",804-227-3177,,,,,H-Buddy-Fowler-55th-District-of-VA-House-of-Delegates-580739761936432,
ocd-person/3f02dc5d-5107-4620-add7-c32a2ea8bf44,Irene Shin,Democratic,8,lower,Irene,Shin,Female,delishin@house.virginia.gov,,1987-10-07,,https://memdata.virginiageneralassembly.gov/images/display_image/H0344,https://house.vga.virginia.gov/members/H0344;https://lis.virginia.gov/cgi-bin/legp604.exe?221+mbr+H344;https://lis.virginia.gov/cgi-bin/legp604.exe?241+mbr+H344;https://virginiageneralassembly.gov/house/members/members.php?id=H0344,https://ballotpedia.org/Irene_Shin;https://en.wikipedia.org/wiki/Irene_Shin;https://house.vga.virginia.gov/members/H0344;https://justfacts.votesmart.org/candidate/biography/196026/irene-shin;https://lis.virginia.gov/cgi-bin/legp604.exe?221+mbr+H344;https://lis.virginia.gov/cgi-bin/legp604.exe?241+mbr+H344;https://virginiageneralassembly.gov/house/members/members.php?id=H0344;https://www.linkedin.com/in/irene-shin-6b0bb8148,,,,,,,,,,,
ocd-person/4524f0db-f682-4b90-9cd5-628eb1d16ca7,Israel O'Quinn,Republican,44,lower,Israel,O'Quinn,Male,delioquinn@house.virginia.gov,,1980-03-05,,https://memdata.virginiageneralassembly.gov/images/display_image/H0242,https://house.vga.virginia.gov/members/H0242;https://lis.virginia.gov/cgi-bin/legp604.exe?191+mbr+H242;https://lis.virginia.gov/cgi-bin/legp604.exe?201+mbr+H242;https://lis.virginia.gov/cgi-bin/legp604.exe?221+mbr+H242;https://lis.virginia.gov/cgi-bin/legp604.exe?241+mbr+H242;https://virginiageneralassembly.gov/house/members/members.php?id=H0242,https://ballotpedia.org/Israel_O%27Quinn;https://en.wikipedia.org/wiki/Israel_O'Quinn;https://house.vga.virginia.gov/members/H0242;https://justfacts.votesmart.org/candidate/biography/134667/israel-oquinn;https://lis.virginia.gov/191/mbr/MBR.HTM;https://lis.virginia.gov/201/mbr/MBR.HTM;https://lis.virginia.gov/cgi-bin/legp604.exe?191+mbr+H242;https://lis.virginia.gov/cgi-bin/legp604.exe?201+mbr+H242;https://lis.virginia.gov/cgi-bin/legp604.exe?221+mbr+H242;https://lis.virginia.gov/cgi-bin/legp604.exe?241+mbr+H242;https://virginiageneralassembly.gov/house/members/members.php?id=H0242;https://www.linkedin.com/in/israeloquinn,,,,,,,IsraelOQuinn,,,israeloquinn,
ocd-person/ebdc449e-b987-4c44-895b-5047e343c0a0,Danny Diggs,Republican,24,upper,Danny,Diggs,Male,senatordiggs@senate.virginia.gov,,1957-07-06,,https://s3.amazonaws.com/ballotpedia-api4/files/thumbs/200/300/DiggsDanny.jpg,https://apps.senate.virginia.gov/Senator/memberpage.php?id=S119;https://lis.virginia.gov/cgi-bin/legp604.exe?241+mbr+S119,https://apps.senate.virginia.gov/Senator/memberpage.php?id=S119;https://ballotpedia.org/J.D._Diggs;https://en.wikipedia.org/wiki/Danny_Diggs;https://justfacts.votesmart.org/candidate/biography/212144/danny-diggs;https://lis.virginia.gov/cgi-bin/legp604.exe?241+mbr+S119;https://www.diggsforsenate.com/about;https://www.diggsforsenate.com/about-1;https://www.linkedin.com/in/j-d-danny-diggs-30203717,,,,,,,,,,,
ocd-person/837c9441-c0d2-497e-80e9-955bf152831b,J.J. Singh,Democratic,26,lower,J.J.,Singh,Male,deljsingh@house.virginia.gov,,,,https://memdata.virginiageneralassembly.gov/images/display_image/H0385,https://house.vga.virginia.gov/members/H0385;https://virginiageneralassembly.gov/house/members/members.php?id=H0385,https://ballotpedia.org/Jas_Singh;https://en.wikipedia.org/wiki/Jas_Jeet_Singh;https://house.vga.virginia.gov/members/H0385;https://jekyllislandfoundation.org/about/leadership/board-of-directors/jj-singh;https://justfacts.votesmart.org/candidate/biography/220668/jj-singh;https://virginiageneralassembly.gov/house/members/members.php?id=H0385;https://www.linkedin.com/in/singhjj,,,,,,,,,,,
ocd-person/dae8ce89-647a-407a-9550-60c404a89e29,Jackie Glass,Democratic,93,lower,Jackie,Glass,Female,deljglass@house.virginia.gov,,,,https://memdata.virginiageneralassembly.gov/images/display_image/H0349,https://house.vga.virginia.gov/members/H0349;https://lis.virginia.gov/cgi-bin/legp604.exe?221+mbr+H349;https://lis.virginia.gov/cgi-bin/legp604.exe?241+mbr+H349;https://virginiageneralassembly.gov/house/members/members.php?id=H0349,https://ballotpedia.org/Jackie_Glass_(Virginia);https://en.wikipedia.org/wiki/Jackie_Glass_(politician);https://house.vga.virginia.gov/members/H0349;https://justfacts.votesmart.org/candidate/201393/jackie-glass;https://lis.virginia.gov/cgi-bin/legp604.exe?221+mbr+H349;https://lis.virginia.gov/cgi-bin/legp604.exe?241+mbr+H349;https://virginiageneralassembly.gov/house/members/members.php?id=H0349;https://www.linkedin.com/in/jackieglass,,,,,,,,,,,
ocd-person/a551cb4b-014c-4423-a9d7-7a35cc0c7bdd,Jay Leftwich,Republican,90,lower,Jay,Leftwich,Male,deljleftwich@house.virginia.gov,,1962-12-11,,https://memdata.virginiageneralassembly.gov/images/display_image/H0262,https://house.vga.virginia.gov/members/H0262;https://lis.virginia.gov/cgi-bin/legp604.exe?191+mbr+H262;https://lis.virginia.gov/cgi-bin/legp604.exe?201+mbr+H262;https://lis.virginia.gov/cgi-bin/legp604.exe?221+mbr+H262;https://lis.virginia.gov/cgi-bin/legp604.exe?241+mbr+H262;https://virginiageneralassembly.gov/house/members/members.php?id=H0262,https://ballotpedia.org/Jay_Leftwich;https://en.wikipedia.org/wiki/Jay_Leftwich;https://house.vga.virginia.gov/members/H0262;https://justfacts.votesmart.org/candidate/biography/145333/jay-leftwich-jr;https://lis.virginia.gov/191/mbr/MBR.HTM;https://lis.virginia.gov/201/mbr/MBR.HTM;https://lis.virginia.gov/cgi-bin/legp604.exe?191+mbr+H262;https://lis.virginia.gov/cgi-bin/legp604.exe?201+mbr+H262;https://lis.virginia.gov/cgi-bin/legp604.exe?221+mbr+H262;https://lis.virginia.gov/cgi-bin/legp604.exe?241+mbr+H262;https://virginiageneralassembly.gov/house/members/members.php?id=H0262;https://www.linkedin.com/in/jay-leftwich-34b87054,,,,"308 Cedar Lakes Drive Second Floor, Chesapeake, VA 23322",757-382-4145,,,,,Delegate-Jay-Leftwich-237237813089964,
ocd-person/0f77b7d1-a89e-41cd-ae83-28d267dab0e2,Will Morefield,Republican,43,lower,Will,Morefield,Male,deljmorefield@house.virginia.gov,,1984-01-10,,https://memdata.virginiageneralassembly.gov/images/display_image/H0224,https://house.vga.virginia.gov/members/H0224;https://lis.virginia.gov/cgi-bin/legp604.exe?191+mbr+H224;https://lis.virginia.gov/cgi-bin/legp604.exe?201+mbr+H224;https://lis.virginia.gov/cgi-bin/legp604.exe?221+mbr+H224;https://lis.virginia.gov/cgi-bin/legp604.exe?241+mbr+H224;https://virginiageneralassembly.gov/house/members/members.php?id=H0224,https://ballotpedia.org/James_Morefield;https://en.wikipedia.org/wiki/Will_Morefield;https://house.vga.virginia.gov/members/H0224;https://justfacts.votesmart.org/candidate/biography/112135/will-morefield;https://lis.virginia.gov/191/mbr/MBR.HTM;https://lis.virginia.gov/201/mbr/MBR.HTM;https://lis.virginia.gov/cgi-bin/legp604.exe?191+mbr+H224;https://lis.virginia.gov/cgi-bin/legp604.exe?201+mbr+H224;https://lis.virginia.gov/cgi-bin/legp604.exe?221+mbr+H224;https://lis.virginia.gov/cgi-bin/legp604.exe?241+mbr+H224;https://virginiageneralassembly.gov/house/members/members.php?id=H0224,,,,,,,,,,DelegateMorefield,
ocd-person/80c98569-2ce0-44e9-8cf4-632f2dce684c,Jason Ballard,Republican,42,lower,Jason,Ballard,Male,deljballard@house.virginia.gov,,,,https://memdata.virginiageneralassembly.gov/images/display_image/H0333,https://house.vga.virginia.gov/members/H0333;https://lis.virginia.gov/cgi-bin/legp604.exe?221+mbr+H333;https://lis.virginia.gov/cgi-bin/legp604.exe?241+mbr+H333;https://virginiageneralassembly.gov/house/members/members.php?id=H0333,https://ballotpedia.org/Jason_Ballard;https://en.wikipedia.org/wiki/Jason_Ballard;https://house.vga.virginia.gov/members/H0333;https://justfacts.votesmart.org/candidate/196371/jason-ballard;https://lis.virginia.gov/cgi-bin/legp604.exe?221+mbr+H333;https://lis.virginia.gov/cgi-bin/legp604.exe?241+mbr+H333;https://virginiageneralassembly.gov/house/members/members.php?id=H0333;https://www.linkedin.com/in/jason-ballard-esq-4504857,,,,,,,,,,,
ocd-person/f3e15ab0-8419-43c2-ab7a-f3984419d1eb,Jeion Ward,Democratic,87,lower,Jeion,Ward,Female,deljward@house.virginia.gov,,1954-01-06,,https://memdata.virginiageneralassembly.gov/images/display_image/H0173,https://house.vga.virginia.gov/members/H0173;https://lis.virginia.gov/cgi-bin/legp604.exe?191+mbr+H173;https://lis.virginia.gov/cgi-bin/legp604.exe?201+mbr+H173;https://lis.virginia.gov/cgi-bin/legp604.exe?221+mbr+H173;https://lis.virginia.gov/cgi-bin/legp604.exe?241+mbr+H173;https://virginiageneralassembly.gov/house/members/members.php?id=H0173,https://ballotpedia.org/Jeion_Ward;https://en.wikipedia.org/wiki/Jeion_Ward;https://house.vga.virginia.gov/members/H0173;https://justfacts.votesmart.org/candidate/biography/50921/jeion-ward;https://lis.virginia.gov/191/mbr/MBR.HTM;https://lis.virginia.gov/201/mbr/MBR.HTM;https://lis.virginia.gov/cgi-bin/legp604.exe?191+mbr+H173;https://lis.virginia.gov/cgi-bin/legp604.exe?201+mbr+H173;https://lis.virginia.gov/cgi-bin/legp604.exe?221+mbr+H173;https://lis.virginia.gov/cgi-bin/legp604.exe?241+mbr+H173;https://virginiageneralassembly.gov/house/members/members.php?id=H0173,,,,,,,jeionward,,,delegatejeionward,
ocd-person/27eeaa71-8938-412b-90ce-f83370824485,Jennifer Boysko,Democratic,38,upper,Jennifer,Boysko,Female,senatorboysko@senate.virginia.gov,,1966-11-16,,https://apps.senate.virginia.gov/Senator/images/member_photos/Boysko38,https://apps.senate.virginia.gov/Senator/memberpage.php?id=S106;https://lis.virginia.gov/cgi-bin/legp604.exe?191+mbr+S106;https://lis.virginia.gov/cgi-bin/legp604.exe?201+mbr+S106;https://lis.virginia.gov/cgi-bin/legp604.exe?221+mbr+S106;https://lis.virginia.gov/cgi-bin/legp604.exe?241+mbr+S106,https://apps.senate.virginia.gov/Senator/memberpage.php?id=S106;https://ballotpedia.org/Jennifer_B._Boysko;https://en.wikipedia.org/wiki/Jennifer_Boysko;https://justfacts.votesmart.org/candidate/144515/jennifer-boysko;https://lis.virginia.gov/191/mbr/MBR.HTM;https://lis.virginia.gov/201/mbr/MBR.HTM;https://lis.virginia.gov/cgi-bin/legp604.exe?191+mbr+S106;https://lis.virginia.gov/cgi-bin/legp604.exe?201+mbr+S106;https://lis.virginia.gov/cgi-bin/legp604.exe?221+mbr+S106;https://lis.virginia.gov/cgi-bin/legp604.exe?241+mbr+S106;https://www.linkedin.com/in/jennifer-b-boysko-1544bb1;https://www.linkedin.com/in/jennifer-boysko-1544bb1,,,,,,,JenniferBoysko,,,BoyskoForSenate,
ocd-person/32dae8e8-9901-4705-b012-f8ce186f8403,Jennifer Carroll Foy,Democratic,33,upper,Jennifer,Carroll Foy,Female,senatorcarrollfoy@senate.virginia.gov,,1981-09-25,,https://apps.senate.virginia.gov/Senator/images/member_photos/Carroll%20Foy33,https://apps.senate.virginia.gov/Senator/memberpage.php?id=S117;https://lis.virginia.gov/cgi-bin/legp604.exe?241+mbr+S117,https://apps.senate.virginia.gov/Senator/memberpage.php?id=S117;https://ballotpedia.org/Jennifer_Foy;https://en.wikipedia.org/wiki/Jennifer_Carroll_Foy;https://justfacts.votesmart.org/candidate/biography/176347/jennifer-carroll-foy;https://lis.virginia.gov/cgi-bin/legp604.exe?241+mbr+S117,,,,,,,,,,,
ocd-person/500ff29f-8ae7-4886-93ec-eec1ad91d299,Jeremy McPike,Democratic,29,upper,Jeremy,McPike,Male,senatormcpike@senate.virginia.gov,,1975-09-19,,https://apps.senate.virginia.gov/Senator/images/member_photos/McPike29.jpg,https://apps.senate.virginia.gov/Senator/memberpage.php?id=S98;https://lis.virginia.gov/cgi-bin/legp604.exe?191+mbr+S98;https://lis.virginia.gov/cgi-bin/legp604.exe?201+mbr+S98;https://lis.virginia.gov/cgi-bin/legp604.exe?221+mbr+S98;https://lis.virginia.gov/cgi-bin/legp604.exe?241+mbr+S98,https://apps.senate.virginia.gov/Senator/memberpage.php?id=S98;https://ballotpedia.org/Jeremy_McPike;https://en.wikipedia.org/wiki/Jeremy_McPike;https://justfacts.votesmart.org/candidate/biography/144818/jeremy-mcpike;https://lis.virginia.gov/191/mbr/MBR.HTM;https://lis.virginia.gov/201/mbr/MBR.HTM;https://lis.virginia.gov/cgi-bin/legp604.exe?191+mbr+S98;https://lis.virginia.gov/cgi-bin/legp604.exe?201+mbr+S98;https://lis.virginia.gov/cgi-bin/legp604.exe?221+mbr+S98;https://lis.virginia.gov/cgi-bin/legp604.exe?241+mbr+S98;https://www.linkedin.com/in/jeremy-mcpike-a13bb4,,,,,,,jeremymcpike,,,McPikeforSenate,
ocd-person/f2a47eb9-0839-48e8-baf2-c2d638bf380b,Jessica Anderson,Democratic,71,lower,Jessica,Anderson,Female,deljanderson@house.virginia.gov,,,,https://s3.amazonaws.com/ballotpedia-api4/files/thumbs/200/300/Jessica_Anderson_20251008_030628.jpg,https://house.vga.virginia.gov/members/H0386,https://ballotpedia.org/Jessica_Anderson_(Virginia);https://en.wikipedia.org/wiki/Jessica_Anderson_(politician);https://house.vga.virginia.gov/members/H0386;https://www.linkedin.com/in/jessica-anderson-0640b1267,,,,,,,,,,,
ocd-person/fef2f7f3-d388-4bf6-818f-6a58ae193721,John McAuliff,Democratic,30,lower,John,McAuliff,Male,deljmcauliff@house.virginia.gov,,,,https://house.vga.virginia.gov/delegate_photos/H0395.jpg,https://house.vga.virginia.gov/members/H0395,https://ballotpedia.org/John_Chilton_McAuliff;https://en.wikipedia.org/wiki/John_McAuliff;https://house.vga.virginia.gov/members/H0395;https://www.linkedin.com/in/meetjohn,,,,,,,,,,,
ocd-person/a0178eeb-c6bb-4e20-9024-f859d4780be6,Joe McNamara,Republican,40,lower,Joe,McNamara,Male,deljmcnamara@house.virginia.gov,,,,https://memdata.virginiageneralassembly.gov/images/display_image/H0308,https://house.vga.virginia.gov/members/H0308;https://lis.virginia.gov/cgi-bin/legp604.exe?191+mbr+H308;https://lis.virginia.gov/cgi-bin/legp604.exe?201+mbr+H308;https://lis.virginia.gov/cgi-bin/legp604.exe?221+mbr+H308;https://lis.virginia.gov/cgi-bin/legp604.exe?241+mbr+H308;https://virginiageneralassembly.gov/house/members/members.php?id=H0308,https://ballotpedia.org/Joseph_McNamara_(Virginia);https://en.wikipedia.org/wiki/Joseph_McNamara_(Virginia_politician);https://house.vga.virginia.gov/members/H0308;https://justfacts.votesmart.org/candidate/biography/96174/joseph-mcnamara;https://lis.virginia.gov/191/mbr/MBR.HTM;https://lis.virginia.gov/201/mbr/MBR.HTM;https://lis.virginia.gov/cgi-bin/legp604.exe?191+mbr+H308;https://lis.virginia.gov/cgi-bin/legp604.exe?201+mbr+H308;https://lis.virginia.gov/cgi-bin/legp604.exe?221+mbr+H308;https://lis.virginia.gov/cgi-bin/legp604.exe?241+mbr+H308;https://virginiageneralassembly.gov/house/members/members.php?id=H0308,,,,,,,JoeforVA,,,JoeForVA,
ocd-person/b6db5cc9-d9d3-4cbd-9532-6126a47c2ab3,Josh Thomas,Democratic,21,lower,Josh,Thomas,Male,deljthomas@house.virginia.gov,,,,https://s3.amazonaws.com/ballotpedia-api4/files/thumbs/200/300/Thomas_Headshot_HiRes-1-edited-1536x1536.jpg,https://house.vga.virginia.gov/members/H0382;https://lis.virginia.gov/cgi-bin/legp604.exe?241+mbr+H382;https://virginiageneralassembly.gov/house/members/members.php?id=H0382,https://ballotpedia.org/Joshua_Thomas_(Virginia);https://en.wikipedia.org/wiki/Josh_Thomas_(politician);https://house.vga.virginia.gov/members/H0382;https://jetforva.com/about;https://justfacts.votesmart.org/candidate/biography/212054/joshua-thomas;https://lis.virginia.gov/cgi-bin/legp604.exe?241+mbr+H382;https://virginiageneralassembly.gov/house/members/members.php?id=H0382;https://www.kkslawyers.com/attorney/joshua-thomas,,,,,,,,,,,
ocd-person/986f0601-025b-4fa7-acda-b2d3c2280784,Josh Cole,Democratic,65,lower,Josh,Cole,Male,deljcole@house.virginia.gov,,1990-07-25,,https://memdata.virginiageneralassembly.gov/images/display_image/H0314,https://house.vga.virginia.gov/members/H0314;https://lis.virginia.gov/cgi-bin/legp604.exe?201+mbr+H314;https://lis.virginia.gov/cgi-bin/legp604.exe?241+mbr+H314;https://virginiageneralassembly.gov/house/members/members.php?id=H0314,https://ballotpedia.org/Joshua_Cole;https://ballotpedia.org/Joshua_Cole_(Virginia);https://en.wikipedia.org/wiki/Joshua_G._Cole;https://house.vga.virginia.gov/members/H0314;https://justfacts.votesmart.org/candidate/176553/joshua-cole;https://justfacts.votesmart.org/candidate/biography/176553/joshua-cole;https://lis.virginia.gov/201/mbr/MBR.HTM;https://lis.virginia.gov/cgi-bin/legp604.exe?201+mbr+H314;https://lis.virginia.gov/cgi-bin/legp604.exe?241+mbr+H314;https://virginiageneralassembly.gov/house/members/members.php?id=H0314;https://www.linkedin.com/in/joshua-cole-a6632a123,,,,,,,jcole4va,,,jcole4VA,
ocd-person/ee82c166-4df9-4e98-8399-1e10d48dcd06,Justin Pence,Republican,33,lower,Justin,Pence,Male,deljpence@house.virginia.gov,,,,https://house.vga.virginia.gov/delegate_photos/H0398.jpg,https://house.vga.virginia.gov/members/H0398,https://ballotpedia.org/Justin_Pence;https://en.wikipedia.org/wiki/Justin_Pence;https://house.vga.virginia.gov/members/H0398;https://www.linkedin.com/in/justin-pence-855a501a9,,,,,,,,,,,
ocd-person/aeba499e-3396-4787-bd81-e9b16a8898f7,Kacey Carnegie,Democratic,89,lower,Kacey,Carnegie,Female,delkcarnegie@house.virginia.gov,,,,https://house.vga.virginia.gov/delegate_photos/H0387.jpg,https://house.vga.virginia.gov/members/H0387,https://ballotpedia.org/Karen_Robins_Carnegie;https://en.wikipedia.org/wiki/Kacey_Carnegie;https://house.vga.virginia.gov/members/H0387;https://www.linkedin.com/in/kacey-carnegie-50aa8185,,,,,,,,,,,
ocd-person/eb7a5152-f275-4dfe-a303-742f7218fb27,Kannan Srinivasan,Democratic,32,upper,Kannan,Srinivasan,Male,senatorsrinivasan@senate.virginia.gov,,1966-08-24,,https://memdata.virginiageneralassembly.gov/images/display_image/H0381,https://apps.senate.virginia.gov/Senator/memberpage.php?id=S133;https://lis.virginia.gov/cgi-bin/legp604.exe?241+mbr+H381;https://virginiageneralassembly.gov/house/members/members.php?id=H0381,https://apps.senate.virginia.gov/Senator/memberpage.php?id=S133;https://ballotpedia.org/Kannan_Srinivasan;https://en.wikipedia.org/wiki/Kannan_Srinivasan;https://justfacts.votesmart.org/candidate/biography/212056/kannan-srinivasan;https://lis.virginia.gov/cgi-bin/legp604.exe?241+mbr+H381;https://virginiageneralassembly.gov/house/members/members.php?id=H0381;https://www.linkedin.com/in/kannan-srinivasan-a2105aa,,,,,,,,,,,
ocd-person/b209f24e-0f1f-4f80-b2d9-1c05ee94ba4e,Karen Hamilton,Republican,62,lower,Karen,Hamilton,Female,delkhamilton@house.virginia.gov,,,,https://house.vga.virginia.gov/delegate_photos/H0394.jpg,https://house.vga.virginia.gov/members/H0394,https://ballotpedia.org/Karen_Hamilton;https://en.wikipedia.org/wiki/Karen_Hamilton;https://house.vga.virginia.gov/members/H0394,,,,,,,,,,,
ocd-person/7c045b50-e18d-422e-b87f-26eb7b61d651,Karen Keys-Gamarra,Democratic,7,lower,Karen,Keys-Gamarra,Female,delkkeys-gamarra@house.virginia.gov,,,,https://memdata.virginiageneralassembly.gov/images/display_image/H0370,https://house.vga.virginia.gov/members/H0370;https://lis.virginia.gov/cgi-bin/legp604.exe?241+mbr+H370;https://virginiageneralassembly.gov/house/members/members.php?id=H0370,https://ballotpedia.org/Karen_Keys-Gamarra;https://en.wikipedia.org/wiki/Karen_Keys-Gamarra;https://house.vga.virginia.gov/members/H0370;https://justfacts.votesmart.org/candidate/biography/212042/karen-keys-gamarra;https://lis.virginia.gov/cgi-bin/legp604.exe?241+mbr+H370;https://virginiageneralassembly.gov/house/members/members.php?id=H0370;https://www.linkedin.com/in/karen-keys-gamarra,,,,,,,,,,,
ocd-person/7ec1cbe4-667d-4dbb-a840-459449ccd5df,Karrie Delaney,Democratic,9,lower,Karrie,Delaney,Female,delkdelaney@house.virginia.gov,,1978-12-05,,https://memdata.virginiageneralassembly.gov/images/display_image/H0294,https://house.vga.virginia.gov/members/H0294;https://lis.virginia.gov/cgi-bin/legp604.exe?191+mbr+H294;https://lis.virginia.gov/cgi-bin/legp604.exe?201+mbr+H294;https://lis.virginia.gov/cgi-bin/legp604.exe?221+mbr+H294;https://lis.virginia.gov/cgi-bin/legp604.exe?241+mbr+H294;https://virginiageneralassembly.gov/house/members/members.php?id=H0294,https://ballotpedia.org/Karrie_Delaney;https://en.wikipedia.org/wiki/Karrie_Delaney;https://house.vga.virginia.gov/members/H0294;https://justfacts.votesmart.org/candidate/biography/176368/karrie-delaney;https://lis.virginia.gov/191/mbr/MBR.HTM;https://lis.virginia.gov/201/mbr/MBR.HTM;https://lis.virginia.gov/cgi-bin/legp604.exe?191+mbr+H294;https://lis.virginia.gov/cgi-bin/legp604.exe?201+mbr+H294;https://lis.virginia.gov/cgi-bin/legp604.exe?221+mbr+H294;https://lis.virginia.gov/cgi-bin/legp604.exe?241+mbr+H294;https://virginiageneralassembly.gov/house/members/members.php?id=H0294;https://www.linkedin.com/in/karrie-delaney-3b5007288,,,,,,,karriekdelaney,,,DelegateKarrieDelaney,
ocd-person/ddba8b1b-8a1d-42c2-aba5-adc1331ee6f1,Kathy Tran,Democratic,18,lower,Kathy,Tran,Female,delktran@house.virginia.gov,,,,https://memdata.virginiageneralassembly.gov/images/display_image/H0305,https://house.vga.virginia.gov/members/H0305;https://lis.virginia.gov/cgi-bin/legp604.exe?191+mbr+H305;https://lis.virginia.gov/cgi-bin/legp604.exe?201+mbr+H305;https://lis.virginia.gov/cgi-bin/legp604.exe?221+mbr+H305;https://lis.virginia.gov/cgi-bin/legp604.exe?241+mbr+H305;https://virginiageneralassembly.gov/house/members/members.php?id=H0305;https://www.kathyfordelegate.com/contact-2,https://ballotpedia.org/Kathy_Tran;https://en.wikipedia.org/wiki/Kathy_Tran;https://house.vga.virginia.gov/members/H0305;https://justfacts.votesmart.org/candidate/176359/kathy-tran;https://lis.virginia.gov/191/mbr/MBR.HTM;https://lis.virginia.gov/201/mbr/MBR.HTM;https://lis.virginia.gov/cgi-bin/legp604.exe?191+mbr+H305;https://lis.virginia.gov/cgi-bin/legp604.exe?201+mbr+H305;https://lis.virginia.gov/cgi-bin/legp604.exe?221+mbr+H305;https://lis.virginia.gov/cgi-bin/legp604.exe?241+mbr+H305;https://virginiageneralassembly.gov/house/members/members.php?id=H0305;https://www.kathyfordelegate.com/contact-2,,,,,,,kathykltran,,,KathyForDelegate,
ocd-person/d0263d88-91b1-414d-b58b-1ff0523f75ec,Katrina Callsen,Democratic,54,lower,Katrina,Callsen,Female,delkcallsen@house.virginia.gov,,,,https://memdata.virginiageneralassembly.gov/images/display_image/H0354,https://house.vga.virginia.gov/members/H0354;https://lis.virginia.gov/cgi-bin/legp604.exe?241+mbr+H354;https://virginiageneralassembly.gov/house/members/members.php?id=H0354,https://ballotpedia.org/Katrina_Callsen;https://en.wikipedia.org/wiki/Katrina_Callsen;https://house.vga.virginia.gov/members/H0354;https://justfacts.votesmart.org/candidate/biography/212078/katrina-callsen;https://lis.virginia.gov/cgi-bin/legp604.exe?241+mbr+H354;https://virginiageneralassembly.gov/house/members/members.php?id=H0354;https://www.linkedin.com/in/katrina-callsen-497a8612b,,,,,,,,,,,
ocd-person/bf558d98-23da-41c4-8ae2-4dc45631808c,Kelly Fowler,Democratic,96,lower,Kelly,Fowler,Female,delkconvirs-fowler@house.virginia.gov,,,,https://memdata.virginiageneralassembly.gov/images/display_image/H0295,https://house.vga.virginia.gov/members/H0295;https://lis.virginia.gov/cgi-bin/legp604.exe?191+mbr+H295;https://lis.virginia.gov/cgi-bin/legp604.exe?201+mbr+H295;https://lis.virginia.gov/cgi-bin/legp604.exe?221+mbr+H295;https://lis.virginia.gov/cgi-bin/legp604.exe?241+mbr+H295;https://virginiageneralassembly.gov/house/members/members.php?id=H0295,https://ballotpedia.org/Kelly_Convirs-Fowler;https://en.wikipedia.org/wiki/Kelly_Fowler;https://house.vga.virginia.gov/members/H0295;https://justfacts.votesmart.org/candidate/biography/176355/kelly-convirs-fowler;https://lis.virginia.gov/191/mbr/MBR.HTM;https://lis.virginia.gov/201/mbr/MBR.HTM;https://lis.virginia.gov/cgi-bin/legp604.exe?191+mbr+H295;https://lis.virginia.gov/cgi-bin/legp604.exe?201+mbr+H295;https://lis.virginia.gov/cgi-bin/legp604.exe?221+mbr+H295;https://lis.virginia.gov/cgi-bin/legp604.exe?241+mbr+H295;https://virginiageneralassembly.gov/house/members/members.php?id=H0295;https://www.linkedin.com/in/kelly-convirs-fowler-14517392,,,,,,,delegatefowler,,,DelegateFowler,
ocd-person/9f8c35c8-2a50-407f-815a-603b9c9d8bad,Kim Adams,Democratic,82,lower,Kim,Adams,Female,delkpopeadams@house.virginia.gov,,,,https://house.vga.virginia.gov/delegate_photos/H0399.jpg,https://house.vga.virginia.gov/members/H0399,https://ballotpedia.org/Kimberly_Adams_(Virginia_House_District_82_candidate);https://en.wikipedia.org/wiki/Kimberly_Pope_Adams;https://house.vga.virginia.gov/members/H0399;https://www.linkedin.com/in/kimberly-pope-adams-3a658816,,,,,,,,,,,
ocd-person/b0a785c3-d317-455f-9d0e-ab08a727e44f,Kirk McPike,Democratic,5,lower,Kirk,McPike,Male,delkmcpike@house.virginia.gov,,1977-07-08,,https://house.vga.virginia.gov/delegate_photos/H0406.jpg,https://house.vga.virginia.gov/members/H0406,https://ballotpedia.org/Kirk_McPike;https://en.wikipedia.org/wiki/R._Kirk_McPike;https://house.vga.virginia.gov/members/H0406;https://www.alexandriava.gov/city-council/person/councilman-r-kirk-mcpike;https://www.linkedin.com/in/kirkmcpike,,,,,,,,,,,
ocd-person/5be2e2f9-b644-4fb4-bfbf-d4c38e858ee2,Louise Lucas,Democratic,18,upper,Louise,Lucas,Female,senatorlucas@senate.virginia.gov,,1944-01-22,,https://apps.dlas.virginia.gov/senatepics/newbiopics/Lucas2018.jpg,https://apps.senate.virginia.gov/Senator/memberpage.php?id=S19;https://lis.virginia.gov/cgi-bin/legp604.exe?191+mbr+S19;https://lis.virginia.gov/cgi-bin/legp604.exe?201+mbr+S19;https://lis.virginia.gov/cgi-bin/legp604.exe?221+mbr+S19;https://lis.virginia.gov/cgi-bin/legp604.exe?241+mbr+S19,https://apps.senate.virginia.gov/Senator/memberpage.php?id=S19;https://ballotpedia.org/Louise_Lucas;https://en.wikipedia.org/wiki/Louise_Lucas;https://justfacts.votesmart.org/candidate/biography/5105/louise-lucas;https://lis.virginia.gov/191/mbr/MBR.HTM;https://lis.virginia.gov/201/mbr/MBR.HTM;https://lis.virginia.gov/cgi-bin/legp604.exe?191+mbr+S19;https://lis.virginia.gov/cgi-bin/legp604.exe?201+mbr+S19;https://lis.virginia.gov/cgi-bin/legp604.exe?221+mbr+S19;https://lis.virginia.gov/cgi-bin/legp604.exe?241+mbr+S19;https://www.linkedin.com/in/senator-l-louise-lucas-72880624,,,,,,,SenLouiseLucas,,,SenLouiseLucas,
ocd-person/fa49c701-d235-4f56-b9af-b772dec36d02,Lamont Bagby,Democratic,14,upper,Lamont,Bagby,Male,lbagby@senate.virginia.gov,,1976-12-21,,https://apps.senate.virginia.gov/Senator/images/member_photos/Bagby14,https://apps.senate.virginia.gov/Senator/memberpage.php?id=S114;https://lis.virginia.gov/cgi-bin/legp604.exe?191+mbr+H273;https://lis.virginia.gov/cgi-bin/legp604.exe?201+mbr+H273;https://lis.virginia.gov/cgi-bin/legp604.exe?221+mbr+H273;https://lis.virginia.gov/cgi-bin/legp604.exe?241+mbr+S114,https://apps.senate.virginia.gov/Senator/memberpage.php?id=S114;https://ballotpedia.org/Lamont_Bagby;https://en.wikipedia.org/wiki/Lamont_Bagby;https://justfacts.votesmart.org/candidate/biography/156441/lamont-bagby;https://lis.virginia.gov/191/mbr/MBR.HTM;https://lis.virginia.gov/201/mbr/MBR.HTM;https://lis.virginia.gov/cgi-bin/legp604.exe?191+mbr+H273;https://lis.virginia.gov/cgi-bin/legp604.exe?201+mbr+H273;https://lis.virginia.gov/cgi-bin/legp604.exe?221+mbr+H273;https://lis.virginia.gov/cgi-bin/legp604.exe?241+mbr+S114;https://www.linkedin.com/in/lamont-bagby-8648b327,,,,,,,delegatebagby,,,lamont.bagby,
ocd-person/448bfee3-3314-4608-8531-811fdf9d0c23,Lashrecse Aird,Democratic,13,upper,Lashrecse,Aird,Female,senatoraird@senate.virginia.gov,,1986-06-22,,https://apps.senate.virginia.gov/Senator/images/member_photos/Aird13,https://apps.senate.virginia.gov/Senator/memberpage.php?id=S115;https://lis.virginia.gov/cgi-bin/legp604.exe?241+mbr+S115;https://www.lashrecseaird.com/,https://apps.senate.virginia.gov/Senator/memberpage.php?id=S115;https://ballotpedia.org/Lashrecse_Aird;https://en.wikipedia.org/wiki/Lashrecse_Aird;https://justfacts.votesmart.org/candidate/biography/156437/lashrecse-aird;https://lis.virginia.gov/cgi-bin/legp604.exe?241+mbr+S115;https://www.lashrecseaird.com;https://www.linkedin.com/in/lashrecseaird,,,,,,,,,,,
ocd-person/6840c55c-6496-44ce-8a60-3288e222ddc0,Laura Jane Cohen,Democratic,15,lower,Laura Jane,Cohen,Female,delljcohen@house.virginia.gov,,,,https://s3.amazonaws.com/ballotpedia-api4/files/thumbs/200/300/LauraJaneCohen.jpg,https://house.vga.virginia.gov/members/H0355;https://lis.virginia.gov/cgi-bin/legp604.exe?241+mbr+H355;https://virginiageneralassembly.gov/house/members/members.php?id=H0355,https://ballotpedia.org/Laura_Jane_Cohen;https://en.wikipedia.org/wiki/Laura_Jane_Cohen;https://house.vga.virginia.gov/members/H0355;https://justfacts.votesmart.org/candidate/biography/212047/laura-cohen;https://lis.virginia.gov/cgi-bin/legp604.exe?241+mbr+H355;https://virginiageneralassembly.gov/house/members/members.php?id=H0355;https://www.linkedin.com/in/laura-jane-cohen-a9190b169,,,,,,,,,,,
ocd-person/9c41c70b-7162-48e5-a868-aca213cf8f6d,Leslie Mehta,Democratic,73,lower,Leslie,Mehta,Female,dellmehta@house.virginia.gov,,,,https://house.vga.virginia.gov/delegate_photos/H0396.jpg,https://house.vga.virginia.gov/members/H0396,https://ballotpedia.org/Leslie_Mehta;https://en.wikipedia.org/wiki/Leslie_Mehta;https://house.vga.virginia.gov/members/H0396;https://www.linkedin.com/in/leslie-chambers-mehta-7788a62,,,,,,,,,,,
ocd-person/ae28ba3f-6c53-463c-ac43-a5549ef51d48,Lily Franklin,Democratic,41,lower,Lily,Franklin,Female,dellfranklin@house.virginia.gov,,,,https://house.vga.virginia.gov/delegate_photos/H0393.jpg,https://house.vga.virginia.gov/members/H0393,https://ballotpedia.org/Lily_Franklin;https://en.wikipedia.org/wiki/Lily_Franklin;https://house.vga.virginia.gov/members/H0393;https://www.linkedin.com/in/lily-franklin-668063139,,,,,,,,,,,
ocd-person/1084ab28-a14a-4814-8501-96cfd1b17d1d,Lindsey Dougherty,Democratic,75,lower,Lindsey,Dougherty,Female,delldougherty@house.virginia.gov,,,,https://house.vga.virginia.gov/delegate_photos/H0391.jpg,https://house.vga.virginia.gov/members/H0391,https://ballotpedia.org/Lindsey_Dougherty;https://en.wikipedia.org/wiki/Lindsey_Dougherty_(Virginia_politician);https://house.vga.virginia.gov/members/H0391;https://www.linkedin.com/in/delegate-elect-lindsey-dougherty-mpa-cra-89a2b36,,,,,,,,,,,
ocd-person/44ebbeab-055c-402b-a56e-bb7487d0da62,Luke Torian,Democratic,24,lower,Luke,Torian,Male,delltorian@house.virginia.gov,,1958-05-30,,https://memdata.virginiageneralassembly.gov/images/display_image/H0227,https://house.vga.virginia.gov/members/H0227;https://lis.virginia.gov/cgi-bin/legp604.exe?191+mbr+H227;https://lis.virginia.gov/cgi-bin/legp604.exe?201+mbr+H227;https://lis.virginia.gov/cgi-bin/legp604.exe?221+mbr+H227;https://lis.virginia.gov/cgi-bin/legp604.exe?241+mbr+H227;https://virginiageneralassembly.gov/house/members/members.php?id=H0227,https://ballotpedia.org/Luke_Torian;https://en.wikipedia.org/wiki/Luke_Torian;https://house.vga.virginia.gov/members/H0227;https://justfacts.votesmart.org/candidate/biography/111179/luke-torian;https://lis.virginia.gov/191/mbr/MBR.HTM;https://lis.virginia.gov/201/mbr/MBR.HTM;https://lis.virginia.gov/cgi-bin/legp604.exe?191+mbr+H227;https://lis.virginia.gov/cgi-bin/legp604.exe?201+mbr+H227;https://lis.virginia.gov/cgi-bin/legp604.exe?221+mbr+H227;https://lis.virginia.gov/cgi-bin/legp604.exe?241+mbr+H227;https://virginiageneralassembly.gov/house/members/members.php?id=H0227;https://www.linkedin.com/in/torian-luke-24619340,,,,"4222 Fortuna Plaza Suite 659, Dumfries, VA 22026",703-785-2224,,DelegateTorian,,,luke.torian,
ocd-person/e58b604d-0c92-489e-8d03-7d0126d07eeb,Luther Cifers,Republican,10,upper,Luther,Cifers,Male,senatorcifers@senate.virginia.gov,,1974-06-05,,https://apps.senate.virginia.gov/Senator/images/member_photos/Cifers10,https://apps.senate.virginia.gov/Senator/memberpage.php?id=S132,https://apps.senate.virginia.gov/Senator/memberpage.php?id=S132;https://ballotpedia.org/Luther_Cifers;https://en.wikipedia.org/wiki/Luther_Cifers;https://justfacts.votesmart.org/candidate/biography/220693/luther-cifers;https://www.linkedin.com/in/luther-cifers-82a0627,,,,VA,804-372-0953,,,,,,
ocd-person/06c0d909-22c8-4d71-9b6c-cc363a0c9553,Keith Hodges,Republican,68,lower,Keith,Hodges,Male,delkhodges@house.virginia.gov,,1966-05-06,,https://memdata.virginiageneralassembly.gov/images/display_image/H0238,https://house.vga.virginia.gov/members/H0238;https://lis.virginia.gov/cgi-bin/legp604.exe?191+mbr+H238;https://lis.virginia.gov/cgi-bin/legp604.exe?201+mbr+H238;https://lis.virginia.gov/cgi-bin/legp604.exe?221+mbr+H238;https://lis.virginia.gov/cgi-bin/legp604.exe?241+mbr+H238;https://virginiageneralassembly.gov/house/members/members.php?id=H0238,https://ballotpedia.org/Keith_Hodges;https://en.wikipedia.org/wiki/Keith_Hodges;https://house.vga.virginia.gov/members/H0238;https://justfacts.votesmart.org/candidate/biography/134519/keith-hodges;https://lis.virginia.gov/191/mbr/MBR.HTM;https://lis.virginia.gov/201/mbr/MBR.HTM;https://lis.virginia.gov/cgi-bin/legp604.exe?191+mbr+H238;https://lis.virginia.gov/cgi-bin/legp604.exe?201+mbr+H238;https://lis.virginia.gov/cgi-bin/legp604.exe?221+mbr+H238;https://lis.virginia.gov/cgi-bin/legp604.exe?241+mbr+H238;https://virginiageneralassembly.gov/house/members/members.php?id=H0238;https://www.linkedin.com/in/keith-hodges-45896516,,,,,,,,,,FriendsOfKeithHodges,
ocd-person/b448d4e4-ec11-452e-ae35-2bffc0662f75,Madison Whittle,Republican,49,lower,Madison,Whittle,Male,delmwhittle@house.virginia.gov,,,,https://house.vga.virginia.gov/delegate_photos/H0401.jpg,https://house.vga.virginia.gov/members/H0401,https://ballotpedia.org/Madison_Redd_Whittle;https://en.wikipedia.org/wiki/Madison_Whittle;https://house.vga.virginia.gov/members/H0401,,,,,,,,,,,
ocd-person/48911708-f8c9-4fa5-bf7c-7d035b08874e,Mamie Locke,Democratic,23,upper,Mamie,Locke,Female,senatorlocke@senate.virginia.gov,,1954-03-19,,https://apps.senate.virginia.gov/Senator/images/member_photos/Locke23,https://apps.senate.virginia.gov/Senator/memberpage.php?id=S67;https://lis.virginia.gov/cgi-bin/legp604.exe?191+mbr+S67;https://lis.virginia.gov/cgi-bin/legp604.exe?201+mbr+S67;https://lis.virginia.gov/cgi-bin/legp604.exe?221+mbr+S67;https://lis.virginia.gov/cgi-bin/legp604.exe?241+mbr+S67,https://apps.senate.virginia.gov/Senator/memberpage.php?id=S67;https://ballotpedia.org/Mamie_Locke;https://en.wikipedia.org/wiki/Mamie_Locke;https://justfacts.votesmart.org/candidate/biography/50935/mamie-locke;https://lis.virginia.gov/191/mbr/MBR.HTM;https://lis.virginia.gov/201/mbr/MBR.HTM;https://lis.virginia.gov/cgi-bin/legp604.exe?191+mbr+S67;https://lis.virginia.gov/cgi-bin/legp604.exe?201+mbr+S67;https://lis.virginia.gov/cgi-bin/legp604.exe?221+mbr+S67;https://lis.virginia.gov/cgi-bin/legp604.exe?241+mbr+S67;https://www.linkedin.com/in/mamie-locke-832718b4;https://www.linkedin.com/in/mamie-locke-aba9a824,,,,,,,SenatorLocke,,,SenatorLocke,
ocd-person/58b46062-f618-4b27-b0ec-3bbb57db839b,Cia Price,Democratic,85,lower,Cia,Price,Female,delmprice@house.virginia.gov,,1980-07-20,,https://memdata.virginiageneralassembly.gov/images/display_image/H0284,https://house.vga.virginia.gov/members/H0284;https://lis.virginia.gov/cgi-bin/legp604.exe?191+mbr+H284;https://lis.virginia.gov/cgi-bin/legp604.exe?201+mbr+H284;https://lis.virginia.gov/cgi-bin/legp604.exe?221+mbr+H284;https://lis.virginia.gov/cgi-bin/legp604.exe?241+mbr+H284;https://virginiageneralassembly.gov/house/members/members.php?id=H0284,https://ballotpedia.org/Marcia_Price;https://en.wikipedia.org/wiki/Marcia_Price;https://house.vga.virginia.gov/members/H0284;https://justfacts.votesmart.org/candidate/biography/156448/cia-price;https://lis.virginia.gov/191/mbr/MBR.HTM;https://lis.virginia.gov/201/mbr/MBR.HTM;https://lis.virginia.gov/cgi-bin/legp604.exe?191+mbr+H284;https://lis.virginia.gov/cgi-bin/legp604.exe?201+mbr+H284;https://lis.virginia.gov/cgi-bin/legp604.exe?221+mbr+H284;https://lis.virginia.gov/cgi-bin/legp604.exe?241+mbr+H284;https://virginiageneralassembly.gov/house/members/members.php?id=H0284;https://www.linkedin.com/in/ciaprice;https://www.linkedin.com/in/delciaprice,,,,,,,PriceForDel95,,,PriceForDel95,
ocd-person/ca122856-dfc5-4ba1-84bb-48fdcf7a36f5,Marcus Simon,Democratic,13,lower,Marcus,Simon,Male,delmsimon@house.virginia.gov,,1970-07-01,,https://memdata.virginiageneralassembly.gov/images/display_image/H0264,https://house.vga.virginia.gov/members/H0264;https://lis.virginia.gov/cgi-bin/legp604.exe?191+mbr+H264;https://lis.virginia.gov/cgi-bin/legp604.exe?201+mbr+H264;https://lis.virginia.gov/cgi-bin/legp604.exe?221+mbr+H264;https://lis.virginia.gov/cgi-bin/legp604.exe?241+mbr+H264;https://virginiageneralassembly.gov/house/members/members.php?id=H0264,https://ballotpedia.org/Marcus_Simon;https://en.wikipedia.org/wiki/Marcus_Simon;https://house.vga.virginia.gov/members/H0264;https://justfacts.votesmart.org/candidate/biography/144836/marcus-simon;https://lis.virginia.gov/191/mbr/MBR.HTM;https://lis.virginia.gov/201/mbr/MBR.HTM;https://lis.virginia.gov/cgi-bin/legp604.exe?191+mbr+H264;https://lis.virginia.gov/cgi-bin/legp604.exe?201+mbr+H264;https://lis.virginia.gov/cgi-bin/legp604.exe?221+mbr+H264;https://lis.virginia.gov/cgi-bin/legp604.exe?241+mbr+H264;https://virginiageneralassembly.gov/house/members/members.php?id=H0264;https://www.linkedin.com/in/marcusbsimon,,,,,,,marcussimon,,,DelegateSimon,
ocd-person/71c20dff-ae7b-4799-bd80-7e0c03c402fc,Margaret Franklin,Democratic,23,lower,Margaret,Franklin,Female,delmfranklin@house.virginia.gov,,,,https://www.pwcva.gov/assets/2024-01/dsc_6818retouch.jpg,https://house.vga.virginia.gov/members/H0404,https://ballotpedia.org/Margaret_Franklin_(Virginia);https://en.wikipedia.org/wiki/Margaret_Franklin_(politician);https://house.vga.virginia.gov/members/H0404;https://www.linkedin.com/in/margaret-franklin;https://www.linkedin.com/in/margaret-franklin-7a709124;https://www.pwcva.gov/department/board-county-supervisors/woodbridge-district-supervisor-margaret-angela-franklin,,,,,,,,,,,
ocd-person/b5ce9d0e-c76e-4424-bb84-57ceb335dc52,Mark Obenshain,Republican,2,upper,Mark,Obenshain,Male,senatorobenshain@senate.virginia.gov,,1962-06-11,,https://apps.senate.virginia.gov/Senator/images/member_photos/Obenshain2,https://apps.senate.virginia.gov/Senator/memberpage.php?id=S68;https://lis.virginia.gov/cgi-bin/legp604.exe?191+mbr+S68;https://lis.virginia.gov/cgi-bin/legp604.exe?201+mbr+S68;https://lis.virginia.gov/cgi-bin/legp604.exe?221+mbr+S68;https://lis.virginia.gov/cgi-bin/legp604.exe?241+mbr+S68,https://apps.senate.virginia.gov/Senator/memberpage.php?id=S68;https://ballotpedia.org/Mark_Obenshain;https://en.wikipedia.org/wiki/Mark_Obenshain;https://justfacts.votesmart.org/candidate/biography/50954/mark-obenshain;https://lis.virginia.gov/191/mbr/MBR.HTM;https://lis.virginia.gov/201/mbr/MBR.HTM;https://lis.virginia.gov/cgi-bin/legp604.exe?191+mbr+S68;https://lis.virginia.gov/cgi-bin/legp604.exe?201+mbr+S68;https://lis.virginia.gov/cgi-bin/legp604.exe?221+mbr+S68;https://lis.virginia.gov/cgi-bin/legp604.exe?241+mbr+S68;https://www.obenshainlaw.com/about-us/mark-d-obenshain,,,,,,,MarkObenshain,,,markobenshain,
ocd-person/3ae2755c-8274-4d09-bad4-243275577ba2,Mark Downey,Democratic,69,lower,Mark,Downey,Male,delmdowney@house.virginia.gov,,,,https://house.vga.virginia.gov/delegate_photos/H0392.jpg,https://house.vga.virginia.gov/members/H0392,https://ballotpedia.org/Mark_Downey;https://en.wikipedia.org/wiki/Mark_Downey_(politician);https://house.vga.virginia.gov/members/H0392;https://www.linkedin.com/in/mark-downey-698367173,,,,"113 Palace Lane Suite K, Williamsburg, VA 23185",757-912-0022,,,,,,
ocd-person/e4396bfa-d22d-457e-b79a-f4bc36046a08,Mark Peake,Republican,8,upper,Mark,Peake,Male,senatorpeake@senate.virginia.gov,,1963-01-19,,https://apps.senate.virginia.gov/Senator/images/member_photos/Peake8,https://apps.senate.virginia.gov/Senator/memberpage.php?id=S105;https://lis.virginia.gov/cgi-bin/legp604.exe?191+mbr+S105;https://lis.virginia.gov/cgi-bin/legp604.exe?201+mbr+S105;https://lis.virginia.gov/cgi-bin/legp604.exe?221+mbr+S105;https://lis.virginia.gov/cgi-bin/legp604.exe?241+mbr+S105,https://apps.senate.virginia.gov/Senator/memberpage.php?id=S105;https://ballotpedia.org/Mark_Peake;https://en.wikipedia.org/wiki/Mark_Peake;https://justfacts.votesmart.org/candidate/biography/134491/mark-peake;https://lis.virginia.gov/191/mbr/MBR.HTM;https://lis.virginia.gov/201/mbr/MBR.HTM;https://lis.virginia.gov/cgi-bin/legp604.exe?191+mbr+S105;https://lis.virginia.gov/cgi-bin/legp604.exe?201+mbr+S105;https://lis.virginia.gov/cgi-bin/legp604.exe?221+mbr+S105;https://lis.virginia.gov/cgi-bin/legp604.exe?241+mbr+S105,,,,"4925 Boonsboro Road Box 172, Lynchburg, VA 24503",434-455-3392,,,,,peakeforsenate,
ocd-person/beaab5ae-3e8d-4c12-b388-a59cdc467771,Marty Martinez,Democratic,29,lower,Marty,Martinez,Male,delmmartinez@house.virginia.gov,,1952-10-03,,https://memdata.virginiageneralassembly.gov/images/display_image/H0374,https://house.vga.virginia.gov/members/H0374;https://lis.virginia.gov/cgi-bin/legp604.exe?241+mbr+H374;https://virginiageneralassembly.gov/house/members/members.php?id=H0374,https://ballotpedia.org/Marty_Martinez_(Virginia);https://en.wikipedia.org/wiki/Marty_Martinez_(Virginia_politician);https://house.vga.virginia.gov/members/H0374;https://justfacts.votesmart.org/candidate/biography/90394/marty-martinez;https://lis.virginia.gov/cgi-bin/legp604.exe?241+mbr+H374;https://virginiageneralassembly.gov/house/members/members.php?id=H0374;https://www.linkedin.com/in/fernandomartymartinez,,,,,,,,,,,
ocd-person/50a18b88-f257-4234-920f-cfa531a28be4,May Nivar,Democratic,57,lower,May,Nivar,Female,delmnivar@house.virginia.gov,,1970-08-14,,https://house.vga.virginia.gov/delegate_photos/H0397.jpg,https://house.vga.virginia.gov/members/H0397,https://ballotpedia.org/May_Nivar;https://en.wikipedia.org/wiki/May_Nivar;https://house.vga.virginia.gov/members/H0397;https://www.linkedin.com/in/maynivar,,,,,,,,,,,
ocd-person/cbf3268e-ced2-4aad-8ed1-18e4f37534ec,Michael Feggans,Democratic,97,lower,Michael,Feggans,Male,delmfeggans@house.virginia.gov,,1983-07-10,,https://images.squarespace-cdn.com/content/v1/598f6428d482e9b47f6c2f82/56c91f83-d16a-4ba2-adcb-75d312e265bd/Michael_Feggans_HD97.jpeg,https://house.vga.virginia.gov/members/H0360;https://lis.virginia.gov/cgi-bin/legp604.exe?241+mbr+H360;https://virginiageneralassembly.gov/house/members/members.php?id=H0360,https://ballotpedia.org/Michael_Feggans;https://en.wikipedia.org/wiki/Michael_Feggans;https://house.vga.virginia.gov/members/H0360;https://justfacts.votesmart.org/candidate/biography/212120/michael-feggans;https://lis.virginia.gov/cgi-bin/legp604.exe?241+mbr+H360;https://virginiageneralassembly.gov/house/members/members.php?id=H0360;https://www.linkedin.com/in/mikefeggans,,,,,,,,,,,
ocd-person/3ceca66a-bf31-47c8-a1a6-e2f789b41be3,Mike Jones,Democratic,15,upper,Mike,Jones,Male,senatorjones@senate.virginia.gov,,1967-07-14,,https://apps.senate.virginia.gov/Senator/images/member_photos/Jones15,https://apps.senate.virginia.gov/Senator/memberpage.php?id=S134;https://lis.virginia.gov/cgi-bin/legp604.exe?241+mbr+H368;https://virginiageneralassembly.gov/house/members/members.php?id=H0368,https://apps.senate.virginia.gov/Senator/memberpage.php?id=S134;https://ballotpedia.org/Michael_Jones_(Virginia);https://ballotpedia.org/Michael_Jones_(Virginia_state_representative);https://en.wikipedia.org/wiki/Michael_Jones_(Virginia_politician);https://lis.virginia.gov/cgi-bin/legp604.exe?241+mbr+H368;https://virginiageneralassembly.gov/house/members/members.php?id=H0368;https://www.linkedin.com/in/dr-michael-jones-043b3a109;https://www.mikejonesva.com/about,,,,,,,,,,,
ocd-person/bf425b62-d078-45bd-957c-baceb4bfad1b,Mike Webert,Republican,61,lower,Mike,Webert,Male,delmwebert@house.virginia.gov,,1979-09-24,,https://memdata.virginiageneralassembly.gov/images/display_image/H0247,https://house.vga.virginia.gov/members/H0247;https://lis.virginia.gov/cgi-bin/legp604.exe?191+mbr+H247;https://lis.virginia.gov/cgi-bin/legp604.exe?201+mbr+H247;https://lis.virginia.gov/cgi-bin/legp604.exe?221+mbr+H247;https://lis.virginia.gov/cgi-bin/legp604.exe?241+mbr+H247;https://virginiageneralassembly.gov/house/members/members.php?id=H0247;https://www.michael-webert.com/,https://ballotpedia.org/Michael_Webert;https://en.wikipedia.org/wiki/Michael_Webert;https://house.vga.virginia.gov/members/H0247;https://justfacts.votesmart.org/candidate/biography/134510/mike-webert;https://lis.virginia.gov/191/mbr/MBR.HTM;https://lis.virginia.gov/201/mbr/MBR.HTM;https://lis.virginia.gov/cgi-bin/legp604.exe?191+mbr+H247;https://lis.virginia.gov/cgi-bin/legp604.exe?201+mbr+H247;https://lis.virginia.gov/cgi-bin/legp604.exe?221+mbr+H247;https://lis.virginia.gov/cgi-bin/legp604.exe?241+mbr+H247;https://virginiageneralassembly.gov/house/members/members.php?id=H0247;https://www.linkedin.com/in/michael-webert-30381065;https://www.michael-webert.com;https://www.michael-webert.com/about-michael,,,,,,,MichaelWebert,,,michaelwebertfordelegate,
ocd-person/32b96a0d-662a-4c8f-9b2b-f86365640624,Mike Cherry,Republican,74,lower,Mike,Cherry,Male,delmcherry@house.virginia.gov,,,,https://memdata.virginiageneralassembly.gov/images/display_image/H0335,https://house.vga.virginia.gov/members/H0335;https://lis.virginia.gov/cgi-bin/legp604.exe?221+mbr+H335;https://lis.virginia.gov/cgi-bin/legp604.exe?241+mbr+H335;https://virginiageneralassembly.gov/house/members/members.php?id=H0335,https://ballotpedia.org/Mike_Cherry;https://en.wikipedia.org/wiki/Mike_Cherry_(Virginia_politician);https://house.vga.virginia.gov/members/H0335;https://justfacts.votesmart.org/candidate/biography/195992/mike-cherry;https://lis.virginia.gov/cgi-bin/legp604.exe?221+mbr+H335;https://lis.virginia.gov/cgi-bin/legp604.exe?241+mbr+H335;https://mikecherryforva.com/meet-mike;https://virginiageneralassembly.gov/house/members/members.php?id=H0335,,,,,,,,,,,
ocd-person/e766f1e0-8651-4cc2-a394-904fa6f3aea0,Mitchell Cornett,Republican,46,lower,Mitchell,Cornett,Male,delmcornett@house.virginia.gov,,,,https://house.vga.virginia.gov/delegate_photos/H0390.jpg,https://house.vga.virginia.gov/members/H0390,https://ballotpedia.org/Mitchell_Cornett;https://en.wikipedia.org/wiki/Mitchell_Cornett;https://house.vga.virginia.gov/members/H0390;https://www.linkedin.com/in/mitchell-cornett-8b8851208,,,,,,,,,,,
ocd-person/a7fd18db-f30c-45c6-aa90-bdb6f2ce412b,Nadarius Clark,Democratic,84,lower,Nadarius,Clark,Male,delnclark@house.virginia.gov,,,,https://memdata.virginiageneralassembly.gov/images/display_image/H0336,https://house.vga.virginia.gov/members/H0336;https://lis.virginia.gov/cgi-bin/legp604.exe?221+mbr+H336;https://lis.virginia.gov/cgi-bin/legp604.exe?241+mbr+H336;https://virginiageneralassembly.gov/house/members/members.php?id=H0336,https://ballotpedia.org/Nadarius_Clark;https://en.wikipedia.org/wiki/Nadarius_Clark;https://house.vga.virginia.gov/members/H0336;https://justfacts.votesmart.org/candidate/biography/196001/nadarius-clark;https://lis.virginia.gov/cgi-bin/legp604.exe?221+mbr+H336;https://lis.virginia.gov/cgi-bin/legp604.exe?241+mbr+H336;https://virginiageneralassembly.gov/house/members/members.php?id=H0336;https://www.linkedin.com/in/nadarius-clark-68a152189,,,,,,,,,,,
ocd-person/f09abfed-0fb2-4ef3-966c-4cc0246b701d,Nicole Cole,Democratic,66,lower,Nicole,Cole,Female,delncole@house.virginia.gov,,,,"https://static.wixstatic.com/media/b64009_9f1620ff00c14cdcbfec5e257ba8edd7~mv2.jpg/v1/crop/x_0,y_0,w_2870,h_3177/fill/w_382,h_478,al_c,q_80,usm_0.66_1.00_0.01,enc_avif,quality_auto/IMG_0348_EDIT.jpg",https://house.vga.virginia.gov/members/H0389,https://ballotpedia.org/Nicole_Cole;https://en.wikipedia.org/wiki/Nicole_Cole;https://house.vga.virginia.gov/members/H0389;https://www.linkedin.com/in/nicole4delegate;https://www.linkedin.com/in/nicolecole-wealthadvisor;https://www.spotsylvania.k12.va.us/o/scps/page/ms-nicole-cole,,,,"10408 Courthouse Road, Box 66, Spotsylvania, VA 22553",540-255-0993,,,,,,
ocd-person/c10414ad-5251-4fba-8ad9-a541311f2b9f,Patrick Hope,Democratic,1,lower,Patrick,Hope,Male,delphope@house.virginia.gov,,1972-03-06,,https://memdata.virginiageneralassembly.gov/images/display_image/H0219,https://house.vga.virginia.gov/members/H0219;https://lis.virginia.gov/cgi-bin/legp604.exe?191+mbr+H219;https://lis.virginia.gov/cgi-bin/legp604.exe?201+mbr+H219;https://lis.virginia.gov/cgi-bin/legp604.exe?221+mbr+H219;https://lis.virginia.gov/cgi-bin/legp604.exe?241+mbr+H219;https://virginiageneralassembly.gov/house/members/members.php?id=H0219,https://ballotpedia.org/Patrick_Hope;https://en.wikipedia.org/wiki/Patrick_A._Hope;https://house.vga.virginia.gov/members/H0219;https://justfacts.votesmart.org/candidate/biography/111176/patrick-hope;https://lis.virginia.gov/191/mbr/MBR.HTM;https://lis.virginia.gov/201/mbr/MBR.HTM;https://lis.virginia.gov/cgi-bin/legp604.exe?191+mbr+H219;https://lis.virginia.gov/cgi-bin/legp604.exe?201+mbr+H219;https://lis.virginia.gov/cgi-bin/legp604.exe?221+mbr+H219;https://lis.virginia.gov/cgi-bin/legp604.exe?241+mbr+H219;https://virginiageneralassembly.gov/house/members/members.php?id=H0219;https://www.linkedin.com/in/hopepatrick,,,,,,,HopeforVirginia,,,hopeforvirginia,
ocd-person/d90e6a36-4464-4481-b00d-74ed9964d45e,Paul Krizek,Democratic,16,lower,Paul,Krizek,Male,delpkrizek@house.virginia.gov,,1961-07-22,,https://memdata.virginiageneralassembly.gov/images/display_image/H0281,https://house.vga.virginia.gov/members/H0281;https://lis.virginia.gov/cgi-bin/legp604.exe?191+mbr+H281;https://lis.virginia.gov/cgi-bin/legp604.exe?201+mbr+H281;https://lis.virginia.gov/cgi-bin/legp604.exe?221+mbr+H281;https://lis.virginia.gov/cgi-bin/legp604.exe?241+mbr+H281;https://virginiageneralassembly.gov/house/members/members.php?id=H0281;https://www.paulkrizek.com/,https://ballotpedia.org/Paul_Krizek;https://en.wikipedia.org/wiki/Paul_Krizek;https://house.vga.virginia.gov/members/H0281;https://justfacts.votesmart.org/candidate/biography/156430/paul-krizek;https://lis.virginia.gov/191/mbr/MBR.HTM;https://lis.virginia.gov/201/mbr/MBR.HTM;https://lis.virginia.gov/cgi-bin/legp604.exe?191+mbr+H281;https://lis.virginia.gov/cgi-bin/legp604.exe?201+mbr+H281;https://lis.virginia.gov/cgi-bin/legp604.exe?221+mbr+H281;https://lis.virginia.gov/cgi-bin/legp604.exe?241+mbr+H281;https://virginiageneralassembly.gov/house/members/members.php?id=H0281;https://www.christianrelief.org/krizek;https://www.linkedin.com/in/paulkrizek;https://www.paulkrizek.com,,,,"2201 Whiteoaks Drive, Alexandria, VA 22306",703-688-2983,,KrizekForVA,,,KrizekForVA,
ocd-person/bbd31428-1b2b-48c6-aa76-cb785e91ca8f,Phil Hernandez,Democratic,94,lower,Phil,Hernandez,Male,delphernandez@house.virginia.gov,,,,https://memdata.virginiageneralassembly.gov/images/display_image/H0366,https://house.vga.virginia.gov/members/H0366;https://lis.virginia.gov/cgi-bin/legp604.exe?241+mbr+H366;https://philforvirginia.com;https://virginiageneralassembly.gov/house/members/members.php?id=H0366,https://ballotpedia.org/Phil_Hernandez;https://en.wikipedia.org/wiki/Phil_Hernandez;https://house.vga.virginia.gov/members/H0366;https://justfacts.votesmart.org/candidate/186784/philip-hernandez;https://lis.virginia.gov/cgi-bin/legp604.exe?241+mbr+H366;https://philforvirginia.com;https://philforvirginia.com/bio;https://virginiageneralassembly.gov/house/members/members.php?id=H0366;https://www.linkedin.com/in/phil-hernandez-58937092;https://www.linkedin.com/in/philip-hernandez-58937092,,,,,,,,,,,
ocd-person/6a07d7b6-a4b4-42f8-9a06-6a860249f5b9,Phil Scott,Republican,63,lower,Phil,Scott,Male,delpscott@house.virginia.gov,,,,https://memdata.virginiageneralassembly.gov/images/display_image/H0342,https://house.vga.virginia.gov/members/H0342;https://lis.virginia.gov/cgi-bin/legp604.exe?221+mbr+H342;https://lis.virginia.gov/cgi-bin/legp604.exe?241+mbr+H342;https://virginiageneralassembly.gov/house/members/members.php?id=H0342,https://ballotpedia.org/Phillip_Scott_(Virginia);https://en.wikipedia.org/wiki/Phillip_Scott_(Virginia_politician);https://house.vga.virginia.gov/members/H0342;https://justfacts.votesmart.org/candidate/biography/196385/phillip-scott;https://lis.virginia.gov/cgi-bin/legp604.exe?221+mbr+H342;https://lis.virginia.gov/cgi-bin/legp604.exe?241+mbr+H342;https://virginiageneralassembly.gov/house/members/members.php?id=H0342;https://www.linkedin.com/in/phillip-scott,,,,"2215 Plank Road, #287, Fredericksburg, VA 22401",540-360-3789,,,,,,
ocd-person/ad107e73-7e1e-45dd-ab19-52005a0b948c,Creigh Deeds,Democratic,11,upper,Creigh,Deeds,Male,senatordeeds@senate.virginia.gov,,1958-01-04,,https://apps.senate.virginia.gov/Senator/images/member_photos/Deeds11,https://apps.senate.virginia.gov/Senator/memberpage.php?id=S62;https://lis.virginia.gov/cgi-bin/legp604.exe?191+mbr+S62;https://lis.virginia.gov/cgi-bin/legp604.exe?201+mbr+S62;https://lis.virginia.gov/cgi-bin/legp604.exe?221+mbr+S62;https://lis.virginia.gov/cgi-bin/legp604.exe?241+mbr+S62,https://apps.senate.virginia.gov/Senator/memberpage.php?id=S62;https://ballotpedia.org/Creigh_Deeds;https://en.wikipedia.org/wiki/Creigh_Deeds;https://justfacts.votesmart.org/candidate/5140/creigh-deeds;https://lis.virginia.gov/191/mbr/MBR.HTM;https://lis.virginia.gov/201/mbr/MBR.HTM;https://lis.virginia.gov/cgi-bin/legp604.exe?191+mbr+S62;https://lis.virginia.gov/cgi-bin/legp604.exe?201+mbr+S62;https://lis.virginia.gov/cgi-bin/legp604.exe?221+mbr+S62;https://lis.virginia.gov/cgi-bin/legp604.exe?241+mbr+S62;https://www.linkedin.com/in/creigh-deeds-b976621,,,,,,,CreighDeeds,,,creigh,
ocd-person/865dace5-518d-4f4f-b393-c197064affe6,Lee Ware,Republican,72,lower,Lee,Ware,Male,dellware@house.virginia.gov,,1952-08-20,,https://memdata.virginiageneralassembly.gov/images/display_image/H0124,https://house.vga.virginia.gov/members/H0124;https://lis.virginia.gov/cgi-bin/legp604.exe?191+mbr+H124;https://lis.virginia.gov/cgi-bin/legp604.exe?201+mbr+H124;https://lis.virginia.gov/cgi-bin/legp604.exe?221+mbr+H124;https://lis.virginia.gov/cgi-bin/legp604.exe?241+mbr+H124;https://virginiageneralassembly.gov/house/members/members.php?id=H0124,https://ballotpedia.org/Lee_Ware;https://en.wikipedia.org/wiki/Lee_Ware;https://house.vga.virginia.gov/members/H0124;https://justfacts.votesmart.org/candidate/biography/15440/lee-ware-jr;https://lis.virginia.gov/191/mbr/MBR.HTM;https://lis.virginia.gov/201/mbr/MBR.HTM;https://lis.virginia.gov/cgi-bin/legp604.exe?191+mbr+H124;https://lis.virginia.gov/cgi-bin/legp604.exe?201+mbr+H124;https://lis.virginia.gov/cgi-bin/legp604.exe?221+mbr+H124;https://lis.virginia.gov/cgi-bin/legp604.exe?241+mbr+H124;https://virginiageneralassembly.gov/house/members/members.php?id=H0124;https://www.linkedin.com/in/lee-ware-95a07916,,,,,,,,,,,
ocd-person/359eaeba-903c-42b4-b9e3-5c5b4e9d721d,Rae Cousins,Democratic,79,lower,Rae,Cousins,Female,delrcousins@house.virginia.gov,,,,https://house.vga.virginia.gov/delegate_photos/H0356.jpg,https://house.vga.virginia.gov/members/H0356;https://lis.virginia.gov/cgi-bin/legp604.exe?241+mbr+H356;https://virginiageneralassembly.gov/house/members/members.php?id=H0356,https://ballotpedia.org/Rae_Cousins;https://en.wikipedia.org/wiki/Rae_Cousins;https://house.vga.virginia.gov/members/H0356;https://justfacts.votesmart.org/candidate/biography/212100/rae-cousins;https://lis.virginia.gov/cgi-bin/legp604.exe?241+mbr+H356;https://virginiageneralassembly.gov/house/members/members.php?id=H0356;https://www.browngreer.com/people/rae-cousins;https://www.linkedin.com/in/rae-cousins-202070b3,,,,,,,,,,,
ocd-person/658209cc-5e85-4c57-aa94-878089f3d816,Rip Sullivan,Democratic,6,lower,Rip,Sullivan,Male,delrsullivan@house.virginia.gov,,1959-03-14,,https://memdata.virginiageneralassembly.gov/images/display_image/H0269,https://house.vga.virginia.gov/members/H0269;https://lis.virginia.gov/cgi-bin/legp604.exe?191+mbr+H269;https://lis.virginia.gov/cgi-bin/legp604.exe?201+mbr+H269;https://lis.virginia.gov/cgi-bin/legp604.exe?221+mbr+H269;https://lis.virginia.gov/cgi-bin/legp604.exe?241+mbr+H269;https://virginiageneralassembly.gov/house/members/members.php?id=H0269,https://ballotpedia.org/R.C._Sullivan_Jr.;https://en.wikipedia.org/wiki/Rip_Sullivan;https://house.vga.virginia.gov/members/H0269;https://justfacts.votesmart.org/candidate/69978/rip-sullivan-jr;https://lis.virginia.gov/191/mbr/MBR.HTM;https://lis.virginia.gov/201/mbr/MBR.HTM;https://lis.virginia.gov/cgi-bin/legp604.exe?191+mbr+H269;https://lis.virginia.gov/cgi-bin/legp604.exe?201+mbr+H269;https://lis.virginia.gov/cgi-bin/legp604.exe?221+mbr+H269;https://lis.virginia.gov/cgi-bin/legp604.exe?241+mbr+H269;https://virginiageneralassembly.gov/house/members/members.php?id=H0269;https://www.linkedin.com/in/rip-sullivan-917b0b33,,,,,,,RipSullivan48,,,RipSullivanVA,
ocd-person/52e67ab6-2039-458e-b7a8-9bb5f3694e11,Richard Stuart,Republican,25,upper,Richard,Stuart,Male,senatorstuart@senate.virginia.gov,,1964-01-06,,https://apps.senate.virginia.gov/Senator/images/member_photos/Stuart25,https://apps.senate.virginia.gov/Senator/memberpage.php?id=S78;https://lis.virginia.gov/cgi-bin/legp604.exe?191+mbr+S78;https://lis.virginia.gov/cgi-bin/legp604.exe?201+mbr+S78;https://lis.virginia.gov/cgi-bin/legp604.exe?221+mbr+S78;https://lis.virginia.gov/cgi-bin/legp604.exe?241+mbr+S78;https://www.stuartforsenate.com/,"https://apps.senate.virginia.gov/Senator/memberpage.php?id=S78;https://ballotpedia.org/Richard_Stuart,_Virginia_Senator;https://en.wikipedia.org/wiki/Richard_Stuart;https://justfacts.votesmart.org/candidate/biography/90324/richard-stuart;https://lis.virginia.gov/191/mbr/MBR.HTM;https://lis.virginia.gov/201/mbr/MBR.HTM;https://lis.virginia.gov/cgi-bin/legp604.exe?191+mbr+S78;https://lis.virginia.gov/cgi-bin/legp604.exe?201+mbr+S78;https://lis.virginia.gov/cgi-bin/legp604.exe?221+mbr+S78;https://lis.virginia.gov/cgi-bin/legp604.exe?241+mbr+S78;https://www.linkedin.com/in/richard-h-stuart-4a3198b8;https://www.stuartforsenate.com",,,,,,,RichardStuartVA,,,richardhstuart,
ocd-person/10868c64-b4b8-41ca-90ac-a981f9fa47ff,Rob Bloxom,Republican,100,lower,Rob,Bloxom,Male,delrbloxom@house.virginia.gov,,1963-02-12,,https://memdata.virginiageneralassembly.gov/images/display_image/H0267,https://house.vga.virginia.gov/members/H0267;https://lis.virginia.gov/cgi-bin/legp604.exe?191+mbr+H267;https://lis.virginia.gov/cgi-bin/legp604.exe?201+mbr+H267;https://lis.virginia.gov/cgi-bin/legp604.exe?221+mbr+H267;https://lis.virginia.gov/cgi-bin/legp604.exe?241+mbr+H267;https://virginiageneralassembly.gov/house/members/members.php?id=H0267,"https://ballotpedia.org/Robert_S._Bloxom,_Jr.;https://en.wikipedia.org/wiki/Robert_Bloxom_Jr.;https://house.vga.virginia.gov/members/H0267;https://justfacts.votesmart.org/candidate/biography/150045/rob-bloxom-jr;https://lis.virginia.gov/191/mbr/MBR.HTM;https://lis.virginia.gov/201/mbr/MBR.HTM;https://lis.virginia.gov/cgi-bin/legp604.exe?191+mbr+H267;https://lis.virginia.gov/cgi-bin/legp604.exe?201+mbr+H267;https://lis.virginia.gov/cgi-bin/legp604.exe?221+mbr+H267;https://lis.virginia.gov/cgi-bin/legp604.exe?241+mbr+H267;https://virginiageneralassembly.gov/house/members/members.php?id=H0267;https://www.linkedin.com/in/robert-bloxom-62167131",,,,,,,,,,electbloxomfordelegate,
ocd-person/8ec90d7b-fd5f-4157-b779-1979e7a54e76,Rod Willett,Democratic,58,lower,Rod,Willett,Male,delrwillett@house.virginia.gov,,,,https://memdata.virginiageneralassembly.gov/images/display_image/H0327,https://house.vga.virginia.gov/members/H0327;https://lis.virginia.gov/cgi-bin/legp604.exe?201+mbr+H327;https://lis.virginia.gov/cgi-bin/legp604.exe?221+mbr+H327;https://lis.virginia.gov/cgi-bin/legp604.exe?241+mbr+H327;https://virginiageneralassembly.gov/house/members/members.php?id=H0327,https://ballotpedia.org/Rodney_Willett;https://en.wikipedia.org/wiki/Rodney_Willett;https://house.vga.virginia.gov/members/H0327;https://justfacts.votesmart.org/candidate/biography/186767/rodney-willett;https://lis.virginia.gov/201/mbr/MBR.HTM;https://lis.virginia.gov/cgi-bin/legp604.exe?201+mbr+H327;https://lis.virginia.gov/cgi-bin/legp604.exe?221+mbr+H327;https://lis.virginia.gov/cgi-bin/legp604.exe?241+mbr+H327;https://virginiageneralassembly.gov/house/members/members.php?id=H0327;https://www.linkedin.com/in/rodney-willett-0858726,,,,,,,,,,RodneyforDelegate,
ocd-person/892b7901-d71e-4d8b-b8d0-9034a3d4a066,J.R. Henson,Democratic,19,lower,J.R.,Henson,Male,delrhenson@house.virginia.gov,,,,https://memdata.virginiageneralassembly.gov/images/display_image/H0365,https://house.vga.virginia.gov/members/H0365;https://lis.virginia.gov/cgi-bin/legp604.exe?241+mbr+H365;https://virginiageneralassembly.gov/house/members/members.php?id=H0365,https://ballotpedia.org/Rozia_Henson;https://en.wikipedia.org/wiki/Rozia_Henson;https://henson4va.com/about-rozia;https://house.vga.virginia.gov/members/H0365;https://justfacts.votesmart.org/candidate/biography/212050/rozia-henson;https://lis.virginia.gov/cgi-bin/legp604.exe?241+mbr+H365;https://virginiageneralassembly.gov/house/members/members.php?id=H0365;https://www.linkedin.com/in/rozia-a-henson-jr-mba-pmp-itilv4-59139649,,,,,,,,,,,
ocd-person/bf0211bf-d8ac-4343-bcd8-181e2d2e58a6,Russet Perry,Democratic,31,upper,Russet,Perry,Female,senatorperry@senate.virginia.gov,,1983-11-15,,https://cdn.runforsomething.net/candidates/2023/04/campaign/3388.jpg,https://apps.senate.virginia.gov/Senator/memberpage.php?id=S125;https://lis.virginia.gov/cgi-bin/legp604.exe?241+mbr+S125,https://apps.senate.virginia.gov/Senator/memberpage.php?id=S125;https://ballotpedia.org/Russet_Perry;https://en.wikipedia.org/wiki/Russet_Perry;https://justfacts.votesmart.org/candidate/biography/212154/russet-perry;https://lis.virginia.gov/cgi-bin/legp604.exe?241+mbr+S125;https://marquislawgroup.com/attorneys/russet-w-perry,,,,,,,,,,,
ocd-person/995be769-49d1-40b6-8177-e8ee31087af1,Ryan McDougle,Republican,26,upper,Ryan,McDougle,Male,senatormcdougle@senate.virginia.gov,,1971-11-09,,https://apps.senate.virginia.gov/Senator/images/member_photos/McDougle26,https://apps.senate.virginia.gov/Senator/memberpage.php?id=S69;https://lis.virginia.gov/cgi-bin/legp604.exe?191+mbr+S69;https://lis.virginia.gov/cgi-bin/legp604.exe?201+mbr+S69;https://lis.virginia.gov/cgi-bin/legp604.exe?221+mbr+S69;https://lis.virginia.gov/cgi-bin/legp604.exe?241+mbr+S69,https://apps.senate.virginia.gov/Senator/memberpage.php?id=S69;https://ballotpedia.org/Ryan_McDougle;https://en.wikipedia.org/wiki/Ryan_McDougle;https://justfacts.votesmart.org/candidate/biography/50924/ryan-mcdougle;https://lis.virginia.gov/191/mbr/MBR.HTM;https://lis.virginia.gov/201/mbr/MBR.HTM;https://lis.virginia.gov/cgi-bin/legp604.exe?191+mbr+S69;https://lis.virginia.gov/cgi-bin/legp604.exe?201+mbr+S69;https://lis.virginia.gov/cgi-bin/legp604.exe?221+mbr+S69;https://lis.virginia.gov/cgi-bin/legp604.exe?241+mbr+S69;https://www.linkedin.com/in/ryan-mcdougle-02852517,,,,,,,ryanmcdougle,,,SenatorRyanMcDougle,
ocd-person/8a50ceeb-1ded-4586-a04a-19115fddc3c5,Saddam Salim,Democratic,37,upper,Saddam,Salim,Male,senatorsalim@senate.virginia.gov,,1990-01-01,,https://apps.senate.virginia.gov/Senator/images/member_photos/Salim37,https://apps.senate.virginia.gov/Senator/memberpage.php?id=S127;https://lis.virginia.gov/cgi-bin/legp604.exe?241+mbr+S127,https://apps.senate.virginia.gov/Senator/memberpage.php?id=S127;https://ballotpedia.org/Saddam_Salim;https://en.wikipedia.org/wiki/Saddam_Azlan_Salim;https://justfacts.votesmart.org/candidate/biography/212160/saddam-salim;https://lis.virginia.gov/cgi-bin/legp604.exe?241+mbr+S127;https://www.linkedin.com/in/saddam-azlan-salim,,,,,,,,,,,
ocd-person/6ab67007-e48a-4048-bb7b-20a608a88f77,Sam Rasoul,Democratic,38,lower,Sam,Rasoul,Male,delsrasoul@house.virginia.gov,,1981-06-30,,https://memdata.virginiageneralassembly.gov/images/display_image/H0266,https://house.vga.virginia.gov/members/H0266;https://lis.virginia.gov/cgi-bin/legp604.exe?191+mbr+H266;https://lis.virginia.gov/cgi-bin/legp604.exe?201+mbr+H266;https://lis.virginia.gov/cgi-bin/legp604.exe?221+mbr+H266;https://lis.virginia.gov/cgi-bin/legp604.exe?241+mbr+H266;https://virginiageneralassembly.gov/house/members/members.php?id=H0266,https://ballotpedia.org/S._%22Sam%22_Rasoul;https://en.wikipedia.org/wiki/Sam_Rasoul;https://house.vga.virginia.gov/members/H0266;https://justfacts.votesmart.org/candidate/biography/109345/sam-rasoul;https://lis.virginia.gov/191/mbr/MBR.HTM;https://lis.virginia.gov/201/mbr/MBR.HTM;https://lis.virginia.gov/cgi-bin/legp604.exe?191+mbr+H266;https://lis.virginia.gov/cgi-bin/legp604.exe?201+mbr+H266;https://lis.virginia.gov/cgi-bin/legp604.exe?221+mbr+H266;https://lis.virginia.gov/cgi-bin/legp604.exe?241+mbr+H266;https://virginiageneralassembly.gov/house/members/members.php?id=H0266;https://www.linkedin.com/in/changemansam,,,,,,,Sam_Rasoul,,,DelSamRasoul,
ocd-person/aec7ee58-7da0-41e1-88d0-5c9e68737a0f,Schuyler VanValkenburg,Democratic,16,upper,Schuyler,VanValkenburg,Male,senatorvanvalkenburg@senate.virginia.gov,,1982-06-05,,https://apps.senate.virginia.gov/Senator/images/member_photos/VanValkenburg16,https://apps.senate.virginia.gov/Senator/memberpage.php?id=S129;https://lis.virginia.gov/cgi-bin/legp604.exe?191+mbr+H307;https://lis.virginia.gov/cgi-bin/legp604.exe?201+mbr+H307;https://lis.virginia.gov/cgi-bin/legp604.exe?221+mbr+H307;https://lis.virginia.gov/cgi-bin/legp604.exe?241+mbr+S129,https://apps.senate.virginia.gov/Senator/memberpage.php?id=S129;https://ballotpedia.org/Schuyler_VanValkenburg;https://en.wikipedia.org/wiki/Schuyler_VanValkenburg;https://justfacts.votesmart.org/candidate/biography/176574/schuyler-vanvalkenburg;https://lis.virginia.gov/191/mbr/MBR.HTM;https://lis.virginia.gov/201/mbr/MBR.HTM;https://lis.virginia.gov/cgi-bin/legp604.exe?191+mbr+H307;https://lis.virginia.gov/cgi-bin/legp604.exe?201+mbr+H307;https://lis.virginia.gov/cgi-bin/legp604.exe?221+mbr+H307;https://lis.virginia.gov/cgi-bin/legp604.exe?241+mbr+S129,,,,,,,vvfordelegate,,,VanValkenburg4VA,
ocd-person/50a6c704-2ba7-4ecc-a24c-8f55b400709b,Scott Surovell,Democratic,34,upper,Scott,Surovell,Male,senatorsurovell@senate.virginia.gov,,1971-08-21,,https://apps.senate.virginia.gov/Senator/images/member_photos/Surovell34,https://apps.senate.virginia.gov/Senator/memberpage.php?id=S100;https://lis.virginia.gov/cgi-bin/legp604.exe?191+mbr+S100;https://lis.virginia.gov/cgi-bin/legp604.exe?201+mbr+S100;https://lis.virginia.gov/cgi-bin/legp604.exe?221+mbr+S100;https://lis.virginia.gov/cgi-bin/legp604.exe?241+mbr+S100,https://apps.senate.virginia.gov/Senator/memberpage.php?id=S100;https://ballotpedia.org/Scott_Surovell;https://en.wikipedia.org/wiki/Scott_Surovell;https://justfacts.votesmart.org/candidate/biography/115805/scott-surovell;https://lis.virginia.gov/191/mbr/MBR.HTM;https://lis.virginia.gov/201/mbr/MBR.HTM;https://lis.virginia.gov/cgi-bin/legp604.exe?191+mbr+S100;https://lis.virginia.gov/cgi-bin/legp604.exe?201+mbr+S100;https://lis.virginia.gov/cgi-bin/legp604.exe?221+mbr+S100;https://lis.virginia.gov/cgi-bin/legp604.exe?241+mbr+S100;https://www.linkedin.com/in/scottsurovell,,,,,,,ssurovell,,,Surovell,
ocd-person/2a831795-d6fc-4635-88bf-4fd5f72ab1e7,Scott Wyatt,Republican,60,lower,Scott,Wyatt,Male,delswyatt@house.virginia.gov,,,,https://memdata.virginiageneralassembly.gov/images/display_image/H0328,https://house.vga.virginia.gov/members/H0328;https://lis.virginia.gov/cgi-bin/legp604.exe?201+mbr+H328;https://lis.virginia.gov/cgi-bin/legp604.exe?221+mbr+H328;https://lis.virginia.gov/cgi-bin/legp604.exe?241+mbr+H328;https://virginiageneralassembly.gov/house/members/members.php?id=H0328,https://ballotpedia.org/Scott_Wyatt_(Virginia);https://en.wikipedia.org/wiki/Scott_Wyatt_(politician);https://house.vga.virginia.gov/members/H0328;https://justfacts.votesmart.org/candidate/biography/186781/scott-wyatt;https://lis.virginia.gov/201/mbr/MBR.HTM;https://lis.virginia.gov/cgi-bin/legp604.exe?201+mbr+H328;https://lis.virginia.gov/cgi-bin/legp604.exe?221+mbr+H328;https://lis.virginia.gov/cgi-bin/legp604.exe?241+mbr+H328;https://virginiageneralassembly.gov/house/members/members.php?id=H0328,,,,,,,,,,DelSWyatt,
ocd-person/8329b3a6-9d6f-427e-9342-e53277e7c6ff,Shelly Simonds,Democratic,70,lower,Shelly,Simonds,Female,delssimonds@house.virginia.gov,,1967-11-09,,https://memdata.virginiageneralassembly.gov/images/display_image/H0323,https://house.vga.virginia.gov/members/H0323;https://lis.virginia.gov/cgi-bin/legp604.exe?201+mbr+H323;https://lis.virginia.gov/cgi-bin/legp604.exe?221+mbr+H323;https://lis.virginia.gov/cgi-bin/legp604.exe?241+mbr+H323;https://virginiageneralassembly.gov/house/members/members.php?id=H0323,https://ballotpedia.org/Shelly_Simonds;https://en.wikipedia.org/wiki/Shelly_Simonds;https://house.vga.virginia.gov/members/H0323;https://justfacts.votesmart.org/candidate/156447/shelly-simonds;https://lis.virginia.gov/201/mbr/MBR.HTM;https://lis.virginia.gov/cgi-bin/legp604.exe?201+mbr+H323;https://lis.virginia.gov/cgi-bin/legp604.exe?221+mbr+H323;https://lis.virginia.gov/cgi-bin/legp604.exe?241+mbr+H323;https://virginiageneralassembly.gov/house/members/members.php?id=H0323;https://www.linkedin.com/in/shelly-simonds-b45a3080,,,,,,,shelly_simonds,,,simondsfordelegate,
ocd-person/4caa245e-038f-4a7f-8cb3-ecd9da716885,Stacey Carroll,Democratic,64,lower,Stacey,Carroll,Female,delscarroll@house.virginia.gov,,,,https://house.vga.virginia.gov/delegate_photos/H0388.jpg,https://house.vga.virginia.gov/members/H0388,https://ballotpedia.org/Stacey_Carroll;https://en.wikipedia.org/wiki/Stacey_Carroll;https://house.vga.virginia.gov/members/H0388,,,,,,,,,,,
ocd-person/138f964d-7137-487b-96d6-ad836b67db83,Stella Pekarsky,Democratic,36,upper,Stella,Pekarsky,Female,senatorpekarsky@senate.virginia.gov,,1979-04-23,,https://apps.senate.virginia.gov/Senator/images/member_photos/Pekarsky36,https://apps.senate.virginia.gov/Senator/memberpage.php?id=S124;https://lis.virginia.gov/cgi-bin/legp604.exe?241+mbr+S124,https://apps.senate.virginia.gov/Senator/memberpage.php?id=S124;https://ballotpedia.org/Stella_Pekarsky;https://en.wikipedia.org/wiki/Stella_Pekarsky;https://justfacts.votesmart.org/candidate/biography/212159/stella-pekarsky;https://lis.virginia.gov/cgi-bin/legp604.exe?241+mbr+S124;https://www.linkedin.com/in/stella-pekarsky-129778152,,,,,,,,,,,
ocd-person/3605a4dd-d800-4820-a50c-6cd3b0ab4511,Travis Hackworth,Republican,5,upper,Travis,Hackworth,Male,senatorhackworth@senate.virginia.gov,,1975-06-05,,https://apps.senate.virginia.gov/Senator/images/member_photos/Hackworth5,https://apps.senate.virginia.gov/Senator/memberpage.php?id=S112;https://lis.virginia.gov/cgi-bin/legp604.exe?221+mbr+S112;https://lis.virginia.gov/cgi-bin/legp604.exe?241+mbr+S112,https://apps.senate.virginia.gov/Senator/memberpage.php?id=S112;https://ballotpedia.org/Travis_Hackworth;https://en.wikipedia.org/wiki/Travis_Hackworth;https://justfacts.votesmart.org/candidate/biography/195752/travis-hackworth;https://lis.virginia.gov/cgi-bin/legp604.exe?221+mbr+S112;https://lis.virginia.gov/cgi-bin/legp604.exe?241+mbr+S112;https://www.linkedin.com/in/travis-hackworth-53321159,,,,"1515 2nd St., Richlands, VA 24641",276-345-9112,,,,,,
ocd-person/c3391ffd-a783-4d34-81ca-ecad4cd6d16a,Tammy Mulchi,Republican,9,upper,Tammy,Mulchi,Female,senatormulchi@senate.virginia.gov,,1966-07-18,,https://apps.senate.virginia.gov/Senator/images/member_photos/Mulchi9,https://apps.senate.virginia.gov/Senator/memberpage.php?id=S131;https://lis.virginia.gov/241/mbr/MBR.HTM,https://apps.senate.virginia.gov/Senator/memberpage.php?id=S131;https://ballotpedia.org/Tammy_Mulchi;https://en.wikipedia.org/wiki/Tammy_Brankley_Mulchi;https://justfacts.votesmart.org/candidate/biography/214104/tammy-mulchi;https://lis.virginia.gov/241/mbr/MBR.HTM;https://www.linkedin.com/in/tammy-mulchi-591415114,,,,,,,,,,,
ocd-person/e142c869-a7a9-411a-8d73-563403f6ddd4,Tara Durant,Republican,27,upper,Tara,Durant,Female,senatordurant@senate.virginia.gov,,1972-10-26,,https://apps.senate.virginia.gov/Senator/images/member_photos/Durant27,https://apps.senate.virginia.gov/Senator/memberpage.php?id=S120;https://lis.virginia.gov/cgi-bin/legp604.exe?221+mbr+H338;https://lis.virginia.gov/cgi-bin/legp604.exe?241+mbr+S120,https://apps.senate.virginia.gov/Senator/memberpage.php?id=S120;https://ballotpedia.org/Tara_Durant;https://en.wikipedia.org/wiki/Tara_Durant;https://justfacts.votesmart.org/candidate/195962/tara-durant;https://lis.virginia.gov/cgi-bin/legp604.exe?221+mbr+H338;https://lis.virginia.gov/cgi-bin/legp604.exe?241+mbr+S120,,,,,,,,,,,
ocd-person/9303514b-3bce-4ddc-87d2-17a6ba4d6194,Terry Kilgore,Republican,45,lower,Terry,Kilgore,Male,deltkilgore@house.virginia.gov,,1961-08-23,,https://memdata.virginiageneralassembly.gov/images/display_image/H0056,https://house.vga.virginia.gov/members/H0056;https://lis.virginia.gov/cgi-bin/legp604.exe?191+mbr+H56;https://lis.virginia.gov/cgi-bin/legp604.exe?201+mbr+H56;https://lis.virginia.gov/cgi-bin/legp604.exe?221+mbr+H56;https://lis.virginia.gov/cgi-bin/legp604.exe?241+mbr+H56;https://virginiageneralassembly.gov/house/members/members.php?id=H0056,https://ballotpedia.org/Terry_Kilgore;https://en.wikipedia.org/wiki/Terry_Kilgore;https://house.vga.virginia.gov/members/H0056;https://justfacts.votesmart.org/candidate/key-votes/5165/terry-kilgore;https://lis.virginia.gov/191/mbr/MBR.HTM;https://lis.virginia.gov/201/mbr/MBR.HTM;https://lis.virginia.gov/cgi-bin/legp604.exe?191+mbr+H56;https://lis.virginia.gov/cgi-bin/legp604.exe?201+mbr+H56;https://lis.virginia.gov/cgi-bin/legp604.exe?221+mbr+H56;https://lis.virginia.gov/cgi-bin/legp604.exe?241+mbr+H56;https://virginiageneralassembly.gov/house/members/members.php?id=H0056,,,,,,,delterrykilgore,,,DelTerryKilgore,
ocd-person/cb9573ab-1bf6-45d5-a8d7-476d7bed94a8,Terry Austin,Republican,37,lower,Terry,Austin,Male,deltaustin@house.virginia.gov,,1955-10-16,,https://memdata.virginiageneralassembly.gov/images/display_image/H0253,https://house.vga.virginia.gov/members/H0253;https://lis.virginia.gov/cgi-bin/legp604.exe?191+mbr+H253;https://lis.virginia.gov/cgi-bin/legp604.exe?201+mbr+H253;https://lis.virginia.gov/cgi-bin/legp604.exe?221+mbr+H253;https://lis.virginia.gov/cgi-bin/legp604.exe?241+mbr+H253;https://virginiageneralassembly.gov/house/members/members.php?id=H0253,https://ballotpedia.org/Terry_Austin;https://en.wikipedia.org/wiki/Terry_Austin_(politician);https://house.vga.virginia.gov/members/H0253;https://justfacts.votesmart.org/candidate/94907/terry-austin;https://lis.virginia.gov/191/mbr/MBR.HTM;https://lis.virginia.gov/201/mbr/MBR.HTM;https://lis.virginia.gov/cgi-bin/legp604.exe?191+mbr+H253;https://lis.virginia.gov/cgi-bin/legp604.exe?201+mbr+H253;https://lis.virginia.gov/cgi-bin/legp604.exe?221+mbr+H253;https://lis.virginia.gov/cgi-bin/legp604.exe?241+mbr+H253;https://virginiageneralassembly.gov/house/members/members.php?id=H0253;https://www.linkedin.com/in/terry-austin-3b172039,,,,,,,TerryAustin4HOD,,,TerryAustin4delegate,
ocd-person/894118dd-1470-48b7-b84b-831ddba58e1b,Tommy Wright,Republican,50,lower,Tommy,Wright,Male,deltwright@house.virginia.gov,,1948-04-27,,https://memdata.virginiageneralassembly.gov/images/display_image/H0136,https://house.vga.virginia.gov/members/H0136;https://lis.virginia.gov/cgi-bin/legp604.exe?191+mbr+H136;https://lis.virginia.gov/cgi-bin/legp604.exe?201+mbr+H136;https://lis.virginia.gov/cgi-bin/legp604.exe?221+mbr+H136;https://lis.virginia.gov/cgi-bin/legp604.exe?241+mbr+H136;https://virginiageneralassembly.gov/house/members/members.php?id=H0136,https://ballotpedia.org/Tommy_Wright_(Virginia);https://en.wikipedia.org/wiki/Thomas_C._Wright;https://house.vga.virginia.gov/members/H0136;https://justfacts.votesmart.org/candidate/biography/25800/thomas-wright-jr;https://lis.virginia.gov/191/mbr/MBR.HTM;https://lis.virginia.gov/201/mbr/MBR.HTM;https://lis.virginia.gov/cgi-bin/legp604.exe?191+mbr+H136;https://lis.virginia.gov/cgi-bin/legp604.exe?201+mbr+H136;https://lis.virginia.gov/cgi-bin/legp604.exe?221+mbr+H136;https://lis.virginia.gov/cgi-bin/legp604.exe?241+mbr+H136;https://virginiageneralassembly.gov/house/members/members.php?id=H0136,,,,,,,,,,,
ocd-person/d112b6c3-e52f-4da4-a6fe-5866bf3f6799,Tim Griffin,Republican,53,lower,Tim,Griffin,Male,deltgriffin@house.virginia.gov,,,,https://memdata.virginiageneralassembly.gov/images/display_image/H0364,https://house.vga.virginia.gov/members/H0364;https://lis.virginia.gov/cgi-bin/legp604.exe?241+mbr+H364;https://virginiageneralassembly.gov/house/members/members.php?id=H0364,https://ballotpedia.org/Tim_Griffin_(Virginia);https://en.wikipedia.org/wiki/Tim_Griffin_(Virginia_politician);https://house.vga.virginia.gov/members/H0364;https://justfacts.votesmart.org/candidate/biography/212165/tim-griffin;https://lis.virginia.gov/cgi-bin/legp604.exe?241+mbr+H364;https://virginiageneralassembly.gov/house/members/members.php?id=H0364;https://www.linkedin.com/in/tgriffin11,,,,,,,,,,,
ocd-person/ba57d68e-01e5-46ed-b305-ec08dece665b,Timmy French,Republican,1,upper,Timmy,French,Male,senatorfrench@senate.virginia.gov,,1969-08-23,,https://s3.amazonaws.com/ballotpedia-api4/files/thumbs/200/300/TimmyFrench2023.jpg,https://apps.senate.virginia.gov/Senator/memberpage.php?id=S121;https://lis.virginia.gov/cgi-bin/legp604.exe?241+mbr+S121,https://apps.senate.virginia.gov/Senator/memberpage.php?id=S121;https://ballotpedia.org/Timmy_French;https://en.wikipedia.org/wiki/Timmy_French;https://justfacts.votesmart.org/candidate/biography/212124/timmy-french;https://lis.virginia.gov/cgi-bin/legp604.exe?241+mbr+S121;https://www.timmyfrench.com/about,,,,,,,,,,,
ocd-person/0d2983ef-93a5-4d84-9fa3-2c796024562a,Todd Pillion,Republican,6,upper,Todd,Pillion,Male,senatorpillion@senate.virginia.gov,,1973-11-01,,https://apps.senate.virginia.gov/Senator/images/member_photos/Pillion6,https://apps.senate.virginia.gov/Senator/memberpage.php?id=S111;https://lis.virginia.gov/cgi-bin/legp604.exe?191+mbr+H270;https://lis.virginia.gov/cgi-bin/legp604.exe?201+mbr+S111;https://lis.virginia.gov/cgi-bin/legp604.exe?221+mbr+S111;https://lis.virginia.gov/cgi-bin/legp604.exe?241+mbr+S111,https://apps.senate.virginia.gov/Senator/memberpage.php?id=S111;https://ballotpedia.org/Todd_E._Pillion;https://en.wikipedia.org/wiki/Todd_Pillion;https://justfacts.votesmart.org/candidate/biography/155966/todd-pillion;https://lis.virginia.gov/191/mbr/MBR.HTM;https://lis.virginia.gov/201/mbr/MBR.HTM;https://lis.virginia.gov/cgi-bin/legp604.exe?191+mbr+H270;https://lis.virginia.gov/cgi-bin/legp604.exe?201+mbr+S111;https://lis.virginia.gov/cgi-bin/legp604.exe?221+mbr+S111;https://lis.virginia.gov/cgi-bin/legp604.exe?241+mbr+S111;https://www.linkedin.com/in/todd-pillion-4137129,,,,"851 French Moore Jr. Blvd. Suite 124, Abingdon, VA 24210",276-220-1209,,,,,,
ocd-person/0bba07ba-7713-4ca7-8f44-699c832e0d2a,Tom Garrett,Republican,56,lower,Tom,Garrett,Male,deltgarrett@house.virginia.gov,,1972-03-27,,https://memdata.virginiageneralassembly.gov/images/display_image/H0362,https://house.vga.virginia.gov/members/H0362;https://virginiageneralassembly.gov/house/members/members.php?id=H0362,"https://ballotpedia.org/Thomas_Garrett;https://en.wikipedia.org/wiki/Thomas_Garrett,_Jr.;https://house.vga.virginia.gov/members/H0362;https://justfacts.votesmart.org/candidate/134493/tom-garrett-jr;https://lis.virginia.gov/cgi-bin/legp604.exe?241+mbr+H362;https://virginiageneralassembly.gov/house/members/members.php?id=H0362;https://www.linkedin.com/in/tom-garrett-4571288",,,,,,,,,,,
ocd-person/94fa59c7-00b0-4e15-9887-8af534217476,Tony Wilt,Republican,34,lower,Tony,Wilt,Male,deltwilt@house.virginia.gov,,1961-09-18,,https://memdata.virginiageneralassembly.gov/images/display_image/H0231,https://house.vga.virginia.gov/members/H0231;https://lis.virginia.gov/cgi-bin/legp604.exe?191+mbr+H231;https://lis.virginia.gov/cgi-bin/legp604.exe?201+mbr+H231;https://lis.virginia.gov/cgi-bin/legp604.exe?221+mbr+H231;https://lis.virginia.gov/cgi-bin/legp604.exe?241+mbr+H231;https://virginiageneralassembly.gov/house/members/members.php?id=H0231,https://ballotpedia.org/Tony_Wilt;https://en.wikipedia.org/wiki/Tony_Wilt;https://house.vga.virginia.gov/members/H0231;https://justfacts.votesmart.org/candidate/biography/127379/tony-wilt;https://lis.virginia.gov/191/mbr/MBR.HTM;https://lis.virginia.gov/201/mbr/MBR.HTM;https://lis.virginia.gov/cgi-bin/legp604.exe?191+mbr+H231;https://lis.virginia.gov/cgi-bin/legp604.exe?201+mbr+H231;https://lis.virginia.gov/cgi-bin/legp604.exe?221+mbr+H231;https://lis.virginia.gov/cgi-bin/legp604.exe?241+mbr+H231;https://virginiageneralassembly.gov/house/members/members.php?id=H0231;https://www.linkedin.com/in/tony-wilt-b41a0110,,,,,,,DelTonyWilt,,,DelTonyWilt,
ocd-person/63c0c8ef-ded6-406e-9d5d-a114fa35e26a,Virgil Thornton,Democratic,86,lower,Virgil,Thornton,Male,delvthornton@house.virginia.gov,,,,https://house.vga.virginia.gov/delegate_photos/H0400.jpg,https://house.vga.virginia.gov/members/H0400,https://ballotpedia.org/Virgil_Thornton_Sr.;https://en.wikipedia.org/wiki/Virgil_Thornton_Sr.;https://house.vga.virginia.gov/members/H0400,,,,,,,,,,,
ocd-person/b251a648-d2d3-4799-8213-e803fed621de,Vivian Watts,Democratic,14,lower,Vivian,Watts,Female,delvwatts@house.virginia.gov,,1940-06-07,,https://memdata.virginiageneralassembly.gov/images/display_image/H0108,https://house.vga.virginia.gov/members/H0108;https://lis.virginia.gov/cgi-bin/legp604.exe?191+mbr+H108;https://lis.virginia.gov/cgi-bin/legp604.exe?201+mbr+H108;https://lis.virginia.gov/cgi-bin/legp604.exe?221+mbr+H108;https://lis.virginia.gov/cgi-bin/legp604.exe?241+mbr+H108;https://virginiageneralassembly.gov/house/members/members.php?id=H0108;https://vivianwatts.com/,https://ballotpedia.org/Vivian_Watts;https://en.wikipedia.org/wiki/Vivian_E._Watts;https://house.vga.virginia.gov/members/H0108;https://justfacts.votesmart.org/candidate/biography/8227/vivian-watts;https://lis.virginia.gov/191/mbr/MBR.HTM;https://lis.virginia.gov/201/mbr/MBR.HTM;https://lis.virginia.gov/cgi-bin/legp604.exe?191+mbr+H108;https://lis.virginia.gov/cgi-bin/legp604.exe?201+mbr+H108;https://lis.virginia.gov/cgi-bin/legp604.exe?221+mbr+H108;https://lis.virginia.gov/cgi-bin/legp604.exe?241+mbr+H108;https://virginiageneralassembly.gov/house/members/members.php?id=H0108;https://vivianwatts.com;https://vivianwatts.com/about,,,,"8717 Mary Lee Lane, Annandale, VA 22003",703-978-2989,,,,,,
ocd-person/18756686-0b6c-4a7d-ade9-db2cafcac870,Wendell Walker,Republican,52,lower,Wendell,Walker,Male,delwwalker@house.virginia.gov,,,,https://memdata.virginiageneralassembly.gov/images/display_image/H0325,https://house.vga.virginia.gov/members/H0325;https://lis.virginia.gov/cgi-bin/legp604.exe?201+mbr+H325;https://lis.virginia.gov/cgi-bin/legp604.exe?221+mbr+H325;https://lis.virginia.gov/cgi-bin/legp604.exe?241+mbr+H325;https://virginiageneralassembly.gov/house/members/members.php?id=H0325,https://ballotpedia.org/Wendell_Walker;https://en.wikipedia.org/wiki/Wendell_Walker;https://house.vga.virginia.gov/members/H0325;https://justfacts.votesmart.org/candidate/biography/186415/wendell-walker;https://lis.virginia.gov/201/mbr/MBR.HTM;https://lis.virginia.gov/cgi-bin/legp604.exe?201+mbr+H325;https://lis.virginia.gov/cgi-bin/legp604.exe?221+mbr+H325;https://lis.virginia.gov/cgi-bin/legp604.exe?241+mbr+H325;https://virginiageneralassembly.gov/house/members/members.php?id=H0325,,,,,,,,,,DelegateWendellWalker,
ocd-person/53937ad8-9c5b-4493-95fc-a18565577dd8,Will Davis,Republican,39,lower,Will,Davis,Male,delwdavis@house.virginia.gov,,1971-01-14,,https://memdata.virginiageneralassembly.gov/images/display_image/H0357,https://house.vga.virginia.gov/members/H0357;https://lis.virginia.gov/cgi-bin/legp604.exe?241+mbr+H357;https://virginiageneralassembly.gov/house/members/members.php?id=H0357,https://ballotpedia.org/Will_Davis_(Virginia);https://en.wikipedia.org/wiki/Will_Davis_(Virginia_politician);https://house.vga.virginia.gov/members/H0357;https://justfacts.votesmart.org/candidate/biography/212069/will-davis;https://lis.virginia.gov/cgi-bin/legp604.exe?241+mbr+H357;https://virginiageneralassembly.gov/house/members/members.php?id=H0357;https://www.davisfordelegate.com/about;https://www.linkedin.com/in/william-p-davis-859513ab,,,,,,,,,,,
ocd-person/eacc546e-93d4-4189-92fb-8c969b1b545c,Bill Stanley,Republican,7,upper,Bill,Stanley,Male,senatorstanley@senate.virginia.gov,,1967-07-21,,https://s3.amazonaws.com/ballotpedia-api4/files/thumbs/200/300/Bill_Stanley.jpg,https://apps.senate.virginia.gov/Senator/memberpage.php?id=S82;https://lis.virginia.gov/cgi-bin/legp604.exe?191+mbr+S82;https://lis.virginia.gov/cgi-bin/legp604.exe?201+mbr+S82;https://lis.virginia.gov/cgi-bin/legp604.exe?221+mbr+S82;https://lis.virginia.gov/cgi-bin/legp604.exe?241+mbr+S82;https://senatorbillstanley.com/,https://apps.senate.virginia.gov/Senator/memberpage.php?id=S82;https://ballotpedia.org/Bill_Stanley;https://en.wikipedia.org/wiki/Bill_Stanley_(politician);https://justfacts.votesmart.org/candidate/key-votes/128559/bill-stanley-jr;https://lis.virginia.gov/191/mbr/MBR.HTM;https://lis.virginia.gov/201/mbr/MBR.HTM;https://lis.virginia.gov/cgi-bin/legp604.exe?191+mbr+S82;https://lis.virginia.gov/cgi-bin/legp604.exe?201+mbr+S82;https://lis.virginia.gov/cgi-bin/legp604.exe?221+mbr+S82;https://lis.virginia.gov/cgi-bin/legp604.exe?241+mbr+S82;https://senatorbillstanley.com;https://senatorbillstanley.com/about-bill;https://www.linkedin.com/in/stanleylaw,,,,"13508 Booker T. Washington Highway, Moneta, VA 24121",540-821-3066,,BillStanley,,,stanleyforsenate,
ocd-person/ec0c5f08-2974-4f9c-896c-34c9d5d33fac,Bill Wiley,Republican,32,lower,Bill,Wiley,Male,delbwiley@house.virginia.gov,,,,https://memdata.virginiageneralassembly.gov/images/display_image/H0329,https://house.vga.virginia.gov/members/H0329;https://lis.virginia.gov/cgi-bin/legp604.exe?221+mbr+H329;https://lis.virginia.gov/cgi-bin/legp604.exe?241+mbr+H329;https://virginiageneralassembly.gov/house/members/members.php?id=H0329;https://virginiageneralassembly.gov/house/members/members.php?id=V0329,https://ballotpedia.org/Bill_Wiley;https://en.wikipedia.org/wiki/Bill_Wiley;https://house.vga.virginia.gov/members/H0329;https://justfacts.votesmart.org/candidate/biography/195333/bill-wiley;https://lis.virginia.gov/cgi-bin/legp604.exe?221+mbr+H329;https://lis.virginia.gov/cgi-bin/legp604.exe?241+mbr+H329;https://virginiageneralassembly.gov/house/members/members.php?id=H0329;https://virginiageneralassembly.gov/house/members/members.php?id=V0329;https://www.linkedin.com/in/bill-wiley-70a4b56,,,,,,,,,,,
ocd-person/d3a4b614-4a6f-4b38-b3cc-8990f0f7d4d3,Wren Williams,Republican,47,lower,Wren,Williams,Male,delwwilliams@house.virginia.gov,,,,https://memdata.virginiageneralassembly.gov/images/display_image/H0348,https://house.vga.virginia.gov/members/H0348;https://lis.virginia.gov/cgi-bin/legp604.exe?221+mbr+H348;https://lis.virginia.gov/cgi-bin/legp604.exe?241+mbr+H348;https://virginiageneralassembly.gov/house/members/members.php?id=H0348,https://ballotpedia.org/Wren_Williams;https://en.wikipedia.org/wiki/Wren_Williams;https://house.vga.virginia.gov/members/H0348;https://justfacts.votesmart.org/candidate/biography/195947/wren-williams;https://lis.virginia.gov/cgi-bin/legp604.exe?221+mbr+H348;https://lis.virginia.gov/cgi-bin/legp604.exe?241+mbr+H348;https://virginiageneralassembly.gov/house/members/members.php?id=H0348;https://www.linkedin.com/in/wrenmwilliams;https://www.wrenwilliamsva.com,,,,,,,,,,,
